{"data":{"dataCubeByIri":{"iri":"https://environment.ld.admin.ch/foen/palmer-penguins/18","identifier":"palmer-penguins","title":"Palmer Penguins","description":"The goal of palmerpenguins is to provide a great dataset for data exploration & visualization, as an alternative to iris.","publisher":null,"version":"18","workExamples":["https://ld.admin.ch/application/visualize","b3095_genid2d7fa03fb52b474733abc93da591fe93942dTio6bGUQ8DNayUbb682","b3095_genid2d7fa03fb52b474733abc93da591fe93942dTio6bGUQ8DNayUbb683"],"contactName":"Jeremy Stucki","contactEmail":"jeremy@interactivethings.com","landingPage":"https://observablehq.com/d/5ae1afc7dfa96432","expires":null,"datePublished":"2021-10-13","dateModified":"2022-05-21T16:13:34.796Z","publicationStatus":"DRAFT","themes":[{"iri":"https://register.ld.admin.ch/opendataswiss/category/education","label":"Education and science","__typename":"DataCubeTheme"}],"creator":{"iri":"https://register.ld.admin.ch/opendataswiss/org/bundesamt-fur-umwelt-bafu","label":"Federal Office for the Environment FOEN","__typename":"DataCubeOrganization"},"__typename":"DataCube"}},"extensions":{"queries":[{"startTime":1666286124677,"endTime":1666286124806,"text":"#pragma describe.strategy cbd\n#pragma join.hash off\n\n\nPREFIX schema: <http://schema.org/>\n\nSELECT *\n\nWHERE {\n\n    graph   <https://lindas.admin.ch/sfa/opendataswiss> {\n      ?theme a schema:DefinedTerm ;\n        schema:inDefinedTermSet <https://register.ld.admin.ch/opendataswiss/category>; \n        OPTIONAL {\n    ?theme schema:name ?name_en\n    FILTER (LANGMATCHES(LANG(?name_en), \"en\"))\n  }\nOPTIONAL {\n    ?theme schema:name ?name_de\n    FILTER (LANGMATCHES(LANG(?name_de), \"de\"))\n  }\nOPTIONAL {\n    ?theme schema:name ?name_fr\n    FILTER (LANGMATCHES(LANG(?name_fr), \"fr\"))\n  }\nOPTIONAL {\n    ?theme schema:name ?name_it\n    FILTER (LANGMATCHES(LANG(?name_it), \"it\"))\n  }\nOPTIONAL {\n    ?theme schema:name ?name_\n    FILTER ((LANG(?name_) = \"\"))\n  }\n  BIND(COALESCE(?name_en,?name_de,?name_fr,?name_it,?name_) as ?name)\n  \n    }\n}\n\n\n\n"},{"startTime":1666286124680,"endTime":1666286124828,"text":"#pragma describe.strategy cbd\n#pragma join.hash off\n\n\nPREFIX schema: <http://schema.org/>\n\nSELECT *\n\nWHERE {\n\n    graph   <https://lindas.admin.ch/sfa/opendataswiss> {\n      ?theme a schema:Organization ;\n      OPTIONAL {\n    ?theme schema:name ?name_en\n    FILTER (LANGMATCHES(LANG(?name_en), \"en\"))\n  }\nOPTIONAL {\n    ?theme schema:name ?name_de\n    FILTER (LANGMATCHES(LANG(?name_de), \"de\"))\n  }\nOPTIONAL {\n    ?theme schema:name ?name_fr\n    FILTER (LANGMATCHES(LANG(?name_fr), \"fr\"))\n  }\nOPTIONAL {\n    ?theme schema:name ?name_it\n    FILTER (LANGMATCHES(LANG(?name_it), \"it\"))\n  }\nOPTIONAL {\n    ?theme schema:name ?name_\n    FILTER ((LANG(?name_) = \"\"))\n  }\n  BIND(COALESCE(?name_en,?name_de,?name_fr,?name_it,?name_) as ?name)\n  \n    }\n}\n\n\n\n"}],"timings":{"children":{"dataCubeByIri":{"children":{"themes":{"children":{"0":{"children":{"label":{"children":{},"start":1666286124677,"end":1666286124806}}}}},"creator":{"children":{"label":{"children":{},"start":1666286124677,"end":1666286124829}}}},"start":1666286124420,"end":1666286124676}}}}}
