{"data":{"dataCubeByIri":{"iri":"https://environment.ld.admin.ch/foen/palmer-penguins/18","title":"Palmer Penguins","description":"The goal of palmerpenguins is to provide a great dataset for data exploration & visualization, as an alternative to iris.","dimensions":[{"iri":"https://environment.ld.admin.ch/foen/palmer-penguins/year","label":"Year","description":null,"isNumerical":false,"isKeyDimension":true,"order":null,"values":[{"value":"2007","label":"2007"},{"value":"2009","label":"2009"}],"unit":null,"related":[],"hierarchy":null,"timeUnit":"Year","timeFormat":"%Y","__typename":"TemporalDimension"},{"iri":"https://environment.ld.admin.ch/foen/palmer-penguins/islands","label":"Island","description":null,"isNumerical":false,"isKeyDimension":true,"order":null,"values":[{"value":"https://environment.ld.admin.ch/foen/palmer-penguins/islands/Biscoe","label":"Biscoe"},{"value":"https://environment.ld.admin.ch/foen/palmer-penguins/islands/Dream","label":"Dream"},{"value":"https://environment.ld.admin.ch/foen/palmer-penguins/islands/Torgersen","label":"Torgersen"}],"unit":null,"related":[],"hierarchy":null,"__typename":"NominalDimension"},{"iri":"https://environment.ld.admin.ch/foen/palmer-penguins/species","label":"Species","description":null,"isNumerical":false,"isKeyDimension":true,"order":null,"values":[{"value":"https://environment.ld.admin.ch/foen/palmer-penguins/species/Adelie","label":"Adelie"},{"value":"https://environment.ld.admin.ch/foen/palmer-penguins/species/Chinstrap","label":"Chinstrap"},{"value":"https://environment.ld.admin.ch/foen/palmer-penguins/species/Gentoo","label":"Gentoo"}],"unit":null,"related":[],"hierarchy":null,"__typename":"NominalDimension"},{"iri":"https://environment.ld.admin.ch/foen/palmer-penguins/sex","label":"Sex","description":null,"isNumerical":false,"isKeyDimension":true,"order":null,"values":[{"value":"NA","label":"NA"},{"value":"female","label":"female"},{"value":"male","label":"male"}],"unit":null,"related":[],"hierarchy":null,"__typename":"NominalDimension"}],"measures":[{"iri":"https://environment.ld.admin.ch/foen/palmer-penguins/billlengthmm","label":"Mean bill length","description":null,"isNumerical":true,"isKeyDimension":false,"order":null,"values":[{"value":36.275,"label":"36.275"},{"value":51.4,"label":"51.4"}],"unit":"㎜","related":[],"hierarchy":null,"isCurrency":false,"currencyExponent":0,"resolution":null,"__typename":"NumericalMeasure"},{"iri":"https://environment.ld.admin.ch/foen/palmer-penguins/billdepthmm","label":"Mean bill depth","description":null,"isNumerical":true,"isKeyDimension":false,"order":null,"values":[{"value":13.993749999999999,"label":"13.993749999999999"},{"value":20.485714285714284,"label":"20.485714285714284"}],"unit":"㎜","related":[],"hierarchy":null,"isCurrency":false,"currencyExponent":0,"resolution":null,"__typename":"NumericalMeasure"},{"iri":"https://environment.ld.admin.ch/foen/palmer-penguins/flipperlengthmm","label":"Mean flipper length","description":null,"isNumerical":true,"isKeyDimension":false,"order":null,"values":[{"value":179,"label":"179"},{"value":223.0952380952381,"label":"223.0952380952381"}],"unit":"㎜","related":[],"hierarchy":null,"isCurrency":false,"currencyExponent":0,"resolution":null,"__typename":"NumericalMeasure"},{"iri":"https://environment.ld.admin.ch/foen/palmer-penguins/bodymassg","label":"Mean body mass","description":null,"isNumerical":true,"isKeyDimension":false,"order":null,"values":[{"value":2975,"label":"2975"},{"value":5552.941176470588,"label":"5552.941176470588"}],"unit":"g","related":[],"hierarchy":null,"isCurrency":false,"currencyExponent":0,"resolution":null,"__typename":"NumericalMeasure"},{"iri":"https://environment.ld.admin.ch/foen/palmer-penguins/count","label":"Count","description":null,"isNumerical":true,"isKeyDimension":false,"order":null,"values":[{"value":1,"label":"1"},{"value":23,"label":"23"}],"unit":null,"related":[],"hierarchy":null,"isCurrency":false,"currencyExponent":0,"resolution":0,"__typename":"NumericalMeasure"}],"observations":{"data":[{"https://environment.ld.admin.ch/foen/palmer-penguins/billlengthmm":"37.85555555555556","https://environment.ld.admin.ch/foen/palmer-penguins/billdepthmm":"17.84444444444444","https://environment.ld.admin.ch/foen/palmer-penguins/flipperlengthmm":"185.0","https://environment.ld.admin.ch/foen/palmer-penguins/bodymassg":"3269.4444444444443","https://environment.ld.admin.ch/foen/palmer-penguins/year":"2007","https://environment.ld.admin.ch/foen/palmer-penguins/islands":"Dream","https://environment.ld.admin.ch/foen/palmer-penguins/species":"Adelie","https://environment.ld.admin.ch/foen/palmer-penguins/sex":"female","https://environment.ld.admin.ch/foen/palmer-penguins/count":"9"},{"https://environment.ld.admin.ch/foen/palmer-penguins/billlengthmm":"38.275","https://environment.ld.admin.ch/foen/palmer-penguins/billdepthmm":"18.1625","https://environment.ld.admin.ch/foen/palmer-penguins/flipperlengthmm":"187.625","https://environment.ld.admin.ch/foen/palmer-penguins/bodymassg":"3474.9999999999995","https://environment.ld.admin.ch/foen/palmer-penguins/year":"2007","https://environment.ld.admin.ch/foen/palmer-penguins/islands":"Torgersen","https://environment.ld.admin.ch/foen/palmer-penguins/species":"Adelie","https://environment.ld.admin.ch/foen/palmer-penguins/sex":"female","https://environment.ld.admin.ch/foen/palmer-penguins/count":"8"},{"https://environment.ld.admin.ch/foen/palmer-penguins/billlengthmm":"37.48","https://environment.ld.admin.ch/foen/palmer-penguins/billdepthmm":"18.58","https://environment.ld.admin.ch/foen/palmer-penguins/flipperlengthmm":"181.8","https://environment.ld.admin.ch/foen/palmer-penguins/bodymassg":"3470.0","https://environment.ld.admin.ch/foen/palmer-penguins/year":"2007","https://environment.ld.admin.ch/foen/palmer-penguins/islands":"Biscoe","https://environment.ld.admin.ch/foen/palmer-penguins/species":"Adelie","https://environment.ld.admin.ch/foen/palmer-penguins/sex":"female","https://environment.ld.admin.ch/foen/palmer-penguins/count":"5"}],"sparqlEditorUrl":"https://int.lindas.admin.ch/sparql/#query=SELECT%20DISTINCT%20%3Fdimension0%20%3Fdimension1%20%3Fdimension2%20%3Fdimension3%20%3Fdimension4%20%3Fdimension5%20%3Fdimension6%20%3Fdimension7%20%3Fdimension8%20%3Fdimension9%20%3Fdimension10%20WHERE%20%7B%0A%20%20%3Chttps%3A%2F%2Fenvironment.ld.admin.ch%2Ffoen%2Fpalmer-penguins%2F18%3E%20%3Chttps%3A%2F%2Fcube.link%2FobservationSet%3E%20%3FobservationSet0%20.%0A%20%20%3FobservationSet0%20%3Chttps%3A%2F%2Fcube.link%2Fobservation%3E%20%3Fsource0%20.%0A%20%20%3Fsource0%20%3Chttps%3A%2F%2Fenvironment.ld.admin.ch%2Ffoen%2Fpalmer-penguins%2Fbilllengthmm%3E%20%3Fdimension0%20.%0A%20%20%3Fsource0%20%3Chttps%3A%2F%2Fenvironment.ld.admin.ch%2Ffoen%2Fpalmer-penguins%2Fbilldepthmm%3E%20%3Fdimension1%20.%0A%20%20%3Fsource0%20%3Chttps%3A%2F%2Fenvironment.ld.admin.ch%2Ffoen%2Fpalmer-penguins%2Fflipperlengthmm%3E%20%3Fdimension2%20.%0A%20%20%3Fsource0%20%3Chttps%3A%2F%2Fenvironment.ld.admin.ch%2Ffoen%2Fpalmer-penguins%2Fbodymassg%3E%20%3Fdimension3%20.%0A%20%20%3Fsource0%20%3Chttps%3A%2F%2Fenvironment.ld.admin.ch%2Ffoen%2Fpalmer-penguins%2Fyear%3E%20%3Fdimension4%20.%0A%20%20%3Fsource0%20%3Chttps%3A%2F%2Fenvironment.ld.admin.ch%2Ffoen%2Fpalmer-penguins%2Fislands%3E%20%3Fdimension5%20.%0A%20%20%3Fsource0%20%3Chttps%3A%2F%2Fenvironment.ld.admin.ch%2Ffoen%2Fpalmer-penguins%2Fspecies%3E%20%3Fdimension6%20.%0A%20%20%3Fsource0%20%3Chttps%3A%2F%2Fenvironment.ld.admin.ch%2Ffoen%2Fpalmer-penguins%2Fsex%3E%20%3Fdimension7%20.%0A%20%20%3Fsource0%20%3Chttps%3A%2F%2Fenvironment.ld.admin.ch%2Ffoen%2Fpalmer-penguins%2Fcount%3E%20%3Fdimension8%20.%0A%20%20%3Fdimension6%20%3Chttp%3A%2F%2Fschema.org%2FsameAs%3E%20%3Fdimension11%20.%0A%20%20FILTER%20(%0A%20%20%20%20(%3Fdimension11%20%3D%20%3Chttps%3A%2F%2Fenvironment.ld.admin.ch%2Ffoen%2Fpalmer-penguins%2Fspecies%2FAdelie%3E)%0A%20%20)%0A%20%20FILTER%20(%0A%20%20%20%20(%3Fdimension7%20%3D%20%22female%22)%0A%20%20)%0A%20%20FILTER%20(%0A%20%20%20%20(%3Fdimension4%20%3D%20%222007%22%5E%5E%3Chttp%3A%2F%2Fwww.w3.org%2F2001%2FXMLSchema%23gYear%3E)%0A%20%20)%0A%20%20OPTIONAL%20%7B%0A%20%20%20%20%3Fdimension5%20%3Chttp%3A%2F%2Fschema.org%2Fname%3E%20%3Fdimension9_0%20.%0A%20%20%20%20FILTER%20(%0A%20%20%20%20%20%20LANGMATCHES(LANG(%3Fdimension9_0)%2C%20%22en%22)%0A%20%20%20%20)%0A%20%20%7D%0A%20%20OPTIONAL%20%7B%0A%20%20%20%20%3Fdimension5%20%3Chttp%3A%2F%2Fschema.org%2Fname%3E%20%3Fdimension9_1%20.%0A%20%20%20%20FILTER%20(%0A%20%20%20%20%20%20LANGMATCHES(LANG(%3Fdimension9_1)%2C%20%22de%22)%0A%20%20%20%20)%0A%20%20%7D%0A%20%20OPTIONAL%20%7B%0A%20%20%20%20%3Fdimension5%20%3Chttp%3A%2F%2Fschema.org%2Fname%3E%20%3Fdimension9_2%20.%0A%20%20%20%20FILTER%20(%0A%20%20%20%20%20%20LANGMATCHES(LANG(%3Fdimension9_2)%2C%20%22fr%22)%0A%20%20%20%20)%0A%20%20%7D%0A%20%20OPTIONAL%20%7B%0A%20%20%20%20%3Fdimension5%20%3Chttp%3A%2F%2Fschema.org%2Fname%3E%20%3Fdimension9_3%20.%0A%20%20%20%20FILTER%20(%0A%20%20%20%20%20%20LANGMATCHES(LANG(%3Fdimension9_3)%2C%20%22it%22)%0A%20%20%20%20)%0A%20%20%7D%0A%20%20OPTIONAL%20%7B%0A%20%20%20%20%3Fdimension5%20%3Chttp%3A%2F%2Fschema.org%2Fname%3E%20%3Fdimension9_4%20.%0A%20%20%20%20FILTER%20(%0A%20%20%20%20%20%20(LANG(%3Fdimension9_4)%20%3D%20%22%22)%0A%20%20%20%20)%0A%20%20%7D%0A%20%20BIND(COALESCE(%3Fdimension9_0%2C%20%3Fdimension9_1%2C%20%3Fdimension9_2%2C%20%3Fdimension9_3%2C%20%3Fdimension9_4)%20AS%20%3Fdimension9)%0A%20%20OPTIONAL%20%7B%0A%20%20%20%20%3Fdimension6%20%3Chttp%3A%2F%2Fschema.org%2Fname%3E%20%3Fdimension10_0%20.%0A%20%20%20%20FILTER%20(%0A%20%20%20%20%20%20LANGMATCHES(LANG(%3Fdimension10_0)%2C%20%22en%22)%0A%20%20%20%20)%0A%20%20%7D%0A%20%20OPTIONAL%20%7B%0A%20%20%20%20%3Fdimension6%20%3Chttp%3A%2F%2Fschema.org%2Fname%3E%20%3Fdimension10_1%20.%0A%20%20%20%20FILTER%20(%0A%20%20%20%20%20%20LANGMATCHES(LANG(%3Fdimension10_1)%2C%20%22de%22)%0A%20%20%20%20)%0A%20%20%7D%0A%20%20OPTIONAL%20%7B%0A%20%20%20%20%3Fdimension6%20%3Chttp%3A%2F%2Fschema.org%2Fname%3E%20%3Fdimension10_2%20.%0A%20%20%20%20FILTER%20(%0A%20%20%20%20%20%20LANGMATCHES(LANG(%3Fdimension10_2)%2C%20%22fr%22)%0A%20%20%20%20)%0A%20%20%7D%0A%20%20OPTIONAL%20%7B%0A%20%20%20%20%3Fdimension6%20%3Chttp%3A%2F%2Fschema.org%2Fname%3E%20%3Fdimension10_3%20.%0A%20%20%20%20FILTER%20(%0A%20%20%20%20%20%20LANGMATCHES(LANG(%3Fdimension10_3)%2C%20%22it%22)%0A%20%20%20%20)%0A%20%20%7D%0A%20%20OPTIONAL%20%7B%0A%20%20%20%20%3Fdimension6%20%3Chttp%3A%2F%2Fschema.org%2Fname%3E%20%3Fdimension10_4%20.%0A%20%20%20%20FILTER%20(%0A%20%20%20%20%20%20(LANG(%3Fdimension10_4)%20%3D%20%22%22)%0A%20%20%20%20)%0A%20%20%7D%0A%20%20BIND(COALESCE(%3Fdimension10_0%2C%20%3Fdimension10_1%2C%20%3Fdimension10_2%2C%20%3Fdimension10_3%2C%20%3Fdimension10_4)%20AS%20%3Fdimension10)%0A%7D%0AGROUP%20BY%20%3Fdimension0%20%3Fdimension1%20%3Fdimension2%20%3Fdimension3%20%3Fdimension4%20%3Fdimension5%20%3Fdimension6%20%3Fdimension7%20%3Fdimension8%20%3Fdimension9%20%3Fdimension10&requestMethod=POST","__typename":"ObservationsQuery"},"__typename":"DataCube"}},"extensions":{"queries":[{"startTime":1666286124691,"endTime":1666286124819,"text":"#pragma describe.strategy cbd\n#pragma join.hash off\n\n\nPREFIX unit: <http://qudt.org/vocab/unit/>\nPREFIX rdfs: <http://www.w3.org/2000/01/rdf-schema#>\nPREFIX qudt: <http://qudt.org/schema/qudt/>\n\nSELECT DISTINCT ?iri ?label ?isCurrency ?currencyExponent ?isCurrency\n\nWHERE {\n\n        values ?iri {\n          unit:MilliM\nunit:MilliM\nunit:MilliM\nunit:GM\n        }\n\n        OPTIONAL { ?iri rdfs:label ?rdfsLabel }\n        OPTIONAL { ?iri  qudt:symbol  ?symbol }\n        OPTIONAL { ?iri  qudt:ucumCode  ?ucumCode }\n        OPTIONAL { ?iri  qudt:expression  ?expression }\n\n        OPTIONAL { ?iri ?isCurrency qudt:CurrencyUnit }\n        OPTIONAL { ?iri qudt:currencyExponent ?currencyExponent }\n\n        BIND(str(coalesce(str(?symbol), str(?ucumCode), str(?expression), str(?rdfsLabel), \"?\")) AS ?label)\n        \n        FILTER ( lang(?rdfsLabel) = \"en\" )\n      \n}\n\n\n\n"},{"startTime":1666286124694,"endTime":1666286124852,"text":"#pragma describe.strategy cbd\n#pragma join.hash off\n\n\nPREFIX unit: <http://qudt.org/vocab/unit/>\nPREFIX rdfs: <http://www.w3.org/2000/01/rdf-schema#>\nPREFIX qudt: <http://qudt.org/schema/qudt/>\n\nSELECT DISTINCT ?iri ?label ?isCurrency ?currencyExponent ?isCurrency\n\nWHERE {\n\n        values ?iri {\n          unit:MilliM\nunit:MilliM\nunit:MilliM\nunit:GM\n        }\n\n        OPTIONAL { ?iri rdfs:label ?rdfsLabel }\n        OPTIONAL { ?iri  qudt:symbol  ?symbol }\n        OPTIONAL { ?iri  qudt:ucumCode  ?ucumCode }\n        OPTIONAL { ?iri  qudt:expression  ?expression }\n\n        OPTIONAL { ?iri ?isCurrency qudt:CurrencyUnit }\n        OPTIONAL { ?iri qudt:currencyExponent ?currencyExponent }\n\n        BIND(str(coalesce(str(?symbol), str(?ucumCode), str(?expression), str(?rdfsLabel), \"?\")) AS ?label)\n        \n        FILTER ( lang(?rdfsLabel) = \"en\" )\n      \n}\n\n\n\n"},{"startTime":1666286124720,"endTime":1666286124860,"text":"#pragma describe.strategy cbd\n#pragma join.hash off\n\n\nPREFIX unit: <http://qudt.org/vocab/unit/>\nPREFIX rdfs: <http://www.w3.org/2000/01/rdf-schema#>\nPREFIX qudt: <http://qudt.org/schema/qudt/>\n\nSELECT DISTINCT ?iri ?label ?isCurrency ?currencyExponent ?isCurrency\n\nWHERE {\n\n        values ?iri {\n          unit:MilliM\nunit:MilliM\nunit:MilliM\nunit:GM\n        }\n\n        OPTIONAL { ?iri rdfs:label ?rdfsLabel }\n        OPTIONAL { ?iri  qudt:symbol  ?symbol }\n        OPTIONAL { ?iri  qudt:ucumCode  ?ucumCode }\n        OPTIONAL { ?iri  qudt:expression  ?expression }\n\n        OPTIONAL { ?iri ?isCurrency qudt:CurrencyUnit }\n        OPTIONAL { ?iri qudt:currencyExponent ?currencyExponent }\n\n        BIND(str(coalesce(str(?symbol), str(?ucumCode), str(?expression), str(?rdfsLabel), \"?\")) AS ?label)\n        \n        FILTER ( lang(?rdfsLabel) = \"en\" )\n      \n}\n\n\n\n"},{"startTime":1666286124822,"endTime":1666286125063,"text":"#pragma describe.strategy cbd\n#pragma join.hash off\n\n\nPREFIX sh: <http://www.w3.org/ns/shacl#>\nPREFIX schema: <http://schema.org/>\n\nSELECT ?cube\n\nWHERE {\n\n  ?cube <https://cube.link/observationConstraint> ?shape.\n  ?shape ?prop ?dimension.\n  ?dimension sh:path <https://environment.ld.admin.ch/foen/palmer-penguins/year>.\n  \n  FILTER NOT EXISTS { ?cube schema:expires ?any . }\n  \n}\n\n\n\n"},{"startTime":1666286124824,"endTime":1666286125065,"text":"#pragma describe.strategy cbd\n#pragma join.hash off\n\n\nPREFIX sh: <http://www.w3.org/ns/shacl#>\nPREFIX schema: <http://schema.org/>\n\nSELECT ?cube\n\nWHERE {\n\n  ?cube <https://cube.link/observationConstraint> ?shape.\n  ?shape ?prop ?dimension.\n  ?dimension sh:path <https://environment.ld.admin.ch/foen/palmer-penguins/species>.\n  \n  FILTER NOT EXISTS { ?cube schema:expires ?any . }\n  \n}\n\n\n\n"},{"startTime":1666286124823,"endTime":1666286125066,"text":"#pragma describe.strategy cbd\n#pragma join.hash off\n\n\nPREFIX sh: <http://www.w3.org/ns/shacl#>\nPREFIX schema: <http://schema.org/>\n\nSELECT ?cube\n\nWHERE {\n\n  ?cube <https://cube.link/observationConstraint> ?shape.\n  ?shape ?prop ?dimension.\n  ?dimension sh:path <https://environment.ld.admin.ch/foen/palmer-penguins/islands>.\n  \n  FILTER NOT EXISTS { ?cube schema:expires ?any . }\n  \n}\n\n\n\n"},{"startTime":1666286124827,"endTime":1666286125067,"text":"#pragma describe.strategy cbd\n#pragma join.hash off\n\n\nPREFIX schema: <http://schema.org/>\n\nSELECT DISTINCT ?value\n\nWHERE {\n\n    <https://environment.ld.admin.ch/foen/palmer-penguins/18> <https://cube.link/observationSet> ?observationSet .\n    ?observationSet <https://cube.link/observation> ?observation .\n    ?observation <https://environment.ld.admin.ch/foen/palmer-penguins/islands> ?value .\n    ?dimension0 schema:sameAs ?dimension_unversioned0.\n            ?observation <https://environment.ld.admin.ch/foen/palmer-penguins/species> ?dimension0.\n            FILTER ( (?dimension_unversioned0 = <https://environment.ld.admin.ch/foen/palmer-penguins/species/Adelie>) )\n\n            ?observation <https://environment.ld.admin.ch/foen/palmer-penguins/sex> ?dimension1.\n            FILTER ( (str(?dimension1) = \"female\") )\n  \n}\n\n\n\n"},{"startTime":1666286124825,"endTime":1666286125181,"text":"#pragma describe.strategy cbd\n#pragma join.hash off\n\n\nPREFIX sh: <http://www.w3.org/ns/shacl#>\nPREFIX schema: <http://schema.org/>\n\nSELECT ?cube\n\nWHERE {\n\n  ?cube <https://cube.link/observationConstraint> ?shape.\n  ?shape ?prop ?dimension.\n  ?dimension sh:path <https://environment.ld.admin.ch/foen/palmer-penguins/sex>.\n  \n  FILTER NOT EXISTS { ?cube schema:expires ?any . }\n  \n}\n\n\n\n"},{"startTime":1666286124853,"endTime":1666286125218,"text":"#pragma describe.strategy cbd\n#pragma join.hash off\n\n\nPREFIX sh: <http://www.w3.org/ns/shacl#>\nPREFIX schema: <http://schema.org/>\n\nSELECT ?cube\n\nWHERE {\n\n  ?cube <https://cube.link/observationConstraint> ?shape.\n  ?shape ?prop ?dimension.\n  ?dimension sh:path <https://environment.ld.admin.ch/foen/palmer-penguins/billlengthmm>.\n  \n  FILTER NOT EXISTS { ?cube schema:expires ?any . }\n  \n}\n\n\n\n"},{"startTime":1666286124855,"endTime":1666286125228,"text":"#pragma describe.strategy cbd\n#pragma join.hash off\n\n\nPREFIX sh: <http://www.w3.org/ns/shacl#>\nPREFIX schema: <http://schema.org/>\n\nSELECT ?cube\n\nWHERE {\n\n  ?cube <https://cube.link/observationConstraint> ?shape.\n  ?shape ?prop ?dimension.\n  ?dimension sh:path <https://environment.ld.admin.ch/foen/palmer-penguins/flipperlengthmm>.\n  \n  FILTER NOT EXISTS { ?cube schema:expires ?any . }\n  \n}\n\n\n\n"},{"startTime":1666286124854,"endTime":1666286125231,"text":"#pragma describe.strategy cbd\n#pragma join.hash off\n\n\nPREFIX sh: <http://www.w3.org/ns/shacl#>\nPREFIX schema: <http://schema.org/>\n\nSELECT ?cube\n\nWHERE {\n\n  ?cube <https://cube.link/observationConstraint> ?shape.\n  ?shape ?prop ?dimension.\n  ?dimension sh:path <https://environment.ld.admin.ch/foen/palmer-penguins/billdepthmm>.\n  \n  FILTER NOT EXISTS { ?cube schema:expires ?any . }\n  \n}\n\n\n\n"},{"startTime":1666286124855,"endTime":1666286125236,"text":"#pragma describe.strategy cbd\n#pragma join.hash off\n\n\nPREFIX sh: <http://www.w3.org/ns/shacl#>\nPREFIX schema: <http://schema.org/>\n\nSELECT ?cube\n\nWHERE {\n\n  ?cube <https://cube.link/observationConstraint> ?shape.\n  ?shape ?prop ?dimension.\n  ?dimension sh:path <https://environment.ld.admin.ch/foen/palmer-penguins/bodymassg>.\n  \n  FILTER NOT EXISTS { ?cube schema:expires ?any . }\n  \n}\n\n\n\n"},{"startTime":1666286124856,"endTime":1666286125240,"text":"#pragma describe.strategy cbd\n#pragma join.hash off\n\n\nPREFIX sh: <http://www.w3.org/ns/shacl#>\nPREFIX schema: <http://schema.org/>\n\nSELECT ?cube\n\nWHERE {\n\n  ?cube <https://cube.link/observationConstraint> ?shape.\n  ?shape ?prop ?dimension.\n  ?dimension sh:path <https://environment.ld.admin.ch/foen/palmer-penguins/count>.\n  \n  FILTER NOT EXISTS { ?cube schema:expires ?any . }\n  \n}\n\n\n\n"},{"startTime":1666286125068,"endTime":1666286125498,"text":"#pragma describe.strategy cbd\n#pragma join.hash off\n\n\nPREFIX schema: <http://schema.org/>\n\nSELECT DISTINCT ?iri ?label\n\nWHERE {\n\n      values ?iri {\n        <https://environment.ld.admin.ch/foen/palmer-penguins/18/islands/Biscoe>\n<https://environment.ld.admin.ch/foen/palmer-penguins/18/islands/Torgersen>\n<https://environment.ld.admin.ch/foen/palmer-penguins/18/islands/Dream>\n      }\n      OPTIONAL {\n    ?iri schema:name ?label_en\n    FILTER (LANGMATCHES(LANG(?label_en), \"en\"))\n  }\nOPTIONAL {\n    ?iri schema:name ?label_de\n    FILTER (LANGMATCHES(LANG(?label_de), \"de\"))\n  }\nOPTIONAL {\n    ?iri schema:name ?label_fr\n    FILTER (LANGMATCHES(LANG(?label_fr), \"fr\"))\n  }\nOPTIONAL {\n    ?iri schema:name ?label_it\n    FILTER (LANGMATCHES(LANG(?label_it), \"it\"))\n  }\nOPTIONAL {\n    ?iri schema:name ?label_\n    FILTER ((LANG(?label_) = \"\"))\n  }\n  BIND(COALESCE(?label_en,?label_de,?label_fr,?label_it,?label_) as ?label)\n  \n    \n}\n\n\n\n"},{"startTime":1666286125069,"endTime":1666286125512,"text":"#pragma describe.strategy cbd\n#pragma join.hash off\n\n\nPREFIX schema: <http://schema.org/>\n\nSELECT DISTINCT ?iri ?identifier\n?position\n?color\n\nWHERE {\n\n      values ?iri {\n        <https://environment.ld.admin.ch/foen/palmer-penguins/18/islands/Biscoe>\n<https://environment.ld.admin.ch/foen/palmer-penguins/18/islands/Torgersen>\n<https://environment.ld.admin.ch/foen/palmer-penguins/18/islands/Dream>\n      }\n\n      OPTIONAL { ?iri schema:identifier ?identifier. }\nOPTIONAL { ?iri schema:color ?color. }\n    \n}\n\n\n\n"},{"startTime":1666286125069,"endTime":1666286125512,"text":"#pragma describe.strategy cbd\n#pragma join.hash off\n\n\nPREFIX schema: <http://schema.org/>\n\nSELECT DISTINCT ?iri ?sameAs\n\nWHERE {\n\n    values ?iri {\n      <https://environment.ld.admin.ch/foen/palmer-penguins/18/islands/Biscoe>\n<https://environment.ld.admin.ch/foen/palmer-penguins/18/islands/Torgersen>\n<https://environment.ld.admin.ch/foen/palmer-penguins/18/islands/Dream>\n    }\n    ?iri schema:sameAs ?sameAs .\n  \n}\n\n\n\n"},{"startTime":1666286125512,"endTime":1666286129903,"text":"#pragma describe.strategy cbd\n#pragma join.hash off\n\n\nSELECT DISTINCT ?value\n\nWHERE {\n\n    <https://environment.ld.admin.ch/foen/palmer-penguins/18> <https://cube.link/observationSet> ?observationSet .\n    ?observationSet <https://cube.link/observation> ?observation .\n    ?observation <https://environment.ld.admin.ch/foen/palmer-penguins/species> ?value .\n    \n  \n}\n\n\n\n"},{"startTime":1666286129906,"endTime":1666286130006,"text":"#pragma describe.strategy cbd\n#pragma join.hash off\n\n\nPREFIX schema: <http://schema.org/>\n\nSELECT DISTINCT ?iri ?identifier\n?position\n?color\n\nWHERE {\n\n      values ?iri {\n        <https://environment.ld.admin.ch/foen/palmer-penguins/18/species/Adelie>\n<https://environment.ld.admin.ch/foen/palmer-penguins/18/species/Gentoo>\n<https://environment.ld.admin.ch/foen/palmer-penguins/18/species/Chinstrap>\n      }\n\n      OPTIONAL { ?iri schema:identifier ?identifier. }\nOPTIONAL { ?iri schema:color ?color. }\n    \n}\n\n\n\n"},{"startTime":1666286129907,"endTime":1666286130006,"text":"#pragma describe.strategy cbd\n#pragma join.hash off\n\n\nPREFIX schema: <http://schema.org/>\n\nSELECT DISTINCT ?iri ?sameAs\n\nWHERE {\n\n    values ?iri {\n      <https://environment.ld.admin.ch/foen/palmer-penguins/18/species/Adelie>\n<https://environment.ld.admin.ch/foen/palmer-penguins/18/species/Gentoo>\n<https://environment.ld.admin.ch/foen/palmer-penguins/18/species/Chinstrap>\n    }\n    ?iri schema:sameAs ?sameAs .\n  \n}\n\n\n\n"},{"startTime":1666286129904,"endTime":1666286130006,"text":"#pragma describe.strategy cbd\n#pragma join.hash off\n\n\nPREFIX schema: <http://schema.org/>\n\nSELECT DISTINCT ?iri ?label\n\nWHERE {\n\n      values ?iri {\n        <https://environment.ld.admin.ch/foen/palmer-penguins/18/species/Adelie>\n<https://environment.ld.admin.ch/foen/palmer-penguins/18/species/Gentoo>\n<https://environment.ld.admin.ch/foen/palmer-penguins/18/species/Chinstrap>\n      }\n      OPTIONAL {\n    ?iri schema:name ?label_en\n    FILTER (LANGMATCHES(LANG(?label_en), \"en\"))\n  }\nOPTIONAL {\n    ?iri schema:name ?label_de\n    FILTER (LANGMATCHES(LANG(?label_de), \"de\"))\n  }\nOPTIONAL {\n    ?iri schema:name ?label_fr\n    FILTER (LANGMATCHES(LANG(?label_fr), \"fr\"))\n  }\nOPTIONAL {\n    ?iri schema:name ?label_it\n    FILTER (LANGMATCHES(LANG(?label_it), \"it\"))\n  }\nOPTIONAL {\n    ?iri schema:name ?label_\n    FILTER ((LANG(?label_) = \"\"))\n  }\n  BIND(COALESCE(?label_en,?label_de,?label_fr,?label_it,?label_) as ?label)\n  \n    \n}\n\n\n\n"},{"startTime":1666286130007,"endTime":1666286130090,"text":"#pragma describe.strategy cbd\n#pragma join.hash off\n\n\nPREFIX schema: <http://schema.org/>\n\nSELECT DISTINCT ?value\n\nWHERE {\n\n    <https://environment.ld.admin.ch/foen/palmer-penguins/18> <https://cube.link/observationSet> ?observationSet .\n    ?observationSet <https://cube.link/observation> ?observation .\n    ?observation <https://environment.ld.admin.ch/foen/palmer-penguins/sex> ?value .\n    ?dimension0 schema:sameAs ?dimension_unversioned0.\n            ?observation <https://environment.ld.admin.ch/foen/palmer-penguins/species> ?dimension0.\n            FILTER ( (?dimension_unversioned0 = <https://environment.ld.admin.ch/foen/palmer-penguins/species/Adelie>) )\n  \n}\n\n\n\n"}],"timings":{"children":{"dataCubeByIri":{"children":{"dimensions":{"children":{"0":{"children":{"hierarchy":{"children":{},"start":1666286124821,"end":1666286128309},"values":{"children":{},"start":1666286124821,"end":1666286130090}}},"1":{"children":{"hierarchy":{"children":{},"start":1666286124821,"end":1666286129418},"values":{"children":{},"start":1666286124821,"end":1666286130090}}},"2":{"children":{"hierarchy":{"children":{},"start":1666286124821,"end":1666286129650},"values":{"children":{},"start":1666286124821,"end":1666286130090}}},"3":{"children":{"hierarchy":{"children":{},"start":1666286124821,"end":1666286126252},"values":{"children":{},"start":1666286124821,"end":1666286130090}}}},"start":1666286124688,"end":1666286124821},"measures":{"children":{"0":{"children":{"values":{"children":{},"start":1666286124853,"end":1666286124860},"hierarchy":{"children":{},"start":1666286124853,"end":1666286126234}}},"1":{"children":{"values":{"children":{},"start":1666286124853,"end":1666286124860},"hierarchy":{"children":{},"start":1666286124853,"end":1666286128717}}},"2":{"children":{"values":{"children":{},"start":1666286124853,"end":1666286124860},"hierarchy":{"children":{},"start":1666286124853,"end":1666286128445}}},"3":{"children":{"values":{"children":{},"start":1666286124853,"end":1666286124860},"hierarchy":{"children":{},"start":1666286124853,"end":1666286129057}}},"4":{"children":{"values":{"children":{},"start":1666286124853,"end":1666286124860},"hierarchy":{"children":{},"start":1666286124853,"end":1666286129047}}}}},"observations":{"children":{"data":{"children":{},"start":1666286125254,"end":1666286125255},"sparqlEditorUrl":{"children":{},"start":1666286125254,"end":1666286125255}},"start":1666286124689,"end":1666286125254}},"start":1666286124422,"end":1666286124688}}}}}
