{"data":{"dataCubeMetadata":{"iri":"https://environment.ld.admin.ch/foen/ubd0066/15","identifier":"ubd0066","title":"Heavy Metal Soil Contamination","description":"The measurement data are the surveyed mean values of heavy metal concentrations recorded in the top 20 cm of the soil in around 100 permanent monitoring sites operated by the Swiss National Soil Monitoring Network (NABO).","version":"15","datePublished":"2022-05-13","dateModified":"2022-06-14T11:39:37.898Z","publicationStatus":"DRAFT","themes":[{"iri":"https://register.ld.admin.ch/opendataswiss/category/territory","label":"Territory and environment"},{"iri":"https://register.ld.admin.ch/opendataswiss/category/agriculture","label":"Agriculture, forestry"}],"creator":{"iri":"https://register.ld.admin.ch/opendataswiss/org/bundesamt-fur-umwelt-bafu","label":"Federal Office for the Environment FOEN"},"versionHistory":"https://environment.ld.admin.ch/foen/ubd0066","contactPoint":{"email":"nabo@bafu.admin.ch","name":"Nationale Bodenbeobachtung NABO"},"publisher":"Bundesamt für Umwelt ","landingPage":"https://www.bafu.admin.ch/bafu/de/home/themen/boden/publikationen-studien/publikationen/bodenbeobachtung-nabo-1985-2009.html","expires":"2022-08-25T07:42:16.815Z","workExamples":["https://ld.admin.ch/application/visualize","genid-196222da90ae4912a183d0a6e47f87ab-hbry6DLm0pCyXSsb1481","genid-196222da90ae4912a183d0a6e47f87ab-hbry6DLm0pCyXSsb1482"]}}}
