{"data":{"dataCubeObservations":{"data":[{"https://environment.ld.admin.ch/foen/ubd0066/messparameter":"Chromium","https://environment.ld.admin.ch/foen/ubd0066/wert":"14.25249982","https://environment.ld.admin.ch/foen/ubd0066/station":"St. Martin","https://environment.ld.admin.ch/foen/ubd0066/samplingperiod":"1985-1989"},{"https://environment.ld.admin.ch/foen/ubd0066/messparameter":"Zinc","https://environment.ld.admin.ch/foen/ubd0066/wert":"37.91249943","https://environment.ld.admin.ch/foen/ubd0066/station":"St. Martin","https://environment.ld.admin.ch/foen/ubd0066/samplingperiod":"1985-1989"},{"https://environment.ld.admin.ch/foen/ubd0066/messparameter":"Nickel","https://environment.ld.admin.ch/foen/ubd0066/wert":"9.56","https://environment.ld.admin.ch/foen/ubd0066/station":"St. Martin","https://environment.ld.admin.ch/foen/ubd0066/samplingperiod":"1985-1989"},{"https://environment.ld.admin.ch/foen/ubd0066/messparameter":"Cadmium","https://environment.ld.admin.ch/foen/ubd0066/wert":"0.155524999","https://environment.ld.admin.ch/foen/ubd0066/station":"St. Martin","https://environment.ld.admin.ch/foen/ubd0066/samplingperiod":"1985-1989"},{"https://environment.ld.admin.ch/foen/ubd0066/messparameter":"Cobalt","https://environment.ld.admin.ch/foen/ubd0066/wert":"6.725999952","https://environment.ld.admin.ch/foen/ubd0066/station":"St. Martin","https://environment.ld.admin.ch/foen/ubd0066/samplingperiod":"1985-1989"},{"https://environment.ld.admin.ch/foen/ubd0066/messparameter":"Mercure","https://environment.ld.admin.ch/foen/ubd0066/wert":"0.081574999","https://environment.ld.admin.ch/foen/ubd0066/station":"St. Martin","https://environment.ld.admin.ch/foen/ubd0066/samplingperiod":"1985-1989"},{"https://environment.ld.admin.ch/foen/ubd0066/messparameter":"Lead","https://environment.ld.admin.ch/foen/ubd0066/wert":"19.91249991","https://environment.ld.admin.ch/foen/ubd0066/station":"St. Martin","https://environment.ld.admin.ch/foen/ubd0066/samplingperiod":"1985-1989"},{"https://environment.ld.admin.ch/foen/ubd0066/messparameter":"Copper","https://environment.ld.admin.ch/foen/ubd0066/wert":"8.132500172","https://environment.ld.admin.ch/foen/ubd0066/station":"St. Martin","https://environment.ld.admin.ch/foen/ubd0066/samplingperiod":"1985-1989"}],"sparqlEditorUrl":"https://int.lindas.admin.ch/sparql#query=SELECT%20DISTINCT%20%3Fdimension0%20%3Fdimension1%20%3Fdimension2%20%3Fdimension3%20%3Fdimension4%20%3Fdimension5%20%3Fdimension6%20WHERE%20%7B%0A%20%20%3Chttps%3A%2F%2Fenvironment.ld.admin.ch%2Ffoen%2Fubd0066%2F15%3E%20%3Chttps%3A%2F%2Fcube.link%2FobservationSet%3E%20%3FobservationSet0%20.%0A%20%20%3FobservationSet0%20%3Chttps%3A%2F%2Fcube.link%2Fobservation%3E%20%3Fsource0%20.%0A%20%20%3Fsource0%20%3Chttps%3A%2F%2Fenvironment.ld.admin.ch%2Ffoen%2Fubd0066%2Fmessparameter%3E%20%3Fdimension0%20.%0A%20%20%3Fsource0%20%3Chttps%3A%2F%2Fenvironment.ld.admin.ch%2Ffoen%2Fubd0066%2Fwert%3E%20%3Fdimension1%20.%0A%20%20%3Fsource0%20%3Chttps%3A%2F%2Fenvironment.ld.admin.ch%2Ffoen%2Fubd0066%2Fstation%3E%20%3Fdimension2%20.%0A%20%20%3Fsource0%20%3Chttps%3A%2F%2Fenvironment.ld.admin.ch%2Ffoen%2Fubd0066%2Fsamplingperiod%3E%20%3Fdimension3%20.%0A%20%20%3Fdimension2%20%3Chttp%3A%2F%2Fschema.org%2FsameAs%3E%20%3Fdimension7%20.%0A%20%20%3Fdimension3%20%3Chttp%3A%2F%2Fschema.org%2FsameAs%3E%20%3Fdimension8%20.%0A%20%20FILTER%20(%0A%20%20%20%20(%3Fdimension7%20%3D%20%3Chttps%3A%2F%2Fenvironment.ld.admin.ch%2Ffoen%2Fubd0066%2FStation%2F100_1%3E)%0A%20%20)%0A%20%20FILTER%20(%0A%20%20%20%20(%3Fdimension8%20%3D%20%3Chttps%3A%2F%2Fenvironment.ld.admin.ch%2Ffoen%2Fubd0066%2Fsamplingperiod%2F1%3E)%0A%20%20)%0A%20%20OPTIONAL%20%7B%0A%20%20%20%20%3Fdimension0%20%3Chttp%3A%2F%2Fschema.org%2Fname%3E%20%3Fdimension4_0%20.%0A%20%20%20%20FILTER%20(%0A%20%20%20%20%20%20LANGMATCHES(LANG(%3Fdimension4_0)%2C%20%22en%22)%0A%20%20%20%20)%0A%20%20%7D%0A%20%20OPTIONAL%20%7B%0A%20%20%20%20%3Fdimension0%20%3Chttp%3A%2F%2Fschema.org%2Fname%3E%20%3Fdimension4_1%20.%0A%20%20%20%20FILTER%20(%0A%20%20%20%20%20%20LANGMATCHES(LANG(%3Fdimension4_1)%2C%20%22de%22)%0A%20%20%20%20)%0A%20%20%7D%0A%20%20OPTIONAL%20%7B%0A%20%20%20%20%3Fdimension0%20%3Chttp%3A%2F%2Fschema.org%2Fname%3E%20%3Fdimension4_2%20.%0A%20%20%20%20FILTER%20(%0A%20%20%20%20%20%20LANGMATCHES(LANG(%3Fdimension4_2)%2C%20%22fr%22)%0A%20%20%20%20)%0A%20%20%7D%0A%20%20OPTIONAL%20%7B%0A%20%20%20%20%3Fdimension0%20%3Chttp%3A%2F%2Fschema.org%2Fname%3E%20%3Fdimension4_3%20.%0A%20%20%20%20FILTER%20(%0A%20%20%20%20%20%20LANGMATCHES(LANG(%3Fdimension4_3)%2C%20%22it%22)%0A%20%20%20%20)%0A%20%20%7D%0A%20%20OPTIONAL%20%7B%0A%20%20%20%20%3Fdimension0%20%3Chttp%3A%2F%2Fschema.org%2Fname%3E%20%3Fdimension4_4%20.%0A%20%20%20%20FILTER%20(%0A%20%20%20%20%20%20(LANG(%3Fdimension4_4)%20%3D%20%22%22)%0A%20%20%20%20)%0A%20%20%7D%0A%20%20BIND(COALESCE(%3Fdimension4_0%2C%20%3Fdimension4_1%2C%20%3Fdimension4_2%2C%20%3Fdimension4_3%2C%20%3Fdimension4_4)%20AS%20%3Fdimension4)%0A%20%20OPTIONAL%20%7B%0A%20%20%20%20%3Fdimension2%20%3Chttp%3A%2F%2Fschema.org%2Fname%3E%20%3Fdimension5_0%20.%0A%20%20%20%20FILTER%20(%0A%20%20%20%20%20%20LANGMATCHES(LANG(%3Fdimension5_0)%2C%20%22en%22)%0A%20%20%20%20)%0A%20%20%7D%0A%20%20OPTIONAL%20%7B%0A%20%20%20%20%3Fdimension2%20%3Chttp%3A%2F%2Fschema.org%2Fname%3E%20%3Fdimension5_1%20.%0A%20%20%20%20FILTER%20(%0A%20%20%20%20%20%20LANGMATCHES(LANG(%3Fdimension5_1)%2C%20%22de%22)%0A%20%20%20%20)%0A%20%20%7D%0A%20%20OPTIONAL%20%7B%0A%20%20%20%20%3Fdimension2%20%3Chttp%3A%2F%2Fschema.org%2Fname%3E%20%3Fdimension5_2%20.%0A%20%20%20%20FILTER%20(%0A%20%20%20%20%20%20LANGMATCHES(LANG(%3Fdimension5_2)%2C%20%22fr%22)%0A%20%20%20%20)%0A%20%20%7D%0A%20%20OPTIONAL%20%7B%0A%20%20%20%20%3Fdimension2%20%3Chttp%3A%2F%2Fschema.org%2Fname%3E%20%3Fdimension5_3%20.%0A%20%20%20%20FILTER%20(%0A%20%20%20%20%20%20LANGMATCHES(LANG(%3Fdimension5_3)%2C%20%22it%22)%0A%20%20%20%20)%0A%20%20%7D%0A%20%20OPTIONAL%20%7B%0A%20%20%20%20%3Fdimension2%20%3Chttp%3A%2F%2Fschema.org%2Fname%3E%20%3Fdimension5_4%20.%0A%20%20%20%20FILTER%20(%0A%20%20%20%20%20%20(LANG(%3Fdimension5_4)%20%3D%20%22%22)%0A%20%20%20%20)%0A%20%20%7D%0A%20%20BIND(COALESCE(%3Fdimension5_0%2C%20%3Fdimension5_1%2C%20%3Fdimension5_2%2C%20%3Fdimension5_3%2C%20%3Fdimension5_4)%20AS%20%3Fdimension5)%0A%20%20OPTIONAL%20%7B%0A%20%20%20%20%3Fdimension3%20%3Chttp%3A%2F%2Fschema.org%2Fname%3E%20%3Fdimension6_0%20.%0A%20%20%20%20FILTER%20(%0A%20%20%20%20%20%20LANGMATCHES(LANG(%3Fdimension6_0)%2C%20%22en%22)%0A%20%20%20%20)%0A%20%20%7D%0A%20%20OPTIONAL%20%7B%0A%20%20%20%20%3Fdimension3%20%3Chttp%3A%2F%2Fschema.org%2Fname%3E%20%3Fdimension6_1%20.%0A%20%20%20%20FILTER%20(%0A%20%20%20%20%20%20LANGMATCHES(LANG(%3Fdimension6_1)%2C%20%22de%22)%0A%20%20%20%20)%0A%20%20%7D%0A%20%20OPTIONAL%20%7B%0A%20%20%20%20%3Fdimension3%20%3Chttp%3A%2F%2Fschema.org%2Fname%3E%20%3Fdimension6_2%20.%0A%20%20%20%20FILTER%20(%0A%20%20%20%20%20%20LANGMATCHES(LANG(%3Fdimension6_2)%2C%20%22fr%22)%0A%20%20%20%20)%0A%20%20%7D%0A%20%20OPTIONAL%20%7B%0A%20%20%20%20%3Fdimension3%20%3Chttp%3A%2F%2Fschema.org%2Fname%3E%20%3Fdimension6_3%20.%0A%20%20%20%20FILTER%20(%0A%20%20%20%20%20%20LANGMATCHES(LANG(%3Fdimension6_3)%2C%20%22it%22)%0A%20%20%20%20)%0A%20%20%7D%0A%20%20OPTIONAL%20%7B%0A%20%20%20%20%3Fdimension3%20%3Chttp%3A%2F%2Fschema.org%2Fname%3E%20%3Fdimension6_4%20.%0A%20%20%20%20FILTER%20(%0A%20%20%20%20%20%20(LANG(%3Fdimension6_4)%20%3D%20%22%22)%0A%20%20%20%20)%0A%20%20%7D%0A%20%20BIND(COALESCE(%3Fdimension6_0%2C%20%3Fdimension6_1%2C%20%3Fdimension6_2%2C%20%3Fdimension6_3%2C%20%3Fdimension6_4)%20AS%20%3Fdimension6)%0A%7D%0AGROUP%20BY%20%3Fdimension0%20%3Fdimension1%20%3Fdimension2%20%3Fdimension3%20%3Fdimension4%20%3Fdimension5%20%3Fdimension6&requestMethod=POST"}}}
