{"data":{"dataCubeComponents":{"dimensions":[{"__typename":"NominalDimension","cubeIri":"https://environment.ld.admin.ch/foen/ubd0066/15","iri":"https://environment.ld.admin.ch/foen/ubd0066/messparameter","label":"Heavy metal","scaleType":"Nominal","isNumerical":false,"isKeyDimension":true,"values":[{"value":"https://ld.admin.ch/cube/dimension/el01/cd","label":"Cadmium","identifier":"Cd"},{"value":"https://ld.admin.ch/cube/dimension/el01/co","label":"Cobalt","identifier":"Co"},{"value":"https://ld.admin.ch/cube/dimension/el01/cr","label":"Chromium","identifier":"Cr"},{"value":"https://ld.admin.ch/cube/dimension/el01/cu","label":"Copper","identifier":"Cu"},{"value":"https://ld.admin.ch/cube/dimension/el01/hg","label":"Mercure","identifier":"Hg"},{"value":"https://ld.admin.ch/cube/dimension/el01/ni","label":"Nickel","identifier":"Ni"},{"value":"https://ld.admin.ch/cube/dimension/el01/pb","label":"Lead","identifier":"Pb"},{"value":"https://ld.admin.ch/cube/dimension/el01/zn","label":"Zinc","identifier":"Zn"}],"related":[],"hierarchy":null},{"__typename":"NominalDimension","cubeIri":"https://environment.ld.admin.ch/foen/ubd0066/15","iri":"https://environment.ld.admin.ch/foen/ubd0066/station","label":"Site","scaleType":"Nominal","isNumerical":false,"isKeyDimension":true,"values":[{"value":"https://environment.ld.admin.ch/foen/ubd0066/Station/100_1","label":"St. Martin","identifier":"100_1"},{"value":"https://environment.ld.admin.ch/foen/ubd0066/Station/101_1","label":"Chamoson","identifier":"101_1"},{"value":"https://environment.ld.admin.ch/foen/ubd0066/Station/102_1","label":"Vouvry","identifier":"102_1"},{"value":"https://environment.ld.admin.ch/foen/ubd0066/Station/103_1","label":"Härkingen","identifier":"103_1"},{"value":"https://environment.ld.admin.ch/foen/ubd0066/Station/104_1","label":"Küssnacht","identifier":"104_1"},{"value":"https://environment.ld.admin.ch/foen/ubd0066/Station/105_1","label":"Neuchâtel","identifier":"105_1"},{"value":"https://environment.ld.admin.ch/foen/ubd0066/Station/106_1","label":"Vétroz","identifier":"106_1"},{"value":"https://environment.ld.admin.ch/foen/ubd0066/Station/10_1","label":"Gais","identifier":"10_1"},{"value":"https://environment.ld.admin.ch/foen/ubd0066/Station/11_1","label":"La Sarraz","identifier":"11_1"},{"value":"https://environment.ld.admin.ch/foen/ubd0066/Station/12_1","label":"Aristau","identifier":"12_1"},{"value":"https://environment.ld.admin.ch/foen/ubd0066/Station/13_1","label":"Wiedlisbach","identifier":"13_1"},{"value":"https://environment.ld.admin.ch/foen/ubd0066/Station/14_1","label":"Dübendorf","identifier":"14_1"},{"value":"https://environment.ld.admin.ch/foen/ubd0066/Station/15_1","label":"Ins","identifier":"15_1"},{"value":"https://environment.ld.admin.ch/foen/ubd0066/Station/16_1","label":"Mühlebach","identifier":"16_1"},{"value":"https://environment.ld.admin.ch/foen/ubd0066/Station/17_1","label":"Niedermuhlern","identifier":"17_1"},{"value":"https://environment.ld.admin.ch/foen/ubd0066/Station/18_1","label":"Langenthal","identifier":"18_1"},{"value":"https://environment.ld.admin.ch/foen/ubd0066/Station/19_1","label":"Wettingen","identifier":"19_1"},{"value":"https://environment.ld.admin.ch/foen/ubd0066/Station/1_1","label":"Ettenhausen","identifier":"1_1"},{"value":"https://environment.ld.admin.ch/foen/ubd0066/Station/20_1","label":"Roggwil","identifier":"20_1"},{"value":"https://environment.ld.admin.ch/foen/ubd0066/Station/21_1","label":"Köniz","identifier":"21_1"},{"value":"https://environment.ld.admin.ch/foen/ubd0066/Station/22_1","label":"Staffelbach","identifier":"22_1"},{"value":"https://environment.ld.admin.ch/foen/ubd0066/Station/23_1","label":"Möhlin","identifier":"23_1"},{"value":"https://environment.ld.admin.ch/foen/ubd0066/Station/24_1","label":"Niederlenz","identifier":"24_1"},{"value":"https://environment.ld.admin.ch/foen/ubd0066/Station/25_1","label":"Schleitheim","identifier":"25_1"},{"value":"https://environment.ld.admin.ch/foen/ubd0066/Station/26_1","label":"Avully","identifier":"26_1"},{"value":"https://environment.ld.admin.ch/foen/ubd0066/Station/27_1","label":"Jussy","identifier":"27_1"},{"value":"https://environment.ld.admin.ch/foen/ubd0066/Station/28_1","label":"Leuggern","identifier":"28_1"},{"value":"https://environment.ld.admin.ch/foen/ubd0066/Station/29_1","label":"Eschenbach","identifier":"29_1"},{"value":"https://environment.ld.admin.ch/foen/ubd0066/Station/2_1","label":"Zürich","identifier":"2_1"},{"value":"https://environment.ld.admin.ch/foen/ubd0066/Station/30_1","label":"Ebikon","identifier":"30_1"},{"value":"https://environment.ld.admin.ch/foen/ubd0066/Station/31_1","label":"Coffrane","identifier":"31_1"},{"value":"https://environment.ld.admin.ch/foen/ubd0066/Station/32_1","label":"La Brévine","identifier":"32_1"},{"value":"https://environment.ld.admin.ch/foen/ubd0066/Station/33_1","label":"Mollis","identifier":"33_1"},{"value":"https://environment.ld.admin.ch/foen/ubd0066/Station/34_1","label":"Elm","identifier":"34_1"},{"value":"https://environment.ld.admin.ch/foen/ubd0066/Station/35_1","label":"Le Cerneux-Pequignot","identifier":"35_1"},{"value":"https://environment.ld.admin.ch/foen/ubd0066/Station/36_1","label":"Hochdorf","identifier":"36_1"},{"value":"https://environment.ld.admin.ch/foen/ubd0066/Station/37_1","label":"Ependes","identifier":"37_1"},{"value":"https://environment.ld.admin.ch/foen/ubd0066/Station/38_1","label":"Koppigen","identifier":"38_1"},{"value":"https://environment.ld.admin.ch/foen/ubd0066/Station/39_1","label":"Kiesen","identifier":"39_1"},{"value":"https://environment.ld.admin.ch/foen/ubd0066/Station/3_1","label":"Payerne","identifier":"3_1"},{"value":"https://environment.ld.admin.ch/foen/ubd0066/Station/40_1","label":"St. Cierges","identifier":"40_1"},{"value":"https://environment.ld.admin.ch/foen/ubd0066/Station/41_1","label":"Kyburg-Buchegg","identifier":"41_1"},{"value":"https://environment.ld.admin.ch/foen/ubd0066/Station/42_1","label":"Galmwald - 1","identifier":"42_1"},{"value":"https://environment.ld.admin.ch/foen/ubd0066/Station/42_2","label":"Galmwald - 2","identifier":"42_2"},{"value":"https://environment.ld.admin.ch/foen/ubd0066/Station/43_1","label":"Orbe","identifier":"43_1"},{"value":"https://environment.ld.admin.ch/foen/ubd0066/Station/44_1","label":"Hendschiken","identifier":"44_1"},{"value":"https://environment.ld.admin.ch/foen/ubd0066/Station/45_1","label":"Alpthal","identifier":"45_1"},{"value":"https://environment.ld.admin.ch/foen/ubd0066/Station/46_1","label":"Vallon","identifier":"46_1"},{"value":"https://environment.ld.admin.ch/foen/ubd0066/Station/47_1","label":"Davos","identifier":"47_1"},{"value":"https://environment.ld.admin.ch/foen/ubd0066/Station/48_1","label":"Oberriet","identifier":"48_1"},{"value":"https://environment.ld.admin.ch/foen/ubd0066/Station/49_1","label":"Unterschächen","identifier":"49_1"},{"value":"https://environment.ld.admin.ch/foen/ubd0066/Station/4_1","label":"Conthey","identifier":"4_1"},{"value":"https://environment.ld.admin.ch/foen/ubd0066/Station/50_1","label":"Realp","identifier":"50_1"},{"value":"https://environment.ld.admin.ch/foen/ubd0066/Station/51_1","label":"Wartau","identifier":"51_1"},{"value":"https://environment.ld.admin.ch/foen/ubd0066/Station/52_1","label":"Krummenau","identifier":"52_1"},{"value":"https://environment.ld.admin.ch/foen/ubd0066/Station/53_1","label":"Gempen","identifier":"53_1"},{"value":"https://environment.ld.admin.ch/foen/ubd0066/Station/54_1","label":"Zuzwil","identifier":"54_1"},{"value":"https://environment.ld.admin.ch/foen/ubd0066/Station/55_1","label":"Nyon","identifier":"55_1"},{"value":"https://environment.ld.admin.ch/foen/ubd0066/Station/56_1","label":"Trub","identifier":"56_1"},{"value":"https://environment.ld.admin.ch/foen/ubd0066/Station/57_1","label":"St. Stephan","identifier":"57_1"},{"value":"https://environment.ld.admin.ch/foen/ubd0066/Station/58_1","label":"Mels","identifier":"58_1"},{"value":"https://environment.ld.admin.ch/foen/ubd0066/Station/59_1","label":"Dällikon - 1","identifier":"59_1"},{"value":"https://environment.ld.admin.ch/foen/ubd0066/Station/59_2","label":"Dällikon - 2","identifier":"59_2"},{"value":"https://environment.ld.admin.ch/foen/ubd0066/Station/5_1","label":"La Neuveville","identifier":"5_1"},{"value":"https://environment.ld.admin.ch/foen/ubd0066/Station/60_1","label":"Entlebuch","identifier":"60_1"},{"value":"https://environment.ld.admin.ch/foen/ubd0066/Station/61_1","label":"Winterthur","identifier":"61_1"},{"value":"https://environment.ld.admin.ch/foen/ubd0066/Station/62_1","label":"Bettlach","identifier":"62_1"},{"value":"https://environment.ld.admin.ch/foen/ubd0066/Station/63_1","label":"Oensingen","identifier":"63_1"},{"value":"https://environment.ld.admin.ch/foen/ubd0066/Station/64_1","label":"Duggingen","identifier":"64_1"},{"value":"https://environment.ld.admin.ch/foen/ubd0066/Station/65_1","label":"Cornol","identifier":"65_1"},{"value":"https://environment.ld.admin.ch/foen/ubd0066/Station/66_1","label":"St. Ursanne","identifier":"66_1"},{"value":"https://environment.ld.admin.ch/foen/ubd0066/Station/67_1","label":"Mathod","identifier":"67_1"},{"value":"https://environment.ld.admin.ch/foen/ubd0066/Station/68_1","label":"Etoy","identifier":"68_1"},{"value":"https://environment.ld.admin.ch/foen/ubd0066/Station/69_1","label":"Attalens","identifier":"69_1"},{"value":"https://environment.ld.admin.ch/foen/ubd0066/Station/6_1","label":"Grindelwald","identifier":"6_1"},{"value":"https://environment.ld.admin.ch/foen/ubd0066/Station/70_1","label":"Disentis","identifier":"70_1"},{"value":"https://environment.ld.admin.ch/foen/ubd0066/Station/71_1","label":"Lohn","identifier":"71_1"},{"value":"https://environment.ld.admin.ch/foen/ubd0066/Station/72_1","label":"Bivio","identifier":"72_1"},{"value":"https://environment.ld.admin.ch/foen/ubd0066/Station/73_1","label":"Alvaneu","identifier":"73_1"},{"value":"https://environment.ld.admin.ch/foen/ubd0066/Station/74_1","label":"Mörschwil","identifier":"74_1"},{"value":"https://environment.ld.admin.ch/foen/ubd0066/Station/75_1","label":"Zernez","identifier":"75_1"},{"value":"https://environment.ld.admin.ch/foen/ubd0066/Station/76_1","label":"Sent","identifier":"76_1"},{"value":"https://environment.ld.admin.ch/foen/ubd0066/Station/77_1","label":"Paspels","identifier":"77_1"},{"value":"https://environment.ld.admin.ch/foen/ubd0066/Station/78_1","label":"Igis-Landquart","identifier":"78_1"},{"value":"https://environment.ld.admin.ch/foen/ubd0066/Station/79_1","label":"Pailly","identifier":"79_1"},{"value":"https://environment.ld.admin.ch/foen/ubd0066/Station/7_1","label":"Oberstammheim","identifier":"7_1"},{"value":"https://environment.ld.admin.ch/foen/ubd0066/Station/80_1","label":"Chevenez","identifier":"80_1"},{"value":"https://environment.ld.admin.ch/foen/ubd0066/Station/81_1","label":"Gsteig","identifier":"81_1"},{"value":"https://environment.ld.admin.ch/foen/ubd0066/Station/82_1","label":"Kappelen","identifier":"82_1"},{"value":"https://environment.ld.admin.ch/foen/ubd0066/Station/83_1","label":"Wald","identifier":"83_1"},{"value":"https://environment.ld.admin.ch/foen/ubd0066/Station/84_1","label":"Rifferswil","identifier":"84_1"},{"value":"https://environment.ld.admin.ch/foen/ubd0066/Station/85_1","label":"Frauenfeld","identifier":"85_1"},{"value":"https://environment.ld.admin.ch/foen/ubd0066/Station/86_1","label":"Lützelflüh","identifier":"86_1"},{"value":"https://environment.ld.admin.ch/foen/ubd0066/Station/87_1","label":"Klarsreuti","identifier":"87_1"},{"value":"https://environment.ld.admin.ch/foen/ubd0066/Station/88_1","label":"L`Abbaye","identifier":"88_1"},{"value":"https://environment.ld.admin.ch/foen/ubd0066/Station/89_1","label":"St. Moritz","identifier":"89_1"},{"value":"https://environment.ld.admin.ch/foen/ubd0066/Station/8_1","label":"Rothenfluh","identifier":"8_1"},{"value":"https://environment.ld.admin.ch/foen/ubd0066/Station/90_1","label":"Sta. Maria i.C.","identifier":"90_1"},{"value":"https://environment.ld.admin.ch/foen/ubd0066/Station/91_1","label":"Campo","identifier":"91_1"},{"value":"https://environment.ld.admin.ch/foen/ubd0066/Station/92_1","label":"Novaggio - 1","identifier":"92_1"},{"value":"https://environment.ld.admin.ch/foen/ubd0066/Station/92_2","label":"Novaggio - 2","identifier":"92_2"},{"value":"https://environment.ld.admin.ch/foen/ubd0066/Station/93_1","label":"Marthalen","identifier":"93_1"},{"value":"https://environment.ld.admin.ch/foen/ubd0066/Station/94_1","label":"S. Antonino","identifier":"94_1"},{"value":"https://environment.ld.admin.ch/foen/ubd0066/Station/95_1","label":"Coldrerio","identifier":"95_1"},{"value":"https://environment.ld.admin.ch/foen/ubd0066/Station/96_1","label":"Gudo","identifier":"96_1"},{"value":"https://environment.ld.admin.ch/foen/ubd0066/Station/97_1","label":"Lugano","identifier":"97_1"},{"value":"https://environment.ld.admin.ch/foen/ubd0066/Station/98_1","label":"Erstfeld","identifier":"98_1"},{"value":"https://environment.ld.admin.ch/foen/ubd0066/Station/99_1","label":"Visp","identifier":"99_1"},{"value":"https://environment.ld.admin.ch/foen/ubd0066/Station/9_1","label":"Binningen","identifier":"9_1"}],"related":[],"hierarchy":null},{"__typename":"NominalDimension","cubeIri":"https://environment.ld.admin.ch/foen/ubd0066/15","iri":"https://environment.ld.admin.ch/foen/ubd0066/samplingperiod","label":"Sampling Period","scaleType":"Nominal","isNumerical":false,"isKeyDimension":false,"values":[{"value":"https://environment.ld.admin.ch/foen/ubd0066/samplingperiod/1","label":"1985-1989","identifier":"1"},{"value":"https://environment.ld.admin.ch/foen/ubd0066/samplingperiod/2","label":"1990-1994","identifier":"2"},{"value":"https://environment.ld.admin.ch/foen/ubd0066/samplingperiod/3","label":"1995-1999","identifier":"3"},{"value":"https://environment.ld.admin.ch/foen/ubd0066/samplingperiod/4","label":"2000-2004","identifier":"4"},{"value":"https://environment.ld.admin.ch/foen/ubd0066/samplingperiod/5","label":"2005-2009","identifier":"5"},{"value":"https://environment.ld.admin.ch/foen/ubd0066/samplingperiod/6","label":"2010-2014","identifier":"6"}],"related":[],"hierarchy":null}],"measures":[{"__typename":"NumericalMeasure","isCurrency":false,"isDecimal":true,"cubeIri":"https://environment.ld.admin.ch/foen/ubd0066/15","iri":"https://environment.ld.admin.ch/foen/ubd0066/wert","label":"Heavy metal concentration","unit":"mg/kg DM","scaleType":"Ratio","dataType":"http://www.w3.org/2001/XMLSchema#decimal","isNumerical":true,"isKeyDimension":false,"values":[{"value":0.008915087,"label":"0.008915087"},{"value":883.4049988,"label":"883.4049988"}],"related":[]}]}}}
