{"data":{"dataCubeByIri":{"iri":"https://environment.ld.admin.ch/foen/ubd0104/11","identifier":"ubd0104","title":"Bathing water quality (with Hierarchie)","description":"The assessment of bathing waters is made on the basis of hygienic quality using E.coli and intestinal enterococci. They provide indications on the effectiveness of water protection measures and in particular the extent to which waste water treatment plants are fulfilling their function.","publisher":"bafu","version":"11","workExamples":["https://ld.admin.ch/application/visualize","b549_genid2d8f38081eb02c4b8eab0995c01fcad6012d6SBdT90neLDPhxGb279","b549_genid2d8f38081eb02c4b8eab0995c01fcad6012d6SBdT90neLDPhxGb280"],"contactName":"Païvi Rinta, Sektion Hydr. Grundlagen Gewässerzustand","contactEmail":"baqua@bafu.admin.ch","landingPage":"https://www.bafu.admin.ch/bafu/de/home/themen/wasser/fachinformationen/zustand-der-gewaesser/zustand-der-fliessgewaesser/wasserqualitaet-der-fliessgewaesser/badegewaesserqualitaet.html","expires":null,"datePublished":"2021-10-14","dateModified":"2022-08-26T10:38:21.174Z","publicationStatus":"DRAFT","themes":[{"iri":"https://register.ld.admin.ch/opendataswiss/category/territory","label":"Territory and environment","__typename":"DataCubeTheme"}],"creator":{"iri":"https://register.ld.admin.ch/opendataswiss/org/bundesamt-fur-umwelt-bafu","label":"Federal Office for the Environment FOEN","__typename":"DataCubeOrganization"},"__typename":"DataCube"}},"extensions":{"queries":[{"startTime":1668088811290,"endTime":1668088811371,"text":"#pragma describe.strategy cbd\n#pragma join.hash off\n\n\nPREFIX schema: <http://schema.org/>\n\nSELECT *\n\nWHERE {\n\n    graph   <https://lindas.admin.ch/sfa/opendataswiss> {\n      ?theme a schema:DefinedTerm ;\n        schema:inDefinedTermSet <https://register.ld.admin.ch/opendataswiss/category>; \n        OPTIONAL {\n    ?theme schema:name ?name_en\n    FILTER (LANGMATCHES(LANG(?name_en), \"en\"))\n  }\nOPTIONAL {\n    ?theme schema:name ?name_de\n    FILTER (LANGMATCHES(LANG(?name_de), \"de\"))\n  }\nOPTIONAL {\n    ?theme schema:name ?name_fr\n    FILTER (LANGMATCHES(LANG(?name_fr), \"fr\"))\n  }\nOPTIONAL {\n    ?theme schema:name ?name_it\n    FILTER (LANGMATCHES(LANG(?name_it), \"it\"))\n  }\nOPTIONAL {\n    ?theme schema:name ?name_\n    FILTER ((LANG(?name_) = \"\"))\n  }\n  BIND(COALESCE(?name_en,?name_de,?name_fr,?name_it,?name_) as ?name)\n  \n    }\n}\n\n\n\n"},{"startTime":1668088811290,"endTime":1668088811377,"text":"#pragma describe.strategy cbd\n#pragma join.hash off\n\n\nPREFIX schema: <http://schema.org/>\n\nSELECT *\n\nWHERE {\n\n    graph   <https://lindas.admin.ch/sfa/opendataswiss> {\n      ?theme a schema:Organization ;\n      OPTIONAL {\n    ?theme schema:name ?name_en\n    FILTER (LANGMATCHES(LANG(?name_en), \"en\"))\n  }\nOPTIONAL {\n    ?theme schema:name ?name_de\n    FILTER (LANGMATCHES(LANG(?name_de), \"de\"))\n  }\nOPTIONAL {\n    ?theme schema:name ?name_fr\n    FILTER (LANGMATCHES(LANG(?name_fr), \"fr\"))\n  }\nOPTIONAL {\n    ?theme schema:name ?name_it\n    FILTER (LANGMATCHES(LANG(?name_it), \"it\"))\n  }\nOPTIONAL {\n    ?theme schema:name ?name_\n    FILTER ((LANG(?name_) = \"\"))\n  }\n  BIND(COALESCE(?name_en,?name_de,?name_fr,?name_it,?name_) as ?name)\n  \n    }\n}\n\n\n\n"}],"timings":{"children":{"dataCubeByIri":{"children":{"themes":{"children":{"0":{"children":{"label":{"children":{},"start":1668088811290,"end":1668088811371}}}}},"creator":{"children":{"label":{"children":{},"start":1668088811290,"end":1668088811378}}}},"start":1668088811289,"end":1668088811289}}}}}
