{"data":{"dataCubeComponents":{"dimensions":[{"__typename":"TemporalDimension","timeFormat":"%Y","timeUnit":"Year","cubeIri":"https://energy.ld.admin.ch/sfoe/bfe_ogd84_einmalverguetung_fuer_photovoltaikanlagen/9","iri":"https://energy.ld.admin.ch/sfoe/bfe_ogd84_einmalverguetung_fuer_photovoltaikanlagen/Jahr","label":"Jahr der Vergütung","description":"Jahr, in welchem die EIV ausbezahlt wurde","unit":"a","scaleType":"Interval","dataType":"http://www.w3.org/2001/XMLSchema#gYear","order":1,"isNumerical":false,"isKeyDimension":true,"values":[{"value":"2014","label":"2014"},{"value":"2015","label":"2015"},{"value":"2016","label":"2016"},{"value":"2017","label":"2017"},{"value":"2018","label":"2018"},{"value":"2019","label":"2019"},{"value":"2020","label":"2020"},{"value":"2021","label":"2021"},{"value":"2022","label":"2022"}],"related":[],"hierarchy":null}],"measures":[]}}}
