{"query":"query PossibleFilters($iri: String!, $sourceType: String!, $sourceUrl: String!, $filters: SingleFilters!) {\n  possibleFilters(\n    iri: $iri\n    sourceType: $sourceType\n    sourceUrl: $sourceUrl\n    filters: $filters\n  ) {\n    iri\n    type\n    value\n    __typename\n  }\n}\n","operationName":"PossibleFilters","variables":{"iri":"https://environment.ld.admin.ch/foen/ubd000502/5","sourceType":"sparql","sourceUrl":"https://lindas-cached.cluster.ldbar.ch/query","filters":{"https://environment.ld.admin.ch/foen/ubd000502/sektorid":{"type":"single","value":"https://environment.ld.admin.ch/vocabulary/ghg_emission_sectors_co2_ordinance/1"}},"filterKey":"https://environment.ld.admin.ch/foen/ubd000502/sektorid"}}