{"query":"query DataCubeComponents($sourceType: String!, $sourceUrl: String!, $locale: String!, $cubeFilter: DataCubeComponentFilter!) {\n  dataCubeComponents(\n    sourceType: $sourceType\n    sourceUrl: $sourceUrl\n    locale: $locale\n    cubeFilter: $cubeFilter\n  )\n}\n","operationName":"DataCubeComponents","variables":{"locale":"en","sourceType":"sparql","sourceUrl":"https://lindas-cached.cluster.ldbar.ch/query","cubeFilter":{"iri":"https://environment.ld.admin.ch/foen/ubd000502/5","filters":{"https://environment.ld.admin.ch/foen/ubd000502/sektorid":{"type":"single","value":"https://environment.ld.admin.ch/vocabulary/ghg_emission_sectors_co2_ordinance/1"}},"loadValues":true}}}