{"data":{"dataCubeObservations":{"data":[{"https://environment.ld.admin.ch/foen/ubd000502/jahr":"1999","https://environment.ld.admin.ch/foen/ubd000502/hierachie":"1","https://environment.ld.admin.ch/foen/ubd000502/sektorid/__iri__":"https://environment.ld.admin.ch/vocabulary/ghg_emission_sectors_co2_ordinance/1","https://environment.ld.admin.ch/foen/ubd000502/sektorid":"Switzerland’s greenhouse gas emissions","https://environment.ld.admin.ch/foen/ubd000502/gas/__iri__":"https://ld.admin.ch/cube/dimension/testdimension/test1","https://environment.ld.admin.ch/foen/ubd000502/gas":"All greenhouse gas","https://environment.ld.admin.ch/foen/ubd000502/werte":"54.55","https://environment.ld.admin.ch/foen/ubd000502/werteNichtGerundet":"54.5503212331838"},{"https://environment.ld.admin.ch/foen/ubd000502/jahr":"2010","https://environment.ld.admin.ch/foen/ubd000502/hierachie":"1","https://environment.ld.admin.ch/foen/ubd000502/sektorid/__iri__":"https://environment.ld.admin.ch/vocabulary/ghg_emission_sectors_co2_ordinance/1","https://environment.ld.admin.ch/foen/ubd000502/sektorid":"Switzerland’s greenhouse gas emissions","https://environment.ld.admin.ch/foen/ubd000502/gas/__iri__":"https://ld.admin.ch/cube/dimension/testdimension/test1","https://environment.ld.admin.ch/foen/ubd000502/gas":"All greenhouse gas","https://environment.ld.admin.ch/foen/ubd000502/werte":"55.293","https://environment.ld.admin.ch/foen/ubd000502/werteNichtGerundet":"55.2929384388432"},{"https://environment.ld.admin.ch/foen/ubd000502/jahr":"2021","https://environment.ld.admin.ch/foen/ubd000502/hierachie":"1","https://environment.ld.admin.ch/foen/ubd000502/sektorid/__iri__":"https://environment.ld.admin.ch/vocabulary/ghg_emission_sectors_co2_ordinance/1","https://environment.ld.admin.ch/foen/ubd000502/sektorid":"Switzerland’s greenhouse gas emissions","https://environment.ld.admin.ch/foen/ubd000502/gas/__iri__":"https://ld.admin.ch/cube/dimension/testdimension/test1","https://environment.ld.admin.ch/foen/ubd000502/gas":"All greenhouse gas","https://environment.ld.admin.ch/foen/ubd000502/werte":"45.138","https://environment.ld.admin.ch/foen/ubd000502/werteNichtGerundet":"45.1375829936138"},{"https://environment.ld.admin.ch/foen/ubd000502/jahr":"1998","https://environment.ld.admin.ch/foen/ubd000502/hierachie":"1","https://environment.ld.admin.ch/foen/ubd000502/sektorid/__iri__":"https://environment.ld.admin.ch/vocabulary/ghg_emission_sectors_co2_ordinance/1","https://environment.ld.admin.ch/foen/ubd000502/sektorid":"Switzerland’s greenhouse gas emissions","https://environment.ld.admin.ch/foen/ubd000502/gas/__iri__":"https://ld.admin.ch/cube/dimension/testdimension/test1","https://environment.ld.admin.ch/foen/ubd000502/gas":"All greenhouse gas","https://environment.ld.admin.ch/foen/ubd000502/werte":"54.751","https://environment.ld.admin.ch/foen/ubd000502/werteNichtGerundet":"54.7505242575694"},{"https://environment.ld.admin.ch/foen/ubd000502/jahr":"2004","https://environment.ld.admin.ch/foen/ubd000502/hierachie":"1","https://environment.ld.admin.ch/foen/ubd000502/sektorid/__iri__":"https://environment.ld.admin.ch/vocabulary/ghg_emission_sectors_co2_ordinance/1","https://environment.ld.admin.ch/foen/ubd000502/sektorid":"Switzerland’s greenhouse gas emissions","https://environment.ld.admin.ch/foen/ubd000502/gas/__iri__":"https://ld.admin.ch/cube/dimension/testdimension/test1","https://environment.ld.admin.ch/foen/ubd000502/gas":"All greenhouse gas","https://environment.ld.admin.ch/foen/ubd000502/werte":"55.432","https://environment.ld.admin.ch/foen/ubd000502/werteNichtGerundet":"55.4320298062246"},{"https://environment.ld.admin.ch/foen/ubd000502/jahr":"2005","https://environment.ld.admin.ch/foen/ubd000502/hierachie":"1","https://environment.ld.admin.ch/foen/ubd000502/sektorid/__iri__":"https://environment.ld.admin.ch/vocabulary/ghg_emission_sectors_co2_ordinance/1","https://environment.ld.admin.ch/foen/ubd000502/sektorid":"Switzerland’s greenhouse gas emissions","https://environment.ld.admin.ch/foen/ubd000502/gas/__iri__":"https://ld.admin.ch/cube/dimension/testdimension/test1","https://environment.ld.admin.ch/foen/ubd000502/gas":"All greenhouse gas","https://environment.ld.admin.ch/foen/ubd000502/werte":"56.061","https://environment.ld.admin.ch/foen/ubd000502/werteNichtGerundet":"56.0605477340017"},{"https://environment.ld.admin.ch/foen/ubd000502/jahr":"2014","https://environment.ld.admin.ch/foen/ubd000502/hierachie":"1","https://environment.ld.admin.ch/foen/ubd000502/sektorid/__iri__":"https://environment.ld.admin.ch/vocabulary/ghg_emission_sectors_co2_ordinance/1","https://environment.ld.admin.ch/foen/ubd000502/sektorid":"Switzerland’s greenhouse gas emissions","https://environment.ld.admin.ch/foen/ubd000502/gas/__iri__":"https://ld.admin.ch/cube/dimension/testdimension/test1","https://environment.ld.admin.ch/foen/ubd000502/gas":"All greenhouse gas","https://environment.ld.admin.ch/foen/ubd000502/werte":"49.407","https://environment.ld.admin.ch/foen/ubd000502/werteNichtGerundet":"49.4067096414148"},{"https://environment.ld.admin.ch/foen/ubd000502/jahr":"1991","https://environment.ld.admin.ch/foen/ubd000502/hierachie":"1","https://environment.ld.admin.ch/foen/ubd000502/sektorid/__iri__":"https://environment.ld.admin.ch/vocabulary/ghg_emission_sectors_co2_ordinance/1","https://environment.ld.admin.ch/foen/ubd000502/sektorid":"Switzerland’s greenhouse gas emissions","https://environment.ld.admin.ch/foen/ubd000502/gas/__iri__":"https://ld.admin.ch/cube/dimension/testdimension/test1","https://environment.ld.admin.ch/foen/ubd000502/gas":"All greenhouse gas","https://environment.ld.admin.ch/foen/ubd000502/werte":"56.914","https://environment.ld.admin.ch/foen/ubd000502/werteNichtGerundet":"56.9138372894525"},{"https://environment.ld.admin.ch/foen/ubd000502/jahr":"1993","https://environment.ld.admin.ch/foen/ubd000502/hierachie":"1","https://environment.ld.admin.ch/foen/ubd000502/sektorid/__iri__":"https://environment.ld.admin.ch/vocabulary/ghg_emission_sectors_co2_ordinance/1","https://environment.ld.admin.ch/foen/ubd000502/sektorid":"Switzerland’s greenhouse gas emissions","https://environment.ld.admin.ch/foen/ubd000502/gas/__iri__":"https://ld.admin.ch/cube/dimension/testdimension/test1","https://environment.ld.admin.ch/foen/ubd000502/gas":"All greenhouse gas","https://environment.ld.admin.ch/foen/ubd000502/werte":"54.0","https://environment.ld.admin.ch/foen/ubd000502/werteNichtGerundet":"53.9998108689677"},{"https://environment.ld.admin.ch/foen/ubd000502/jahr":"2013","https://environment.ld.admin.ch/foen/ubd000502/hierachie":"1","https://environment.ld.admin.ch/foen/ubd000502/sektorid/__iri__":"https://environment.ld.admin.ch/vocabulary/ghg_emission_sectors_co2_ordinance/1","https://environment.ld.admin.ch/foen/ubd000502/sektorid":"Switzerland’s greenhouse gas emissions","https://environment.ld.admin.ch/foen/ubd000502/gas/__iri__":"https://ld.admin.ch/cube/dimension/testdimension/test1","https://environment.ld.admin.ch/foen/ubd000502/gas":"All greenhouse gas","https://environment.ld.admin.ch/foen/ubd000502/werte":"53.345","https://environment.ld.admin.ch/foen/ubd000502/werteNichtGerundet":"53.3448940208563"},{"https://environment.ld.admin.ch/foen/ubd000502/jahr":"2001","https://environment.ld.admin.ch/foen/ubd000502/hierachie":"1","https://environment.ld.admin.ch/foen/ubd000502/sektorid/__iri__":"https://environment.ld.admin.ch/vocabulary/ghg_emission_sectors_co2_ordinance/1","https://environment.ld.admin.ch/foen/ubd000502/sektorid":"Switzerland’s greenhouse gas emissions","https://environment.ld.admin.ch/foen/ubd000502/gas/__iri__":"https://ld.admin.ch/cube/dimension/testdimension/test1","https://environment.ld.admin.ch/foen/ubd000502/gas":"All greenhouse gas","https://environment.ld.admin.ch/foen/ubd000502/werte":"55.337","https://environment.ld.admin.ch/foen/ubd000502/werteNichtGerundet":"55.3373233026551"},{"https://environment.ld.admin.ch/foen/ubd000502/jahr":"1994","https://environment.ld.admin.ch/foen/ubd000502/hierachie":"1","https://environment.ld.admin.ch/foen/ubd000502/sektorid/__iri__":"https://environment.ld.admin.ch/vocabulary/ghg_emission_sectors_co2_ordinance/1","https://environment.ld.admin.ch/foen/ubd000502/sektorid":"Switzerland’s greenhouse gas emissions","https://environment.ld.admin.ch/foen/ubd000502/gas/__iri__":"https://ld.admin.ch/cube/dimension/testdimension/test1","https://environment.ld.admin.ch/foen/ubd000502/gas":"All greenhouse gas","https://environment.ld.admin.ch/foen/ubd000502/werte":"52.928","https://environment.ld.admin.ch/foen/ubd000502/werteNichtGerundet":"52.9284552723539"},{"https://environment.ld.admin.ch/foen/ubd000502/jahr":"2019","https://environment.ld.admin.ch/foen/ubd000502/hierachie":"1","https://environment.ld.admin.ch/foen/ubd000502/sektorid/__iri__":"https://environment.ld.admin.ch/vocabulary/ghg_emission_sectors_co2_ordinance/1","https://environment.ld.admin.ch/foen/ubd000502/sektorid":"Switzerland’s greenhouse gas emissions","https://environment.ld.admin.ch/foen/ubd000502/gas/__iri__":"https://ld.admin.ch/cube/dimension/testdimension/test1","https://environment.ld.admin.ch/foen/ubd000502/gas":"All greenhouse gas","https://environment.ld.admin.ch/foen/ubd000502/werte":"46.465","https://environment.ld.admin.ch/foen/ubd000502/werteNichtGerundet":"46.4650249019653"},{"https://environment.ld.admin.ch/foen/ubd000502/jahr":"2007","https://environment.ld.admin.ch/foen/ubd000502/hierachie":"1","https://environment.ld.admin.ch/foen/ubd000502/sektorid/__iri__":"https://environment.ld.admin.ch/vocabulary/ghg_emission_sectors_co2_ordinance/1","https://environment.ld.admin.ch/foen/ubd000502/sektorid":"Switzerland’s greenhouse gas emissions","https://environment.ld.admin.ch/foen/ubd000502/gas/__iri__":"https://ld.admin.ch/cube/dimension/testdimension/test1","https://environment.ld.admin.ch/foen/ubd000502/gas":"All greenhouse gas","https://environment.ld.admin.ch/foen/ubd000502/werte":"53.796","https://environment.ld.admin.ch/foen/ubd000502/werteNichtGerundet":"53.7956801754449"},{"https://environment.ld.admin.ch/foen/ubd000502/jahr":"2009","https://environment.ld.admin.ch/foen/ubd000502/hierachie":"1","https://environment.ld.admin.ch/foen/ubd000502/sektorid/__iri__":"https://environment.ld.admin.ch/vocabulary/ghg_emission_sectors_co2_ordinance/1","https://environment.ld.admin.ch/foen/ubd000502/sektorid":"Switzerland’s greenhouse gas emissions","https://environment.ld.admin.ch/foen/ubd000502/gas/__iri__":"https://ld.admin.ch/cube/dimension/testdimension/test1","https://environment.ld.admin.ch/foen/ubd000502/gas":"All greenhouse gas","https://environment.ld.admin.ch/foen/ubd000502/werte":"53.708","https://environment.ld.admin.ch/foen/ubd000502/werteNichtGerundet":"53.7075986125643"},{"https://environment.ld.admin.ch/foen/ubd000502/jahr":"2016","https://environment.ld.admin.ch/foen/ubd000502/hierachie":"1","https://environment.ld.admin.ch/foen/ubd000502/sektorid/__iri__":"https://environment.ld.admin.ch/vocabulary/ghg_emission_sectors_co2_ordinance/1","https://environment.ld.admin.ch/foen/ubd000502/sektorid":"Switzerland’s greenhouse gas emissions","https://environment.ld.admin.ch/foen/ubd000502/gas/__iri__":"https://ld.admin.ch/cube/dimension/testdimension/test1","https://environment.ld.admin.ch/foen/ubd000502/gas":"All greenhouse gas","https://environment.ld.admin.ch/foen/ubd000502/werte":"49.194","https://environment.ld.admin.ch/foen/ubd000502/werteNichtGerundet":"49.1941695625635"},{"https://environment.ld.admin.ch/foen/ubd000502/jahr":"2008","https://environment.ld.admin.ch/foen/ubd000502/hierachie":"1","https://environment.ld.admin.ch/foen/ubd000502/sektorid/__iri__":"https://environment.ld.admin.ch/vocabulary/ghg_emission_sectors_co2_ordinance/1","https://environment.ld.admin.ch/foen/ubd000502/sektorid":"Switzerland’s greenhouse gas emissions","https://environment.ld.admin.ch/foen/ubd000502/gas/__iri__":"https://ld.admin.ch/cube/dimension/testdimension/test1","https://environment.ld.admin.ch/foen/ubd000502/gas":"All greenhouse gas","https://environment.ld.admin.ch/foen/ubd000502/werte":"55.189","https://environment.ld.admin.ch/foen/ubd000502/werteNichtGerundet":"55.1894024770268"},{"https://environment.ld.admin.ch/foen/ubd000502/jahr":"2018","https://environment.ld.admin.ch/foen/ubd000502/hierachie":"1","https://environment.ld.admin.ch/foen/ubd000502/sektorid/__iri__":"https://environment.ld.admin.ch/vocabulary/ghg_emission_sectors_co2_ordinance/1","https://environment.ld.admin.ch/foen/ubd000502/sektorid":"Switzerland’s greenhouse gas emissions","https://environment.ld.admin.ch/foen/ubd000502/gas/__iri__":"https://ld.admin.ch/cube/dimension/testdimension/test1","https://environment.ld.admin.ch/foen/ubd000502/gas":"All greenhouse gas","https://environment.ld.admin.ch/foen/ubd000502/werte":"46.714","https://environment.ld.admin.ch/foen/ubd000502/werteNichtGerundet":"46.7140976637912"},{"https://environment.ld.admin.ch/foen/ubd000502/jahr":"1997","https://environment.ld.admin.ch/foen/ubd000502/hierachie":"1","https://environment.ld.admin.ch/foen/ubd000502/sektorid/__iri__":"https://environment.ld.admin.ch/vocabulary/ghg_emission_sectors_co2_ordinance/1","https://environment.ld.admin.ch/foen/ubd000502/sektorid":"Switzerland’s greenhouse gas emissions","https://environment.ld.admin.ch/foen/ubd000502/gas/__iri__":"https://ld.admin.ch/cube/dimension/testdimension/test1","https://environment.ld.admin.ch/foen/ubd000502/gas":"All greenhouse gas","https://environment.ld.admin.ch/foen/ubd000502/werte":"53.219","https://environment.ld.admin.ch/foen/ubd000502/werteNichtGerundet":"53.2191756548825"},{"https://environment.ld.admin.ch/foen/ubd000502/jahr":"2011","https://environment.ld.admin.ch/foen/ubd000502/hierachie":"1","https://environment.ld.admin.ch/foen/ubd000502/sektorid/__iri__":"https://environment.ld.admin.ch/vocabulary/ghg_emission_sectors_co2_ordinance/1","https://environment.ld.admin.ch/foen/ubd000502/sektorid":"Switzerland’s greenhouse gas emissions","https://environment.ld.admin.ch/foen/ubd000502/gas/__iri__":"https://ld.admin.ch/cube/dimension/testdimension/test1","https://environment.ld.admin.ch/foen/ubd000502/gas":"All greenhouse gas","https://environment.ld.admin.ch/foen/ubd000502/werte":"51.171","https://environment.ld.admin.ch/foen/ubd000502/werteNichtGerundet":"51.170866749762"},{"https://environment.ld.admin.ch/foen/ubd000502/jahr":"1992","https://environment.ld.admin.ch/foen/ubd000502/hierachie":"1","https://environment.ld.admin.ch/foen/ubd000502/sektorid/__iri__":"https://environment.ld.admin.ch/vocabulary/ghg_emission_sectors_co2_ordinance/1","https://environment.ld.admin.ch/foen/ubd000502/sektorid":"Switzerland’s greenhouse gas emissions","https://environment.ld.admin.ch/foen/ubd000502/gas/__iri__":"https://ld.admin.ch/cube/dimension/testdimension/test1","https://environment.ld.admin.ch/foen/ubd000502/gas":"All greenhouse gas","https://environment.ld.admin.ch/foen/ubd000502/werte":"56.62","https://environment.ld.admin.ch/foen/ubd000502/werteNichtGerundet":"56.6200268186414"},{"https://environment.ld.admin.ch/foen/ubd000502/jahr":"2000","https://environment.ld.admin.ch/foen/ubd000502/hierachie":"1","https://environment.ld.admin.ch/foen/ubd000502/sektorid/__iri__":"https://environment.ld.admin.ch/vocabulary/ghg_emission_sectors_co2_ordinance/1","https://environment.ld.admin.ch/foen/ubd000502/sektorid":"Switzerland’s greenhouse gas emissions","https://environment.ld.admin.ch/foen/ubd000502/gas/__iri__":"https://ld.admin.ch/cube/dimension/testdimension/test1","https://environment.ld.admin.ch/foen/ubd000502/gas":"All greenhouse gas","https://environment.ld.admin.ch/foen/ubd000502/werte":"53.809","https://environment.ld.admin.ch/foen/ubd000502/werteNichtGerundet":"53.8094103562539"},{"https://environment.ld.admin.ch/foen/ubd000502/jahr":"1990","https://environment.ld.admin.ch/foen/ubd000502/hierachie":"1","https://environment.ld.admin.ch/foen/ubd000502/sektorid/__iri__":"https://environment.ld.admin.ch/vocabulary/ghg_emission_sectors_co2_ordinance/1","https://environment.ld.admin.ch/foen/ubd000502/sektorid":"Switzerland’s greenhouse gas emissions","https://environment.ld.admin.ch/foen/ubd000502/gas/__iri__":"https://ld.admin.ch/cube/dimension/testdimension/test1","https://environment.ld.admin.ch/foen/ubd000502/gas":"All greenhouse gas","https://environment.ld.admin.ch/foen/ubd000502/werte":"55.058","https://environment.ld.admin.ch/foen/ubd000502/werteNichtGerundet":"55.0578215451659"},{"https://environment.ld.admin.ch/foen/ubd000502/jahr":"2002","https://environment.ld.admin.ch/foen/ubd000502/hierachie":"1","https://environment.ld.admin.ch/foen/ubd000502/sektorid/__iri__":"https://environment.ld.admin.ch/vocabulary/ghg_emission_sectors_co2_ordinance/1","https://environment.ld.admin.ch/foen/ubd000502/sektorid":"Switzerland’s greenhouse gas emissions","https://environment.ld.admin.ch/foen/ubd000502/gas/__iri__":"https://ld.admin.ch/cube/dimension/testdimension/test1","https://environment.ld.admin.ch/foen/ubd000502/gas":"All greenhouse gas","https://environment.ld.admin.ch/foen/ubd000502/werte":"53.779","https://environment.ld.admin.ch/foen/ubd000502/werteNichtGerundet":"53.7787459858048"},{"https://environment.ld.admin.ch/foen/ubd000502/jahr":"2015","https://environment.ld.admin.ch/foen/ubd000502/hierachie":"1","https://environment.ld.admin.ch/foen/ubd000502/sektorid/__iri__":"https://environment.ld.admin.ch/vocabulary/ghg_emission_sectors_co2_ordinance/1","https://environment.ld.admin.ch/foen/ubd000502/sektorid":"Switzerland’s greenhouse gas emissions","https://environment.ld.admin.ch/foen/ubd000502/gas/__iri__":"https://ld.admin.ch/cube/dimension/testdimension/test1","https://environment.ld.admin.ch/foen/ubd000502/gas":"All greenhouse gas","https://environment.ld.admin.ch/foen/ubd000502/werte":"48.889","https://environment.ld.admin.ch/foen/ubd000502/werteNichtGerundet":"48.8886525850749"},{"https://environment.ld.admin.ch/foen/ubd000502/jahr":"2017","https://environment.ld.admin.ch/foen/ubd000502/hierachie":"1","https://environment.ld.admin.ch/foen/ubd000502/sektorid/__iri__":"https://environment.ld.admin.ch/vocabulary/ghg_emission_sectors_co2_ordinance/1","https://environment.ld.admin.ch/foen/ubd000502/sektorid":"Switzerland’s greenhouse gas emissions","https://environment.ld.admin.ch/foen/ubd000502/gas/__iri__":"https://ld.admin.ch/cube/dimension/testdimension/test1","https://environment.ld.admin.ch/foen/ubd000502/gas":"All greenhouse gas","https://environment.ld.admin.ch/foen/ubd000502/werte":"48.223","https://environment.ld.admin.ch/foen/ubd000502/werteNichtGerundet":"48.2231800615948"},{"https://environment.ld.admin.ch/foen/ubd000502/jahr":"2003","https://environment.ld.admin.ch/foen/ubd000502/hierachie":"1","https://environment.ld.admin.ch/foen/ubd000502/sektorid/__iri__":"https://environment.ld.admin.ch/vocabulary/ghg_emission_sectors_co2_ordinance/1","https://environment.ld.admin.ch/foen/ubd000502/sektorid":"Switzerland’s greenhouse gas emissions","https://environment.ld.admin.ch/foen/ubd000502/gas/__iri__":"https://ld.admin.ch/cube/dimension/testdimension/test1","https://environment.ld.admin.ch/foen/ubd000502/gas":"All greenhouse gas","https://environment.ld.admin.ch/foen/ubd000502/werte":"54.838","https://environment.ld.admin.ch/foen/ubd000502/werteNichtGerundet":"54.8383159134735"},{"https://environment.ld.admin.ch/foen/ubd000502/jahr":"1995","https://environment.ld.admin.ch/foen/ubd000502/hierachie":"1","https://environment.ld.admin.ch/foen/ubd000502/sektorid/__iri__":"https://environment.ld.admin.ch/vocabulary/ghg_emission_sectors_co2_ordinance/1","https://environment.ld.admin.ch/foen/ubd000502/sektorid":"Switzerland’s greenhouse gas emissions","https://environment.ld.admin.ch/foen/ubd000502/gas/__iri__":"https://ld.admin.ch/cube/dimension/testdimension/test1","https://environment.ld.admin.ch/foen/ubd000502/gas":"All greenhouse gas","https://environment.ld.admin.ch/foen/ubd000502/werte":"53.795","https://environment.ld.admin.ch/foen/ubd000502/werteNichtGerundet":"53.7950179050419"},{"https://environment.ld.admin.ch/foen/ubd000502/jahr":"2012","https://environment.ld.admin.ch/foen/ubd000502/hierachie":"1","https://environment.ld.admin.ch/foen/ubd000502/sektorid/__iri__":"https://environment.ld.admin.ch/vocabulary/ghg_emission_sectors_co2_ordinance/1","https://environment.ld.admin.ch/foen/ubd000502/sektorid":"Switzerland’s greenhouse gas emissions","https://environment.ld.admin.ch/foen/ubd000502/gas/__iri__":"https://ld.admin.ch/cube/dimension/testdimension/test1","https://environment.ld.admin.ch/foen/ubd000502/gas":"All greenhouse gas","https://environment.ld.admin.ch/foen/ubd000502/werte":"52.497","https://environment.ld.admin.ch/foen/ubd000502/werteNichtGerundet":"52.4969032798714"},{"https://environment.ld.admin.ch/foen/ubd000502/jahr":"1996","https://environment.ld.admin.ch/foen/ubd000502/hierachie":"1","https://environment.ld.admin.ch/foen/ubd000502/sektorid/__iri__":"https://environment.ld.admin.ch/vocabulary/ghg_emission_sectors_co2_ordinance/1","https://environment.ld.admin.ch/foen/ubd000502/sektorid":"Switzerland’s greenhouse gas emissions","https://environment.ld.admin.ch/foen/ubd000502/gas/__iri__":"https://ld.admin.ch/cube/dimension/testdimension/test1","https://environment.ld.admin.ch/foen/ubd000502/gas":"All greenhouse gas","https://environment.ld.admin.ch/foen/ubd000502/werte":"54.44","https://environment.ld.admin.ch/foen/ubd000502/werteNichtGerundet":"54.4398589146845"},{"https://environment.ld.admin.ch/foen/ubd000502/jahr":"2022","https://environment.ld.admin.ch/foen/ubd000502/hierachie":"1","https://environment.ld.admin.ch/foen/ubd000502/sektorid/__iri__":"https://environment.ld.admin.ch/vocabulary/ghg_emission_sectors_co2_ordinance/1","https://environment.ld.admin.ch/foen/ubd000502/sektorid":"Switzerland’s greenhouse gas emissions","https://environment.ld.admin.ch/foen/ubd000502/gas/__iri__":"https://ld.admin.ch/cube/dimension/testdimension/test1","https://environment.ld.admin.ch/foen/ubd000502/gas":"All greenhouse gas","https://environment.ld.admin.ch/foen/ubd000502/werte":"41.63","https://environment.ld.admin.ch/foen/ubd000502/werteNichtGerundet":"41.6304223523114"},{"https://environment.ld.admin.ch/foen/ubd000502/jahr":"2006","https://environment.ld.admin.ch/foen/ubd000502/hierachie":"1","https://environment.ld.admin.ch/foen/ubd000502/sektorid/__iri__":"https://environment.ld.admin.ch/vocabulary/ghg_emission_sectors_co2_ordinance/1","https://environment.ld.admin.ch/foen/ubd000502/sektorid":"Switzerland’s greenhouse gas emissions","https://environment.ld.admin.ch/foen/ubd000502/gas/__iri__":"https://ld.admin.ch/cube/dimension/testdimension/test1","https://environment.ld.admin.ch/foen/ubd000502/gas":"All greenhouse gas","https://environment.ld.admin.ch/foen/ubd000502/werte":"55.734","https://environment.ld.admin.ch/foen/ubd000502/werteNichtGerundet":"55.734045182007"},{"https://environment.ld.admin.ch/foen/ubd000502/jahr":"2020","https://environment.ld.admin.ch/foen/ubd000502/hierachie":"1","https://environment.ld.admin.ch/foen/ubd000502/sektorid/__iri__":"https://environment.ld.admin.ch/vocabulary/ghg_emission_sectors_co2_ordinance/1","https://environment.ld.admin.ch/foen/ubd000502/sektorid":"Switzerland’s greenhouse gas emissions","https://environment.ld.admin.ch/foen/ubd000502/gas/__iri__":"https://ld.admin.ch/cube/dimension/testdimension/test1","https://environment.ld.admin.ch/foen/ubd000502/gas":"All greenhouse gas","https://environment.ld.admin.ch/foen/ubd000502/werte":"43.797","https://environment.ld.admin.ch/foen/ubd000502/werteNichtGerundet":"43.7966818755842"}],"sparqlEditorUrl":"https://lindas-cached.cluster.ldbar.ch/sparql#query=SELECT%20DISTINCT%20%3Fdimension0%20%3Fdimension1%20%3Fdimension2%20%3Fdimension3%20%3Fdimension4%20%3Fdimension5%20%3Fdimension6%20%3Fdimension7%20WHERE%20%7B%0A%20%20%3Chttps%3A%2F%2Fenvironment.ld.admin.ch%2Ffoen%2Fubd000502%2F5%3E%20%3Chttps%3A%2F%2Fcube.link%2FobservationSet%3E%20%3FobservationSet0%20.%0A%20%20%3FobservationSet0%20%3Chttps%3A%2F%2Fcube.link%2Fobservation%3E%20%3Fsource0%20.%0A%20%20%3Fsource0%20%3Chttps%3A%2F%2Fenvironment.ld.admin.ch%2Ffoen%2Fubd000502%2Fsektorid%3E%20%3Fdimension0%20.%0A%20%20%3Fsource0%20%3Chttps%3A%2F%2Fenvironment.ld.admin.ch%2Ffoen%2Fubd000502%2Fgas%3E%20%3Fdimension1%20.%0A%20%20%3Fsource0%20%3Chttps%3A%2F%2Fenvironment.ld.admin.ch%2Ffoen%2Fubd000502%2Fjahr%3E%20%3Fdimension2%20.%0A%20%20%3Fsource0%20%3Chttps%3A%2F%2Fenvironment.ld.admin.ch%2Ffoen%2Fubd000502%2Fwerte%3E%20%3Fdimension3%20.%0A%20%20%3Fsource0%20%3Chttps%3A%2F%2Fenvironment.ld.admin.ch%2Ffoen%2Fubd000502%2Fhierachie%3E%20%3Fdimension4%20.%0A%20%20%3Fsource0%20%3Chttps%3A%2F%2Fenvironment.ld.admin.ch%2Ffoen%2Fubd000502%2FwerteNichtGerundet%3E%20%3Fdimension5%20.%0A%20%20FILTER%20(%0A%20%20%20%20(%3Fdimension0%20%3D%20%3Chttps%3A%2F%2Fenvironment.ld.admin.ch%2Fvocabulary%2Fghg_emission_sectors_co2_ordinance%2F1%3E)%0A%20%20)%0A%20%20FILTER%20(%0A%20%20%20%20(%3Fdimension1%20%3D%20%3Chttps%3A%2F%2Fld.admin.ch%2Fcube%2Fdimension%2Ftestdimension%2Ftest1%3E)%0A%20%20)%0A%20%20OPTIONAL%20%7B%0A%20%20%20%20%3Fdimension0%20%3Chttp%3A%2F%2Fschema.org%2Fname%3E%20%3Fdimension6_0%20.%0A%20%20%20%20FILTER%20(%0A%20%20%20%20%20%20LANGMATCHES(LANG(%3Fdimension6_0)%2C%20%22en%22)%0A%20%20%20%20)%0A%20%20%7D%0A%20%20OPTIONAL%20%7B%0A%20%20%20%20%3Fdimension0%20%3Chttp%3A%2F%2Fschema.org%2Fname%3E%20%3Fdimension6_1%20.%0A%20%20%20%20FILTER%20(%0A%20%20%20%20%20%20LANGMATCHES(LANG(%3Fdimension6_1)%2C%20%22de%22)%0A%20%20%20%20)%0A%20%20%7D%0A%20%20OPTIONAL%20%7B%0A%20%20%20%20%3Fdimension0%20%3Chttp%3A%2F%2Fschema.org%2Fname%3E%20%3Fdimension6_2%20.%0A%20%20%20%20FILTER%20(%0A%20%20%20%20%20%20LANGMATCHES(LANG(%3Fdimension6_2)%2C%20%22fr%22)%0A%20%20%20%20)%0A%20%20%7D%0A%20%20OPTIONAL%20%7B%0A%20%20%20%20%3Fdimension0%20%3Chttp%3A%2F%2Fschema.org%2Fname%3E%20%3Fdimension6_3%20.%0A%20%20%20%20FILTER%20(%0A%20%20%20%20%20%20LANGMATCHES(LANG(%3Fdimension6_3)%2C%20%22it%22)%0A%20%20%20%20)%0A%20%20%7D%0A%20%20OPTIONAL%20%7B%0A%20%20%20%20%3Fdimension0%20%3Chttp%3A%2F%2Fschema.org%2Fname%3E%20%3Fdimension6_4%20.%0A%20%20%20%20FILTER%20(%0A%20%20%20%20%20%20(LANG(%3Fdimension6_4)%20%3D%20%22%22)%0A%20%20%20%20)%0A%20%20%7D%0A%20%20BIND(COALESCE(%3Fdimension6_0%2C%20%3Fdimension6_1%2C%20%3Fdimension6_2%2C%20%3Fdimension6_3%2C%20%3Fdimension6_4)%20AS%20%3Fdimension6)%0A%20%20OPTIONAL%20%7B%0A%20%20%20%20%3Fdimension1%20%3Chttp%3A%2F%2Fschema.org%2Fname%3E%20%3Fdimension7_0%20.%0A%20%20%20%20FILTER%20(%0A%20%20%20%20%20%20LANGMATCHES(LANG(%3Fdimension7_0)%2C%20%22en%22)%0A%20%20%20%20)%0A%20%20%7D%0A%20%20OPTIONAL%20%7B%0A%20%20%20%20%3Fdimension1%20%3Chttp%3A%2F%2Fschema.org%2Fname%3E%20%3Fdimension7_1%20.%0A%20%20%20%20FILTER%20(%0A%20%20%20%20%20%20LANGMATCHES(LANG(%3Fdimension7_1)%2C%20%22de%22)%0A%20%20%20%20)%0A%20%20%7D%0A%20%20OPTIONAL%20%7B%0A%20%20%20%20%3Fdimension1%20%3Chttp%3A%2F%2Fschema.org%2Fname%3E%20%3Fdimension7_2%20.%0A%20%20%20%20FILTER%20(%0A%20%20%20%20%20%20LANGMATCHES(LANG(%3Fdimension7_2)%2C%20%22fr%22)%0A%20%20%20%20)%0A%20%20%7D%0A%20%20OPTIONAL%20%7B%0A%20%20%20%20%3Fdimension1%20%3Chttp%3A%2F%2Fschema.org%2Fname%3E%20%3Fdimension7_3%20.%0A%20%20%20%20FILTER%20(%0A%20%20%20%20%20%20LANGMATCHES(LANG(%3Fdimension7_3)%2C%20%22it%22)%0A%20%20%20%20)%0A%20%20%7D%0A%20%20OPTIONAL%20%7B%0A%20%20%20%20%3Fdimension1%20%3Chttp%3A%2F%2Fschema.org%2Fname%3E%20%3Fdimension7_4%20.%0A%20%20%20%20FILTER%20(%0A%20%20%20%20%20%20(LANG(%3Fdimension7_4)%20%3D%20%22%22)%0A%20%20%20%20)%0A%20%20%7D%0A%20%20BIND(COALESCE(%3Fdimension7_0%2C%20%3Fdimension7_1%2C%20%3Fdimension7_2%2C%20%3Fdimension7_3%2C%20%3Fdimension7_4)%20AS%20%3Fdimension7)%0A%7D%0AGROUP%20BY%20%3Fdimension0%20%3Fdimension1%20%3Fdimension2%20%3Fdimension3%20%3Fdimension4%20%3Fdimension5%20%3Fdimension6%20%3Fdimension7&requestMethod=POST"}}}
