{"query":"query DataCubeObservations($sourceType: String!, $sourceUrl: String!, $locale: String!, $cubeFilter: DataCubeObservationFilter!) {\n  dataCubeObservations(\n    sourceType: $sourceType\n    sourceUrl: $sourceUrl\n    locale: $locale\n    cubeFilter: $cubeFilter\n  )\n}\n","operationName":"DataCubeObservations","variables":{"locale":"en","sourceType":"sparql","sourceUrl":"https://int.lindas.admin.ch/query","cubeFilter":{"iri":"https://environment.ld.admin.ch/foen/gefahren-waldbrand-warnung/1","filters":{"https://environment.ld.admin.ch/foen/gefahren-waldbrand-warnung/region":{"type":"multi","values":{"https://ld.admin.ch/dimension/bgdi/biota/forestfirewarningregions/600":true,"https://ld.admin.ch/dimension/bgdi/biota/forestfirewarningregions/1100":true,"https://ld.admin.ch/dimension/bgdi/biota/forestfirewarningregions/1101":true,"https://ld.admin.ch/dimension/bgdi/biota/forestfirewarningregions/1102":true,"https://ld.admin.ch/dimension/bgdi/biota/forestfirewarningregions/800":true,"https://ld.admin.ch/dimension/bgdi/biota/forestfirewarningregions/1300":true,"https://ld.admin.ch/dimension/bgdi/biota/forestfirewarningregions/1301":true,"https://ld.admin.ch/dimension/bgdi/biota/forestfirewarningregions/1302":true,"https://ld.admin.ch/dimension/bgdi/biota/forestfirewarningregions/1303":true,"https://ld.admin.ch/dimension/bgdi/biota/forestfirewarningregions/2420":true,"https://ld.admin.ch/dimension/bgdi/biota/forestfirewarningregions/2421":true,"https://ld.admin.ch/dimension/bgdi/biota/forestfirewarningregions/2422":true,"https://ld.admin.ch/dimension/bgdi/biota/forestfirewarningregions/2423":true,"https://ld.admin.ch/dimension/bgdi/biota/forestfirewarningregions/2424":true,"https://ld.admin.ch/dimension/bgdi/biota/forestfirewarningregions/2425":true,"https://ld.admin.ch/dimension/bgdi/biota/forestfirewarningregions/2426":true,"https://ld.admin.ch/dimension/bgdi/biota/forestfirewarningregions/2427":true,"https://ld.admin.ch/dimension/bgdi/biota/forestfirewarningregions/2428":true,"https://ld.admin.ch/dimension/bgdi/biota/forestfirewarningregions/2429":true,"https://ld.admin.ch/dimension/bgdi/biota/forestfirewarningregions/2430":true,"https://ld.admin.ch/dimension/bgdi/biota/forestfirewarningregions/2431":true,"https://ld.admin.ch/dimension/bgdi/biota/forestfirewarningregions/2432":true,"https://ld.admin.ch/dimension/bgdi/biota/forestfirewarningregions/2433":true,"https://ld.admin.ch/dimension/bgdi/biota/forestfirewarningregions/2434":true,"https://ld.admin.ch/dimension/bgdi/biota/forestfirewarningregions/2435":true,"https://ld.admin.ch/dimension/bgdi/biota/forestfirewarningregions/2436":true,"https://ld.admin.ch/dimension/bgdi/biota/forestfirewarningregions/2437":true,"https://ld.admin.ch/dimension/bgdi/biota/forestfirewarningregions/2438":true,"https://ld.admin.ch/dimension/bgdi/biota/forestfirewarningregions/2439":true,"https://ld.admin.ch/dimension/bgdi/biota/forestfirewarningregions/2440":true,"https://ld.admin.ch/dimension/bgdi/biota/forestfirewarningregions/2441":true,"https://ld.admin.ch/dimension/bgdi/biota/forestfirewarningregions/2442":true,"https://ld.admin.ch/dimension/bgdi/biota/forestfirewarningregions/2300":true,"https://ld.admin.ch/dimension/bgdi/biota/forestfirewarningregions/2301":true,"https://ld.admin.ch/dimension/bgdi/biota/forestfirewarningregions/2302":true,"https://ld.admin.ch/dimension/bgdi/biota/forestfirewarningregions/2100":true,"https://ld.admin.ch/dimension/bgdi/biota/forestfirewarningregions/2101":true,"https://ld.admin.ch/dimension/bgdi/biota/forestfirewarningregions/2102":true,"https://ld.admin.ch/dimension/bgdi/biota/forestfirewarningregions/1901":true,"https://ld.admin.ch/dimension/bgdi/biota/forestfirewarningregions/11":true,"https://ld.admin.ch/dimension/bgdi/biota/forestfirewarningregions/1000":true,"https://ld.admin.ch/dimension/bgdi/biota/forestfirewarningregions/1001":true,"https://ld.admin.ch/dimension/bgdi/biota/forestfirewarningregions/1002":true,"https://ld.admin.ch/dimension/bgdi/biota/forestfirewarningregions/1003":true,"https://ld.admin.ch/dimension/bgdi/biota/forestfirewarningregions/1004":true,"https://ld.admin.ch/dimension/bgdi/biota/forestfirewarningregions/1005":true,"https://ld.admin.ch/dimension/bgdi/biota/forestfirewarningregions/1006":true,"https://ld.admin.ch/dimension/bgdi/biota/forestfirewarningregions/1007":true,"https://ld.admin.ch/dimension/bgdi/biota/forestfirewarningregions/1008":true,"https://ld.admin.ch/dimension/bgdi/biota/forestfirewarningregions/1009":true,"https://ld.admin.ch/dimension/bgdi/biota/forestfirewarningregions/1010":true,"https://ld.admin.ch/dimension/bgdi/biota/forestfirewarningregions/1011":true,"https://ld.admin.ch/dimension/bgdi/biota/forestfirewarningregions/1012":true,"https://ld.admin.ch/dimension/bgdi/biota/forestfirewarningregions/1013":true,"https://ld.admin.ch/dimension/bgdi/biota/forestfirewarningregions/1014":true,"https://ld.admin.ch/dimension/bgdi/biota/forestfirewarningregions/1015":true,"https://ld.admin.ch/dimension/bgdi/biota/forestfirewarningregions/1016":true,"https://ld.admin.ch/dimension/bgdi/biota/forestfirewarningregions/1017":true,"https://ld.admin.ch/dimension/bgdi/biota/forestfirewarningregions/1018":true,"https://ld.admin.ch/dimension/bgdi/biota/forestfirewarningregions/1019":true,"https://ld.admin.ch/dimension/bgdi/biota/forestfirewarningregions/1600":true,"https://ld.admin.ch/dimension/bgdi/biota/forestfirewarningregions/1601":true,"https://ld.admin.ch/dimension/bgdi/biota/forestfirewarningregions/1602":true,"https://ld.admin.ch/dimension/bgdi/biota/forestfirewarningregions/1603":true,"https://ld.admin.ch/dimension/bgdi/biota/forestfirewarningregions/1604":true,"https://ld.admin.ch/dimension/bgdi/biota/forestfirewarningregions/1605":true,"https://ld.admin.ch/dimension/bgdi/biota/forestfirewarningregions/1606":true,"https://ld.admin.ch/dimension/bgdi/biota/forestfirewarningregions/1607":true,"https://ld.admin.ch/dimension/bgdi/biota/forestfirewarningregions/1608":true,"https://ld.admin.ch/dimension/bgdi/biota/forestfirewarningregions/100":true,"https://ld.admin.ch/dimension/bgdi/biota/forestfirewarningregions/200":true,"https://ld.admin.ch/dimension/bgdi/biota/forestfirewarningregions/1700":true,"https://ld.admin.ch/dimension/bgdi/biota/forestfirewarningregions/400":true,"https://ld.admin.ch/dimension/bgdi/biota/forestfirewarningregions/500":true,"https://ld.admin.ch/dimension/bgdi/biota/forestfirewarningregions/1800":true,"https://ld.admin.ch/dimension/bgdi/biota/forestfirewarningregions/1801":true,"https://ld.admin.ch/dimension/bgdi/biota/forestfirewarningregions/1802":true,"https://ld.admin.ch/dimension/bgdi/biota/forestfirewarningregions/1803":true,"https://ld.admin.ch/dimension/bgdi/biota/forestfirewarningregions/1804":true,"https://ld.admin.ch/dimension/bgdi/biota/forestfirewarningregions/1805":true,"https://ld.admin.ch/dimension/bgdi/biota/forestfirewarningregions/700":true,"https://ld.admin.ch/dimension/bgdi/biota/forestfirewarningregions/701":true,"https://ld.admin.ch/dimension/bgdi/biota/forestfirewarningregions/702":true,"https://ld.admin.ch/dimension/bgdi/biota/forestfirewarningregions/703":true,"https://ld.admin.ch/dimension/bgdi/biota/forestfirewarningregions/704":true,"https://ld.admin.ch/dimension/bgdi/biota/forestfirewarningregions/705":true,"https://ld.admin.ch/dimension/bgdi/biota/forestfirewarningregions/706":true,"https://ld.admin.ch/dimension/bgdi/biota/forestfirewarningregions/2500":true,"https://ld.admin.ch/dimension/bgdi/biota/forestfirewarningregions/900":true,"https://ld.admin.ch/dimension/bgdi/biota/forestfirewarningregions/1400":true,"https://ld.admin.ch/dimension/bgdi/biota/forestfirewarningregions/1500":true,"https://ld.admin.ch/dimension/bgdi/biota/forestfirewarningregions/1900":true,"https://ld.admin.ch/dimension/bgdi/biota/forestfirewarningregions/2200":true,"https://ld.admin.ch/dimension/bgdi/biota/forestfirewarningregions/1200":true,"https://ld.admin.ch/dimension/bgdi/biota/forestfirewarningregions/301":true,"https://ld.admin.ch/dimension/bgdi/biota/forestfirewarningregions/302":true,"https://ld.admin.ch/dimension/bgdi/biota/forestfirewarningregions/303":true,"https://ld.admin.ch/dimension/bgdi/biota/forestfirewarningregions/304":true,"https://ld.admin.ch/dimension/bgdi/biota/forestfirewarningregions/305":true,"https://ld.admin.ch/dimension/bgdi/biota/forestfirewarningregions/306":true,"https://ld.admin.ch/dimension/bgdi/biota/forestfirewarningregions/307":true,"https://ld.admin.ch/dimension/bgdi/biota/forestfirewarningregions/308":true,"https://ld.admin.ch/dimension/bgdi/biota/forestfirewarningregions/309":true,"https://ld.admin.ch/dimension/bgdi/biota/forestfirewarningregions/310":true,"https://ld.admin.ch/dimension/bgdi/biota/forestfirewarningregions/311":true,"https://ld.admin.ch/dimension/bgdi/biota/forestfirewarningregions/312":true,"https://ld.admin.ch/dimension/bgdi/biota/forestfirewarningregions/313":true,"https://ld.admin.ch/dimension/bgdi/biota/forestfirewarningregions/314":true,"https://ld.admin.ch/dimension/bgdi/biota/forestfirewarningregions/315":true,"https://ld.admin.ch/dimension/bgdi/biota/forestfirewarningregions/316":true,"https://ld.admin.ch/dimension/bgdi/biota/forestfirewarningregions/317":true,"https://ld.admin.ch/dimension/bgdi/biota/forestfirewarningregions/318":true,"https://ld.admin.ch/dimension/bgdi/biota/forestfirewarningregions/319":true,"https://ld.admin.ch/dimension/bgdi/biota/forestfirewarningregions/320":true,"https://ld.admin.ch/dimension/bgdi/biota/forestfirewarningregions/321":true,"https://ld.admin.ch/dimension/bgdi/biota/forestfirewarningregions/322":true,"https://ld.admin.ch/dimension/bgdi/biota/forestfirewarningregions/323":true,"https://ld.admin.ch/dimension/bgdi/biota/forestfirewarningregions/324":true,"https://ld.admin.ch/dimension/bgdi/biota/forestfirewarningregions/325":true,"https://ld.admin.ch/dimension/bgdi/biota/forestfirewarningregions/326":true,"https://ld.admin.ch/dimension/bgdi/biota/forestfirewarningregions/327":true,"https://ld.admin.ch/dimension/bgdi/biota/forestfirewarningregions/328":true,"https://ld.admin.ch/dimension/bgdi/biota/forestfirewarningregions/329":true,"https://ld.admin.ch/dimension/bgdi/biota/forestfirewarningregions/330":true,"https://ld.admin.ch/dimension/bgdi/biota/forestfirewarningregions/331":true,"https://ld.admin.ch/dimension/bgdi/biota/forestfirewarningregions/332":true,"https://ld.admin.ch/dimension/bgdi/biota/forestfirewarningregions/333":true,"https://ld.admin.ch/dimension/bgdi/biota/forestfirewarningregions/334":true,"https://ld.admin.ch/dimension/bgdi/biota/forestfirewarningregions/335":true,"https://ld.admin.ch/dimension/bgdi/biota/forestfirewarningregions/336":true,"https://ld.admin.ch/dimension/bgdi/biota/forestfirewarningregions/337":true,"https://ld.admin.ch/dimension/bgdi/biota/forestfirewarningregions/338":true,"https://ld.admin.ch/dimension/bgdi/biota/forestfirewarningregions/339":true,"https://ld.admin.ch/dimension/bgdi/biota/forestfirewarningregions/340":true,"https://ld.admin.ch/dimension/bgdi/biota/forestfirewarningregions/341":true,"https://ld.admin.ch/dimension/bgdi/biota/forestfirewarningregions/342":true,"https://ld.admin.ch/dimension/bgdi/biota/forestfirewarningregions/343":true,"https://ld.admin.ch/dimension/bgdi/biota/forestfirewarningregions/344":true,"https://ld.admin.ch/dimension/bgdi/biota/forestfirewarningregions/345":true,"https://ld.admin.ch/dimension/bgdi/biota/forestfirewarningregions/346":true,"https://ld.admin.ch/dimension/bgdi/biota/forestfirewarningregions/347":true,"https://ld.admin.ch/dimension/bgdi/biota/forestfirewarningregions/350":true,"https://ld.admin.ch/dimension/bgdi/biota/forestfirewarningregions/2600":true}}}}}}