{"data":{"dataCubeComponents":{"dimensions":[{"__typename":"GeoShapesDimension","cubeIri":"https://environment.ld.admin.ch/foen/gefahren-waldbrand-warnung/1","iri":"https://environment.ld.admin.ch/foen/gefahren-waldbrand-warnung/region","label":"Warning region","scaleType":"Nominal","isNumerical":false,"isKeyDimension":true,"values":[],"related":[],"hierarchy":null}],"measures":[{"__typename":"OrdinalMeasure","isCurrency":false,"isDecimal":false,"cubeIri":"https://environment.ld.admin.ch/foen/gefahren-waldbrand-warnung/1","iri":"https://environment.ld.admin.ch/foen/gefahren-waldbrand-warnung/level","label":"Danger ratings","scaleType":"Ordinal","isNumerical":false,"isKeyDimension":false,"values":[],"related":[]}]}}}
