{"query":"query DataCubeDimensionGeoShapes($cubeIri: String!, $dimensionIri: String!, $sourceType: String!, $sourceUrl: String!, $locale: String!) {\n  dataCubeDimensionGeoShapes(\n    cubeIri: $cubeIri\n    dimensionIri: $dimensionIri\n    sourceType: $sourceType\n    sourceUrl: $sourceUrl\n    locale: $locale\n  )\n}\n","operationName":"DataCubeDimensionGeoShapes","variables":{"cubeIri":"https://environment.ld.admin.ch/foen/gefahren-waldbrand-warnung/1","dimensionIri":"https://environment.ld.admin.ch/foen/gefahren-waldbrand-warnung/region","sourceType":"sparql","sourceUrl":"https://lindas-cached.cluster.ldbar.ch/query","locale":"en"}}