{"data":{"allTermsets":[{"count":36,"termset":{"__typename":"Termset","iri":"https://ld.admin.ch/dimension/canton","label":"Cantons"},"__typename":"TermsetCount"},{"count":1,"termset":{"__typename":"Termset","iri":"https://ld.admin.ch/dimension/municipality","label":"Municipalities"},"__typename":"TermsetCount"},{"count":33,"termset":{"__typename":"Termset","iri":"https://environment.ld.admin.ch/foen/nfi/Grid","label":"Grid NFI"},"__typename":"TermsetCount"},{"count":33,"termset":{"__typename":"Termset","iri":"https://environment.ld.admin.ch/foen/nfi/Inventory","label":"Inventory NFI"},"__typename":"TermsetCount"},{"count":33,"termset":{"__typename":"Termset","iri":"https://environment.ld.admin.ch/foen/nfi/UnitOfEvaluation","label":"Evaluation area NFI"},"__typename":"TermsetCount"},{"count":33,"termset":{"__typename":"Termset","iri":"https://ld.admin.ch/dimension/bgdi/biota/economicregions","label":"Economic regions NFI"},"__typename":"TermsetCount"},{"count":33,"termset":{"__typename":"Termset","iri":"https://ld.admin.ch/dimension/bgdi/biota/productionregions","label":"Produktionsregionen LFI"},"__typename":"TermsetCount"},{"count":33,"termset":{"__typename":"Termset","iri":"https://ld.admin.ch/dimension/bgdi/biota/protectionforestregions","label":"Protection forest regions NFI"},"__typename":"TermsetCount"},{"count":35,"termset":{"__typename":"Termset","iri":"https://ld.admin.ch/dimension/country","label":"Countries"},"__typename":"TermsetCount"},{"count":1,"termset":{"__typename":"Termset","iri":"https://ld.admin.ch/cube/dimension/pol01air","label":"Pollutants"},"__typename":"TermsetCount"},{"count":16,"termset":{"__typename":"Termset","iri":"https://ld.admin.ch/time/year","label":"Year"},"__typename":"TermsetCount"},{"count":9,"termset":{"__typename":"Termset","iri":"https://ld.admin.ch/time/month","label":"Month"},"__typename":"TermsetCount"},{"count":3,"termset":{"__typename":"Termset","iri":"https://ld.admin.ch/dimension/bgdi/biota/forestfirewarningregions","label":"Forest fire warning regions"},"__typename":"TermsetCount"},{"count":1,"termset":{"__typename":"Termset","iri":"https://ld.admin.ch/vocabulary/chemicalElements","label":"chemical elements"},"__typename":"TermsetCount"},{"count":33,"termset":{"__typename":"Termset","iri":"https://ld.admin.ch/dimension/bgdi/biota/cantonregions","label":"Cantons NFI"},"__typename":"TermsetCount"},{"count":1,"termset":{"__typename":"Termset","iri":"https://ld.admin.ch/cube/dimension/gest_energietraeger","label":"Energy carriers according to GEST"},"__typename":"TermsetCount"},{"count":2,"termset":{"__typename":"Termset","iri":"https://ld.admin.ch/cube/dimension/ownership","label":"Ownership"},"__typename":"TermsetCount"},{"count":2,"termset":{"__typename":"Termset","iri":"https://ld.admin.ch/cube/dimension/conifersAndBroadleaves","label":"Conifers and broadleaves"},"__typename":"TermsetCount"}]}}
