{"query":"query SearchCubes($sourceType: String!, $sourceUrl: String!, $locale: String!, $query: String, $order: SearchCubeResultOrder, $includeDrafts: Boolean, $filters: [SearchCubeFilter!]) {\n  searchCubes(\n    sourceType: $sourceType\n    sourceUrl: $sourceUrl\n    locale: $locale\n    query: $query\n    order: $order\n    includeDrafts: $includeDrafts\n    filters: $filters\n  ) {\n    highlightedTitle\n    highlightedDescription\n    cube\n    __typename\n  }\n}\n","operationName":"SearchCubes","variables":{"sourceType":"sparql","sourceUrl":"https://int.lindas.admin.ch/query","locale":"en","includeDrafts":false,"filters":[]}}