{"data":{"dataCubeMetadata":{"iri":"https://environment.ld.admin.ch/foen/UBD003002/5","identifier":"UBD003002","title":"Red Lists (latest survey)","description":"Red lists are scientific expert reports that assess the degree of threat to native species. In Switzerland, these lists are drawn up by specialists commissioned by the FOEN. They exist for 33 species groups.","version":"5","datePublished":"2022-02-15","dateModified":"2022-05-23T08:55:01.848Z","publicationStatus":"DRAFT","themes":[{"iri":"https://register.ld.admin.ch/opendataswiss/category/territory","label":"Territory and environment"}],"creator":{"iri":"https://register.ld.admin.ch/opendataswiss/org/bundesamt-fur-umwelt-bafu","label":"Federal Office for the Environment FOEN"},"versionHistory":"https://environment.ld.admin.ch/foen/UBD003002","contactPoint":{"email":"aoel@bafu.admin.ch","name":"Abteilung Biodiversität und Landschaft"},"publisher":"Bundesamt für Umwelt BAFU","landingPage":"https://www.bafu.admin.ch/bafu/de/home/themen/biodiversitaet/fachinformationen/zustand-der-biodiversitaet-in-der-schweiz/zustand-der-artenvielfalt-in-der-schweiz.html","expires":"2024-04-11T06:14:51.648Z","workExamples":["https://ld.admin.ch/application/visualize","genid-e52916d96cf94390a4938649fb9df470-QRbuJL6lBTRKOwzb4583","genid-e52916d96cf94390a4938649fb9df470-QRbuJL6lBTRKOwzb4584"]}}}
