{"data":{"dataCubeObservations":{"data":[{"https://environment.ld.admin.ch/foen/UBD003002/artengruppe":"Amphibians (2021)","https://environment.ld.admin.ch/foen/UBD003002/status":"Extinct in the world","https://environment.ld.admin.ch/foen/UBD003002/value":"0"},{"https://environment.ld.admin.ch/foen/UBD003002/artengruppe":"Amphibians (2021)","https://environment.ld.admin.ch/foen/UBD003002/status":"Regionally extinct","https://environment.ld.admin.ch/foen/UBD003002/value":"1"},{"https://environment.ld.admin.ch/foen/UBD003002/artengruppe":"Amphibians (2021)","https://environment.ld.admin.ch/foen/UBD003002/status":"Critically endangered","https://environment.ld.admin.ch/foen/UBD003002/value":"0"},{"https://environment.ld.admin.ch/foen/UBD003002/artengruppe":"Amphibians (2021)","https://environment.ld.admin.ch/foen/UBD003002/status":"Endangered","https://environment.ld.admin.ch/foen/UBD003002/value":"6"},{"https://environment.ld.admin.ch/foen/UBD003002/artengruppe":"Amphibians (2021)","https://environment.ld.admin.ch/foen/UBD003002/status":"Vulnerable","https://environment.ld.admin.ch/foen/UBD003002/value":"8"},{"https://environment.ld.admin.ch/foen/UBD003002/artengruppe":"Amphibians (2021)","https://environment.ld.admin.ch/foen/UBD003002/status":"Near threatened","https://environment.ld.admin.ch/foen/UBD003002/value":"0"},{"https://environment.ld.admin.ch/foen/UBD003002/artengruppe":"Amphibians (2021)","https://environment.ld.admin.ch/foen/UBD003002/status":"Least concern","https://environment.ld.admin.ch/foen/UBD003002/value":"4"},{"https://environment.ld.admin.ch/foen/UBD003002/artengruppe":"Amphibians (2021)","https://environment.ld.admin.ch/foen/UBD003002/status":"Data deficient","https://environment.ld.admin.ch/foen/UBD003002/value":"2"}],"sparqlEditorUrl":"https://int.lindas.admin.ch/sparql#query=SELECT%20DISTINCT%20%3Fdimension0%20%3Fdimension1%20%3Fdimension2%20%3Fdimension3%20%3Fdimension4%20WHERE%20%7B%0A%20%20%3Chttps%3A%2F%2Fenvironment.ld.admin.ch%2Ffoen%2FUBD003002%2F5%3E%20%3Chttps%3A%2F%2Fcube.link%2FobservationSet%3E%20%3FobservationSet0%20.%0A%20%20%3FobservationSet0%20%3Chttps%3A%2F%2Fcube.link%2Fobservation%3E%20%3Fsource0%20.%0A%20%20%3Fsource0%20%3Chttps%3A%2F%2Fenvironment.ld.admin.ch%2Ffoen%2FUBD003002%2Fvalue%3E%20%3Fdimension0%20.%0A%20%20%3Fsource0%20%3Chttps%3A%2F%2Fenvironment.ld.admin.ch%2Ffoen%2FUBD003002%2Fartengruppe%3E%20%3Fdimension1%20.%0A%20%20%3Fsource0%20%3Chttps%3A%2F%2Fenvironment.ld.admin.ch%2Ffoen%2FUBD003002%2Fstatus%3E%20%3Fdimension2%20.%0A%20%20%3Fdimension1%20%3Chttp%3A%2F%2Fschema.org%2FsameAs%3E%20%3Fdimension5%20.%0A%20%20FILTER%20(%0A%20%20%20%20(%3Fdimension5%20%3D%20%3Chttps%3A%2F%2Fenvironment.ld.admin.ch%2Ffoen%2FUBD003002%2FArtenGruppe%2FAMPH%3E)%0A%20%20)%0A%20%20OPTIONAL%20%7B%0A%20%20%20%20%3Fdimension1%20%3Chttp%3A%2F%2Fschema.org%2Fname%3E%20%3Fdimension3_0%20.%0A%20%20%20%20FILTER%20(%0A%20%20%20%20%20%20LANGMATCHES(LANG(%3Fdimension3_0)%2C%20%22en%22)%0A%20%20%20%20)%0A%20%20%7D%0A%20%20OPTIONAL%20%7B%0A%20%20%20%20%3Fdimension1%20%3Chttp%3A%2F%2Fschema.org%2Fname%3E%20%3Fdimension3_1%20.%0A%20%20%20%20FILTER%20(%0A%20%20%20%20%20%20LANGMATCHES(LANG(%3Fdimension3_1)%2C%20%22de%22)%0A%20%20%20%20)%0A%20%20%7D%0A%20%20OPTIONAL%20%7B%0A%20%20%20%20%3Fdimension1%20%3Chttp%3A%2F%2Fschema.org%2Fname%3E%20%3Fdimension3_2%20.%0A%20%20%20%20FILTER%20(%0A%20%20%20%20%20%20LANGMATCHES(LANG(%3Fdimension3_2)%2C%20%22fr%22)%0A%20%20%20%20)%0A%20%20%7D%0A%20%20OPTIONAL%20%7B%0A%20%20%20%20%3Fdimension1%20%3Chttp%3A%2F%2Fschema.org%2Fname%3E%20%3Fdimension3_3%20.%0A%20%20%20%20FILTER%20(%0A%20%20%20%20%20%20LANGMATCHES(LANG(%3Fdimension3_3)%2C%20%22it%22)%0A%20%20%20%20)%0A%20%20%7D%0A%20%20OPTIONAL%20%7B%0A%20%20%20%20%3Fdimension1%20%3Chttp%3A%2F%2Fschema.org%2Fname%3E%20%3Fdimension3_4%20.%0A%20%20%20%20FILTER%20(%0A%20%20%20%20%20%20(LANG(%3Fdimension3_4)%20%3D%20%22%22)%0A%20%20%20%20)%0A%20%20%7D%0A%20%20BIND(COALESCE(%3Fdimension3_0%2C%20%3Fdimension3_1%2C%20%3Fdimension3_2%2C%20%3Fdimension3_3%2C%20%3Fdimension3_4)%20AS%20%3Fdimension3)%0A%20%20OPTIONAL%20%7B%0A%20%20%20%20%3Fdimension2%20%3Chttp%3A%2F%2Fschema.org%2Fname%3E%20%3Fdimension4_0%20.%0A%20%20%20%20FILTER%20(%0A%20%20%20%20%20%20LANGMATCHES(LANG(%3Fdimension4_0)%2C%20%22en%22)%0A%20%20%20%20)%0A%20%20%7D%0A%20%20OPTIONAL%20%7B%0A%20%20%20%20%3Fdimension2%20%3Chttp%3A%2F%2Fschema.org%2Fname%3E%20%3Fdimension4_1%20.%0A%20%20%20%20FILTER%20(%0A%20%20%20%20%20%20LANGMATCHES(LANG(%3Fdimension4_1)%2C%20%22de%22)%0A%20%20%20%20)%0A%20%20%7D%0A%20%20OPTIONAL%20%7B%0A%20%20%20%20%3Fdimension2%20%3Chttp%3A%2F%2Fschema.org%2Fname%3E%20%3Fdimension4_2%20.%0A%20%20%20%20FILTER%20(%0A%20%20%20%20%20%20LANGMATCHES(LANG(%3Fdimension4_2)%2C%20%22fr%22)%0A%20%20%20%20)%0A%20%20%7D%0A%20%20OPTIONAL%20%7B%0A%20%20%20%20%3Fdimension2%20%3Chttp%3A%2F%2Fschema.org%2Fname%3E%20%3Fdimension4_3%20.%0A%20%20%20%20FILTER%20(%0A%20%20%20%20%20%20LANGMATCHES(LANG(%3Fdimension4_3)%2C%20%22it%22)%0A%20%20%20%20)%0A%20%20%7D%0A%20%20OPTIONAL%20%7B%0A%20%20%20%20%3Fdimension2%20%3Chttp%3A%2F%2Fschema.org%2Fname%3E%20%3Fdimension4_4%20.%0A%20%20%20%20FILTER%20(%0A%20%20%20%20%20%20(LANG(%3Fdimension4_4)%20%3D%20%22%22)%0A%20%20%20%20)%0A%20%20%7D%0A%20%20BIND(COALESCE(%3Fdimension4_0%2C%20%3Fdimension4_1%2C%20%3Fdimension4_2%2C%20%3Fdimension4_3%2C%20%3Fdimension4_4)%20AS%20%3Fdimension4)%0A%7D%0AGROUP%20BY%20%3Fdimension0%20%3Fdimension1%20%3Fdimension2%20%3Fdimension3%20%3Fdimension4&requestMethod=POST"}}}
