{"query":"query PossibleFilters($iri: String!, $sourceType: String!, $sourceUrl: String!, $filters: SingleFilters!) {\n  possibleFilters(\n    iri: $iri\n    sourceType: $sourceType\n    sourceUrl: $sourceUrl\n    filters: $filters\n  ) {\n    iri\n    type\n    value\n    __typename\n  }\n}\n","operationName":"PossibleFilters","variables":{"iri":"https://environment.ld.admin.ch/foen/fab_hierarchy_test13_switzerland_canton_municipality/3","sourceType":"sparql","sourceUrl":"https://int.lindas.admin.ch/query","filters":{"https://environment.ld.admin.ch/foen/fab_hierarchy_test13_switzerland_canton_municipality/date":{"type":"single","value":"2022-01-01"}},"filterKey":"https://environment.ld.admin.ch/foen/fab_hierarchy_test13_switzerland_canton_municipality/date"}}