{"query":"query DataCubeMetadata($sourceType: String!, $sourceUrl: String!, $locale: String!, $cubeFilter: DataCubeMetadataFilter!) {\n  dataCubeMetadata(\n    sourceType: $sourceType\n    sourceUrl: $sourceUrl\n    locale: $locale\n    cubeFilter: $cubeFilter\n  )\n}\n","operationName":"DataCubeMetadata","variables":{"locale":"en","sourceType":"sparql","sourceUrl":"https://int.lindas.admin.ch/query","cubeFilter":{"iri":"https://environment.ld.admin.ch/foen/fab_hierarchy_test13_switzerland_canton_municipality/3"}}}