{"data":{"dataCubeComponents":{"dimensions":[{"__typename":"TemporalDimension","timeFormat":"%Y-%m-%d","timeUnit":"Day","cubeIri":"https://environment.ld.admin.ch/foen/fab_hierarchy_test13_switzerland_canton_municipality/3","iri":"https://environment.ld.admin.ch/foen/fab_hierarchy_test13_switzerland_canton_municipality/date","label":"date","scaleType":"Interval","dataType":"http://www.w3.org/2001/XMLSchema#date","isNumerical":false,"isKeyDimension":true,"values":[{"value":"2022-01-01","label":"2022-01-01"}],"related":[],"hierarchy":null}],"measures":[]}}}
