{"data":{"dataCubeComponents":{"dimensions":[{"__typename":"NominalDimension","cubeIri":"https://environment.ld.admin.ch/foen/fab_hierarchy_test13_switzerland_canton_municipality/3","iri":"https://environment.ld.admin.ch/foen/fab_hierarchy_test13_switzerland_canton_municipality/regionurl","label":"Region Url","scaleType":"Nominal","dataType":"http://www.w3.org/2001/XMLSchema#string","isNumerical":false,"isKeyDimension":false,"values":[],"related":[],"hierarchy":null},{"__typename":"GeoShapesDimension","cubeIri":"https://environment.ld.admin.ch/foen/fab_hierarchy_test13_switzerland_canton_municipality/3","iri":"https://environment.ld.admin.ch/foen/fab_hierarchy_test13_switzerland_canton_municipality/BFSIdentifier","label":"BFSIdentifier","scaleType":"Nominal","isNumerical":false,"isKeyDimension":true,"values":[],"related":[],"hierarchy":null},{"__typename":"NominalDimension","cubeIri":"https://environment.ld.admin.ch/foen/fab_hierarchy_test13_switzerland_canton_municipality/3","iri":"https://environment.ld.admin.ch/foen/fab_hierarchy_test13_switzerland_canton_municipality/name","label":"reguion name from CSV","dataType":"http://www.w3.org/2001/XMLSchema#string","isNumerical":false,"isKeyDimension":false,"values":[],"related":[],"hierarchy":null},{"__typename":"TemporalDimension","timeFormat":"%Y-%m-%d","timeUnit":"Day","cubeIri":"https://environment.ld.admin.ch/foen/fab_hierarchy_test13_switzerland_canton_municipality/3","iri":"https://environment.ld.admin.ch/foen/fab_hierarchy_test13_switzerland_canton_municipality/date","label":"date","scaleType":"Interval","dataType":"http://www.w3.org/2001/XMLSchema#date","isNumerical":false,"isKeyDimension":true,"values":[],"related":[],"hierarchy":null}],"measures":[{"__typename":"NumericalMeasure","isCurrency":false,"isDecimal":false,"resolution":0,"cubeIri":"https://environment.ld.admin.ch/foen/fab_hierarchy_test13_switzerland_canton_municipality/3","iri":"https://environment.ld.admin.ch/foen/fab_hierarchy_test13_switzerland_canton_municipality/population","label":"population","scaleType":"Ratio","dataType":"http://www.w3.org/2001/XMLSchema#integer","isNumerical":true,"isKeyDimension":false,"values":[],"related":[]}]}}}
