{"data":{"dataCubeMetadata":{"iri":"https://environment.ld.admin.ch/foen/fab_hierarchy_test13_switzerland_canton_municipality/3","identifier":"fab_hierarchy_test13_switzerland_canton_municipality","title":"Hierarchy test13 - Switzerland Canton Municipality population","version":"3","datePublished":"2022-09-16","dateModified":"2022-09-16T10:19:02.084Z","publicationStatus":"DRAFT","themes":[{"iri":"https://register.ld.admin.ch/opendataswiss/category/administration","label":"Administration"}],"creator":{"iri":"https://register.ld.admin.ch/opendataswiss/org/bundesamt-fur-statistik-bfs","label":"Federal Statistical Office FSO"},"versionHistory":"https://environment.ld.admin.ch/foen/fab_hierarchy_test13_switzerland_canton_municipality","contactPoint":{"email":"fabian.cretton@hevs.ch","name":"fabian cretton"},"publisher":"FSO","workExamples":["https://ld.admin.ch/application/visualize","genid-7c2bec508b9841b5bf394a9c1f742896-TrmKPIVijzyPA12b289","genid-7c2bec508b9841b5bf394a9c1f742896-TrmKPIVijzyPA12b290"]}}}
