{"query":"query DataCubeObservations($sourceType: String!, $sourceUrl: String!, $locale: String!, $cubeFilter: DataCubeObservationFilter!) {\n  dataCubeObservations(\n    sourceType: $sourceType\n    sourceUrl: $sourceUrl\n    locale: $locale\n    cubeFilter: $cubeFilter\n  )\n}\n","operationName":"DataCubeObservations","variables":{"locale":"en","sourceType":"sparql","sourceUrl":"https://int.lindas.admin.ch/query","cubeFilter":{"iri":"https://environment.ld.admin.ch/foen/fab_hierarchy_test13_switzerland_canton_municipality/3","componentIris":["https://environment.ld.admin.ch/foen/fab_hierarchy_test13_switzerland_canton_municipality/BFSIdentifier","https://environment.ld.admin.ch/foen/fab_hierarchy_test13_switzerland_canton_municipality/date","https://environment.ld.admin.ch/foen/fab_hierarchy_test13_switzerland_canton_municipality/population"],"filters":{"https://environment.ld.admin.ch/foen/fab_hierarchy_test13_switzerland_canton_municipality/date":{"type":"single","value":"2022-01-01"},"https://environment.ld.admin.ch/foen/fab_hierarchy_test13_switzerland_canton_municipality/BFSIdentifier":{"type":"multi","values":{"https://ld.admin.ch/municipality/261":true,"https://ld.admin.ch/municipality/351":true}}}}}}