{"data":{"dataCubeObservations":{"data":[{"https://environment.ld.admin.ch/foen/ubd000502/jahr":"2012","https://environment.ld.admin.ch/foen/ubd000502/sektorid/__iri__":"https://environment.ld.admin.ch/vocabulary/ghg_emission_sectors_co2_ordinance/1","https://environment.ld.admin.ch/foen/ubd000502/sektorid":"Switzerland’s greenhouse gas emissions","https://environment.ld.admin.ch/foen/ubd000502/gas/__iri__":"https://ld.admin.ch/cube/dimension/pol01air/pol11","https://environment.ld.admin.ch/foen/ubd000502/gas":"Methane","https://environment.ld.admin.ch/foen/ubd000502/werte":"5.336"},{"https://environment.ld.admin.ch/foen/ubd000502/jahr":"1995","https://environment.ld.admin.ch/foen/ubd000502/sektorid/__iri__":"https://environment.ld.admin.ch/vocabulary/ghg_emission_sectors_co2_ordinance/1","https://environment.ld.admin.ch/foen/ubd000502/sektorid":"Switzerland’s greenhouse gas emissions","https://environment.ld.admin.ch/foen/ubd000502/gas/__iri__":"https://ld.admin.ch/cube/dimension/pol01air/pol11","https://environment.ld.admin.ch/foen/ubd000502/gas":"Methane","https://environment.ld.admin.ch/foen/ubd000502/werte":"5.842"},{"https://environment.ld.admin.ch/foen/ubd000502/jahr":"1998","https://environment.ld.admin.ch/foen/ubd000502/sektorid/__iri__":"https://environment.ld.admin.ch/vocabulary/ghg_emission_sectors_co2_ordinance/1","https://environment.ld.admin.ch/foen/ubd000502/sektorid":"Switzerland’s greenhouse gas emissions","https://environment.ld.admin.ch/foen/ubd000502/gas/__iri__":"https://ld.admin.ch/cube/dimension/pol01air/pol11","https://environment.ld.admin.ch/foen/ubd000502/gas":"Methane","https://environment.ld.admin.ch/foen/ubd000502/werte":"5.588"},{"https://environment.ld.admin.ch/foen/ubd000502/jahr":"2021","https://environment.ld.admin.ch/foen/ubd000502/sektorid/__iri__":"https://environment.ld.admin.ch/vocabulary/ghg_emission_sectors_co2_ordinance/1","https://environment.ld.admin.ch/foen/ubd000502/sektorid":"Switzerland’s greenhouse gas emissions","https://environment.ld.admin.ch/foen/ubd000502/gas/__iri__":"https://ld.admin.ch/cube/dimension/pol01air/pol11","https://environment.ld.admin.ch/foen/ubd000502/gas":"Methane","https://environment.ld.admin.ch/foen/ubd000502/werte":"4.952"},{"https://environment.ld.admin.ch/foen/ubd000502/jahr":"2007","https://environment.ld.admin.ch/foen/ubd000502/sektorid/__iri__":"https://environment.ld.admin.ch/vocabulary/ghg_emission_sectors_co2_ordinance/1","https://environment.ld.admin.ch/foen/ubd000502/sektorid":"Switzerland’s greenhouse gas emissions","https://environment.ld.admin.ch/foen/ubd000502/gas/__iri__":"https://ld.admin.ch/cube/dimension/pol01air/pol11","https://environment.ld.admin.ch/foen/ubd000502/gas":"Methane","https://environment.ld.admin.ch/foen/ubd000502/werte":"5.466"},{"https://environment.ld.admin.ch/foen/ubd000502/jahr":"1994","https://environment.ld.admin.ch/foen/ubd000502/sektorid/__iri__":"https://environment.ld.admin.ch/vocabulary/ghg_emission_sectors_co2_ordinance/1","https://environment.ld.admin.ch/foen/ubd000502/sektorid":"Switzerland’s greenhouse gas emissions","https://environment.ld.admin.ch/foen/ubd000502/gas/__iri__":"https://ld.admin.ch/cube/dimension/pol01air/pol11","https://environment.ld.admin.ch/foen/ubd000502/gas":"Methane","https://environment.ld.admin.ch/foen/ubd000502/werte":"5.833"},{"https://environment.ld.admin.ch/foen/ubd000502/jahr":"2011","https://environment.ld.admin.ch/foen/ubd000502/sektorid/__iri__":"https://environment.ld.admin.ch/vocabulary/ghg_emission_sectors_co2_ordinance/1","https://environment.ld.admin.ch/foen/ubd000502/sektorid":"Switzerland’s greenhouse gas emissions","https://environment.ld.admin.ch/foen/ubd000502/gas/__iri__":"https://ld.admin.ch/cube/dimension/pol01air/pol11","https://environment.ld.admin.ch/foen/ubd000502/gas":"Methane","https://environment.ld.admin.ch/foen/ubd000502/werte":"5.357"},{"https://environment.ld.admin.ch/foen/ubd000502/jahr":"1993","https://environment.ld.admin.ch/foen/ubd000502/sektorid/__iri__":"https://environment.ld.admin.ch/vocabulary/ghg_emission_sectors_co2_ordinance/1","https://environment.ld.admin.ch/foen/ubd000502/sektorid":"Switzerland’s greenhouse gas emissions","https://environment.ld.admin.ch/foen/ubd000502/gas/__iri__":"https://ld.admin.ch/cube/dimension/pol01air/pol11","https://environment.ld.admin.ch/foen/ubd000502/gas":"Methane","https://environment.ld.admin.ch/foen/ubd000502/werte":"5.913"},{"https://environment.ld.admin.ch/foen/ubd000502/jahr":"2008","https://environment.ld.admin.ch/foen/ubd000502/sektorid/__iri__":"https://environment.ld.admin.ch/vocabulary/ghg_emission_sectors_co2_ordinance/1","https://environment.ld.admin.ch/foen/ubd000502/sektorid":"Switzerland’s greenhouse gas emissions","https://environment.ld.admin.ch/foen/ubd000502/gas/__iri__":"https://ld.admin.ch/cube/dimension/pol01air/pol11","https://environment.ld.admin.ch/foen/ubd000502/gas":"Methane","https://environment.ld.admin.ch/foen/ubd000502/werte":"5.554"},{"https://environment.ld.admin.ch/foen/ubd000502/jahr":"2004","https://environment.ld.admin.ch/foen/ubd000502/sektorid/__iri__":"https://environment.ld.admin.ch/vocabulary/ghg_emission_sectors_co2_ordinance/1","https://environment.ld.admin.ch/foen/ubd000502/sektorid":"Switzerland’s greenhouse gas emissions","https://environment.ld.admin.ch/foen/ubd000502/gas/__iri__":"https://ld.admin.ch/cube/dimension/pol01air/pol11","https://environment.ld.admin.ch/foen/ubd000502/gas":"Methane","https://environment.ld.admin.ch/foen/ubd000502/werte":"5.406"},{"https://environment.ld.admin.ch/foen/ubd000502/jahr":"1991","https://environment.ld.admin.ch/foen/ubd000502/sektorid/__iri__":"https://environment.ld.admin.ch/vocabulary/ghg_emission_sectors_co2_ordinance/1","https://environment.ld.admin.ch/foen/ubd000502/sektorid":"Switzerland’s greenhouse gas emissions","https://environment.ld.admin.ch/foen/ubd000502/gas/__iri__":"https://ld.admin.ch/cube/dimension/pol01air/pol11","https://environment.ld.admin.ch/foen/ubd000502/gas":"Methane","https://environment.ld.admin.ch/foen/ubd000502/werte":"6.13"},{"https://environment.ld.admin.ch/foen/ubd000502/jahr":"2014","https://environment.ld.admin.ch/foen/ubd000502/sektorid/__iri__":"https://environment.ld.admin.ch/vocabulary/ghg_emission_sectors_co2_ordinance/1","https://environment.ld.admin.ch/foen/ubd000502/sektorid":"Switzerland’s greenhouse gas emissions","https://environment.ld.admin.ch/foen/ubd000502/gas/__iri__":"https://ld.admin.ch/cube/dimension/pol01air/pol11","https://environment.ld.admin.ch/foen/ubd000502/gas":"Methane","https://environment.ld.admin.ch/foen/ubd000502/werte":"5.26"},{"https://environment.ld.admin.ch/foen/ubd000502/jahr":"2003","https://environment.ld.admin.ch/foen/ubd000502/sektorid/__iri__":"https://environment.ld.admin.ch/vocabulary/ghg_emission_sectors_co2_ordinance/1","https://environment.ld.admin.ch/foen/ubd000502/sektorid":"Switzerland’s greenhouse gas emissions","https://environment.ld.admin.ch/foen/ubd000502/gas/__iri__":"https://ld.admin.ch/cube/dimension/pol01air/pol11","https://environment.ld.admin.ch/foen/ubd000502/gas":"Methane","https://environment.ld.admin.ch/foen/ubd000502/werte":"5.411"},{"https://environment.ld.admin.ch/foen/ubd000502/jahr":"2006","https://environment.ld.admin.ch/foen/ubd000502/sektorid/__iri__":"https://environment.ld.admin.ch/vocabulary/ghg_emission_sectors_co2_ordinance/1","https://environment.ld.admin.ch/foen/ubd000502/sektorid":"Switzerland’s greenhouse gas emissions","https://environment.ld.admin.ch/foen/ubd000502/gas/__iri__":"https://ld.admin.ch/cube/dimension/pol01air/pol11","https://environment.ld.admin.ch/foen/ubd000502/gas":"Methane","https://environment.ld.admin.ch/foen/ubd000502/werte":"5.482"},{"https://environment.ld.admin.ch/foen/ubd000502/jahr":"2018","https://environment.ld.admin.ch/foen/ubd000502/sektorid/__iri__":"https://environment.ld.admin.ch/vocabulary/ghg_emission_sectors_co2_ordinance/1","https://environment.ld.admin.ch/foen/ubd000502/sektorid":"Switzerland’s greenhouse gas emissions","https://environment.ld.admin.ch/foen/ubd000502/gas/__iri__":"https://ld.admin.ch/cube/dimension/pol01air/pol11","https://environment.ld.admin.ch/foen/ubd000502/gas":"Methane","https://environment.ld.admin.ch/foen/ubd000502/werte":"5.088"},{"https://environment.ld.admin.ch/foen/ubd000502/jahr":"2022","https://environment.ld.admin.ch/foen/ubd000502/sektorid/__iri__":"https://environment.ld.admin.ch/vocabulary/ghg_emission_sectors_co2_ordinance/1","https://environment.ld.admin.ch/foen/ubd000502/sektorid":"Switzerland’s greenhouse gas emissions","https://environment.ld.admin.ch/foen/ubd000502/gas/__iri__":"https://ld.admin.ch/cube/dimension/pol01air/pol11","https://environment.ld.admin.ch/foen/ubd000502/gas":"Methane","https://environment.ld.admin.ch/foen/ubd000502/werte":"4.91"},{"https://environment.ld.admin.ch/foen/ubd000502/jahr":"1996","https://environment.ld.admin.ch/foen/ubd000502/sektorid/__iri__":"https://environment.ld.admin.ch/vocabulary/ghg_emission_sectors_co2_ordinance/1","https://environment.ld.admin.ch/foen/ubd000502/sektorid":"Switzerland’s greenhouse gas emissions","https://environment.ld.admin.ch/foen/ubd000502/gas/__iri__":"https://ld.admin.ch/cube/dimension/pol01air/pol11","https://environment.ld.admin.ch/foen/ubd000502/gas":"Methane","https://environment.ld.admin.ch/foen/ubd000502/werte":"5.79"},{"https://environment.ld.admin.ch/foen/ubd000502/jahr":"2019","https://environment.ld.admin.ch/foen/ubd000502/sektorid/__iri__":"https://environment.ld.admin.ch/vocabulary/ghg_emission_sectors_co2_ordinance/1","https://environment.ld.admin.ch/foen/ubd000502/sektorid":"Switzerland’s greenhouse gas emissions","https://environment.ld.admin.ch/foen/ubd000502/gas/__iri__":"https://ld.admin.ch/cube/dimension/pol01air/pol11","https://environment.ld.admin.ch/foen/ubd000502/gas":"Methane","https://environment.ld.admin.ch/foen/ubd000502/werte":"4.998"},{"https://environment.ld.admin.ch/foen/ubd000502/jahr":"1992","https://environment.ld.admin.ch/foen/ubd000502/sektorid/__iri__":"https://environment.ld.admin.ch/vocabulary/ghg_emission_sectors_co2_ordinance/1","https://environment.ld.admin.ch/foen/ubd000502/sektorid":"Switzerland’s greenhouse gas emissions","https://environment.ld.admin.ch/foen/ubd000502/gas/__iri__":"https://ld.admin.ch/cube/dimension/pol01air/pol11","https://environment.ld.admin.ch/foen/ubd000502/gas":"Methane","https://environment.ld.admin.ch/foen/ubd000502/werte":"6.039"},{"https://environment.ld.admin.ch/foen/ubd000502/jahr":"2020","https://environment.ld.admin.ch/foen/ubd000502/sektorid/__iri__":"https://environment.ld.admin.ch/vocabulary/ghg_emission_sectors_co2_ordinance/1","https://environment.ld.admin.ch/foen/ubd000502/sektorid":"Switzerland’s greenhouse gas emissions","https://environment.ld.admin.ch/foen/ubd000502/gas/__iri__":"https://ld.admin.ch/cube/dimension/pol01air/pol11","https://environment.ld.admin.ch/foen/ubd000502/gas":"Methane","https://environment.ld.admin.ch/foen/ubd000502/werte":"4.943"},{"https://environment.ld.admin.ch/foen/ubd000502/jahr":"2010","https://environment.ld.admin.ch/foen/ubd000502/sektorid/__iri__":"https://environment.ld.admin.ch/vocabulary/ghg_emission_sectors_co2_ordinance/1","https://environment.ld.admin.ch/foen/ubd000502/sektorid":"Switzerland’s greenhouse gas emissions","https://environment.ld.admin.ch/foen/ubd000502/gas/__iri__":"https://ld.admin.ch/cube/dimension/pol01air/pol11","https://environment.ld.admin.ch/foen/ubd000502/gas":"Methane","https://environment.ld.admin.ch/foen/ubd000502/werte":"5.417"},{"https://environment.ld.admin.ch/foen/ubd000502/jahr":"2015","https://environment.ld.admin.ch/foen/ubd000502/sektorid/__iri__":"https://environment.ld.admin.ch/vocabulary/ghg_emission_sectors_co2_ordinance/1","https://environment.ld.admin.ch/foen/ubd000502/sektorid":"Switzerland’s greenhouse gas emissions","https://environment.ld.admin.ch/foen/ubd000502/gas/__iri__":"https://ld.admin.ch/cube/dimension/pol01air/pol11","https://environment.ld.admin.ch/foen/ubd000502/gas":"Methane","https://environment.ld.admin.ch/foen/ubd000502/werte":"5.228"},{"https://environment.ld.admin.ch/foen/ubd000502/jahr":"2001","https://environment.ld.admin.ch/foen/ubd000502/sektorid/__iri__":"https://environment.ld.admin.ch/vocabulary/ghg_emission_sectors_co2_ordinance/1","https://environment.ld.admin.ch/foen/ubd000502/sektorid":"Switzerland’s greenhouse gas emissions","https://environment.ld.admin.ch/foen/ubd000502/gas/__iri__":"https://ld.admin.ch/cube/dimension/pol01air/pol11","https://environment.ld.admin.ch/foen/ubd000502/gas":"Methane","https://environment.ld.admin.ch/foen/ubd000502/werte":"5.527"},{"https://environment.ld.admin.ch/foen/ubd000502/jahr":"2013","https://environment.ld.admin.ch/foen/ubd000502/sektorid/__iri__":"https://environment.ld.admin.ch/vocabulary/ghg_emission_sectors_co2_ordinance/1","https://environment.ld.admin.ch/foen/ubd000502/sektorid":"Switzerland’s greenhouse gas emissions","https://environment.ld.admin.ch/foen/ubd000502/gas/__iri__":"https://ld.admin.ch/cube/dimension/pol01air/pol11","https://environment.ld.admin.ch/foen/ubd000502/gas":"Methane","https://environment.ld.admin.ch/foen/ubd000502/werte":"5.27"},{"https://environment.ld.admin.ch/foen/ubd000502/jahr":"2002","https://environment.ld.admin.ch/foen/ubd000502/sektorid/__iri__":"https://environment.ld.admin.ch/vocabulary/ghg_emission_sectors_co2_ordinance/1","https://environment.ld.admin.ch/foen/ubd000502/sektorid":"Switzerland’s greenhouse gas emissions","https://environment.ld.admin.ch/foen/ubd000502/gas/__iri__":"https://ld.admin.ch/cube/dimension/pol01air/pol11","https://environment.ld.admin.ch/foen/ubd000502/gas":"Methane","https://environment.ld.admin.ch/foen/ubd000502/werte":"5.487"},{"https://environment.ld.admin.ch/foen/ubd000502/jahr":"2009","https://environment.ld.admin.ch/foen/ubd000502/sektorid/__iri__":"https://environment.ld.admin.ch/vocabulary/ghg_emission_sectors_co2_ordinance/1","https://environment.ld.admin.ch/foen/ubd000502/sektorid":"Switzerland’s greenhouse gas emissions","https://environment.ld.admin.ch/foen/ubd000502/gas/__iri__":"https://ld.admin.ch/cube/dimension/pol01air/pol11","https://environment.ld.admin.ch/foen/ubd000502/gas":"Methane","https://environment.ld.admin.ch/foen/ubd000502/werte":"5.441"},{"https://environment.ld.admin.ch/foen/ubd000502/jahr":"1990","https://environment.ld.admin.ch/foen/ubd000502/sektorid/__iri__":"https://environment.ld.admin.ch/vocabulary/ghg_emission_sectors_co2_ordinance/1","https://environment.ld.admin.ch/foen/ubd000502/sektorid":"Switzerland’s greenhouse gas emissions","https://environment.ld.admin.ch/foen/ubd000502/gas/__iri__":"https://ld.admin.ch/cube/dimension/pol01air/pol11","https://environment.ld.admin.ch/foen/ubd000502/gas":"Methane","https://environment.ld.admin.ch/foen/ubd000502/werte":"6.222"},{"https://environment.ld.admin.ch/foen/ubd000502/jahr":"2005","https://environment.ld.admin.ch/foen/ubd000502/sektorid/__iri__":"https://environment.ld.admin.ch/vocabulary/ghg_emission_sectors_co2_ordinance/1","https://environment.ld.admin.ch/foen/ubd000502/sektorid":"Switzerland’s greenhouse gas emissions","https://environment.ld.admin.ch/foen/ubd000502/gas/__iri__":"https://ld.admin.ch/cube/dimension/pol01air/pol11","https://environment.ld.admin.ch/foen/ubd000502/gas":"Methane","https://environment.ld.admin.ch/foen/ubd000502/werte":"5.461"},{"https://environment.ld.admin.ch/foen/ubd000502/jahr":"2016","https://environment.ld.admin.ch/foen/ubd000502/sektorid/__iri__":"https://environment.ld.admin.ch/vocabulary/ghg_emission_sectors_co2_ordinance/1","https://environment.ld.admin.ch/foen/ubd000502/sektorid":"Switzerland’s greenhouse gas emissions","https://environment.ld.admin.ch/foen/ubd000502/gas/__iri__":"https://ld.admin.ch/cube/dimension/pol01air/pol11","https://environment.ld.admin.ch/foen/ubd000502/gas":"Methane","https://environment.ld.admin.ch/foen/ubd000502/werte":"5.186"},{"https://environment.ld.admin.ch/foen/ubd000502/jahr":"2017","https://environment.ld.admin.ch/foen/ubd000502/sektorid/__iri__":"https://environment.ld.admin.ch/vocabulary/ghg_emission_sectors_co2_ordinance/1","https://environment.ld.admin.ch/foen/ubd000502/sektorid":"Switzerland’s greenhouse gas emissions","https://environment.ld.admin.ch/foen/ubd000502/gas/__iri__":"https://ld.admin.ch/cube/dimension/pol01air/pol11","https://environment.ld.admin.ch/foen/ubd000502/gas":"Methane","https://environment.ld.admin.ch/foen/ubd000502/werte":"5.128"},{"https://environment.ld.admin.ch/foen/ubd000502/jahr":"1997","https://environment.ld.admin.ch/foen/ubd000502/sektorid/__iri__":"https://environment.ld.admin.ch/vocabulary/ghg_emission_sectors_co2_ordinance/1","https://environment.ld.admin.ch/foen/ubd000502/sektorid":"Switzerland’s greenhouse gas emissions","https://environment.ld.admin.ch/foen/ubd000502/gas/__iri__":"https://ld.admin.ch/cube/dimension/pol01air/pol11","https://environment.ld.admin.ch/foen/ubd000502/gas":"Methane","https://environment.ld.admin.ch/foen/ubd000502/werte":"5.639"},{"https://environment.ld.admin.ch/foen/ubd000502/jahr":"2000","https://environment.ld.admin.ch/foen/ubd000502/sektorid/__iri__":"https://environment.ld.admin.ch/vocabulary/ghg_emission_sectors_co2_ordinance/1","https://environment.ld.admin.ch/foen/ubd000502/sektorid":"Switzerland’s greenhouse gas emissions","https://environment.ld.admin.ch/foen/ubd000502/gas/__iri__":"https://ld.admin.ch/cube/dimension/pol01air/pol11","https://environment.ld.admin.ch/foen/ubd000502/gas":"Methane","https://environment.ld.admin.ch/foen/ubd000502/werte":"5.478"},{"https://environment.ld.admin.ch/foen/ubd000502/jahr":"1999","https://environment.ld.admin.ch/foen/ubd000502/sektorid/__iri__":"https://environment.ld.admin.ch/vocabulary/ghg_emission_sectors_co2_ordinance/1","https://environment.ld.admin.ch/foen/ubd000502/sektorid":"Switzerland’s greenhouse gas emissions","https://environment.ld.admin.ch/foen/ubd000502/gas/__iri__":"https://ld.admin.ch/cube/dimension/pol01air/pol11","https://environment.ld.admin.ch/foen/ubd000502/gas":"Methane","https://environment.ld.admin.ch/foen/ubd000502/werte":"5.513"}],"sparqlEditorUrl":"https://lindas-cached.cluster.ldbar.ch/sparql#query=SELECT%20DISTINCT%20%3Fdimension0%20%3Fdimension1%20%3Fdimension2%20%3Fdimension3%20%3Fdimension4%20%3Fdimension5%20WHERE%20%7B%0A%20%20%3Chttps%3A%2F%2Fenvironment.ld.admin.ch%2Ffoen%2Fubd000502%2F5%3E%20%3Chttps%3A%2F%2Fcube.link%2FobservationSet%3E%20%3FobservationSet0%20.%0A%20%20%3FobservationSet0%20%3Chttps%3A%2F%2Fcube.link%2Fobservation%3E%20%3Fsource0%20.%0A%20%20%3Fsource0%20%3Chttps%3A%2F%2Fenvironment.ld.admin.ch%2Ffoen%2Fubd000502%2Fsektorid%3E%20%3Fdimension0%20.%0A%20%20%3Fsource0%20%3Chttps%3A%2F%2Fenvironment.ld.admin.ch%2Ffoen%2Fubd000502%2Fgas%3E%20%3Fdimension1%20.%0A%20%20%3Fsource0%20%3Chttps%3A%2F%2Fenvironment.ld.admin.ch%2Ffoen%2Fubd000502%2Fjahr%3E%20%3Fdimension2%20.%0A%20%20%3Fsource0%20%3Chttps%3A%2F%2Fenvironment.ld.admin.ch%2Ffoen%2Fubd000502%2Fwerte%3E%20%3Fdimension3%20.%0A%20%20FILTER%20(%0A%20%20%20%20(%3Fdimension0%20%3D%20%3Chttps%3A%2F%2Fenvironment.ld.admin.ch%2Fvocabulary%2Fghg_emission_sectors_co2_ordinance%2F1%3E)%0A%20%20)%0A%20%20FILTER%20(%0A%20%20%20%20(%3Fdimension1%20%3D%20%3Chttps%3A%2F%2Fld.admin.ch%2Fcube%2Fdimension%2Fpol01air%2Fpol11%3E)%0A%20%20)%0A%20%20OPTIONAL%20%7B%0A%20%20%20%20%3Fdimension0%20%3Chttp%3A%2F%2Fschema.org%2Fname%3E%20%3Fdimension4_0%20.%0A%20%20%20%20FILTER%20(%0A%20%20%20%20%20%20LANGMATCHES(LANG(%3Fdimension4_0)%2C%20%22en%22)%0A%20%20%20%20)%0A%20%20%7D%0A%20%20OPTIONAL%20%7B%0A%20%20%20%20%3Fdimension0%20%3Chttp%3A%2F%2Fschema.org%2Fname%3E%20%3Fdimension4_1%20.%0A%20%20%20%20FILTER%20(%0A%20%20%20%20%20%20LANGMATCHES(LANG(%3Fdimension4_1)%2C%20%22de%22)%0A%20%20%20%20)%0A%20%20%7D%0A%20%20OPTIONAL%20%7B%0A%20%20%20%20%3Fdimension0%20%3Chttp%3A%2F%2Fschema.org%2Fname%3E%20%3Fdimension4_2%20.%0A%20%20%20%20FILTER%20(%0A%20%20%20%20%20%20LANGMATCHES(LANG(%3Fdimension4_2)%2C%20%22fr%22)%0A%20%20%20%20)%0A%20%20%7D%0A%20%20OPTIONAL%20%7B%0A%20%20%20%20%3Fdimension0%20%3Chttp%3A%2F%2Fschema.org%2Fname%3E%20%3Fdimension4_3%20.%0A%20%20%20%20FILTER%20(%0A%20%20%20%20%20%20LANGMATCHES(LANG(%3Fdimension4_3)%2C%20%22it%22)%0A%20%20%20%20)%0A%20%20%7D%0A%20%20OPTIONAL%20%7B%0A%20%20%20%20%3Fdimension0%20%3Chttp%3A%2F%2Fschema.org%2Fname%3E%20%3Fdimension4_4%20.%0A%20%20%20%20FILTER%20(%0A%20%20%20%20%20%20(LANG(%3Fdimension4_4)%20%3D%20%22%22)%0A%20%20%20%20)%0A%20%20%7D%0A%20%20BIND(COALESCE(%3Fdimension4_0%2C%20%3Fdimension4_1%2C%20%3Fdimension4_2%2C%20%3Fdimension4_3%2C%20%3Fdimension4_4)%20AS%20%3Fdimension4)%0A%20%20OPTIONAL%20%7B%0A%20%20%20%20%3Fdimension1%20%3Chttp%3A%2F%2Fschema.org%2Fname%3E%20%3Fdimension5_0%20.%0A%20%20%20%20FILTER%20(%0A%20%20%20%20%20%20LANGMATCHES(LANG(%3Fdimension5_0)%2C%20%22en%22)%0A%20%20%20%20)%0A%20%20%7D%0A%20%20OPTIONAL%20%7B%0A%20%20%20%20%3Fdimension1%20%3Chttp%3A%2F%2Fschema.org%2Fname%3E%20%3Fdimension5_1%20.%0A%20%20%20%20FILTER%20(%0A%20%20%20%20%20%20LANGMATCHES(LANG(%3Fdimension5_1)%2C%20%22de%22)%0A%20%20%20%20)%0A%20%20%7D%0A%20%20OPTIONAL%20%7B%0A%20%20%20%20%3Fdimension1%20%3Chttp%3A%2F%2Fschema.org%2Fname%3E%20%3Fdimension5_2%20.%0A%20%20%20%20FILTER%20(%0A%20%20%20%20%20%20LANGMATCHES(LANG(%3Fdimension5_2)%2C%20%22fr%22)%0A%20%20%20%20)%0A%20%20%7D%0A%20%20OPTIONAL%20%7B%0A%20%20%20%20%3Fdimension1%20%3Chttp%3A%2F%2Fschema.org%2Fname%3E%20%3Fdimension5_3%20.%0A%20%20%20%20FILTER%20(%0A%20%20%20%20%20%20LANGMATCHES(LANG(%3Fdimension5_3)%2C%20%22it%22)%0A%20%20%20%20)%0A%20%20%7D%0A%20%20OPTIONAL%20%7B%0A%20%20%20%20%3Fdimension1%20%3Chttp%3A%2F%2Fschema.org%2Fname%3E%20%3Fdimension5_4%20.%0A%20%20%20%20FILTER%20(%0A%20%20%20%20%20%20(LANG(%3Fdimension5_4)%20%3D%20%22%22)%0A%20%20%20%20)%0A%20%20%7D%0A%20%20BIND(COALESCE(%3Fdimension5_0%2C%20%3Fdimension5_1%2C%20%3Fdimension5_2%2C%20%3Fdimension5_3%2C%20%3Fdimension5_4)%20AS%20%3Fdimension5)%0A%7D%0AGROUP%20BY%20%3Fdimension0%20%3Fdimension1%20%3Fdimension2%20%3Fdimension3%20%3Fdimension4%20%3Fdimension5&requestMethod=POST"}}}
