{"data":{"searchCubes":[{"highlightedTitle":"State accounts - <b>Category</b>","highlightedDescription":"In the state financial statements, the Federal Council details the receipts of the federal administration for the previous year and accounts for its expenditure.  The Federal Finance Administration (FFA) consolidates the annual financial statements of the departments and, based on them, compiles the report on the state financial statements. The statements are adopted by the Federal Council and forwarded in printed form to Parliament for approval.  The Federal Council also lays the budget for the following year before the Federal Assembly. This is also prepared by the FFA. By this means, Parliament approves the planned expenses and total expenditure of the Confederation and takes note of the estimate of income and receipts.  Further information and the most recent state financial statements can be found on the FFA website: https://www.efv.admin.ch/efv/en/home.html.","cube":{"iri":"https://culture.ld.admin.ch/sfa/StateAccounts_Category/5","title":"State accounts - Category","description":"In the state financial statements, the Federal Council details the receipts of the federal administration for the previous year and accounts for its expenditure.  The Federal Finance Administration (FFA) consolidates the annual financial statements of the departments and, based on them, compiles the report on the state financial statements. The statements are adopted by the Federal Council and forwarded in printed form to Parliament for approval.  The Federal Council also lays the budget for the following year before the Federal Assembly. This is also prepared by the FFA. By this means, Parliament approves the planned expenses and total expenditure of the Confederation and takes note of the estimate of income and receipts.  Further information and the most recent state financial statements can be found on the FFA website: https://www.efv.admin.ch/efv/en/home.html.","publicationStatus":"PUBLISHED","datePublished":"2022-05-23","creator":{"iri":"https://register.ld.admin.ch/opendataswiss/org/schweizerisches-bundesarchiv-bar","label":"Swiss Federal Archives SFA"},"themes":[{"iri":"https://register.ld.admin.ch/opendataswiss/category/statistical-basis","label":"Statistical basis"},{"iri":"https://register.ld.admin.ch/opendataswiss/category/finances","label":"Finances"},{"iri":"https://register.ld.admin.ch/opendataswiss/category/administration","label":"Administration"}],"subthemes":[],"dimensions":[]},"__typename":"SearchCubeResult"},{"highlightedTitle":"Opinion-forming potential per media <b>category</b>","highlightedDescription":"This data package contains information on the opinion-forming potential on the Swiss population in the context of the various media genres. The data originates from surveys conducted by Publicom as part of the Swiss Media Monitor. The data basis is a representative survey of the population, secondary analyses of currency studies on the contact performance of Swiss media brands and of industry studies and annual reports.","cube":{"iri":"https://communication.ld.admin.ch/ofcom/potential_of_media_to_shape_opinion_per_media_genre/1","title":"Opinion-forming potential per media category","description":"This data package contains information on the opinion-forming potential on the Swiss population in the context of the various media genres. The data originates from surveys conducted by Publicom as part of the Swiss Media Monitor. The data basis is a representative survey of the population, secondary analyses of currency studies on the contact performance of Swiss media brands and of industry studies and annual reports.","publicationStatus":"DRAFT","datePublished":"2024-05-08T07:48:44.030Z","creator":null,"themes":[{"iri":"https://register.ld.admin.ch/opendataswiss/category/culture","label":"Culture, media, information society, sport"},{"iri":"https://register.ld.admin.ch/opendataswiss/category/administration","label":"Administration"}],"subthemes":[],"dimensions":[]},"__typename":"SearchCubeResult"}]}}
