{"data":{"dataCubeObservations":{"data":[{"https://environment.ld.admin.ch/foen/gefahren-waldbrand-warnung/region/__iri__":"https://ld.admin.ch/dimension/bgdi/biota/forestfirewarningregions/1805","https://environment.ld.admin.ch/foen/gefahren-waldbrand-warnung/region":"Dorneck / Thierstein (SO)","https://environment.ld.admin.ch/foen/gefahren-waldbrand-warnung/level":"low danger","http://schema.org/validFrom":"2024-05-01T12:00:49+02:00","https://environment.ld.admin.ch/foen/gefahren-waldbrand-warnung/canton":"Solothurn"},{"https://environment.ld.admin.ch/foen/gefahren-waldbrand-warnung/region/__iri__":"https://ld.admin.ch/dimension/bgdi/biota/forestfirewarningregions/323","https://environment.ld.admin.ch/foen/gefahren-waldbrand-warnung/region":"Seeland Ost (BE)","https://environment.ld.admin.ch/foen/gefahren-waldbrand-warnung/level":"low danger","http://schema.org/validFrom":"2024-05-01T12:00:49+02:00","https://environment.ld.admin.ch/foen/gefahren-waldbrand-warnung/canton":"Bern"},{"https://environment.ld.admin.ch/foen/gefahren-waldbrand-warnung/region/__iri__":"https://ld.admin.ch/dimension/bgdi/biota/forestfirewarningregions/2420","https://environment.ld.admin.ch/foen/gefahren-waldbrand-warnung/region":"Goms (VS)","https://environment.ld.admin.ch/foen/gefahren-waldbrand-warnung/level":"low danger","http://schema.org/validFrom":"2023-10-27T12:12:09+02:00","https://environment.ld.admin.ch/foen/gefahren-waldbrand-warnung/canton":"Valais"},{"https://environment.ld.admin.ch/foen/gefahren-waldbrand-warnung/region/__iri__":"https://ld.admin.ch/dimension/bgdi/biota/forestfirewarningregions/1014","https://environment.ld.admin.ch/foen/gefahren-waldbrand-warnung/region":"Zernez (GR)","https://environment.ld.admin.ch/foen/gefahren-waldbrand-warnung/level":"low danger","http://schema.org/validFrom":"2024-05-21T12:02:35+02:00","https://environment.ld.admin.ch/foen/gefahren-waldbrand-warnung/canton":"Grisons"},{"https://environment.ld.admin.ch/foen/gefahren-waldbrand-warnung/region/__iri__":"https://ld.admin.ch/dimension/bgdi/biota/forestfirewarningregions/2100","https://environment.ld.admin.ch/foen/gefahren-waldbrand-warnung/region":"Northern Ticino (TI)","https://environment.ld.admin.ch/foen/gefahren-waldbrand-warnung/level":"low danger","http://schema.org/validFrom":"2024-06-04T13:07:33+02:00","https://environment.ld.admin.ch/foen/gefahren-waldbrand-warnung/canton":"Ticino"},{"https://environment.ld.admin.ch/foen/gefahren-waldbrand-warnung/region/__iri__":"https://ld.admin.ch/dimension/bgdi/biota/forestfirewarningregions/1400","https://environment.ld.admin.ch/foen/gefahren-waldbrand-warnung/region":"Nidwalden","https://environment.ld.admin.ch/foen/gefahren-waldbrand-warnung/level":"low danger","http://schema.org/validFrom":"2023-10-23T12:08:10+02:00","https://environment.ld.admin.ch/foen/gefahren-waldbrand-warnung/canton":"Nidwalden"},{"https://environment.ld.admin.ch/foen/gefahren-waldbrand-warnung/region/__iri__":"https://ld.admin.ch/dimension/bgdi/biota/forestfirewarningregions/336","https://environment.ld.admin.ch/foen/gefahren-waldbrand-warnung/region":"Beatenberg / Unterseen (BE)","https://environment.ld.admin.ch/foen/gefahren-waldbrand-warnung/level":"low danger","http://schema.org/validFrom":"2024-05-02T12:08:47+02:00","https://environment.ld.admin.ch/foen/gefahren-waldbrand-warnung/canton":"Bern"},{"https://environment.ld.admin.ch/foen/gefahren-waldbrand-warnung/region/__iri__":"https://ld.admin.ch/dimension/bgdi/biota/forestfirewarningregions/2433","https://environment.ld.admin.ch/foen/gefahren-waldbrand-warnung/region":"Anniviers (VS)","https://environment.ld.admin.ch/foen/gefahren-waldbrand-warnung/level":"low danger","http://schema.org/validFrom":"2023-10-27T12:12:09+02:00","https://environment.ld.admin.ch/foen/gefahren-waldbrand-warnung/canton":"Valais"},{"https://environment.ld.admin.ch/foen/gefahren-waldbrand-warnung/region/__iri__":"https://ld.admin.ch/dimension/bgdi/biota/forestfirewarningregions/308","https://environment.ld.admin.ch/foen/gefahren-waldbrand-warnung/region":"Region Lenk (BE)","https://environment.ld.admin.ch/foen/gefahren-waldbrand-warnung/level":"low danger","http://schema.org/validFrom":"2024-05-02T12:08:47+02:00","https://environment.ld.admin.ch/foen/gefahren-waldbrand-warnung/canton":"Bern"},{"https://environment.ld.admin.ch/foen/gefahren-waldbrand-warnung/region/__iri__":"https://ld.admin.ch/dimension/bgdi/biota/forestfirewarningregions/1300","https://environment.ld.admin.ch/foen/gefahren-waldbrand-warnung/region":"Neuchâtel coastline (NE)","https://environment.ld.admin.ch/foen/gefahren-waldbrand-warnung/level":"low danger","http://schema.org/validFrom":"2024-04-16T12:01:14+02:00","https://environment.ld.admin.ch/foen/gefahren-waldbrand-warnung/canton":"Neuchâtel"},{"https://environment.ld.admin.ch/foen/gefahren-waldbrand-warnung/region/__iri__":"https://ld.admin.ch/dimension/bgdi/biota/forestfirewarningregions/1605","https://environment.ld.admin.ch/foen/gefahren-waldbrand-warnung/region":"Lake Walsenstadt (SG)","https://environment.ld.admin.ch/foen/gefahren-waldbrand-warnung/level":"low danger","http://schema.org/validFrom":"2023-10-23T12:08:10+02:00","https://environment.ld.admin.ch/foen/gefahren-waldbrand-warnung/canton":"St Gallen"},{"https://environment.ld.admin.ch/foen/gefahren-waldbrand-warnung/region/__iri__":"https://ld.admin.ch/dimension/bgdi/biota/forestfirewarningregions/330","https://environment.ld.admin.ch/foen/gefahren-waldbrand-warnung/region":"Region Burgdorf (BE)","https://environment.ld.admin.ch/foen/gefahren-waldbrand-warnung/level":"low danger","http://schema.org/validFrom":"2024-05-01T12:00:49+02:00","https://environment.ld.admin.ch/foen/gefahren-waldbrand-warnung/canton":"Bern"},{"https://environment.ld.admin.ch/foen/gefahren-waldbrand-warnung/region/__iri__":"https://ld.admin.ch/dimension/bgdi/biota/forestfirewarningregions/302","https://environment.ld.admin.ch/foen/gefahren-waldbrand-warnung/region":"Grimselregion (BE)","https://environment.ld.admin.ch/foen/gefahren-waldbrand-warnung/level":"low danger","http://schema.org/validFrom":"2024-05-02T12:08:47+02:00","https://environment.ld.admin.ch/foen/gefahren-waldbrand-warnung/canton":"Bern"},{"https://environment.ld.admin.ch/foen/gefahren-waldbrand-warnung/region/__iri__":"https://ld.admin.ch/dimension/bgdi/biota/forestfirewarningregions/1200","https://environment.ld.admin.ch/foen/gefahren-waldbrand-warnung/region":"Canton of Lucerne","https://environment.ld.admin.ch/foen/gefahren-waldbrand-warnung/level":"low danger","http://schema.org/validFrom":"2024-05-01T12:00:49+02:00","https://environment.ld.admin.ch/foen/gefahren-waldbrand-warnung/canton":"Lucerne"},{"https://environment.ld.admin.ch/foen/gefahren-waldbrand-warnung/region/__iri__":"https://ld.admin.ch/dimension/bgdi/biota/forestfirewarningregions/343","https://environment.ld.admin.ch/foen/gefahren-waldbrand-warnung/region":"Untere Emme (BE)","https://environment.ld.admin.ch/foen/gefahren-waldbrand-warnung/level":"low danger","http://schema.org/validFrom":"2024-05-01T12:00:49+02:00","https://environment.ld.admin.ch/foen/gefahren-waldbrand-warnung/canton":"Bern"},{"https://environment.ld.admin.ch/foen/gefahren-waldbrand-warnung/region/__iri__":"https://ld.admin.ch/dimension/bgdi/biota/forestfirewarningregions/2440","https://environment.ld.admin.ch/foen/gefahren-waldbrand-warnung/region":"St. Maurice (VS)","https://environment.ld.admin.ch/foen/gefahren-waldbrand-warnung/level":"low danger","http://schema.org/validFrom":"2024-01-30T12:15:54+01:00","https://environment.ld.admin.ch/foen/gefahren-waldbrand-warnung/canton":"Valais"},{"https://environment.ld.admin.ch/foen/gefahren-waldbrand-warnung/region/__iri__":"https://ld.admin.ch/dimension/bgdi/biota/forestfirewarningregions/315","https://environment.ld.admin.ch/foen/gefahren-waldbrand-warnung/region":"Südlich Breinzersee (BE)","https://environment.ld.admin.ch/foen/gefahren-waldbrand-warnung/level":"low danger","http://schema.org/validFrom":"2024-05-02T12:08:47+02:00","https://environment.ld.admin.ch/foen/gefahren-waldbrand-warnung/canton":"Bern"},{"https://environment.ld.admin.ch/foen/gefahren-waldbrand-warnung/region/__iri__":"https://ld.admin.ch/dimension/bgdi/biota/forestfirewarningregions/1006","https://environment.ld.admin.ch/foen/gefahren-waldbrand-warnung/region":"Rheinwald (GR)","https://environment.ld.admin.ch/foen/gefahren-waldbrand-warnung/level":"low danger","http://schema.org/validFrom":"2024-04-22T12:21:18+02:00","https://environment.ld.admin.ch/foen/gefahren-waldbrand-warnung/canton":"Grisons"},{"https://environment.ld.admin.ch/foen/gefahren-waldbrand-warnung/region/__iri__":"https://ld.admin.ch/dimension/bgdi/biota/forestfirewarningregions/701","https://environment.ld.admin.ch/foen/gefahren-waldbrand-warnung/region":"Veveyse - Glâne (FR)","https://environment.ld.admin.ch/foen/gefahren-waldbrand-warnung/level":"low danger","http://schema.org/validFrom":"2024-04-08T12:07:18+02:00","https://environment.ld.admin.ch/foen/gefahren-waldbrand-warnung/canton":"Fribourg"},{"https://environment.ld.admin.ch/foen/gefahren-waldbrand-warnung/region/__iri__":"https://ld.admin.ch/dimension/bgdi/biota/forestfirewarningregions/1100","https://environment.ld.admin.ch/foen/gefahren-waldbrand-warnung/region":"Ajoie (JU)","https://environment.ld.admin.ch/foen/gefahren-waldbrand-warnung/level":"low danger","http://schema.org/validFrom":"2024-04-18T12:03:58+02:00","https://environment.ld.admin.ch/foen/gefahren-waldbrand-warnung/canton":"Jura"},{"https://environment.ld.admin.ch/foen/gefahren-waldbrand-warnung/region/__iri__":"https://ld.admin.ch/dimension/bgdi/biota/forestfirewarningregions/328","https://environment.ld.admin.ch/foen/gefahren-waldbrand-warnung/region":"Jurasüdfuss Oberaargau","https://environment.ld.admin.ch/foen/gefahren-waldbrand-warnung/level":"low danger","http://schema.org/validFrom":"2024-05-01T12:00:49+02:00","https://environment.ld.admin.ch/foen/gefahren-waldbrand-warnung/canton":"Bern"},{"https://environment.ld.admin.ch/foen/gefahren-waldbrand-warnung/region/__iri__":"https://ld.admin.ch/dimension/bgdi/biota/forestfirewarningregions/2425","https://environment.ld.admin.ch/foen/gefahren-waldbrand-warnung/region":"Vispertal (VS)","https://environment.ld.admin.ch/foen/gefahren-waldbrand-warnung/level":"low danger","http://schema.org/validFrom":"2024-02-22T12:08:45+01:00","https://environment.ld.admin.ch/foen/gefahren-waldbrand-warnung/canton":"Valais"},{"https://environment.ld.admin.ch/foen/gefahren-waldbrand-warnung/region/__iri__":"https://ld.admin.ch/dimension/bgdi/biota/forestfirewarningregions/1019","https://environment.ld.admin.ch/foen/gefahren-waldbrand-warnung/region":"Samnaun (GR)","https://environment.ld.admin.ch/foen/gefahren-waldbrand-warnung/level":"low danger","http://schema.org/validFrom":"2024-04-19T12:00:45+02:00","https://environment.ld.admin.ch/foen/gefahren-waldbrand-warnung/canton":"Grisons"},{"https://environment.ld.admin.ch/foen/gefahren-waldbrand-warnung/region/__iri__":"https://ld.admin.ch/dimension/bgdi/biota/forestfirewarningregions/2438","https://environment.ld.admin.ch/foen/gefahren-waldbrand-warnung/region":"Gd St. Bernard (VS)","https://environment.ld.admin.ch/foen/gefahren-waldbrand-warnung/level":"low danger","http://schema.org/validFrom":"2023-10-27T12:12:09+02:00","https://environment.ld.admin.ch/foen/gefahren-waldbrand-warnung/canton":"Valais"},{"https://environment.ld.admin.ch/foen/gefahren-waldbrand-warnung/region/__iri__":"https://ld.admin.ch/dimension/bgdi/biota/forestfirewarningregions/1000","https://environment.ld.admin.ch/foen/gefahren-waldbrand-warnung/region":"Rheintal (GR)","https://environment.ld.admin.ch/foen/gefahren-waldbrand-warnung/level":"low danger","http://schema.org/validFrom":"2024-05-21T12:02:35+02:00","https://environment.ld.admin.ch/foen/gefahren-waldbrand-warnung/canton":"Grisons"},{"https://environment.ld.admin.ch/foen/gefahren-waldbrand-warnung/region/__iri__":"https://ld.admin.ch/dimension/bgdi/biota/forestfirewarningregions/350","https://environment.ld.admin.ch/foen/gefahren-waldbrand-warnung/region":"Aaretal (BE)","https://environment.ld.admin.ch/foen/gefahren-waldbrand-warnung/level":"low danger","http://schema.org/validFrom":"2024-05-02T12:08:47+02:00","https://environment.ld.admin.ch/foen/gefahren-waldbrand-warnung/canton":"Bern"},{"https://environment.ld.admin.ch/foen/gefahren-waldbrand-warnung/region/__iri__":"https://ld.admin.ch/dimension/bgdi/biota/forestfirewarningregions/1804","https://environment.ld.admin.ch/foen/gefahren-waldbrand-warnung/region":"Thal (SO)","https://environment.ld.admin.ch/foen/gefahren-waldbrand-warnung/level":"low danger","http://schema.org/validFrom":"2024-05-01T12:00:49+02:00","https://environment.ld.admin.ch/foen/gefahren-waldbrand-warnung/canton":"Solothurn"},{"https://environment.ld.admin.ch/foen/gefahren-waldbrand-warnung/region/__iri__":"https://ld.admin.ch/dimension/bgdi/biota/forestfirewarningregions/322","https://environment.ld.admin.ch/foen/gefahren-waldbrand-warnung/region":"Oberaargau Süd (BE)","https://environment.ld.admin.ch/foen/gefahren-waldbrand-warnung/level":"low danger","http://schema.org/validFrom":"2024-05-01T12:00:49+02:00","https://environment.ld.admin.ch/foen/gefahren-waldbrand-warnung/canton":"Bern"},{"https://environment.ld.admin.ch/foen/gefahren-waldbrand-warnung/region/__iri__":"https://ld.admin.ch/dimension/bgdi/biota/forestfirewarningregions/1013","https://environment.ld.admin.ch/foen/gefahren-waldbrand-warnung/region":"Scuol-Valsot (GR)","https://environment.ld.admin.ch/foen/gefahren-waldbrand-warnung/level":"low danger","http://schema.org/validFrom":"2024-05-21T12:02:35+02:00","https://environment.ld.admin.ch/foen/gefahren-waldbrand-warnung/canton":"Grisons"},{"https://environment.ld.admin.ch/foen/gefahren-waldbrand-warnung/region/__iri__":"https://ld.admin.ch/dimension/bgdi/biota/forestfirewarningregions/335","https://environment.ld.admin.ch/foen/gefahren-waldbrand-warnung/region":"Jurasüdfuss Biel/Bienne (BE)","https://environment.ld.admin.ch/foen/gefahren-waldbrand-warnung/level":"low danger","http://schema.org/validFrom":"2024-04-18T12:03:58+02:00","https://environment.ld.admin.ch/foen/gefahren-waldbrand-warnung/canton":"Bern"},{"https://environment.ld.admin.ch/foen/gefahren-waldbrand-warnung/region/__iri__":"https://ld.admin.ch/dimension/bgdi/biota/forestfirewarningregions/2432","https://environment.ld.admin.ch/foen/gefahren-waldbrand-warnung/region":"Sion-Sierre (VS)","https://environment.ld.admin.ch/foen/gefahren-waldbrand-warnung/level":"moderate danger","http://schema.org/validFrom":"2024-06-07T12:02:04+02:00","https://environment.ld.admin.ch/foen/gefahren-waldbrand-warnung/canton":"Valais"},{"https://environment.ld.admin.ch/foen/gefahren-waldbrand-warnung/region/__iri__":"https://ld.admin.ch/dimension/bgdi/biota/forestfirewarningregions/307","https://environment.ld.admin.ch/foen/gefahren-waldbrand-warnung/region":"Frutig- / Kiental (BE)","https://environment.ld.admin.ch/foen/gefahren-waldbrand-warnung/level":"low danger","http://schema.org/validFrom":"2024-05-02T12:08:47+02:00","https://environment.ld.admin.ch/foen/gefahren-waldbrand-warnung/canton":"Bern"},{"https://environment.ld.admin.ch/foen/gefahren-waldbrand-warnung/region/__iri__":"https://ld.admin.ch/dimension/bgdi/biota/forestfirewarningregions/900","https://environment.ld.admin.ch/foen/gefahren-waldbrand-warnung/region":"Glarus (GL)","https://environment.ld.admin.ch/foen/gefahren-waldbrand-warnung/level":"low danger","http://schema.org/validFrom":"2023-08-28T12:10:53+02:00","https://environment.ld.admin.ch/foen/gefahren-waldbrand-warnung/canton":"Glarus"},{"https://environment.ld.admin.ch/foen/gefahren-waldbrand-warnung/region/__iri__":"https://ld.admin.ch/dimension/bgdi/biota/forestfirewarningregions/706","https://environment.ld.admin.ch/foen/gefahren-waldbrand-warnung/region":"Lac (FR)","https://environment.ld.admin.ch/foen/gefahren-waldbrand-warnung/level":"low danger","http://schema.org/validFrom":"2024-05-01T12:00:49+02:00","https://environment.ld.admin.ch/foen/gefahren-waldbrand-warnung/canton":"Fribourg"},{"https://environment.ld.admin.ch/foen/gefahren-waldbrand-warnung/region/__iri__":"https://ld.admin.ch/dimension/bgdi/biota/forestfirewarningregions/1604","https://environment.ld.admin.ch/foen/gefahren-waldbrand-warnung/region":"Obertoggenburg (SG)","https://environment.ld.admin.ch/foen/gefahren-waldbrand-warnung/level":"low danger","http://schema.org/validFrom":"2024-05-01T12:00:49+02:00","https://environment.ld.admin.ch/foen/gefahren-waldbrand-warnung/canton":"St Gallen"},{"https://environment.ld.admin.ch/foen/gefahren-waldbrand-warnung/region/__iri__":"https://ld.admin.ch/dimension/bgdi/biota/forestfirewarningregions/800","https://environment.ld.admin.ch/foen/gefahren-waldbrand-warnung/region":"Canton of Geneva","https://environment.ld.admin.ch/foen/gefahren-waldbrand-warnung/level":"low danger","http://schema.org/validFrom":"2024-06-05T12:01:50+02:00","https://environment.ld.admin.ch/foen/gefahren-waldbrand-warnung/canton":"Geneva"},{"https://environment.ld.admin.ch/foen/gefahren-waldbrand-warnung/region/__iri__":"https://ld.admin.ch/dimension/bgdi/biota/forestfirewarningregions/301","https://environment.ld.admin.ch/foen/gefahren-waldbrand-warnung/region":"Innertkirchen/ Gadmen (BE)","https://environment.ld.admin.ch/foen/gefahren-waldbrand-warnung/level":"low danger","http://schema.org/validFrom":"2024-05-02T12:08:47+02:00","https://environment.ld.admin.ch/foen/gefahren-waldbrand-warnung/canton":"Bern"},{"https://environment.ld.admin.ch/foen/gefahren-waldbrand-warnung/region/__iri__":"https://ld.admin.ch/dimension/bgdi/biota/forestfirewarningregions/342","https://environment.ld.admin.ch/foen/gefahren-waldbrand-warnung/region":"Emmental Süd (BE)","https://environment.ld.admin.ch/foen/gefahren-waldbrand-warnung/level":"low danger","http://schema.org/validFrom":"2024-04-18T12:03:58+02:00","https://environment.ld.admin.ch/foen/gefahren-waldbrand-warnung/canton":"Bern"},{"https://environment.ld.admin.ch/foen/gefahren-waldbrand-warnung/region/__iri__":"https://ld.admin.ch/dimension/bgdi/biota/forestfirewarningregions/314","https://environment.ld.admin.ch/foen/gefahren-waldbrand-warnung/region":"Habkern (BE)","https://environment.ld.admin.ch/foen/gefahren-waldbrand-warnung/level":"low danger","http://schema.org/validFrom":"2024-04-18T12:03:58+02:00","https://environment.ld.admin.ch/foen/gefahren-waldbrand-warnung/canton":"Bern"},{"https://environment.ld.admin.ch/foen/gefahren-waldbrand-warnung/region/__iri__":"https://ld.admin.ch/dimension/bgdi/biota/forestfirewarningregions/1005","https://environment.ld.admin.ch/foen/gefahren-waldbrand-warnung/region":"Schams - Albula (GR)","https://environment.ld.admin.ch/foen/gefahren-waldbrand-warnung/level":"low danger","http://schema.org/validFrom":"2024-05-21T12:02:35+02:00","https://environment.ld.admin.ch/foen/gefahren-waldbrand-warnung/canton":"Grisons"},{"https://environment.ld.admin.ch/foen/gefahren-waldbrand-warnung/region/__iri__":"https://ld.admin.ch/dimension/bgdi/biota/forestfirewarningregions/700","https://environment.ld.admin.ch/foen/gefahren-waldbrand-warnung/region":"Haute Gruyère - Jogne (FR)","https://environment.ld.admin.ch/foen/gefahren-waldbrand-warnung/level":"low danger","http://schema.org/validFrom":"2023-10-19T12:51:13+02:00","https://environment.ld.admin.ch/foen/gefahren-waldbrand-warnung/canton":"Fribourg"},{"https://environment.ld.admin.ch/foen/gefahren-waldbrand-warnung/region/__iri__":"https://ld.admin.ch/dimension/bgdi/biota/forestfirewarningregions/327","https://environment.ld.admin.ch/foen/gefahren-waldbrand-warnung/region":"Worblental (BE)","https://environment.ld.admin.ch/foen/gefahren-waldbrand-warnung/level":"low danger","http://schema.org/validFrom":"2024-04-18T12:03:58+02:00","https://environment.ld.admin.ch/foen/gefahren-waldbrand-warnung/canton":"Bern"},{"https://environment.ld.admin.ch/foen/gefahren-waldbrand-warnung/region/__iri__":"https://ld.admin.ch/dimension/bgdi/biota/forestfirewarningregions/2424","https://environment.ld.admin.ch/foen/gefahren-waldbrand-warnung/region":"Simplon (VS)","https://environment.ld.admin.ch/foen/gefahren-waldbrand-warnung/level":"low danger","http://schema.org/validFrom":"2024-02-22T12:08:45+01:00","https://environment.ld.admin.ch/foen/gefahren-waldbrand-warnung/canton":"Valais"},{"https://environment.ld.admin.ch/foen/gefahren-waldbrand-warnung/region/__iri__":"https://ld.admin.ch/dimension/bgdi/biota/forestfirewarningregions/1018","https://environment.ld.admin.ch/foen/gefahren-waldbrand-warnung/region":"Val Müstair (GR)","https://environment.ld.admin.ch/foen/gefahren-waldbrand-warnung/level":"low danger","http://schema.org/validFrom":"2024-04-22T12:21:18+02:00","https://environment.ld.admin.ch/foen/gefahren-waldbrand-warnung/canton":"Grisons"},{"https://environment.ld.admin.ch/foen/gefahren-waldbrand-warnung/region/__iri__":"https://ld.admin.ch/dimension/bgdi/biota/forestfirewarningregions/2437","https://environment.ld.admin.ch/foen/gefahren-waldbrand-warnung/region":"Bagnes (VS)","https://environment.ld.admin.ch/foen/gefahren-waldbrand-warnung/level":"low danger","http://schema.org/validFrom":"2023-10-27T12:12:09+02:00","https://environment.ld.admin.ch/foen/gefahren-waldbrand-warnung/canton":"Valais"},{"https://environment.ld.admin.ch/foen/gefahren-waldbrand-warnung/region/__iri__":"https://ld.admin.ch/dimension/bgdi/biota/forestfirewarningregions/600","https://environment.ld.admin.ch/foen/gefahren-waldbrand-warnung/region":"Principality of Liechtenstein","https://environment.ld.admin.ch/foen/gefahren-waldbrand-warnung/level":"low danger","http://schema.org/validFrom":"2024-05-01T12:00:49+02:00","https://environment.ld.admin.ch/foen/gefahren-waldbrand-warnung/canton":"–"},{"https://environment.ld.admin.ch/foen/gefahren-waldbrand-warnung/region/__iri__":"https://ld.admin.ch/dimension/bgdi/biota/forestfirewarningregions/1803","https://environment.ld.admin.ch/foen/gefahren-waldbrand-warnung/region":"Jura Südfuss - Solothurn (SO)","https://environment.ld.admin.ch/foen/gefahren-waldbrand-warnung/level":"low danger","http://schema.org/validFrom":"2024-05-01T12:00:49+02:00","https://environment.ld.admin.ch/foen/gefahren-waldbrand-warnung/canton":"Solothurn"},{"https://environment.ld.admin.ch/foen/gefahren-waldbrand-warnung/region/__iri__":"https://ld.admin.ch/dimension/bgdi/biota/forestfirewarningregions/321","https://environment.ld.admin.ch/foen/gefahren-waldbrand-warnung/region":"Gürbetal (BE)","https://environment.ld.admin.ch/foen/gefahren-waldbrand-warnung/level":"low danger","http://schema.org/validFrom":"2024-05-02T12:08:47+02:00","https://environment.ld.admin.ch/foen/gefahren-waldbrand-warnung/canton":"Bern"},{"https://environment.ld.admin.ch/foen/gefahren-waldbrand-warnung/region/__iri__":"https://ld.admin.ch/dimension/bgdi/biota/forestfirewarningregions/1012","https://environment.ld.admin.ch/foen/gefahren-waldbrand-warnung/region":"Surselva ota (GR)","https://environment.ld.admin.ch/foen/gefahren-waldbrand-warnung/level":"low danger","http://schema.org/validFrom":"2024-04-19T12:00:45+02:00","https://environment.ld.admin.ch/foen/gefahren-waldbrand-warnung/canton":"Grisons"},{"https://environment.ld.admin.ch/foen/gefahren-waldbrand-warnung/region/__iri__":"https://ld.admin.ch/dimension/bgdi/biota/forestfirewarningregions/500","https://environment.ld.admin.ch/foen/gefahren-waldbrand-warnung/region":"Canton of Basel-Stadt","https://environment.ld.admin.ch/foen/gefahren-waldbrand-warnung/level":"low danger","http://schema.org/validFrom":"2024-05-01T12:00:49+02:00","https://environment.ld.admin.ch/foen/gefahren-waldbrand-warnung/canton":"Basel Stadt"},{"https://environment.ld.admin.ch/foen/gefahren-waldbrand-warnung/region/__iri__":"https://ld.admin.ch/dimension/bgdi/biota/forestfirewarningregions/334","https://environment.ld.admin.ch/foen/gefahren-waldbrand-warnung/region":"Saxeten / Bödeli (BE)","https://environment.ld.admin.ch/foen/gefahren-waldbrand-warnung/level":"low danger","http://schema.org/validFrom":"2024-05-02T12:08:47+02:00","https://environment.ld.admin.ch/foen/gefahren-waldbrand-warnung/canton":"Bern"},{"https://environment.ld.admin.ch/foen/gefahren-waldbrand-warnung/region/__iri__":"https://ld.admin.ch/dimension/bgdi/biota/forestfirewarningregions/2431","https://environment.ld.admin.ch/foen/gefahren-waldbrand-warnung/region":"Montana (VS)","https://environment.ld.admin.ch/foen/gefahren-waldbrand-warnung/level":"low danger","http://schema.org/validFrom":"2024-01-30T12:15:54+01:00","https://environment.ld.admin.ch/foen/gefahren-waldbrand-warnung/canton":"Valais"},{"https://environment.ld.admin.ch/foen/gefahren-waldbrand-warnung/region/__iri__":"https://ld.admin.ch/dimension/bgdi/biota/forestfirewarningregions/306","https://environment.ld.admin.ch/foen/gefahren-waldbrand-warnung/region":"Diemtigtal (BE)","https://environment.ld.admin.ch/foen/gefahren-waldbrand-warnung/level":"low danger","http://schema.org/validFrom":"2024-05-02T12:08:47+02:00","https://environment.ld.admin.ch/foen/gefahren-waldbrand-warnung/canton":"Bern"},{"https://environment.ld.admin.ch/foen/gefahren-waldbrand-warnung/region/__iri__":"https://ld.admin.ch/dimension/bgdi/biota/forestfirewarningregions/347","https://environment.ld.admin.ch/foen/gefahren-waldbrand-warnung/region":"Zulgtal (BE)","https://environment.ld.admin.ch/foen/gefahren-waldbrand-warnung/level":"low danger","http://schema.org/validFrom":"2024-04-18T12:03:58+02:00","https://environment.ld.admin.ch/foen/gefahren-waldbrand-warnung/canton":"Bern"},{"https://environment.ld.admin.ch/foen/gefahren-waldbrand-warnung/region/__iri__":"https://ld.admin.ch/dimension/bgdi/biota/forestfirewarningregions/400","https://environment.ld.admin.ch/foen/gefahren-waldbrand-warnung/region":"Canton of Basel-Land","https://environment.ld.admin.ch/foen/gefahren-waldbrand-warnung/level":"low danger","http://schema.org/validFrom":"2024-05-01T12:00:49+02:00","https://environment.ld.admin.ch/foen/gefahren-waldbrand-warnung/canton":"Basel Landschaft"},{"https://environment.ld.admin.ch/foen/gefahren-waldbrand-warnung/region/__iri__":"https://ld.admin.ch/dimension/bgdi/biota/forestfirewarningregions/319","https://environment.ld.admin.ch/foen/gefahren-waldbrand-warnung/region":"Berner Jura West (BE)","https://environment.ld.admin.ch/foen/gefahren-waldbrand-warnung/level":"low danger","http://schema.org/validFrom":"2024-04-18T12:03:58+02:00","https://environment.ld.admin.ch/foen/gefahren-waldbrand-warnung/canton":"Bern"},{"https://environment.ld.admin.ch/foen/gefahren-waldbrand-warnung/region/__iri__":"https://ld.admin.ch/dimension/bgdi/biota/forestfirewarningregions/705","https://environment.ld.admin.ch/foen/gefahren-waldbrand-warnung/region":"Broye (FR)","https://environment.ld.admin.ch/foen/gefahren-waldbrand-warnung/level":"low danger","http://schema.org/validFrom":"2024-04-08T12:07:18+02:00","https://environment.ld.admin.ch/foen/gefahren-waldbrand-warnung/canton":"Fribourg"},{"https://environment.ld.admin.ch/foen/gefahren-waldbrand-warnung/region/__iri__":"https://ld.admin.ch/dimension/bgdi/biota/forestfirewarningregions/2429","https://environment.ld.admin.ch/foen/gefahren-waldbrand-warnung/region":"Lötschental (VS)","https://environment.ld.admin.ch/foen/gefahren-waldbrand-warnung/level":"low danger","http://schema.org/validFrom":"2023-10-27T12:12:09+02:00","https://environment.ld.admin.ch/foen/gefahren-waldbrand-warnung/canton":"Valais"},{"https://environment.ld.admin.ch/foen/gefahren-waldbrand-warnung/region/__iri__":"https://ld.admin.ch/dimension/bgdi/biota/forestfirewarningregions/1603","https://environment.ld.admin.ch/foen/gefahren-waldbrand-warnung/region":"St.Gallen (SG)","https://environment.ld.admin.ch/foen/gefahren-waldbrand-warnung/level":"low danger","http://schema.org/validFrom":"2024-05-01T12:00:49+02:00","https://environment.ld.admin.ch/foen/gefahren-waldbrand-warnung/canton":"St Gallen"},{"https://environment.ld.admin.ch/foen/gefahren-waldbrand-warnung/region/__iri__":"https://ld.admin.ch/dimension/bgdi/biota/forestfirewarningregions/341","https://environment.ld.admin.ch/foen/gefahren-waldbrand-warnung/region":"Region Napf (BE)","https://environment.ld.admin.ch/foen/gefahren-waldbrand-warnung/level":"low danger","http://schema.org/validFrom":"2024-04-18T12:03:58+02:00","https://environment.ld.admin.ch/foen/gefahren-waldbrand-warnung/canton":"Bern"},{"https://environment.ld.admin.ch/foen/gefahren-waldbrand-warnung/region/__iri__":"https://ld.admin.ch/dimension/bgdi/biota/forestfirewarningregions/313","https://environment.ld.admin.ch/foen/gefahren-waldbrand-warnung/region":"Region Bern (BE)","https://environment.ld.admin.ch/foen/gefahren-waldbrand-warnung/level":"low danger","http://schema.org/validFrom":"2024-05-01T12:00:49+02:00","https://environment.ld.admin.ch/foen/gefahren-waldbrand-warnung/canton":"Bern"},{"https://environment.ld.admin.ch/foen/gefahren-waldbrand-warnung/region/__iri__":"https://ld.admin.ch/dimension/bgdi/biota/forestfirewarningregions/1004","https://environment.ld.admin.ch/foen/gefahren-waldbrand-warnung/region":"Domleschg (GR)","https://environment.ld.admin.ch/foen/gefahren-waldbrand-warnung/level":"low danger","http://schema.org/validFrom":"2024-05-21T12:02:35+02:00","https://environment.ld.admin.ch/foen/gefahren-waldbrand-warnung/canton":"Grisons"},{"https://environment.ld.admin.ch/foen/gefahren-waldbrand-warnung/region/__iri__":"https://ld.admin.ch/dimension/bgdi/biota/forestfirewarningregions/200","https://environment.ld.admin.ch/foen/gefahren-waldbrand-warnung/region":"Appenzell Ausserrhoden","https://environment.ld.admin.ch/foen/gefahren-waldbrand-warnung/level":"low danger","http://schema.org/validFrom":"2024-05-01T12:00:49+02:00","https://environment.ld.admin.ch/foen/gefahren-waldbrand-warnung/canton":"Appenzell Ausserrhoden"},{"https://environment.ld.admin.ch/foen/gefahren-waldbrand-warnung/region/__iri__":"https://ld.admin.ch/dimension/bgdi/biota/forestfirewarningregions/326","https://environment.ld.admin.ch/foen/gefahren-waldbrand-warnung/region":"Urtenental (BE)","https://environment.ld.admin.ch/foen/gefahren-waldbrand-warnung/level":"low danger","http://schema.org/validFrom":"2024-05-01T12:00:49+02:00","https://environment.ld.admin.ch/foen/gefahren-waldbrand-warnung/canton":"Bern"},{"https://environment.ld.admin.ch/foen/gefahren-waldbrand-warnung/region/__iri__":"https://ld.admin.ch/dimension/bgdi/biota/forestfirewarningregions/2423","https://environment.ld.admin.ch/foen/gefahren-waldbrand-warnung/region":"Simplon north (VS)","https://environment.ld.admin.ch/foen/gefahren-waldbrand-warnung/level":"low danger","http://schema.org/validFrom":"2024-02-22T12:08:45+01:00","https://environment.ld.admin.ch/foen/gefahren-waldbrand-warnung/canton":"Valais"},{"https://environment.ld.admin.ch/foen/gefahren-waldbrand-warnung/region/__iri__":"https://ld.admin.ch/dimension/bgdi/biota/forestfirewarningregions/1017","https://environment.ld.admin.ch/foen/gefahren-waldbrand-warnung/region":"Val Poschiavo / Puschlav (GR)","https://environment.ld.admin.ch/foen/gefahren-waldbrand-warnung/level":"low danger","http://schema.org/validFrom":"2024-05-21T12:02:35+02:00","https://environment.ld.admin.ch/foen/gefahren-waldbrand-warnung/canton":"Grisons"},{"https://environment.ld.admin.ch/foen/gefahren-waldbrand-warnung/region/__iri__":"https://ld.admin.ch/dimension/bgdi/biota/forestfirewarningregions/339","https://environment.ld.admin.ch/foen/gefahren-waldbrand-warnung/region":"Thun (BE)","https://environment.ld.admin.ch/foen/gefahren-waldbrand-warnung/level":"low danger","http://schema.org/validFrom":"2024-05-02T12:08:47+02:00","https://environment.ld.admin.ch/foen/gefahren-waldbrand-warnung/canton":"Bern"},{"https://environment.ld.admin.ch/foen/gefahren-waldbrand-warnung/region/__iri__":"https://ld.admin.ch/dimension/bgdi/biota/forestfirewarningregions/2436","https://environment.ld.admin.ch/foen/gefahren-waldbrand-warnung/region":"Riddes (VS)","https://environment.ld.admin.ch/foen/gefahren-waldbrand-warnung/level":"low danger","http://schema.org/validFrom":"2024-01-30T12:15:54+01:00","https://environment.ld.admin.ch/foen/gefahren-waldbrand-warnung/canton":"Valais"},{"https://environment.ld.admin.ch/foen/gefahren-waldbrand-warnung/region/__iri__":"https://ld.admin.ch/dimension/bgdi/biota/forestfirewarningregions/100","https://environment.ld.admin.ch/foen/gefahren-waldbrand-warnung/region":"Appenzell Innerrhoden","https://environment.ld.admin.ch/foen/gefahren-waldbrand-warnung/level":"low danger","http://schema.org/validFrom":"2024-05-01T12:00:49+02:00","https://environment.ld.admin.ch/foen/gefahren-waldbrand-warnung/canton":"Appenzell Innerrhoden"},{"https://environment.ld.admin.ch/foen/gefahren-waldbrand-warnung/region/__iri__":"https://ld.admin.ch/dimension/bgdi/biota/forestfirewarningregions/1303","https://environment.ld.admin.ch/foen/gefahren-waldbrand-warnung/region":"Val-de-Travers (NE)","https://environment.ld.admin.ch/foen/gefahren-waldbrand-warnung/level":"low danger","http://schema.org/validFrom":"2024-04-16T12:01:14+02:00","https://environment.ld.admin.ch/foen/gefahren-waldbrand-warnung/canton":"Neuchâtel"},{"https://environment.ld.admin.ch/foen/gefahren-waldbrand-warnung/region/__iri__":"https://ld.admin.ch/dimension/bgdi/biota/forestfirewarningregions/1802","https://environment.ld.admin.ch/foen/gefahren-waldbrand-warnung/region":"Jura Südfuss - Olten (SO)","https://environment.ld.admin.ch/foen/gefahren-waldbrand-warnung/level":"low danger","http://schema.org/validFrom":"2024-05-01T12:00:49+02:00","https://environment.ld.admin.ch/foen/gefahren-waldbrand-warnung/canton":"Solothurn"},{"https://environment.ld.admin.ch/foen/gefahren-waldbrand-warnung/region/__iri__":"https://ld.admin.ch/dimension/bgdi/biota/forestfirewarningregions/320","https://environment.ld.admin.ch/foen/gefahren-waldbrand-warnung/region":"Grosses Moos (BE)","https://environment.ld.admin.ch/foen/gefahren-waldbrand-warnung/level":"low danger","http://schema.org/validFrom":"2024-05-01T12:00:49+02:00","https://environment.ld.admin.ch/foen/gefahren-waldbrand-warnung/canton":"Bern"},{"https://environment.ld.admin.ch/foen/gefahren-waldbrand-warnung/region/__iri__":"https://ld.admin.ch/dimension/bgdi/biota/forestfirewarningregions/1011","https://environment.ld.admin.ch/foen/gefahren-waldbrand-warnung/region":"Surselva bassa (GR)","https://environment.ld.admin.ch/foen/gefahren-waldbrand-warnung/level":"low danger","http://schema.org/validFrom":"2024-05-21T12:02:35+02:00","https://environment.ld.admin.ch/foen/gefahren-waldbrand-warnung/canton":"Grisons"},{"https://environment.ld.admin.ch/foen/gefahren-waldbrand-warnung/region/__iri__":"https://ld.admin.ch/dimension/bgdi/biota/forestfirewarningregions/1608","https://environment.ld.admin.ch/foen/gefahren-waldbrand-warnung/region":"Rheintal (SG)","https://environment.ld.admin.ch/foen/gefahren-waldbrand-warnung/level":"low danger","http://schema.org/validFrom":"2024-05-01T12:00:49+02:00","https://environment.ld.admin.ch/foen/gefahren-waldbrand-warnung/canton":"St Gallen"},{"https://environment.ld.admin.ch/foen/gefahren-waldbrand-warnung/region/__iri__":"https://ld.admin.ch/dimension/bgdi/biota/forestfirewarningregions/333","https://environment.ld.admin.ch/foen/gefahren-waldbrand-warnung/region":"Nördlich Brienzersee (BE)","https://environment.ld.admin.ch/foen/gefahren-waldbrand-warnung/level":"low danger","http://schema.org/validFrom":"2024-05-02T12:08:47+02:00","https://environment.ld.admin.ch/foen/gefahren-waldbrand-warnung/canton":"Bern"},{"https://environment.ld.admin.ch/foen/gefahren-waldbrand-warnung/region/__iri__":"https://ld.admin.ch/dimension/bgdi/biota/forestfirewarningregions/2430","https://environment.ld.admin.ch/foen/gefahren-waldbrand-warnung/region":"Südrampe (VS)","https://environment.ld.admin.ch/foen/gefahren-waldbrand-warnung/level":"low danger","http://schema.org/validFrom":"2024-01-30T12:15:54+01:00","https://environment.ld.admin.ch/foen/gefahren-waldbrand-warnung/canton":"Valais"},{"https://environment.ld.admin.ch/foen/gefahren-waldbrand-warnung/region/__iri__":"https://ld.admin.ch/dimension/bgdi/biota/forestfirewarningregions/305","https://environment.ld.admin.ch/foen/gefahren-waldbrand-warnung/region":"Kandersteg (BE)","https://environment.ld.admin.ch/foen/gefahren-waldbrand-warnung/level":"low danger","http://schema.org/validFrom":"2024-05-02T12:08:47+02:00","https://environment.ld.admin.ch/foen/gefahren-waldbrand-warnung/canton":"Bern"},{"https://environment.ld.admin.ch/foen/gefahren-waldbrand-warnung/region/__iri__":"https://ld.admin.ch/dimension/bgdi/biota/forestfirewarningregions/346","https://environment.ld.admin.ch/foen/gefahren-waldbrand-warnung/region":"Saanenland (BE)","https://environment.ld.admin.ch/foen/gefahren-waldbrand-warnung/level":"low danger","http://schema.org/validFrom":"2024-05-02T12:08:47+02:00","https://environment.ld.admin.ch/foen/gefahren-waldbrand-warnung/canton":"Bern"},{"https://environment.ld.admin.ch/foen/gefahren-waldbrand-warnung/region/__iri__":"https://ld.admin.ch/dimension/bgdi/biota/forestfirewarningregions/318","https://environment.ld.admin.ch/foen/gefahren-waldbrand-warnung/region":"Berner Jura Ost (BE)","https://environment.ld.admin.ch/foen/gefahren-waldbrand-warnung/level":"low danger","http://schema.org/validFrom":"2024-04-18T12:03:58+02:00","https://environment.ld.admin.ch/foen/gefahren-waldbrand-warnung/canton":"Bern"},{"https://environment.ld.admin.ch/foen/gefahren-waldbrand-warnung/region/__iri__":"https://ld.admin.ch/dimension/bgdi/biota/forestfirewarningregions/1009","https://environment.ld.admin.ch/foen/gefahren-waldbrand-warnung/region":"San Bernadino (GR)","https://environment.ld.admin.ch/foen/gefahren-waldbrand-warnung/level":"low danger","http://schema.org/validFrom":"2024-04-22T12:21:18+02:00","https://environment.ld.admin.ch/foen/gefahren-waldbrand-warnung/canton":"Grisons"},{"https://environment.ld.admin.ch/foen/gefahren-waldbrand-warnung/region/__iri__":"https://ld.admin.ch/dimension/bgdi/biota/forestfirewarningregions/704","https://environment.ld.admin.ch/foen/gefahren-waldbrand-warnung/region":"Sarine - Basse Singine (FR)","https://environment.ld.admin.ch/foen/gefahren-waldbrand-warnung/level":"low danger","http://schema.org/validFrom":"2024-05-01T12:00:49+02:00","https://environment.ld.admin.ch/foen/gefahren-waldbrand-warnung/canton":"Fribourg"},{"https://environment.ld.admin.ch/foen/gefahren-waldbrand-warnung/region/__iri__":"https://ld.admin.ch/dimension/bgdi/biota/forestfirewarningregions/2428","https://environment.ld.admin.ch/foen/gefahren-waldbrand-warnung/region":"Turtmann Valley (VS)","https://environment.ld.admin.ch/foen/gefahren-waldbrand-warnung/level":"low danger","http://schema.org/validFrom":"2023-10-27T12:12:09+02:00","https://environment.ld.admin.ch/foen/gefahren-waldbrand-warnung/canton":"Valais"},{"https://environment.ld.admin.ch/foen/gefahren-waldbrand-warnung/region/__iri__":"https://ld.admin.ch/dimension/bgdi/biota/forestfirewarningregions/2302","https://environment.ld.admin.ch/foen/gefahren-waldbrand-warnung/region":"Vaudoises Alps (VD)","https://environment.ld.admin.ch/foen/gefahren-waldbrand-warnung/level":"low danger","http://schema.org/validFrom":"2024-06-05T12:01:50+02:00","https://environment.ld.admin.ch/foen/gefahren-waldbrand-warnung/canton":"Vaud"},{"https://environment.ld.admin.ch/foen/gefahren-waldbrand-warnung/region/__iri__":"https://ld.admin.ch/dimension/bgdi/biota/forestfirewarningregions/1602","https://environment.ld.admin.ch/foen/gefahren-waldbrand-warnung/region":"Gaster (SG)","https://environment.ld.admin.ch/foen/gefahren-waldbrand-warnung/level":"low danger","http://schema.org/validFrom":"2024-05-01T12:00:49+02:00","https://environment.ld.admin.ch/foen/gefahren-waldbrand-warnung/canton":"St Gallen"},{"https://environment.ld.admin.ch/foen/gefahren-waldbrand-warnung/region/__iri__":"https://ld.admin.ch/dimension/bgdi/biota/forestfirewarningregions/340","https://environment.ld.admin.ch/foen/gefahren-waldbrand-warnung/region":"Region Gantrisch (BE)","https://environment.ld.admin.ch/foen/gefahren-waldbrand-warnung/level":"low danger","http://schema.org/validFrom":"2024-04-18T12:03:58+02:00","https://environment.ld.admin.ch/foen/gefahren-waldbrand-warnung/canton":"Bern"},{"https://environment.ld.admin.ch/foen/gefahren-waldbrand-warnung/region/__iri__":"https://ld.admin.ch/dimension/bgdi/biota/forestfirewarningregions/312","https://environment.ld.admin.ch/foen/gefahren-waldbrand-warnung/region":"Nördlich Thunersee (BE)","https://environment.ld.admin.ch/foen/gefahren-waldbrand-warnung/level":"low danger","http://schema.org/validFrom":"2024-05-02T12:08:47+02:00","https://environment.ld.admin.ch/foen/gefahren-waldbrand-warnung/canton":"Bern"},{"https://environment.ld.admin.ch/foen/gefahren-waldbrand-warnung/region/__iri__":"https://ld.admin.ch/dimension/bgdi/biota/forestfirewarningregions/1003","https://environment.ld.admin.ch/foen/gefahren-waldbrand-warnung/region":"Schanfigg (GR)","https://environment.ld.admin.ch/foen/gefahren-waldbrand-warnung/level":"low danger","http://schema.org/validFrom":"2024-05-21T12:02:35+02:00","https://environment.ld.admin.ch/foen/gefahren-waldbrand-warnung/canton":"Grisons"},{"https://environment.ld.admin.ch/foen/gefahren-waldbrand-warnung/region/__iri__":"https://ld.admin.ch/dimension/bgdi/biota/forestfirewarningregions/325","https://environment.ld.admin.ch/foen/gefahren-waldbrand-warnung/region":"Sensenlauf (BE)","https://environment.ld.admin.ch/foen/gefahren-waldbrand-warnung/level":"low danger","http://schema.org/validFrom":"2024-05-01T12:00:49+02:00","https://environment.ld.admin.ch/foen/gefahren-waldbrand-warnung/canton":"Bern"},{"https://environment.ld.admin.ch/foen/gefahren-waldbrand-warnung/region/__iri__":"https://ld.admin.ch/dimension/bgdi/biota/forestfirewarningregions/2422","https://environment.ld.admin.ch/foen/gefahren-waldbrand-warnung/region":"Aletsch (VS)","https://environment.ld.admin.ch/foen/gefahren-waldbrand-warnung/level":"low danger","http://schema.org/validFrom":"2024-02-22T12:08:45+01:00","https://environment.ld.admin.ch/foen/gefahren-waldbrand-warnung/canton":"Valais"},{"https://environment.ld.admin.ch/foen/gefahren-waldbrand-warnung/region/__iri__":"https://ld.admin.ch/dimension/bgdi/biota/forestfirewarningregions/1016","https://environment.ld.admin.ch/foen/gefahren-waldbrand-warnung/region":"Bergell / Bregaglia (GR)","https://environment.ld.admin.ch/foen/gefahren-waldbrand-warnung/level":"low danger","http://schema.org/validFrom":"2024-05-07T12:05:54+02:00","https://environment.ld.admin.ch/foen/gefahren-waldbrand-warnung/canton":"Grisons"},{"https://environment.ld.admin.ch/foen/gefahren-waldbrand-warnung/region/__iri__":"https://ld.admin.ch/dimension/bgdi/biota/forestfirewarningregions/2102","https://environment.ld.admin.ch/foen/gefahren-waldbrand-warnung/region":"Sottoceneri (TI)","https://environment.ld.admin.ch/foen/gefahren-waldbrand-warnung/level":"low danger","http://schema.org/validFrom":"2024-05-13T12:05:11+02:00","https://environment.ld.admin.ch/foen/gefahren-waldbrand-warnung/canton":"Ticino"},{"https://environment.ld.admin.ch/foen/gefahren-waldbrand-warnung/region/__iri__":"https://ld.admin.ch/dimension/bgdi/biota/forestfirewarningregions/1901","https://environment.ld.admin.ch/foen/gefahren-waldbrand-warnung/region":"Canton of Thurgau","https://environment.ld.admin.ch/foen/gefahren-waldbrand-warnung/level":"low danger","http://schema.org/validFrom":"2024-05-01T12:00:49+02:00","https://environment.ld.admin.ch/foen/gefahren-waldbrand-warnung/canton":"Thurgau"},{"https://environment.ld.admin.ch/foen/gefahren-waldbrand-warnung/region/__iri__":"https://ld.admin.ch/dimension/bgdi/biota/forestfirewarningregions/338","https://environment.ld.admin.ch/foen/gefahren-waldbrand-warnung/region":"Region Biel/Bienne (BE)","https://environment.ld.admin.ch/foen/gefahren-waldbrand-warnung/level":"low danger","http://schema.org/validFrom":"2024-05-01T12:00:49+02:00","https://environment.ld.admin.ch/foen/gefahren-waldbrand-warnung/canton":"Bern"},{"https://environment.ld.admin.ch/foen/gefahren-waldbrand-warnung/region/__iri__":"https://ld.admin.ch/dimension/bgdi/biota/forestfirewarningregions/2435","https://environment.ld.admin.ch/foen/gefahren-waldbrand-warnung/region":"Fully (VS)","https://environment.ld.admin.ch/foen/gefahren-waldbrand-warnung/level":"low danger","http://schema.org/validFrom":"2024-01-30T12:15:54+01:00","https://environment.ld.admin.ch/foen/gefahren-waldbrand-warnung/canton":"Valais"},{"https://environment.ld.admin.ch/foen/gefahren-waldbrand-warnung/region/__iri__":"https://ld.admin.ch/dimension/bgdi/biota/forestfirewarningregions/1801","https://environment.ld.admin.ch/foen/gefahren-waldbrand-warnung/region":"Olten - Mittelland (SO)","https://environment.ld.admin.ch/foen/gefahren-waldbrand-warnung/level":"low danger","http://schema.org/validFrom":"2024-05-01T12:00:49+02:00","https://environment.ld.admin.ch/foen/gefahren-waldbrand-warnung/canton":"Solothurn"},{"https://environment.ld.admin.ch/foen/gefahren-waldbrand-warnung/region/__iri__":"https://ld.admin.ch/dimension/bgdi/biota/forestfirewarningregions/1302","https://environment.ld.admin.ch/foen/gefahren-waldbrand-warnung/region":"Val-de-Ruz (NE)","https://environment.ld.admin.ch/foen/gefahren-waldbrand-warnung/level":"low danger","http://schema.org/validFrom":"2024-04-16T12:01:14+02:00","https://environment.ld.admin.ch/foen/gefahren-waldbrand-warnung/canton":"Neuchâtel"},{"https://environment.ld.admin.ch/foen/gefahren-waldbrand-warnung/region/__iri__":"https://ld.admin.ch/dimension/bgdi/biota/forestfirewarningregions/1010","https://environment.ld.admin.ch/foen/gefahren-waldbrand-warnung/region":"Moesano (GR)","https://environment.ld.admin.ch/foen/gefahren-waldbrand-warnung/level":"low danger","http://schema.org/validFrom":"2024-05-15T12:01:06+02:00","https://environment.ld.admin.ch/foen/gefahren-waldbrand-warnung/canton":"Grisons"},{"https://environment.ld.admin.ch/foen/gefahren-waldbrand-warnung/region/__iri__":"https://ld.admin.ch/dimension/bgdi/biota/forestfirewarningregions/1607","https://environment.ld.admin.ch/foen/gefahren-waldbrand-warnung/region":"Sargans (SG)","https://environment.ld.admin.ch/foen/gefahren-waldbrand-warnung/level":"low danger","http://schema.org/validFrom":"2024-03-28T12:03:09+01:00","https://environment.ld.admin.ch/foen/gefahren-waldbrand-warnung/canton":"St Gallen"},{"https://environment.ld.admin.ch/foen/gefahren-waldbrand-warnung/region/__iri__":"https://ld.admin.ch/dimension/bgdi/biota/forestfirewarningregions/332","https://environment.ld.admin.ch/foen/gefahren-waldbrand-warnung/region":"Kiesental (BE)","https://environment.ld.admin.ch/foen/gefahren-waldbrand-warnung/level":"low danger","http://schema.org/validFrom":"2024-04-18T12:03:58+02:00","https://environment.ld.admin.ch/foen/gefahren-waldbrand-warnung/canton":"Bern"},{"https://environment.ld.admin.ch/foen/gefahren-waldbrand-warnung/region/__iri__":"https://ld.admin.ch/dimension/bgdi/biota/forestfirewarningregions/304","https://environment.ld.admin.ch/foen/gefahren-waldbrand-warnung/region":"Lauterbrunnen (BE)","https://environment.ld.admin.ch/foen/gefahren-waldbrand-warnung/level":"low danger","http://schema.org/validFrom":"2024-05-02T12:08:47+02:00","https://environment.ld.admin.ch/foen/gefahren-waldbrand-warnung/canton":"Bern"},{"https://environment.ld.admin.ch/foen/gefahren-waldbrand-warnung/region/__iri__":"https://ld.admin.ch/dimension/bgdi/biota/forestfirewarningregions/345","https://environment.ld.admin.ch/foen/gefahren-waldbrand-warnung/region":"Meiringen Sonnseite  (BE)","https://environment.ld.admin.ch/foen/gefahren-waldbrand-warnung/level":"low danger","http://schema.org/validFrom":"2024-05-02T12:08:47+02:00","https://environment.ld.admin.ch/foen/gefahren-waldbrand-warnung/canton":"Bern"},{"https://environment.ld.admin.ch/foen/gefahren-waldbrand-warnung/region/__iri__":"https://ld.admin.ch/dimension/bgdi/biota/forestfirewarningregions/2442","https://environment.ld.admin.ch/foen/gefahren-waldbrand-warnung/region":"Chablais (VS)","https://environment.ld.admin.ch/foen/gefahren-waldbrand-warnung/level":"low danger","http://schema.org/validFrom":"2023-10-27T12:12:09+02:00","https://environment.ld.admin.ch/foen/gefahren-waldbrand-warnung/canton":"Valais"},{"https://environment.ld.admin.ch/foen/gefahren-waldbrand-warnung/region/__iri__":"https://ld.admin.ch/dimension/bgdi/biota/forestfirewarningregions/317","https://environment.ld.admin.ch/foen/gefahren-waldbrand-warnung/region":"Meiringen Schattseite  (BE)","https://environment.ld.admin.ch/foen/gefahren-waldbrand-warnung/level":"low danger","http://schema.org/validFrom":"2024-05-02T12:08:47+02:00","https://environment.ld.admin.ch/foen/gefahren-waldbrand-warnung/canton":"Bern"},{"https://environment.ld.admin.ch/foen/gefahren-waldbrand-warnung/region/__iri__":"https://ld.admin.ch/dimension/bgdi/biota/forestfirewarningregions/1008","https://environment.ld.admin.ch/foen/gefahren-waldbrand-warnung/region":"Bergün Filisur (GR)","https://environment.ld.admin.ch/foen/gefahren-waldbrand-warnung/level":"low danger","http://schema.org/validFrom":"2024-04-22T12:21:18+02:00","https://environment.ld.admin.ch/foen/gefahren-waldbrand-warnung/canton":"Grisons"},{"https://environment.ld.admin.ch/foen/gefahren-waldbrand-warnung/region/__iri__":"https://ld.admin.ch/dimension/bgdi/biota/forestfirewarningregions/2427","https://environment.ld.admin.ch/foen/gefahren-waldbrand-warnung/region":"Nikolai (VS)","https://environment.ld.admin.ch/foen/gefahren-waldbrand-warnung/level":"low danger","http://schema.org/validFrom":"2024-02-22T12:08:45+01:00","https://environment.ld.admin.ch/foen/gefahren-waldbrand-warnung/canton":"Valais"},{"https://environment.ld.admin.ch/foen/gefahren-waldbrand-warnung/region/__iri__":"https://ld.admin.ch/dimension/bgdi/biota/forestfirewarningregions/703","https://environment.ld.admin.ch/foen/gefahren-waldbrand-warnung/region":"Haute Singine (FR)","https://environment.ld.admin.ch/foen/gefahren-waldbrand-warnung/level":"low danger","http://schema.org/validFrom":"2024-04-08T12:07:18+02:00","https://environment.ld.admin.ch/foen/gefahren-waldbrand-warnung/canton":"Fribourg"},{"https://environment.ld.admin.ch/foen/gefahren-waldbrand-warnung/region/__iri__":"https://ld.admin.ch/dimension/bgdi/biota/forestfirewarningregions/2301","https://environment.ld.admin.ch/foen/gefahren-waldbrand-warnung/region":"Plateau vaudois (VD)","https://environment.ld.admin.ch/foen/gefahren-waldbrand-warnung/level":"low danger","http://schema.org/validFrom":"2024-04-15T12:00:46+02:00","https://environment.ld.admin.ch/foen/gefahren-waldbrand-warnung/canton":"Vaud"},{"https://environment.ld.admin.ch/foen/gefahren-waldbrand-warnung/region/__iri__":"https://ld.admin.ch/dimension/bgdi/biota/forestfirewarningregions/2441","https://environment.ld.admin.ch/foen/gefahren-waldbrand-warnung/region":"Val d'Illiez (VS)","https://environment.ld.admin.ch/foen/gefahren-waldbrand-warnung/level":"low danger","http://schema.org/validFrom":"2023-10-27T12:12:09+02:00","https://environment.ld.admin.ch/foen/gefahren-waldbrand-warnung/canton":"Valais"},{"https://environment.ld.admin.ch/foen/gefahren-waldbrand-warnung/region/__iri__":"https://ld.admin.ch/dimension/bgdi/biota/forestfirewarningregions/337","https://environment.ld.admin.ch/foen/gefahren-waldbrand-warnung/region":"Rüti/ Büren (BE)","https://environment.ld.admin.ch/foen/gefahren-waldbrand-warnung/level":"low danger","http://schema.org/validFrom":"2024-05-01T12:00:49+02:00","https://environment.ld.admin.ch/foen/gefahren-waldbrand-warnung/canton":"Bern"},{"https://environment.ld.admin.ch/foen/gefahren-waldbrand-warnung/region/__iri__":"https://ld.admin.ch/dimension/bgdi/biota/forestfirewarningregions/329","https://environment.ld.admin.ch/foen/gefahren-waldbrand-warnung/region":"Oberaargau Nord (BE)","https://environment.ld.admin.ch/foen/gefahren-waldbrand-warnung/level":"low danger","http://schema.org/validFrom":"2024-05-01T12:00:49+02:00","https://environment.ld.admin.ch/foen/gefahren-waldbrand-warnung/canton":"Bern"},{"https://environment.ld.admin.ch/foen/gefahren-waldbrand-warnung/region/__iri__":"https://ld.admin.ch/dimension/bgdi/biota/forestfirewarningregions/309","https://environment.ld.admin.ch/foen/gefahren-waldbrand-warnung/region":"Entschligental (BE)","https://environment.ld.admin.ch/foen/gefahren-waldbrand-warnung/level":"low danger","http://schema.org/validFrom":"2024-05-02T12:08:47+02:00","https://environment.ld.admin.ch/foen/gefahren-waldbrand-warnung/canton":"Bern"},{"https://environment.ld.admin.ch/foen/gefahren-waldbrand-warnung/region/__iri__":"https://ld.admin.ch/dimension/bgdi/biota/forestfirewarningregions/310","https://environment.ld.admin.ch/foen/gefahren-waldbrand-warnung/region":"Region Zweisimmen (BE)","https://environment.ld.admin.ch/foen/gefahren-waldbrand-warnung/level":"low danger","http://schema.org/validFrom":"2024-05-02T12:08:47+02:00","https://environment.ld.admin.ch/foen/gefahren-waldbrand-warnung/canton":"Bern"},{"https://environment.ld.admin.ch/foen/gefahren-waldbrand-warnung/region/__iri__":"https://ld.admin.ch/dimension/bgdi/biota/forestfirewarningregions/2600","https://environment.ld.admin.ch/foen/gefahren-waldbrand-warnung/region":"Canton of Zurich","https://environment.ld.admin.ch/foen/gefahren-waldbrand-warnung/level":"low danger","http://schema.org/validFrom":"2024-05-01T12:00:49+02:00","https://environment.ld.admin.ch/foen/gefahren-waldbrand-warnung/canton":"Zurich"},{"https://environment.ld.admin.ch/foen/gefahren-waldbrand-warnung/region/__iri__":"https://ld.admin.ch/dimension/bgdi/biota/forestfirewarningregions/1001","https://environment.ld.admin.ch/foen/gefahren-waldbrand-warnung/region":"Prättigau (GR)","https://environment.ld.admin.ch/foen/gefahren-waldbrand-warnung/level":"low danger","http://schema.org/validFrom":"2024-05-21T12:02:35+02:00","https://environment.ld.admin.ch/foen/gefahren-waldbrand-warnung/canton":"Grisons"},{"https://environment.ld.admin.ch/foen/gefahren-waldbrand-warnung/region/__iri__":"https://ld.admin.ch/dimension/bgdi/biota/forestfirewarningregions/1600","https://environment.ld.admin.ch/foen/gefahren-waldbrand-warnung/region":"Wil (SG)","https://environment.ld.admin.ch/foen/gefahren-waldbrand-warnung/level":"low danger","http://schema.org/validFrom":"2024-05-01T12:00:49+02:00","https://environment.ld.admin.ch/foen/gefahren-waldbrand-warnung/canton":"St Gallen"},{"https://environment.ld.admin.ch/foen/gefahren-waldbrand-warnung/region/__iri__":"https://ld.admin.ch/dimension/bgdi/biota/forestfirewarningregions/331","https://environment.ld.admin.ch/foen/gefahren-waldbrand-warnung/region":"Südlich Thunersee (BE)","https://environment.ld.admin.ch/foen/gefahren-waldbrand-warnung/level":"low danger","http://schema.org/validFrom":"2024-05-02T12:08:47+02:00","https://environment.ld.admin.ch/foen/gefahren-waldbrand-warnung/canton":"Bern"},{"https://environment.ld.admin.ch/foen/gefahren-waldbrand-warnung/region/__iri__":"https://ld.admin.ch/dimension/bgdi/biota/forestfirewarningregions/2200","https://environment.ld.admin.ch/foen/gefahren-waldbrand-warnung/region":"Canton of Uri","https://environment.ld.admin.ch/foen/gefahren-waldbrand-warnung/level":"low danger","http://schema.org/validFrom":"2023-10-23T12:08:10+02:00","https://environment.ld.admin.ch/foen/gefahren-waldbrand-warnung/canton":"Uri"},{"https://environment.ld.admin.ch/foen/gefahren-waldbrand-warnung/region/__iri__":"https://ld.admin.ch/dimension/bgdi/biota/forestfirewarningregions/303","https://environment.ld.admin.ch/foen/gefahren-waldbrand-warnung/region":"Grindelwald (BE)","https://environment.ld.admin.ch/foen/gefahren-waldbrand-warnung/level":"low danger","http://schema.org/validFrom":"2024-05-02T12:08:47+02:00","https://environment.ld.admin.ch/foen/gefahren-waldbrand-warnung/canton":"Bern"},{"https://environment.ld.admin.ch/foen/gefahren-waldbrand-warnung/region/__iri__":"https://ld.admin.ch/dimension/bgdi/biota/forestfirewarningregions/316","https://environment.ld.admin.ch/foen/gefahren-waldbrand-warnung/region":"Niedersimmental (BE)","https://environment.ld.admin.ch/foen/gefahren-waldbrand-warnung/level":"low danger","http://schema.org/validFrom":"2024-05-02T12:08:47+02:00","https://environment.ld.admin.ch/foen/gefahren-waldbrand-warnung/canton":"Bern"},{"https://environment.ld.admin.ch/foen/gefahren-waldbrand-warnung/region/__iri__":"https://ld.admin.ch/dimension/bgdi/biota/forestfirewarningregions/1700","https://environment.ld.admin.ch/foen/gefahren-waldbrand-warnung/region":"Canton of Schaffhausen","https://environment.ld.admin.ch/foen/gefahren-waldbrand-warnung/level":"low danger","http://schema.org/validFrom":"2024-05-01T12:00:49+02:00","https://environment.ld.admin.ch/foen/gefahren-waldbrand-warnung/canton":"Schaffhausen"},{"https://environment.ld.admin.ch/foen/gefahren-waldbrand-warnung/region/__iri__":"https://ld.admin.ch/dimension/bgdi/biota/forestfirewarningregions/2439","https://environment.ld.admin.ch/foen/gefahren-waldbrand-warnung/region":"Arpille (VS)","https://environment.ld.admin.ch/foen/gefahren-waldbrand-warnung/level":"low danger","http://schema.org/validFrom":"2024-01-30T12:15:54+01:00","https://environment.ld.admin.ch/foen/gefahren-waldbrand-warnung/canton":"Valais"},{"https://environment.ld.admin.ch/foen/gefahren-waldbrand-warnung/region/__iri__":"https://ld.admin.ch/dimension/bgdi/biota/forestfirewarningregions/11","https://environment.ld.admin.ch/foen/gefahren-waldbrand-warnung/region":"Canton of Aargau","https://environment.ld.admin.ch/foen/gefahren-waldbrand-warnung/level":"low danger","http://schema.org/validFrom":"2024-05-01T12:00:49+02:00","https://environment.ld.admin.ch/foen/gefahren-waldbrand-warnung/canton":"Aargau"},{"https://environment.ld.admin.ch/foen/gefahren-waldbrand-warnung/region/__iri__":"https://ld.admin.ch/dimension/bgdi/biota/forestfirewarningregions/702","https://environment.ld.admin.ch/foen/gefahren-waldbrand-warnung/region":"Basse Gruyère (FR)","https://environment.ld.admin.ch/foen/gefahren-waldbrand-warnung/level":"low danger","http://schema.org/validFrom":"2023-10-19T12:51:13+02:00","https://environment.ld.admin.ch/foen/gefahren-waldbrand-warnung/canton":"Fribourg"},{"https://environment.ld.admin.ch/foen/gefahren-waldbrand-warnung/region/__iri__":"https://ld.admin.ch/dimension/bgdi/biota/forestfirewarningregions/1800","https://environment.ld.admin.ch/foen/gefahren-waldbrand-warnung/region":"Solothurn - Mittelland (SO)","https://environment.ld.admin.ch/foen/gefahren-waldbrand-warnung/level":"low danger","http://schema.org/validFrom":"2024-05-01T12:00:49+02:00","https://environment.ld.admin.ch/foen/gefahren-waldbrand-warnung/canton":"Solothurn"},{"https://environment.ld.admin.ch/foen/gefahren-waldbrand-warnung/region/__iri__":"https://ld.admin.ch/dimension/bgdi/biota/forestfirewarningregions/1102","https://environment.ld.admin.ch/foen/gefahren-waldbrand-warnung/region":"Delémont (JU)","https://environment.ld.admin.ch/foen/gefahren-waldbrand-warnung/level":"low danger","http://schema.org/validFrom":"2024-04-18T12:03:58+02:00","https://environment.ld.admin.ch/foen/gefahren-waldbrand-warnung/canton":"Jura"},{"https://environment.ld.admin.ch/foen/gefahren-waldbrand-warnung/region/__iri__":"https://ld.admin.ch/dimension/bgdi/biota/forestfirewarningregions/1500","https://environment.ld.admin.ch/foen/gefahren-waldbrand-warnung/region":"Obwalden","https://environment.ld.admin.ch/foen/gefahren-waldbrand-warnung/level":"low danger","http://schema.org/validFrom":"2023-10-23T12:08:10+02:00","https://environment.ld.admin.ch/foen/gefahren-waldbrand-warnung/canton":"Obwalden"},{"https://environment.ld.admin.ch/foen/gefahren-waldbrand-warnung/region/__iri__":"https://ld.admin.ch/dimension/bgdi/biota/forestfirewarningregions/2421","https://environment.ld.admin.ch/foen/gefahren-waldbrand-warnung/region":"Binn (VS)","https://environment.ld.admin.ch/foen/gefahren-waldbrand-warnung/level":"low danger","http://schema.org/validFrom":"2024-02-07T12:04:50+01:00","https://environment.ld.admin.ch/foen/gefahren-waldbrand-warnung/canton":"Valais"},{"https://environment.ld.admin.ch/foen/gefahren-waldbrand-warnung/region/__iri__":"https://ld.admin.ch/dimension/bgdi/biota/forestfirewarningregions/1900","https://environment.ld.admin.ch/foen/gefahren-waldbrand-warnung/region":"Canton of Schwyz","https://environment.ld.admin.ch/foen/gefahren-waldbrand-warnung/level":"low danger","http://schema.org/validFrom":"2023-10-23T12:08:10+02:00","https://environment.ld.admin.ch/foen/gefahren-waldbrand-warnung/canton":"Schwyz"},{"https://environment.ld.admin.ch/foen/gefahren-waldbrand-warnung/region/__iri__":"https://ld.admin.ch/dimension/bgdi/biota/forestfirewarningregions/2434","https://environment.ld.admin.ch/foen/gefahren-waldbrand-warnung/region":"Evolène (VS)","https://environment.ld.admin.ch/foen/gefahren-waldbrand-warnung/level":"low danger","http://schema.org/validFrom":"2023-10-27T12:12:09+02:00","https://environment.ld.admin.ch/foen/gefahren-waldbrand-warnung/canton":"Valais"},{"https://environment.ld.admin.ch/foen/gefahren-waldbrand-warnung/region/__iri__":"https://ld.admin.ch/dimension/bgdi/biota/forestfirewarningregions/2426","https://environment.ld.admin.ch/foen/gefahren-waldbrand-warnung/region":"Saas (VS)","https://environment.ld.admin.ch/foen/gefahren-waldbrand-warnung/level":"low danger","http://schema.org/validFrom":"2024-02-22T12:08:45+01:00","https://environment.ld.admin.ch/foen/gefahren-waldbrand-warnung/canton":"Valais"},{"https://environment.ld.admin.ch/foen/gefahren-waldbrand-warnung/region/__iri__":"https://ld.admin.ch/dimension/bgdi/biota/forestfirewarningregions/1101","https://environment.ld.admin.ch/foen/gefahren-waldbrand-warnung/region":"Franches-Montagnes (JU)","https://environment.ld.admin.ch/foen/gefahren-waldbrand-warnung/level":"low danger","http://schema.org/validFrom":"2024-04-18T12:03:58+02:00","https://environment.ld.admin.ch/foen/gefahren-waldbrand-warnung/canton":"Jura"},{"https://environment.ld.admin.ch/foen/gefahren-waldbrand-warnung/region/__iri__":"https://ld.admin.ch/dimension/bgdi/biota/forestfirewarningregions/2101","https://environment.ld.admin.ch/foen/gefahren-waldbrand-warnung/region":"Central Ticino (TI)","https://environment.ld.admin.ch/foen/gefahren-waldbrand-warnung/level":"low danger","http://schema.org/validFrom":"2024-06-04T13:07:33+02:00","https://environment.ld.admin.ch/foen/gefahren-waldbrand-warnung/canton":"Ticino"},{"https://environment.ld.admin.ch/foen/gefahren-waldbrand-warnung/region/__iri__":"https://ld.admin.ch/dimension/bgdi/biota/forestfirewarningregions/2300","https://environment.ld.admin.ch/foen/gefahren-waldbrand-warnung/region":"Jura - Côte (VD)","https://environment.ld.admin.ch/foen/gefahren-waldbrand-warnung/level":"low danger","http://schema.org/validFrom":"2024-04-15T12:00:46+02:00","https://environment.ld.admin.ch/foen/gefahren-waldbrand-warnung/canton":"Vaud"},{"https://environment.ld.admin.ch/foen/gefahren-waldbrand-warnung/region/__iri__":"https://ld.admin.ch/dimension/bgdi/biota/forestfirewarningregions/311","https://environment.ld.admin.ch/foen/gefahren-waldbrand-warnung/region":"Schwarzenburg/ Längenberg (BE)","https://environment.ld.admin.ch/foen/gefahren-waldbrand-warnung/level":"low danger","http://schema.org/validFrom":"2024-04-18T12:03:58+02:00","https://environment.ld.admin.ch/foen/gefahren-waldbrand-warnung/canton":"Bern"},{"https://environment.ld.admin.ch/foen/gefahren-waldbrand-warnung/region/__iri__":"https://ld.admin.ch/dimension/bgdi/biota/forestfirewarningregions/1002","https://environment.ld.admin.ch/foen/gefahren-waldbrand-warnung/region":"Tavau - Klosters (GR)","https://environment.ld.admin.ch/foen/gefahren-waldbrand-warnung/level":"low danger","http://schema.org/validFrom":"2024-04-19T12:00:45+02:00","https://environment.ld.admin.ch/foen/gefahren-waldbrand-warnung/canton":"Grisons"},{"https://environment.ld.admin.ch/foen/gefahren-waldbrand-warnung/region/__iri__":"https://ld.admin.ch/dimension/bgdi/biota/forestfirewarningregions/344","https://environment.ld.admin.ch/foen/gefahren-waldbrand-warnung/region":"Innertkirchen/ Urbachtal (BE)","https://environment.ld.admin.ch/foen/gefahren-waldbrand-warnung/level":"low danger","http://schema.org/validFrom":"2024-05-02T12:08:47+02:00","https://environment.ld.admin.ch/foen/gefahren-waldbrand-warnung/canton":"Bern"},{"https://environment.ld.admin.ch/foen/gefahren-waldbrand-warnung/region/__iri__":"https://ld.admin.ch/dimension/bgdi/biota/forestfirewarningregions/324","https://environment.ld.admin.ch/foen/gefahren-waldbrand-warnung/region":"Plateau de Diesse (BE)","https://environment.ld.admin.ch/foen/gefahren-waldbrand-warnung/level":"low danger","http://schema.org/validFrom":"2024-04-18T12:03:58+02:00","https://environment.ld.admin.ch/foen/gefahren-waldbrand-warnung/canton":"Bern"},{"https://environment.ld.admin.ch/foen/gefahren-waldbrand-warnung/region/__iri__":"https://ld.admin.ch/dimension/bgdi/biota/forestfirewarningregions/1601","https://environment.ld.admin.ch/foen/gefahren-waldbrand-warnung/region":"Alttoggenburg (SG)","https://environment.ld.admin.ch/foen/gefahren-waldbrand-warnung/level":"low danger","http://schema.org/validFrom":"2024-05-01T12:00:49+02:00","https://environment.ld.admin.ch/foen/gefahren-waldbrand-warnung/canton":"St Gallen"},{"https://environment.ld.admin.ch/foen/gefahren-waldbrand-warnung/region/__iri__":"https://ld.admin.ch/dimension/bgdi/biota/forestfirewarningregions/1015","https://environment.ld.admin.ch/foen/gefahren-waldbrand-warnung/region":"Engiadina Ota / Oberengadin (GR)","https://environment.ld.admin.ch/foen/gefahren-waldbrand-warnung/level":"low danger","http://schema.org/validFrom":"2023-10-23T12:08:10+02:00","https://environment.ld.admin.ch/foen/gefahren-waldbrand-warnung/canton":"Grisons"},{"https://environment.ld.admin.ch/foen/gefahren-waldbrand-warnung/region/__iri__":"https://ld.admin.ch/dimension/bgdi/biota/forestfirewarningregions/1301","https://environment.ld.admin.ch/foen/gefahren-waldbrand-warnung/region":"Neuchâtel mountains (NE)","https://environment.ld.admin.ch/foen/gefahren-waldbrand-warnung/level":"low danger","http://schema.org/validFrom":"2024-04-16T12:01:14+02:00","https://environment.ld.admin.ch/foen/gefahren-waldbrand-warnung/canton":"Neuchâtel"},{"https://environment.ld.admin.ch/foen/gefahren-waldbrand-warnung/region/__iri__":"https://ld.admin.ch/dimension/bgdi/biota/forestfirewarningregions/1606","https://environment.ld.admin.ch/foen/gefahren-waldbrand-warnung/region":"Werdenberg (SG)","https://environment.ld.admin.ch/foen/gefahren-waldbrand-warnung/level":"low danger","http://schema.org/validFrom":"2024-05-01T12:00:49+02:00","https://environment.ld.admin.ch/foen/gefahren-waldbrand-warnung/canton":"St Gallen"},{"https://environment.ld.admin.ch/foen/gefahren-waldbrand-warnung/region/__iri__":"https://ld.admin.ch/dimension/bgdi/biota/forestfirewarningregions/1007","https://environment.ld.admin.ch/foen/gefahren-waldbrand-warnung/region":"Surses (GR)","https://environment.ld.admin.ch/foen/gefahren-waldbrand-warnung/level":"low danger","http://schema.org/validFrom":"2024-05-21T12:02:35+02:00","https://environment.ld.admin.ch/foen/gefahren-waldbrand-warnung/canton":"Grisons"},{"https://environment.ld.admin.ch/foen/gefahren-waldbrand-warnung/region/__iri__":"https://ld.admin.ch/dimension/bgdi/biota/forestfirewarningregions/2500","https://environment.ld.admin.ch/foen/gefahren-waldbrand-warnung/region":"Canton of Zug","https://environment.ld.admin.ch/foen/gefahren-waldbrand-warnung/level":"low danger","http://schema.org/validFrom":"2023-10-23T12:08:10+02:00","https://environment.ld.admin.ch/foen/gefahren-waldbrand-warnung/canton":"Zug"}],"sparqlEditorUrl":"https://lindas-cached.cluster.ldbar.ch/sparql#query=SELECT%20%3Fdimension0%20%3Fdimension1%20%3Fdimension2%20%3Fdimension3%20%3Fdimension4%20%3Fdimension5%20%3Fdimension6%20WHERE%20%7B%0A%20%20%3Chttps%3A%2F%2Fenvironment.ld.admin.ch%2Ffoen%2Fgefahren-waldbrand-warnung%2F1%3E%20%3Chttps%3A%2F%2Fcube.link%2FobservationSet%3E%20%3FobservationSet0%20.%0A%20%20%3FobservationSet0%20%3Chttps%3A%2F%2Fcube.link%2Fobservation%3E%20%3Fsource0%20.%0A%20%20%3Fsource0%20%3Chttps%3A%2F%2Fenvironment.ld.admin.ch%2Ffoen%2Fgefahren-waldbrand-warnung%2Fregion%3E%20%3Fdimension0%20.%0A%20%20%3Fsource0%20%3Chttps%3A%2F%2Fenvironment.ld.admin.ch%2Ffoen%2Fgefahren-waldbrand-warnung%2Flevel%3E%20%3Fdimension1%20.%0A%20%20%3Fsource0%20%3Chttp%3A%2F%2Fschema.org%2FvalidFrom%3E%20%3Fdimension2%20.%0A%20%20%3Fsource0%20%3Chttps%3A%2F%2Fenvironment.ld.admin.ch%2Ffoen%2Fgefahren-waldbrand-warnung%2Fcanton%3E%20%3Fdimension3%20.%0A%20%20OPTIONAL%20%7B%0A%20%20%20%20%3Fdimension0%20%3Chttp%3A%2F%2Fschema.org%2Fname%3E%20%3Fdimension4_0%20.%0A%20%20%20%20FILTER%20(%0A%20%20%20%20%20%20LANGMATCHES(LANG(%3Fdimension4_0)%2C%20%22en%22)%0A%20%20%20%20)%0A%20%20%7D%0A%20%20OPTIONAL%20%7B%0A%20%20%20%20%3Fdimension0%20%3Chttp%3A%2F%2Fschema.org%2Fname%3E%20%3Fdimension4_1%20.%0A%20%20%20%20FILTER%20(%0A%20%20%20%20%20%20LANGMATCHES(LANG(%3Fdimension4_1)%2C%20%22de%22)%0A%20%20%20%20)%0A%20%20%7D%0A%20%20OPTIONAL%20%7B%0A%20%20%20%20%3Fdimension0%20%3Chttp%3A%2F%2Fschema.org%2Fname%3E%20%3Fdimension4_2%20.%0A%20%20%20%20FILTER%20(%0A%20%20%20%20%20%20LANGMATCHES(LANG(%3Fdimension4_2)%2C%20%22fr%22)%0A%20%20%20%20)%0A%20%20%7D%0A%20%20OPTIONAL%20%7B%0A%20%20%20%20%3Fdimension0%20%3Chttp%3A%2F%2Fschema.org%2Fname%3E%20%3Fdimension4_3%20.%0A%20%20%20%20FILTER%20(%0A%20%20%20%20%20%20LANGMATCHES(LANG(%3Fdimension4_3)%2C%20%22it%22)%0A%20%20%20%20)%0A%20%20%7D%0A%20%20OPTIONAL%20%7B%0A%20%20%20%20%3Fdimension0%20%3Chttp%3A%2F%2Fschema.org%2Fname%3E%20%3Fdimension4_4%20.%0A%20%20%20%20FILTER%20(%0A%20%20%20%20%20%20(LANG(%3Fdimension4_4)%20%3D%20%22%22)%0A%20%20%20%20)%0A%20%20%7D%0A%20%20BIND(COALESCE(%3Fdimension4_0%2C%20%3Fdimension4_1%2C%20%3Fdimension4_2%2C%20%3Fdimension4_3%2C%20%3Fdimension4_4)%20AS%20%3Fdimension4)%0A%20%20OPTIONAL%20%7B%0A%20%20%20%20%3Fdimension1%20%3Chttp%3A%2F%2Fschema.org%2Fname%3E%20%3Fdimension5_0%20.%0A%20%20%20%20FILTER%20(%0A%20%20%20%20%20%20LANGMATCHES(LANG(%3Fdimension5_0)%2C%20%22en%22)%0A%20%20%20%20)%0A%20%20%7D%0A%20%20OPTIONAL%20%7B%0A%20%20%20%20%3Fdimension1%20%3Chttp%3A%2F%2Fschema.org%2Fname%3E%20%3Fdimension5_1%20.%0A%20%20%20%20FILTER%20(%0A%20%20%20%20%20%20LANGMATCHES(LANG(%3Fdimension5_1)%2C%20%22de%22)%0A%20%20%20%20)%0A%20%20%7D%0A%20%20OPTIONAL%20%7B%0A%20%20%20%20%3Fdimension1%20%3Chttp%3A%2F%2Fschema.org%2Fname%3E%20%3Fdimension5_2%20.%0A%20%20%20%20FILTER%20(%0A%20%20%20%20%20%20LANGMATCHES(LANG(%3Fdimension5_2)%2C%20%22fr%22)%0A%20%20%20%20)%0A%20%20%7D%0A%20%20OPTIONAL%20%7B%0A%20%20%20%20%3Fdimension1%20%3Chttp%3A%2F%2Fschema.org%2Fname%3E%20%3Fdimension5_3%20.%0A%20%20%20%20FILTER%20(%0A%20%20%20%20%20%20LANGMATCHES(LANG(%3Fdimension5_3)%2C%20%22it%22)%0A%20%20%20%20)%0A%20%20%7D%0A%20%20OPTIONAL%20%7B%0A%20%20%20%20%3Fdimension1%20%3Chttp%3A%2F%2Fschema.org%2Fname%3E%20%3Fdimension5_4%20.%0A%20%20%20%20FILTER%20(%0A%20%20%20%20%20%20(LANG(%3Fdimension5_4)%20%3D%20%22%22)%0A%20%20%20%20)%0A%20%20%7D%0A%20%20BIND(COALESCE(%3Fdimension5_0%2C%20%3Fdimension5_1%2C%20%3Fdimension5_2%2C%20%3Fdimension5_3%2C%20%3Fdimension5_4)%20AS%20%3Fdimension5)%0A%20%20OPTIONAL%20%7B%0A%20%20%20%20%3Fdimension3%20%3Chttp%3A%2F%2Fschema.org%2Fname%3E%20%3Fdimension6_0%20.%0A%20%20%20%20FILTER%20(%0A%20%20%20%20%20%20LANGMATCHES(LANG(%3Fdimension6_0)%2C%20%22en%22)%0A%20%20%20%20)%0A%20%20%7D%0A%20%20OPTIONAL%20%7B%0A%20%20%20%20%3Fdimension3%20%3Chttp%3A%2F%2Fschema.org%2Fname%3E%20%3Fdimension6_1%20.%0A%20%20%20%20FILTER%20(%0A%20%20%20%20%20%20LANGMATCHES(LANG(%3Fdimension6_1)%2C%20%22de%22)%0A%20%20%20%20)%0A%20%20%7D%0A%20%20OPTIONAL%20%7B%0A%20%20%20%20%3Fdimension3%20%3Chttp%3A%2F%2Fschema.org%2Fname%3E%20%3Fdimension6_2%20.%0A%20%20%20%20FILTER%20(%0A%20%20%20%20%20%20LANGMATCHES(LANG(%3Fdimension6_2)%2C%20%22fr%22)%0A%20%20%20%20)%0A%20%20%7D%0A%20%20OPTIONAL%20%7B%0A%20%20%20%20%3Fdimension3%20%3Chttp%3A%2F%2Fschema.org%2Fname%3E%20%3Fdimension6_3%20.%0A%20%20%20%20FILTER%20(%0A%20%20%20%20%20%20LANGMATCHES(LANG(%3Fdimension6_3)%2C%20%22it%22)%0A%20%20%20%20)%0A%20%20%7D%0A%20%20OPTIONAL%20%7B%0A%20%20%20%20%3Fdimension3%20%3Chttp%3A%2F%2Fschema.org%2Fname%3E%20%3Fdimension6_4%20.%0A%20%20%20%20FILTER%20(%0A%20%20%20%20%20%20(LANG(%3Fdimension6_4)%20%3D%20%22%22)%0A%20%20%20%20)%0A%20%20%7D%0A%20%20BIND(COALESCE(%3Fdimension6_0%2C%20%3Fdimension6_1%2C%20%3Fdimension6_2%2C%20%3Fdimension6_3%2C%20%3Fdimension6_4)%20AS%20%3Fdimension6)%0A%7D&requestMethod=POST"}}}
