{"query":"query DataCubeObservations($sourceType: String!, $sourceUrl: String!, $locale: String!, $cubeFilter: DataCubeObservationFilter!) {\n  dataCubeObservations(\n    sourceType: $sourceType\n    sourceUrl: $sourceUrl\n    locale: $locale\n    cubeFilter: $cubeFilter\n  )\n}\n","operationName":"DataCubeObservations","variables":{"locale":"en","sourceType":"sparql","sourceUrl":"https://lindas-cached.cluster.ldbar.ch/query","cubeFilter":{"iri":"https://environment.ld.admin.ch/foen/ubd000502/5","componentIris":["https://environment.ld.admin.ch/foen/ubd000502/gas","https://environment.ld.admin.ch/foen/ubd000502/jahr","https://environment.ld.admin.ch/foen/ubd000502/sektorid","https://environment.ld.admin.ch/foen/ubd000502/werte"],"filters":{"https://environment.ld.admin.ch/foen/ubd000502/sektorid":{"type":"single","value":"https://environment.ld.admin.ch/vocabulary/ghg_emission_sectors_co2_ordinance/1"},"https://environment.ld.admin.ch/foen/ubd000502/gas":{"type":"single","value":"https://ld.admin.ch/cube/dimension/testdimension/test1"}}}}}