{"data":{"dataCubeComponents":{"dimensions":[{"__typename":"TemporalDimension","timeFormat":"%Y","timeUnit":"Year","cubeIri":"https://environment.ld.admin.ch/foen/ubd000502/5","iri":"https://environment.ld.admin.ch/foen/ubd000502/jahr","label":"Year","scaleType":"Interval","dataType":"http://www.w3.org/2001/XMLSchema#gYear","order":1,"isNumerical":false,"isKeyDimension":true,"values":[],"related":[],"hierarchy":null},{"__typename":"NominalDimension","cubeIri":"https://environment.ld.admin.ch/foen/ubd000502/5","iri":"https://environment.ld.admin.ch/foen/ubd000502/hierachie","label":"Hierarchy","scaleType":"Nominal","dataType":"http://www.w3.org/2001/XMLSchema#string","order":2,"isNumerical":false,"isKeyDimension":false,"values":[],"related":[],"hierarchy":null},{"__typename":"NominalDimension","cubeIri":"https://environment.ld.admin.ch/foen/ubd000502/5","iri":"https://environment.ld.admin.ch/foen/ubd000502/sektorid","label":"Source of emission","scaleType":"Nominal","order":3,"isNumerical":false,"isKeyDimension":true,"values":[],"related":[],"hierarchy":null},{"__typename":"NominalDimension","cubeIri":"https://environment.ld.admin.ch/foen/ubd000502/5","iri":"https://environment.ld.admin.ch/foen/ubd000502/gas","label":"Greenhouse gas","scaleType":"Nominal","order":4,"isNumerical":false,"isKeyDimension":true,"values":[],"related":[],"hierarchy":null}],"measures":[{"__typename":"NumericalMeasure","isCurrency":false,"isDecimal":true,"cubeIri":"https://environment.ld.admin.ch/foen/ubd000502/5","iri":"https://environment.ld.admin.ch/foen/ubd000502/werte","label":"Emissions in CO₂ equivalents","unit":"Mt","scaleType":"Ratio","dataType":"http://www.w3.org/2001/XMLSchema#decimal","order":5,"isNumerical":true,"isKeyDimension":false,"values":[],"related":[]},{"__typename":"NumericalMeasure","isCurrency":false,"isDecimal":true,"cubeIri":"https://environment.ld.admin.ch/foen/ubd000502/5","iri":"https://environment.ld.admin.ch/foen/ubd000502/werteNichtGerundet","label":"Not rounded value","description":"Not rounded calculation value, for example for summation (the number of decimal places exceeds the actual exactness).","unit":"Mt","scaleType":"Ratio","dataType":"http://www.w3.org/2001/XMLSchema#decimal","order":6,"isNumerical":true,"isKeyDimension":false,"values":[],"related":[]}]}}}
