{"query":"query PossibleFilters($sourceType: String!, $sourceUrl: String!, $cubeFilter: DataCubePossibleFiltersCubeFilter!) {\n  possibleFilters(\n    sourceType: $sourceType\n    sourceUrl: $sourceUrl\n    cubeFilter: $cubeFilter\n  ) {\n    iri\n    type\n    value\n    __typename\n  }\n}\n","operationName":"PossibleFilters","variables":{"sourceType":"sparql","sourceUrl":"https://lindas-cached.cluster.ldbar.ch/query","cubeFilter":{"iri":"https://environment.ld.admin.ch/foen/gefahren-waldbrand-praeventionsmassnahmen-kantone/1","filters":{}},"filterKey":""}}