{"generator":"MapTiler Data","format":"pbf","tilejson":"2.1.0","version":"2.3","minzoom":0,"maxzoom":14,"vector_layers":[{"id":"contour","minzoom":9,"maxzoom":14,"description":"Contour lines with height and additional information for index line and glacier styling.","fields":{"height":"Elevation in meters (10m resolution globally, 5m resolution in specific areas).","glacier":"Marks whether a line intersects a glacier.","nth_line":"Marks every other, 2nd, 5th or 10th line."},"mvt_buffer":4096},{"id":"contour_ft","minzoom":9,"maxzoom":14,"description":"Contour lines with height in feet and additional information for index line and glacier styling.","fields":{"height":"Elevation in feet.","glacier":"Marks whether a line intersects a glacier.","nth_line":"Marks every other, 2nd, 5th or 10th line."},"mvt_buffer":4096}],"tilestats":{"languages":[],"layers":[{"layer":"contour","attributes":[{"attribute":"height","type":"Number","min":-420,"max":8730},{"attribute":"nth_line","type":"Number","values":[0,1,2,5,10]},{"attribute":"glacier","type":"Number","values":[1]}],"attributeCount":3,"geometry":"LineString"},{"layer":"contour_ft","attributes":[{"attribute":"height","type":"Number","min":-1400,"max":28640},{"attribute":"nth_line","type":"Number","values":[1,2,5,10]},{"attribute":"glacier","type":"Number","values":[1]}],"attributeCount":3,"geometry":"LineString"}],"layerCount":2},"attribution":"<a href=\"https://www.maptiler.com/copyright/\" target=\"_blank\">&copy; MapTiler</a> <a href=\"https://www.openstreetmap.org/copyright\" target=\"_blank\">&copy; OpenStreetMap contributors</a>","bounds":[-180,-66.513,180,74.01954331150226],"center":[8.4773,47.0879,10],"logo":"https://api.maptiler.com/resources/logo.svg","name":"Contours NoSwitzerland","crs":"EPSG:3857","crs_wkt":"PROJCS[\"WGS 84 / Pseudo-Mercator\",GEOGCS[\"WGS 84\",DATUM[\"WGS_1984\",SPHEROID[\"WGS 84\",6378137,298.257223563,AUTHORITY[\"EPSG\",\"7030\"]],AUTHORITY[\"EPSG\",\"6326\"]],PRIMEM[\"Greenwich\",0,AUTHORITY[\"EPSG\",\"8901\"]],UNIT[\"degree\",0.0174532925199433,AUTHORITY[\"EPSG\",\"9122\"]],AUTHORITY[\"EPSG\",\"4326\"]],PROJECTION[\"Mercator_1SP\"],PARAMETER[\"central_meridian\",0],PARAMETER[\"scale_factor\",1],PARAMETER[\"false_easting\",0],PARAMETER[\"false_northing\",0],UNIT[\"metre\",1,AUTHORITY[\"EPSG\",\"9001\"]],AXIS[\"Easting\",EAST],AXIS[\"Northing\",NORTH],EXTENSION[\"PROJ4\",\"+proj=merc +a=6378137 +b=6378137 +lat_ts=0 +lon_0=0 +x_0=0 +y_0=0 +k=1 +units=m +nadgrids=@null +wktext +no_defs\"],AUTHORITY[\"EPSG\",\"3857\"]]","extent":[-20037508.342789244,-10018681.42468256,20037508.342789244,12523442.714243278],"tiles":["https://api.maptiler.com/tiles/contours-switzerland/{z}/{x}/{y}.pbf?key=Wj0oxQMe6vv8DGcrwAAB"]}