{"data":{"dataCubeMetadata":{"iri":"https://environment.ld.admin.ch/foen/gefahren-waldbrand-praeventionsmassnahmen-kantone/1","identifier":"gefahren-waldbrand-praeventionsmassnahmen-kantone","title":"Forest fire prevention measures","description":"Contains the forest fire prevention measures currently in force in the cantons.","version":"1","datePublished":"2023-03-15","dateModified":"2024-04-19T13:01:07Z","publicationStatus":"PUBLISHED","themes":[{"iri":"https://register.ld.admin.ch/opendataswiss/category/territory","label":"Territory and environment"},{"iri":"https://register.ld.admin.ch/opendataswiss/category/agriculture","label":"Agriculture, forestry"}],"creator":{"iri":"https://register.ld.admin.ch/opendataswiss/org/bundesamt-fur-umwelt-bafu","label":"Federal Office for the Environment FOEN"},"versionHistory":"https://environment.ld.admin.ch/foen/gefahren-waldbrand-praeventionsmassnahmen-kantone","contactPoint":{"email":"info@bafu.admin.ch","name":"Office fédéral de l'environnement"},"publisher":"Bundesamt für Umwelt BAFU","landingPage":"https://www.waldbrandgefahr.ch/","workExamples":["https://ld.admin.ch/application/opendataswiss","https://ld.admin.ch/application/visualize","anon-genid-09284e9f8c1142989609f3f34ac64303-1","anon-genid-09284e9f8c1142989609f3f34ac64303-2"]}}}
