{"legend":"","type":"overlay","version":"1","format":"webp","format_arguments":"-f webp32","minzoom":0,"maxzoom":17,"scale":"2.000000","profile":"mercator","generator":"MapTiler Desktop Pro 11.0-0ee87025ea Merge MBTiles","attribution":"© swisstopo","bounds":[5.873528,45.80268100000001,10.691228000000002,47.86445700000001],"center":[8.282378,46.84345872716486,15],"logo":"https://api.maptiler.com/resources/logo.svg","tilejson":"2.0.0","name":"LBM_Relief_webp","crs":"EPSG:3857","crs_wkt":"PROJCS[\"WGS 84 / Pseudo-Mercator\",GEOGCS[\"WGS 84\",DATUM[\"WGS_1984\",SPHEROID[\"WGS 84\",6378137,298.257223563,AUTHORITY[\"EPSG\",\"7030\"]],AUTHORITY[\"EPSG\",\"6326\"]],PRIMEM[\"Greenwich\",0,AUTHORITY[\"EPSG\",\"8901\"]],UNIT[\"degree\",0.0174532925199433,AUTHORITY[\"EPSG\",\"9122\"]],AUTHORITY[\"EPSG\",\"4326\"]],PROJECTION[\"Mercator_1SP\"],PARAMETER[\"central_meridian\",0],PARAMETER[\"scale_factor\",1],PARAMETER[\"false_easting\",0],PARAMETER[\"false_northing\",0],UNIT[\"metre\",1,AUTHORITY[\"EPSG\",\"9001\"]],AXIS[\"Easting\",EAST],AXIS[\"Northing\",NORTH],EXTENSION[\"PROJ4\",\"+proj=merc +a=6378137 +b=6378137 +lat_ts=0 +lon_0=0 +x_0=0 +y_0=0 +k=1 +units=m +nadgrids=@null +wktext +no_defs\"],AUTHORITY[\"EPSG\",\"3857\"]]","extent":[653838.1461200346,5748784.899243248,1190142.056914789,6084334.859219335],"tiles":["https://api.maptiler.com/tiles/ch-swisstopo-relief/{z}/{x}/{y}.webp?key=dACmqkxBnLX32ZNiySDc"]}