{"generator":"MapTiler Data","format":"pbf","tilejson":"2.0.0","version":"3.15.0","minzoom":0,"maxzoom":14,"vector_layers":[{"id":"water","fields":{"brunnel":"String","class":"String","id":"Number","intermittent":"Number"},"minzoom":0,"maxzoom":14,"mvt_buffer":64},{"id":"waterway","fields":{"brunnel":"String","class":"String","intermittent":"Number","name":"String","name:latin":"String","name:de":"String","name:fr":"String","name:it":"String","name:rm":"String","width":"Number"},"minzoom":3,"maxzoom":14,"mvt_buffer":64},{"id":"landcover","fields":{"class":"String","subclass":"String"},"minzoom":0,"maxzoom":14,"mvt_buffer":64},{"id":"landuse","fields":{"class":"String"},"minzoom":4,"maxzoom":14,"mvt_buffer":64},{"id":"mountain_peak","fields":{"class":"String","customary_ft":"Number","ele":"Number","ele_ft":"Number","name":"String","rank":"Number","name:latin":"String","name:de":"String","name:fr":"String","name:it":"String","name:rm":"String"},"minzoom":7,"maxzoom":14,"mvt_buffer":1024},{"id":"park","fields":{"class":"String","name":"String","rank":"Number","name:latin":"String","name:de":"String","name:fr":"String","name:it":"String","name:rm":"String"},"minzoom":4,"maxzoom":14,"mvt_buffer":128},{"id":"boundary","fields":{"adm0_l":"String","adm0_r":"String","admin_level":"Number","claimed_by":"String","class":"String","disputed":"Number","disputed_name":"String","maritime":"Number","name":"String","adm4_l":"String","adm4_r":"String"},"minzoom":0,"maxzoom":14,"mvt_buffer":64},{"id":"aeroway","fields":{"class":"String","ref":"String"},"minzoom":10,"maxzoom":14,"mvt_buffer":64},{"id":"transportation","fields":{"access":"String","bicycle":"String","brunnel":"String","class":"String","expressway":"Number","foot":"String","horse":"String","indoor":"Number","layer":"Number","level":"Number","mtb_scale":"String","network":"String","oneway":"Number","ramp":"Number","service":"String","subclass":"String","surface":"String","toll":"Number","sac_scale":"String","is_route":"Number"},"minzoom":4,"maxzoom":14,"mvt_buffer":64},{"id":"building","fields":{"colour":"String","hide_3d":"Boolean","render_height":"Number","render_min_height":"Number"},"minzoom":13,"maxzoom":14,"mvt_buffer":64},{"id":"water_name","fields":{"class":"String","intermittent":"Number","name":"String","name:latin":"String","name:de":"String","name:fr":"String","name:it":"String","name:rm":"String","direction":"Number","size":"Number"},"minzoom":0,"maxzoom":14,"mvt_buffer":4096},{"id":"transportation_name","fields":{"class":"String","indoor":"Number","layer":"Number","level":"Number","name":"String","network":"String","ref":"String","ref_length":"Number","route_10_colour":"String","route_10_name":"String","route_10_network":"String","route_10_ref":"String","route_11_colour":"String","route_11_name":"String","route_11_network":"String","route_11_ref":"String","route_12_colour":"String","route_12_name":"String","route_12_network":"String","route_12_ref":"String","route_13_colour":"String","route_13_name":"String","route_13_network":"String","route_13_ref":"String","route_14_colour":"String","route_14_name":"String","route_14_network":"String","route_14_ref":"String","route_15_colour":"String","route_15_name":"String","route_15_network":"String","route_15_ref":"String","route_16_colour":"String","route_16_name":"String","route_16_network":"String","route_16_ref":"String","route_17_name":"String","route_17_network":"String","route_17_ref":"String","route_18_name":"String","route_18_network":"String","route_18_ref":"String","route_19_name":"String","route_19_network":"String","route_19_ref":"String","route_1_colour":"String","route_1_name":"String","route_1_network":"String","route_1_ref":"String","route_20_name":"String","route_20_network":"String","route_21_name":"String","route_21_network":"String","route_2_colour":"String","route_2_name":"String","route_2_network":"String","route_2_ref":"String","route_3_colour":"String","route_3_name":"String","route_3_network":"String","route_3_ref":"String","route_4_colour":"String","route_4_name":"String","route_4_network":"String","route_4_ref":"String","route_5_colour":"String","route_5_name":"String","route_5_network":"String","route_5_ref":"String","route_6_colour":"String","route_6_name":"String","route_6_network":"String","route_6_ref":"String","route_7_colour":"String","route_7_name":"String","route_7_network":"String","route_7_ref":"String","route_8_colour":"String","route_8_name":"String","route_8_network":"String","route_8_ref":"String","route_9_colour":"String","route_9_name":"String","route_9_network":"String","route_9_ref":"String","subclass":"String","brunnel":"String","name:de":"String","name:fr":"String","name:it":"String","name:rm":"String","name:latin":"String","is_route":"Number"},"minzoom":6,"maxzoom":14,"mvt_buffer":128},{"id":"place","fields":{"capital":"Number","class":"String","iso_a2":"String","name":"String","rank":"Number","name:latin":"String","name:de":"String","name:fr":"String","name:it":"String","name:rm":"String","code":"String","population":"Number"},"minzoom":0,"maxzoom":14,"mvt_buffer":4096},{"id":"housenumber","fields":{"housenumber":"String"},"minzoom":14,"maxzoom":14,"mvt_buffer":128},{"id":"poi","fields":{"agg_stop":"Number","class":"String","indoor":"Number","layer":"Number","level":"Number","name":"String","rank":"Number","subclass":"String","name:de":"String","name:fr":"String","name:it":"String","name:rm":"String","name:latin":"String","direction":"Number"},"minzoom":11,"maxzoom":14,"mvt_buffer":1024},{"id":"aerodrome_label","fields":{"class":"String","ele":"Number","ele_ft":"Number","iata":"String","icao":"String","name":"String","name:latin":"String","name:de":"String","name:fr":"String","name:it":"String","name:rm":"String"},"minzoom":8,"maxzoom":14,"mvt_buffer":1024},{"id":"area_name","description":"area_name layer for the LBM, contains points and lines for labelling areas.","minzoom":11,"maxzoom":14,"mvt_buffer":128,"fields":{"class":"String","subclass":"String","name":"String","name:de":"String","name:fr":"String","name:it":"String","name:rm":"String","name:latin":"String"}},{"id":"building_ln","description":"building_line layer for the LBM","minzoom":13,"maxzoom":14,"mvt_buffer":16,"fields":{"name":"String","name:latin":"String","name:de":"String","name:fr":"String","name:it":"String","name:rm":"String","class":"String"}},{"id":"construct","description":"manmade structures not suitable for the layer building.","minzoom":13,"maxzoom":14,"mvt_buffer":16,"fields":{"class":"String"}},{"id":"contour_line","description":"contour lines","minzoom":13,"maxzoom":14,"mvt_buffer":16,"fields":{"class":"String"}},{"id":"spot_elevation","description":"spot elevation.","minzoom":9,"maxzoom":14,"mvt_buffer":1024,"fields":{"class":"String"}}],"tilestats":{"languages":["am","ar","az","be","bg","bn","br","bs","ca","co","cs","cy","da","de","el","en","eo","es","et","eu","fa","fi","fr","fy","ga","gd","he","hi","hr","hu","hy","id","is","it","ja","ja-Hira","ja-Latn","ja_kana","ja_rm","ka","kk","kn","ko","ko-Latn","ku","la","latin","lb","lt","lv","mk","ml","mt","nl","no","nonlatin","oc","pa","pl","pnb","pt","rm","ro","ru","sk","sl","sq","sr","sr-Latn","sv","ta","te","th","tr","uk","ur","vi","zh","zh-Hans","zh-Hant"],"layers":[{"layer":"water","geometry":"Polygon","attributeCount":4,"attributes":[{"attribute":"brunnel","type":"string","values":["bridge","tunnel"]},{"attribute":"class","type":"string","values":["dock","lake","ocean","pond","pool","river","swimming_pool"]},{"attribute":"id","type":"number"},{"attribute":"intermittent","type":"number","values":[0,1]}]},{"layer":"waterway","geometry":"LineString","attributeCount":5,"attributes":[{"attribute":"brunnel","type":"string","values":["bridge","tunnel"]},{"attribute":"class","type":"string","values":["canal","ditch","drain","pressurised","river","stream"]},{"attribute":"intermittent","type":"number","values":[0,1]},{"attribute":"name","type":"string"},{"attribute":"width","type":"number","values":[3,10,1,2,4,6,5,8,7,9]}]},{"layer":"landcover","geometry":"Polygon","attributeCount":2,"attributes":[{"attribute":"class","type":"string","values":["farmland","grass","ice","rock","sand","wetland","wood"]},{"attribute":"subclass","type":"string","values":["allotments","bare_rock","beach","bog","dune","farm","farmland","fell","forest","garden","glacier","golf_course","grass","grassland","heath","ice_shelf","loose_forest","mangrove","marsh","meadow","orchard","park","plant_nursery","recreation_ground","reedbed","saltern","saltmarsh","sand","scree","scrub","shrubbery","swamp","tidalflat","tundra","village_green","vineyard","wet_meadow","wetland","wood","woody_plant"]}]},{"layer":"landuse","geometry":"Polygon","attributeCount":1,"attributes":[{"attribute":"class","type":"string"}]},{"layer":"mountain_peak","geometry":["Point","LineString"],"attributeCount":6,"attributes":[{"attribute":"class","type":"string","values":["alpine_peak","arete","cliff","hill","main_hill","main_peak","mountain_pass","peak","ridge","rocky_knoll","saddle","volcano"]},{"attribute":"customary_ft","type":"number","values":[1]},{"attribute":"ele","type":"number","min":-3800,"max":8849},{"attribute":"ele_ft","type":"number","min":-12467,"max":29032},{"attribute":"name","type":"string"},{"attribute":"rank","type":"number","min":1,"max":397}]},{"layer":"park","geometry":["Polygon","Point"],"attributeCount":3,"attributes":[{"attribute":"class","type":"string"},{"attribute":"name","type":"string"},{"attribute":"rank","type":"number","values":[1,2,3,4,5,6,7,8,9,10,11,12,13,14,15,16,17,18,19,20,21,22,23,24,25,26,27,28,29,30,31,32,33,34,35,36,37,38,39,40,41,42,43]}]},{"layer":"boundary","geometry":["Polygon","LineString"],"attributeCount":11,"attributes":[{"attribute":"adm0_l","type":"string"},{"attribute":"adm0_r","type":"string"},{"attribute":"admin_level","type":"number","values":[2,3,4,5,6,7,8,9,10]},{"attribute":"claimed_by","type":"string","values":["AR","BF","BT","Benin","CA","CL","CN","CN;PH;TW","Croatia","DE","FR","IN","IT","NL","PE","RU","SY","Serbia","Slovenia","UA","US","US:OH:HAM:Cincinnati:Avondale","US:OH:HAM:Cincinnati:Avondale;US:OH:HAM:Cincinnati:North Avondale","US:OH:HAM:Cincinnati:Central_Business_District","US:OH:HAM:Cincinnati:Central_Business_District;US:OH:HAM:Cincinnati:Mount_Adams;US:OH:HAM:Cincinnati:Pendleton","US:OH:HAM:Cincinnati:Central_Business_District;US:OH:HAM:Cincinnati:Walnut_Hills;US:OH:HAM:Cincinnati:Pendleton","US:OH:HAM:Cincinnati:Clifton","US:OH:HAM:Cincinnati:Clifton;US:OH:HAM:Cincinnati:Corryville","US:OH:HAM:Cincinnati:Clifton;US:OH:HAM:Cincinnati:Corryville;US:OH:HAM:Cincinnati:The Heights","US:OH:HAM:Cincinnati:Corryville","US:OH:HAM:Cincinnati:Pendleton","US:OH:HAM:Cincinnati:The Heights","US;MH"]},{"attribute":"class","type":"string","values":["aboriginal_lands"]},{"attribute":"disputed","type":"number","values":[0,1]},{"attribute":"disputed_name","type":"string"},{"attribute":"maritime","type":"number","values":[0,1]},{"attribute":"name","type":"string"},{"attribute":"adm4_l","type":"string","values":["Luzern","Schwyz","Aargau","Liechtenstein","St. Gallen","Graubünden","Zürich","Neuchâtel","Glarus","Bern","Jura","Appenzell Ausserrhoden","Appenzell Innerrhoden","Thurgau","Ticino","Zug","Solothurn","Basel-Landschaft","Schaffhausen","Deutschland","Basel-Stadt","Italia","Valais","Uri","Nidwalden","Obwalden","Vaud","Fribourg","Genève"]},{"attribute":"adm4_r","type":"string","values":["Schwyz","Luzern","Zug","Graubünden","St. Gallen","Liechtenstein","Aargau","Zürich","Neuchâtel","Bern","Appenzell Innerrhoden","Appenzell Ausserrhoden","Jura","Thurgau","Solothurn","Glarus","Schaffhausen","Basel-Landschaft","Deutschland","Basel-Stadt","Ticino","Italia","Valais","Uri","Nidwalden","Obwalden","Vaud","Fribourg","Genève"]}]},{"layer":"aeroway","geometry":["Polygon","LineString","Point"],"attributeCount":2,"attributes":[{"attribute":"class","type":"string","values":["aerodrome","apron","gate","helipad","heliport","runway","runway_grass","taxiway"]},{"attribute":"ref","type":"string"}]},{"layer":"transportation","geometry":["Polygon","LineString"],"attributeCount":20,"attributes":[{"attribute":"access","type":"string","values":["no"]},{"attribute":"bicycle","type":"string"},{"attribute":"brunnel","type":"string","values":["bridge","ford","tunnel"]},{"attribute":"class","type":"string","values":["aerialway","bridge","bus_guideway","busway","cable_car","car_ferry","chair_lift","ferry","footway","gondola","minor","minor_construction","motorway","motorway_construction","path","path_construction","pier","primary","primary_construction","raceway","raceway_construction","rail","secondary","secondary_construction","service","service_construction","tertiary","tertiary_construction","track","track_construction","trail","transit","trunk","trunk_construction","via_ferrata"]},{"attribute":"expressway","type":"number","values":[1]},{"attribute":"foot","type":"string","values":["2","@","agricultural","closed","construction","customers","delivery","designated","designated; yes","designatedsegregated=no","destination","discouraged","emergency","employees","forestry","impassable","inaccessible","ja","limited","military","no","no @ (Mo-Su 18:00-07:00)","noc","official","optional_sidepath","passable","permissive","permit","permit_holder","private","private;customers;destination","private;delivery","private;destination","private;permit","residents","snowshoe","staff","students","undefined","unknown","use_sidepath","yes","yesw"]},{"attribute":"horse","type":"string"},{"attribute":"indoor","type":"number","values":[1]},{"attribute":"layer","type":"number","values":[-222,-111,-20,-12,-10,-9,-8,-7,-6,-5,-4,-3,-2,-1,1,2,3,4,5,6,7,8,9,10,11,12,14,15,16,18,21,22,23,25,26,35,40,41,53,56,61,100]},{"attribute":"level","type":"number","values":[-19,-18,-12,-11,-10,-7,-6,-5,-4,-3,-2,-1,0,1,2,3,4,5,6,7,8,9,10,11,14,15,16,17,18,19,20,21,23,27,32,56]},{"attribute":"mtb_scale","type":"string"},{"attribute":"network","type":"string","values":["ca-provincial","ca-provincial-arterial","ca-transcanada","gb-motorway","gb-primary","gb-trunk","ie-motorway","ie-national","ie-regional","us-highway","us-interstate","us-state"]},{"attribute":"oneway","type":"number","values":[-1,0,1,2]},{"attribute":"ramp","type":"number","values":[0,1]},{"attribute":"service","type":"string","values":["alley","crossover","driveway","parking_aisle","siding","spur","yard"]},{"attribute":"subclass","type":"string","values":["avalanche_protector","avalanche_protector_bridge","bridleway","bus","cable_car","chair_lift","corridor","covered_bridge","cycleway","disused","drag_lift","entrance","entrance_pass","footway","funicular","gondola","j-bar","light_rail","mixed_lift","monorail","narrow_gauge","no","path","pedestrian","platform","platform_access","platter","preserved","rack_rail","rail","station","steps","stop_area","stop_position","subway","t-bar","tram","yes"]},{"attribute":"surface","type":"string","values":["paved","unpaved"]},{"attribute":"toll","type":"number","values":[1]},{"attribute":"is_route","type":"number","values":[11,10,5,99,6,8,7]},{"attribute":"sac_scale","type":"string","values":["hiking","mountain_hiking","alpine_hiking"]}]},{"layer":"building","geometry":"Polygon","attributeCount":4,"attributes":[{"attribute":"colour","type":"string"},{"attribute":"hide_3d","type":"boolean","values":[true]},{"attribute":"render_height","type":"number","min":0,"max":828},{"attribute":"render_min_height","type":"number","min":0,"max":828}]},{"layer":"water_name","geometry":["Point","LineString"],"attributeCount":5,"attributes":[{"attribute":"class","type":"string","values":["bay","lake","ocean","sea","strait"]},{"attribute":"intermittent","type":"number","values":[0,1]},{"attribute":"name","type":"string"},{"attribute":"direction","type":"number","min":-84,"max":357},{"attribute":"size","type":"number","values":[7,10,4,5,2,3,1,0]}]},{"layer":"transportation_name","geometry":["Point","LineString"],"attributeCount":88,"attributes":[{"attribute":"class","type":"string","values":["aerialway","bus_guideway","busway","car_ferry","ferry","footway","minor","minor_construction","motorway","motorway_construction","path","path_construction","primary","primary_construction","raceway","raceway_construction","rail","secondary","secondary_construction","service","service_construction","tertiary","tertiary_construction","track","track_construction","trail","transit","trunk","trunk_construction","via_ferrata"]},{"attribute":"indoor","type":"number","values":[1]},{"attribute":"layer","type":"number","values":[-10,-7,-6,-5,-4,-3,-2,-1,1,2,3,4,5,6,7,10]},{"attribute":"level","type":"number","values":[-6,-5,-4,-3,-2,-1,0,1,2,3,4,5,6,7,8]},{"attribute":"name","type":"string"},{"attribute":"network","type":"string","values":["ca-provincial","ca-provincial-arterial","ca-transcanada","gb-motorway","gb-primary","gb-trunk","ie-motorway","ie-national","ie-regional","road","us-highway","us-interstate","us-state"]},{"attribute":"ref","type":"string"},{"attribute":"ref_length","type":"number","min":0,"max":130},{"attribute":"route_10_colour","type":"string","values":["#6cbff1","black;blue;orange;white-red;yellow-red","black;blue;white-red;yellow-red","blue","blue;orange;yellow;yellow-red","blue;purple;yellow-red","orange;purple;red;yellow-red;white-red","red","white-red","yellow"]},{"attribute":"route_10_name","type":"string"},{"attribute":"route_10_network","type":"string","values":["US:GA:GRIP","lcn","lwn","nwn","rwn"]},{"attribute":"route_10_ref","type":"string"},{"attribute":"route_11_colour","type":"string","values":["#6cbff1","black;blue;orange;white-red;yellow-red","blue","red","white-red"]},{"attribute":"route_11_name","type":"string"},{"attribute":"route_11_network","type":"string","values":["lwn","nwn","rwn"]},{"attribute":"route_11_ref","type":"string"},{"attribute":"route_12_colour","type":"string","values":["#6cbff1","blue"]},{"attribute":"route_12_name","type":"string"},{"attribute":"route_12_network","type":"string","values":["lwn","nwn","rwn"]},{"attribute":"route_12_ref","type":"string","values":["10","11","12","13","14","15","19","20","27","36-37","593","66","7FW","834","CSG-T011_V24","E","E8","FM","GRP 563","HAR204","HW 18","HW 4","JPW","K","LW","MW","NOR","NW6","Nibelungensteig","OSL139","OSL144","PWP","PWT","R","RMV1","RR10","RRP","RWW10","Raute8","SI","StLRWW","VHC 15","VHC 24","VHC 9","WBH","WDE"]},{"attribute":"route_13_colour","type":"string","values":["#6cbff1","blue"]},{"attribute":"route_13_name","type":"string","values":["Blaustrich","Elisabethpfad 1","Elisabethpfad 3","Eschen - Malanserwald - Ruggell","Fränkische Schweiz 7-Tage-Wanderung","Fränkischer Marienweg Route 2","GIRO FRA LE CASCINE Parco Valle del Lambro","GRP 563 Tour du Pays de Herve","Goldene Straße Teil 1","Grande Escursione Appenninica - Tappa 16","Hemmaweg Crna-Gurk","Hiltpoltstein-Thurnau","I'M WALKING IN THE RAIN","Keplerpfad","Montricher grande boucle","Montricher petite boucle","Naturparktrail Weserhöhen \"NaturZeitReise\"","Neuhaus-Rundwanderweg No.1","Percorso Desio SANTUARIO S. MARIA ASSUNTA di RANCATE","Percorso dei Due Stagni","Pfälzer Waldpfad","Plech - Wiesenthau","Rennsteig","Rheinsteig Etappe 19 [Johannisberg - Kiedrich]","Roter Flieger","Steirischer Landesrundwanderweg Alternative","Stolberg - Ysenburg - Weg","THE BEST OF RIO CANTALUPO AND RIO PEGORINO","Taunusklub Route 053","Taunusklub Route RMV1","Taunusklub Route RMV6","Via Porta","Vie di Raccordo","Waldecker Weg","Waldlehrpfad Bürgstadt, PP Stutz","Wasserkuppenweg","Weißenbrunn - Behringersdorf","Wetterau Spessart Weg Grünes Dreieck"]},{"attribute":"route_13_network","type":"string","values":["lwn","nwn","rwn"]},{"attribute":"route_13_ref","type":"string","values":["11","114","12","13","14","15","17","20","21","E","FM","GEA","GRP 563","HAR205","HWO 4","Hem2","OSL145","PWP","R","RMV1","RMV6","StLRWW","VHC 24","VHC 9","VP","W 023","Wlp","X"]},{"attribute":"route_14_colour","type":"string","values":["#6cbff1","blue"]},{"attribute":"route_14_name","type":"string","values":["Albannette grande boucle","Blaustrich","Elisabethpfad 3","Fränkischer Marienweg – Ave-Maria-Route","GIRO FRA LE CASCINE Parco Valle del Lambro","Höhenweg Unterleinleiter-Obertrubach","I'M WALKING IN THE RAIN","Kulturerlebnis Fränkische Schweiz - Dörnhof - Bärnfels","Mainweg Teil 8","Marburger Weg","Montricher grande boucle","Neuhaus-Rundwanderweg No.12","Nibelungensteig","Percorso dei Due Stagni","Rheingauer Rieslingpfad","Ruggell - Sennwald","Sentiero Matilde: tappa 4","THE BEST OF RIO CANTALUPO AND RIO PEGORINO","Taunusklub Route RMV1","Taunusklub Route RMV6","Vie di Raccordo","Wanderweg der Deutschen Einheit ( Hof - Neustadt am Rennsteig )","Weißenbrunn - Behringersdorf"]},{"attribute":"route_14_network","type":"string","values":["lwn","nwn","rwn"]},{"attribute":"route_14_ref","type":"string","values":["118","12","13","14","15","17","21","26","E","FM","M","MW","Nibelungensteig","OSL18A","RMV1","RMV6","RRP","SM","WDE"]},{"attribute":"route_15_colour","type":"string","values":["blue"]},{"attribute":"route_15_name","type":"string","values":["Albannette grande boucle","Blaustrich","Fränkischer Marienweg – Ave-Maria-Route","GIRO FRA LE CASCINE Parco Valle del Lambro","Höhenweg Unterleinleiter-Obertrubach","I'M WALKING IN THE RAIN","Il Cammino di santa Giulia - CSG-T011_V24 San-Pellegrino-in-Alpe_Frassinoro","Jakobswanderweg Odenwald, Main- und Taubertal","Kapellenweg 1 Neuhaus","Marburger Weg","Mauren - Ruggell","Neuhaus-Rundwanderweg No.8","Obertrubach-Lindenhardt","Parco Oasi Belvedere","Rennsteig","Taunusklub Route RMV6","Vie di Raccordo"]},{"attribute":"route_15_network","type":"string","values":["lwn","nwn","rwn"]},{"attribute":"route_15_ref","type":"string","values":["121","13","14","15","16","26","CSG-T011_V24","FM","JW","MW","R","RMV6"]},{"attribute":"route_16_colour","type":"string","values":["yellow"]},{"attribute":"route_16_name","type":"string","values":["Bendern - Aeule - Ruggell","Fränkischer Marienweg – Ave-Maria-Route","GIRO FRA LE CASCINE Parco Valle del Lambro","Kapellenweg 1 Neuhaus","Obertrubach-Lindenhardt","Odenwaldklub HW 18, Vier-Länder-Weg (ehem. Nibelungenweg), Donnersberg - Albisheim - Michelstadt - Wertheim","Parco Oasi Belvedere","Pendolino-Wanderung","Percorso dei Due Stagni","Tour des Aiguilles d'Arves (étape 7)","Trubachtalweg","Vie di Raccordo"]},{"attribute":"route_16_network","type":"string","values":["lwn","nwn","rwn"]},{"attribute":"route_16_ref","type":"string","values":["14","15","16","17","177","FM","HW 18","TAA"]},{"attribute":"route_17_name","type":"string","values":["Erzweg Neuhauser Schlaufe","Fränkischer Marienweg Route 2","Hohe Tanne-Zantberg","Parco Oasi Belvedere","Pendolino-Wanderung","Percorso dei Due Stagni","Trubachtalweg","Vie di Raccordo"]},{"attribute":"route_17_network","type":"string","values":["lwn","rwn"]},{"attribute":"route_17_ref","type":"string","values":["15","16","17","FM"]},{"attribute":"route_18_name","type":"string","values":["Erzweg Neuhauser Schlaufe","Hohe Tanne-Zantberg","Neuhaus-Plech-Neuhaus","Nibelungensteig","Parco Oasi Belvedere","Percorso dei Due Stagni"]},{"attribute":"route_18_network","type":"string","values":["lwn","rwn"]},{"attribute":"route_18_ref","type":"string","values":["16","17","Nibelungensteig"]},{"attribute":"route_19_name","type":"string","values":["Erzweg Neuhauser Schlaufe","Percorso dei Due Stagni"]},{"attribute":"route_19_network","type":"string","values":["lwn","rwn"]},{"attribute":"route_19_ref","type":"string","values":["17"]},{"attribute":"route_1_colour","type":"string"},{"attribute":"route_1_name","type":"string"},{"attribute":"route_1_network","type":"string"},{"attribute":"route_1_ref","type":"string"},{"attribute":"route_20_name","type":"string","values":["Hohe Tanne-Zantberg"]},{"attribute":"route_20_network","type":"string","values":["rwn"]},{"attribute":"route_21_name","type":"string","values":["Wallfahrerweg Neuhaus - Hufeisen"]},{"attribute":"route_21_network","type":"string","values":["rwn"]},{"attribute":"route_2_colour","type":"string"},{"attribute":"route_2_name","type":"string"},{"attribute":"route_2_network","type":"string"},{"attribute":"route_2_ref","type":"string"},{"attribute":"route_3_colour","type":"string"},{"attribute":"route_3_name","type":"string"},{"attribute":"route_3_network","type":"string"},{"attribute":"route_3_ref","type":"string"},{"attribute":"route_4_colour","type":"string"},{"attribute":"route_4_name","type":"string"},{"attribute":"route_4_network","type":"string"},{"attribute":"route_4_ref","type":"string"},{"attribute":"route_5_colour","type":"string"},{"attribute":"route_5_name","type":"string"},{"attribute":"route_5_network","type":"string"},{"attribute":"route_5_ref","type":"string"},{"attribute":"route_6_colour","type":"string"},{"attribute":"route_6_name","type":"string"},{"attribute":"route_6_network","type":"string","values":["IN:NH","IN:SH:HR","IN:SH:WB","JP:national","JP:prefectural","JP:prefectural:tottori","Landesstraßen NRW","US:AAR","US:ADHS","US:AL","US:FL","US:GA","US:GA:GRIP","US:I:Future","US:IN","US:ME","US:MN:legislative","US:NHS High Priority Corridors","US:NHT","US:OH","US:OH:OEC","US:OR:Named","US:TN","US:TX:Loop","US:US","US:US:Alternate","US:US:Business","US:US:Bypass","US:US:Truck","US:auto_trail","australia_freight","e-road","fi:national","lcn","lwn","nwn","pl:national","pl:regional","rwn","sadc","sk:primary","us:adhs","za:national","za:regional"]},{"attribute":"route_6_ref","type":"string"},{"attribute":"route_7_colour","type":"string"},{"attribute":"route_7_name","type":"string"},{"attribute":"route_7_network","type":"string","values":["IN:NH","JP:prefectural","US:ADHS","US:GA","US:GA:Bypass","US:GA:GRIP","US:GA:Loop","US:I:Alternate","US:IN","US:ME","US:MN:legislative","US:NHS High Priority Corridors","US:NHT","US:ORSB","US:TN","US:US","US:US:Alternate","US:US:Bypass","US:auto_trail","e-road","iwn","lcn","lwn","nwn","pl:national","pl:regional","rwn","sk:primary","za:national","za:regional"]},{"attribute":"route_7_ref","type":"string"},{"attribute":"route_8_colour","type":"string","values":["#0000FF","#060","#1277bd","#6cbff1","#FF0000","#d9261c","black","blue","blue;green;orange;purple;red;yellow;white-purple","blue;green;orange;purple;red;yellow;yellow-red;white-purple","blue;green;orange;purple;yellow;white-red;white-blue","blue;green;orange;purple;yellow;yellow-red","blue;green;orange;red;white-purple","blue;green;orange;yellow;white-green;white-red","blue;green;purple;red;white-red","blue;green;purple;yellow","blue;green;red;yellow;white-red;white-blue","blue;green;white-red;yellow-red;white-purple","blue;orange;purple;red;white-red;white-green","blue;orange;purple;red;yellow","blue;orange;purple;red;yellow;white-blue","blue;orange;purple;yellow;white-red;white-green","blue;orange;red","blue;orange;yellow;yellow-red","blue;purple;red;yellow","blue;purple;red;yellow;white-red;white-green","blue;purple;yellow","blue;red;yellow","blue;yellow;red","blue;yellow;yellow-red","green","green;orange;purple;red;yellow","green;orange;red;yellow;yellow-red","green;purple;red;yellow;white-red","orange;purple;yellow-red;white-red","orange;white-red;yellow-red","purple","purple;green","purple;red;yellow","purple;yellow-red;white-red","red","red/white","red;yellow","white-red","yellow","yellow-red","yellow;white"]},{"attribute":"route_8_name","type":"string"},{"attribute":"route_8_network","type":"string","values":["JP:prefectural","US:GA:GRIP","US:GA:Loop","US:IN","US:ME","US:MN:legislative","US:NHT","US:US:Alternate","US:US:Truck","US:auto_trail","lcn","lwn","nwn","pl:national","rwn","sk:primary","za:national","za:regional"]},{"attribute":"route_8_ref","type":"string"},{"attribute":"route_9_colour","type":"string","values":["#060","#1277bd","#6cbff1","#EFEF43","#ff0000","aqua","black;orange;white-red;yellow-red","blue","blue;green;orange;purple;red;yellow;white-red;white-red","blue;green;orange;red;yellow-red;white-green;white-purple","blue;green;orange;red;yellow-red;white-purple","blue;orange;purple;red;yellow;white-red;white-blue","blue;orange;white-red;yellow-red","blue;orange;yellow;yellow-red","blue;yellow;white-red;yellow-red","green","green;blue;purple;red;yellow","green;red;white-red;yellow-red","purple","red","white","white-red","yellow","yellow;white"]},{"attribute":"route_9_name","type":"string"},{"attribute":"route_9_network","type":"string","values":["US:GA:GRIP","US:IN","US:auto_trail","lcn","lwn","nwn","rwn","sk:primary"]},{"attribute":"route_9_ref","type":"string"},{"attribute":"subclass","type":"string","values":["avalanche_protector","avalanche_protector_bridge","bridleway","cable_car","chair_lift","corridor","covered_bridge","cycleway","drag_lift","footway","funicular","gondola","j-bar","junction","mixed_lift","narrow_gauge","path","pedestrian","platter","rack_rail","rail","steps","subway","t-bar","tram"]},{"attribute":"is_route","type":"number","values":[11,5,99,6,8,10,7]},{"attribute":"brunnel","type":"string","values":["bridge","tunnel","ford"]}]},{"layer":"place","geometry":"Point","attributeCount":6,"attributes":[{"attribute":"capital","type":"number","values":[2,3,4,5,6]},{"attribute":"class","type":"string","values":["aboriginal_lands","borough","city","continent","country","hamlet","island","isolated_dwelling","neighbourhood","province","quarter","state","suburb","town","village"]},{"attribute":"iso_a2","type":"string"},{"attribute":"name","type":"string"},{"attribute":"rank","type":"number","min":1,"max":1945},{"attribute":"population","type":"number","min":20,"max":421351}]},{"layer":"housenumber","geometry":"Point","attributeCount":1,"attributes":[{"attribute":"housenumber","type":"string"}]},{"layer":"poi","geometry":"Point","attributeCount":9,"attributes":[{"attribute":"agg_stop","type":"number","values":[1]},{"attribute":"class","type":"string"},{"attribute":"indoor","type":"number","values":[1]},{"attribute":"layer","type":"number","values":[-11,-9,-8,-6,-5,-4,-3,-2,-1,1,2,3,4,5,6,7,8,9,10,11,12,16,17,18,19,20,23,37,41,43,45,52,56,60,234]},{"attribute":"level","type":"number","min":-103,"max":7101968731},{"attribute":"name","type":"string"},{"attribute":"rank","type":"number","min":1,"max":1478},{"attribute":"subclass","type":"string"},{"attribute":"direction","type":"number","min":0,"max":359}]},{"layer":"aerodrome_label","geometry":"Point","attributeCount":6,"attributes":[{"attribute":"class","type":"string","values":["helipad","international","military","other","private","public","regional"]},{"attribute":"ele","type":"number","min":-378,"max":6400},{"attribute":"ele_ft","type":"number","min":-1240,"max":20997},{"attribute":"iata","type":"string"},{"attribute":"icao","type":"string"},{"attribute":"name","type":"string"}]},{"layer":"spot_elevation","attributeCount":5,"attributes":[{"attribute":"class","type":"string","values":["lake_elevation","doline","terrain_spot_elevation","sinkhole","spot_elevation","sinkhole_scree","sinkhole_rock","sinkhole_ice"]},{"attribute":"ele","type":"number","min":-79,"max":4500},{"attribute":"ele_ft","type":"number","min":-259,"max":14764},{"attribute":"lake_depth","type":"number","values":[215,198,87,66,48,16,29,151,136,17,83,32,13,36,45,8,6,31,71,78,59,44,189,34,50,93,68,98,53,99,85,140,46,58,15,20,14,47,9,10,27,51,256,150,4]},{"attribute":"lake_depth_ft","type":"number","values":[705,650,285,217,157,52,95,495,446,56,272,105,43,118,148,26,20,102,233,256,194,144,620,112,164,305,223,322,174,325,279,459,151,190,49,66,46,154,30,33,89,167,840,492,13]}],"geometry":"Point"},{"layer":"area_name","attributeCount":3,"attributes":[{"attribute":"class","type":"string","values":["place"]},{"attribute":"subclass","type":"string","values":["massif","glacier"]},{"attribute":"name","type":"string"}],"geometry":["Point","LineString"]},{"layer":"contour_line","attributeCount":3,"attributes":[{"attribute":"class","type":"string","values":["land","scree","water","ice"]},{"attribute":"ele","type":"number","min":-160,"max":4590},{"attribute":"ele_ft","type":"number","min":-525,"max":15059}],"geometry":"LineString"},{"layer":"building_ln","attributeCount":2,"attributes":[{"attribute":"class","type":"string","values":["weir","track","horse_racing","toboggan","ski_jump"]},{"attribute":"name","type":"string"}],"geometry":"LineString"},{"layer":"construct","attributeCount":1,"attributes":[{"attribute":"class","type":"string","values":["dam","platform","lock"]}],"geometry":"Polygon"}],"layerCount":21},"attribution":"<a href=\"https://www.maptiler.com/copyright/\" target=\"_blank\">&copy; MapTiler</a> <a href=\"https://www.openstreetmap.org/copyright\" target=\"_blank\">&copy; OpenStreetMap contributors</a> <a href=\"https://www.swisstopo.admin.ch/en/home.html\" target=\"_blank\">&copy; swisstopo</a>","bounds":[-180,-85.05110000000002,180,85.05110000000002],"center":[0,0,1],"logo":"https://api.maptiler.com/resources/logo.svg","name":"v3-swisstopo","crs":"EPSG:3857","crs_wkt":"PROJCS[\"WGS 84 / Pseudo-Mercator\",GEOGCS[\"WGS 84\",DATUM[\"WGS_1984\",SPHEROID[\"WGS 84\",6378137,298.257223563,AUTHORITY[\"EPSG\",\"7030\"]],AUTHORITY[\"EPSG\",\"6326\"]],PRIMEM[\"Greenwich\",0,AUTHORITY[\"EPSG\",\"8901\"]],UNIT[\"degree\",0.0174532925199433,AUTHORITY[\"EPSG\",\"9122\"]],AUTHORITY[\"EPSG\",\"4326\"]],PROJECTION[\"Mercator_1SP\"],PARAMETER[\"central_meridian\",0],PARAMETER[\"scale_factor\",1],PARAMETER[\"false_easting\",0],PARAMETER[\"false_northing\",0],UNIT[\"metre\",1,AUTHORITY[\"EPSG\",\"9001\"]],AXIS[\"Easting\",EAST],AXIS[\"Northing\",NORTH],EXTENSION[\"PROJ4\",\"+proj=merc +a=6378137 +b=6378137 +lat_ts=0 +lon_0=0 +x_0=0 +y_0=0 +k=1 +units=m +nadgrids=@null +wktext +no_defs\"],AUTHORITY[\"EPSG\",\"3857\"]]","extent":[-20037508.342789244,-20037471.205137074,20037508.342789244,20037471.205137093],"tiles":["https://api.maptiler.com/tiles/v3-swisstopo/{z}/{x}/{y}.pbf?key=Wj0oxQMe6vv8DGcrwAAB"]}