{"data":{"dataCubeComponents":{"dimensions":[{"__typename":"GeoShapesDimension","cubeIri":"https://environment.ld.admin.ch/foen/gefahren-waldbrand-praeventionsmassnahmen-kantone/1","id":"https://environment.ld.admin.ch/foen/gefahren-waldbrand-praeventionsmassnahmen-kantone___https://environment.ld.admin.ch/foen/gefahren-waldbrand-praeventionsmassnahmen-kantone/region","label":"Warning region","scaleType":"Nominal","isNumerical":false,"isKeyDimension":true,"values":[{"value":"https://ld.admin.ch/dimension/bgdi/biota/forestfirewarningregions/100","label":"Appenzell Innerrhoden","identifier":"100","geometry":"https://geo.ld.admin.ch/biota/forestfirewarningregion/geometry/100"},{"value":"https://ld.admin.ch/dimension/bgdi/biota/forestfirewarningregions/1000","label":"Rheintal (GR)","identifier":"1000","geometry":"https://geo.ld.admin.ch/biota/forestfirewarningregion/geometry/1000"},{"value":"https://ld.admin.ch/dimension/bgdi/biota/forestfirewarningregions/1001","label":"Prättigau (GR)","identifier":"1001","geometry":"https://geo.ld.admin.ch/biota/forestfirewarningregion/geometry/1001"},{"value":"https://ld.admin.ch/dimension/bgdi/biota/forestfirewarningregions/1002","label":"Tavau - Klosters (GR)","identifier":"1002","geometry":"https://geo.ld.admin.ch/biota/forestfirewarningregion/geometry/1002"},{"value":"https://ld.admin.ch/dimension/bgdi/biota/forestfirewarningregions/1003","label":"Schanfigg (GR)","identifier":"1003","geometry":"https://geo.ld.admin.ch/biota/forestfirewarningregion/geometry/1003"},{"value":"https://ld.admin.ch/dimension/bgdi/biota/forestfirewarningregions/1004","label":"Domleschg (GR)","identifier":"1004","geometry":"https://geo.ld.admin.ch/biota/forestfirewarningregion/geometry/1004"},{"value":"https://ld.admin.ch/dimension/bgdi/biota/forestfirewarningregions/1005","label":"Schams - Albula (GR)","identifier":"1005","geometry":"https://geo.ld.admin.ch/biota/forestfirewarningregion/geometry/1005"},{"value":"https://ld.admin.ch/dimension/bgdi/biota/forestfirewarningregions/1006","label":"Rheinwald (GR)","identifier":"1006","geometry":"https://geo.ld.admin.ch/biota/forestfirewarningregion/geometry/1006"},{"value":"https://ld.admin.ch/dimension/bgdi/biota/forestfirewarningregions/1007","label":"Surses (GR)","identifier":"1007","geometry":"https://geo.ld.admin.ch/biota/forestfirewarningregion/geometry/1007"},{"value":"https://ld.admin.ch/dimension/bgdi/biota/forestfirewarningregions/1008","label":"Bergün Filisur (GR)","identifier":"1008","geometry":"https://geo.ld.admin.ch/biota/forestfirewarningregion/geometry/1008"},{"value":"https://ld.admin.ch/dimension/bgdi/biota/forestfirewarningregions/1009","label":"San Bernadino (GR)","identifier":"1009","geometry":"https://geo.ld.admin.ch/biota/forestfirewarningregion/geometry/1009"},{"value":"https://ld.admin.ch/dimension/bgdi/biota/forestfirewarningregions/1010","label":"Moesano (GR)","identifier":"1010","geometry":"https://geo.ld.admin.ch/biota/forestfirewarningregion/geometry/1010"},{"value":"https://ld.admin.ch/dimension/bgdi/biota/forestfirewarningregions/1011","label":"Surselva bassa (GR)","identifier":"1011","geometry":"https://geo.ld.admin.ch/biota/forestfirewarningregion/geometry/1011"},{"value":"https://ld.admin.ch/dimension/bgdi/biota/forestfirewarningregions/1012","label":"Surselva ota (GR)","identifier":"1012","geometry":"https://geo.ld.admin.ch/biota/forestfirewarningregion/geometry/1012"},{"value":"https://ld.admin.ch/dimension/bgdi/biota/forestfirewarningregions/1013","label":"Scuol-Valsot (GR)","identifier":"1013","geometry":"https://geo.ld.admin.ch/biota/forestfirewarningregion/geometry/1013"},{"value":"https://ld.admin.ch/dimension/bgdi/biota/forestfirewarningregions/1014","label":"Zernez (GR)","identifier":"1014","geometry":"https://geo.ld.admin.ch/biota/forestfirewarningregion/geometry/1014"},{"value":"https://ld.admin.ch/dimension/bgdi/biota/forestfirewarningregions/1015","label":"Engiadina Ota / Oberengadin (GR)","identifier":"1015","geometry":"https://geo.ld.admin.ch/biota/forestfirewarningregion/geometry/1015"},{"value":"https://ld.admin.ch/dimension/bgdi/biota/forestfirewarningregions/1016","label":"Bergell / Bregaglia (GR)","identifier":"1016","geometry":"https://geo.ld.admin.ch/biota/forestfirewarningregion/geometry/1016"},{"value":"https://ld.admin.ch/dimension/bgdi/biota/forestfirewarningregions/1017","label":"Val Poschiavo / Puschlav (GR)","identifier":"1017","geometry":"https://geo.ld.admin.ch/biota/forestfirewarningregion/geometry/1017"},{"value":"https://ld.admin.ch/dimension/bgdi/biota/forestfirewarningregions/1018","label":"Val Müstair (GR)","identifier":"1018","geometry":"https://geo.ld.admin.ch/biota/forestfirewarningregion/geometry/1018"},{"value":"https://ld.admin.ch/dimension/bgdi/biota/forestfirewarningregions/1019","label":"Samnaun (GR)","identifier":"1019","geometry":"https://geo.ld.admin.ch/biota/forestfirewarningregion/geometry/1019"},{"value":"https://ld.admin.ch/dimension/bgdi/biota/forestfirewarningregions/11","label":"Canton of Aargau","identifier":"11","geometry":"https://geo.ld.admin.ch/biota/forestfirewarningregion/geometry/11"},{"value":"https://ld.admin.ch/dimension/bgdi/biota/forestfirewarningregions/1100","label":"Ajoie (JU)","identifier":"1100","geometry":"https://geo.ld.admin.ch/biota/forestfirewarningregion/geometry/1100"},{"value":"https://ld.admin.ch/dimension/bgdi/biota/forestfirewarningregions/1101","label":"Franches-Montagnes (JU)","identifier":"1101","geometry":"https://geo.ld.admin.ch/biota/forestfirewarningregion/geometry/1101"},{"value":"https://ld.admin.ch/dimension/bgdi/biota/forestfirewarningregions/1102","label":"Delémont (JU)","identifier":"1102","geometry":"https://geo.ld.admin.ch/biota/forestfirewarningregion/geometry/1102"},{"value":"https://ld.admin.ch/dimension/bgdi/biota/forestfirewarningregions/1200","label":"Canton of Lucerne","identifier":"1200","geometry":"https://geo.ld.admin.ch/biota/forestfirewarningregion/geometry/1200"},{"value":"https://ld.admin.ch/dimension/bgdi/biota/forestfirewarningregions/1300","label":"Neuchâtel coastline (NE)","identifier":"1300","geometry":"https://geo.ld.admin.ch/biota/forestfirewarningregion/geometry/1300"},{"value":"https://ld.admin.ch/dimension/bgdi/biota/forestfirewarningregions/1301","label":"Neuchâtel mountains (NE)","identifier":"1301","geometry":"https://geo.ld.admin.ch/biota/forestfirewarningregion/geometry/1301"},{"value":"https://ld.admin.ch/dimension/bgdi/biota/forestfirewarningregions/1302","label":"Val-de-Ruz (NE)","identifier":"1302","geometry":"https://geo.ld.admin.ch/biota/forestfirewarningregion/geometry/1302"},{"value":"https://ld.admin.ch/dimension/bgdi/biota/forestfirewarningregions/1303","label":"Val-de-Travers (NE)","identifier":"1303","geometry":"https://geo.ld.admin.ch/biota/forestfirewarningregion/geometry/1303"},{"value":"https://ld.admin.ch/dimension/bgdi/biota/forestfirewarningregions/1400","label":"Nidwalden","identifier":"1400","geometry":"https://geo.ld.admin.ch/biota/forestfirewarningregion/geometry/1400"},{"value":"https://ld.admin.ch/dimension/bgdi/biota/forestfirewarningregions/1500","label":"Obwalden","identifier":"1500","geometry":"https://geo.ld.admin.ch/biota/forestfirewarningregion/geometry/1500"},{"value":"https://ld.admin.ch/dimension/bgdi/biota/forestfirewarningregions/1600","label":"Wil (SG)","identifier":"1600","geometry":"https://geo.ld.admin.ch/biota/forestfirewarningregion/geometry/1600"},{"value":"https://ld.admin.ch/dimension/bgdi/biota/forestfirewarningregions/1601","label":"Alttoggenburg (SG)","identifier":"1601","geometry":"https://geo.ld.admin.ch/biota/forestfirewarningregion/geometry/1601"},{"value":"https://ld.admin.ch/dimension/bgdi/biota/forestfirewarningregions/1602","label":"Gaster (SG)","identifier":"1602","geometry":"https://geo.ld.admin.ch/biota/forestfirewarningregion/geometry/1602"},{"value":"https://ld.admin.ch/dimension/bgdi/biota/forestfirewarningregions/1603","label":"St.Gallen (SG)","identifier":"1603","geometry":"https://geo.ld.admin.ch/biota/forestfirewarningregion/geometry/1603"},{"value":"https://ld.admin.ch/dimension/bgdi/biota/forestfirewarningregions/1604","label":"Obertoggenburg (SG)","identifier":"1604","geometry":"https://geo.ld.admin.ch/biota/forestfirewarningregion/geometry/1604"},{"value":"https://ld.admin.ch/dimension/bgdi/biota/forestfirewarningregions/1605","label":"Lake Walsenstadt (SG)","identifier":"1605","geometry":"https://geo.ld.admin.ch/biota/forestfirewarningregion/geometry/1605"},{"value":"https://ld.admin.ch/dimension/bgdi/biota/forestfirewarningregions/1606","label":"Werdenberg (SG)","identifier":"1606","geometry":"https://geo.ld.admin.ch/biota/forestfirewarningregion/geometry/1606"},{"value":"https://ld.admin.ch/dimension/bgdi/biota/forestfirewarningregions/1607","label":"Sargans (SG)","identifier":"1607","geometry":"https://geo.ld.admin.ch/biota/forestfirewarningregion/geometry/1607"},{"value":"https://ld.admin.ch/dimension/bgdi/biota/forestfirewarningregions/1608","label":"Rheintal (SG)","identifier":"1608","geometry":"https://geo.ld.admin.ch/biota/forestfirewarningregion/geometry/1608"},{"value":"https://ld.admin.ch/dimension/bgdi/biota/forestfirewarningregions/1700","label":"Canton of Schaffhausen","identifier":"1700","geometry":"https://geo.ld.admin.ch/biota/forestfirewarningregion/geometry/1700"},{"value":"https://ld.admin.ch/dimension/bgdi/biota/forestfirewarningregions/1800","label":"Solothurn - Mittelland (SO)","identifier":"1800","geometry":"https://geo.ld.admin.ch/biota/forestfirewarningregion/geometry/1800"},{"value":"https://ld.admin.ch/dimension/bgdi/biota/forestfirewarningregions/1801","label":"Olten - Mittelland (SO)","identifier":"1801","geometry":"https://geo.ld.admin.ch/biota/forestfirewarningregion/geometry/1801"},{"value":"https://ld.admin.ch/dimension/bgdi/biota/forestfirewarningregions/1802","label":"Jura Südfuss - Olten (SO)","identifier":"1802","geometry":"https://geo.ld.admin.ch/biota/forestfirewarningregion/geometry/1802"},{"value":"https://ld.admin.ch/dimension/bgdi/biota/forestfirewarningregions/1803","label":"Jura Südfuss - Solothurn (SO)","identifier":"1803","geometry":"https://geo.ld.admin.ch/biota/forestfirewarningregion/geometry/1803"},{"value":"https://ld.admin.ch/dimension/bgdi/biota/forestfirewarningregions/1804","label":"Thal (SO)","identifier":"1804","geometry":"https://geo.ld.admin.ch/biota/forestfirewarningregion/geometry/1804"},{"value":"https://ld.admin.ch/dimension/bgdi/biota/forestfirewarningregions/1805","label":"Dorneck / Thierstein (SO)","identifier":"1805","geometry":"https://geo.ld.admin.ch/biota/forestfirewarningregion/geometry/1805"},{"value":"https://ld.admin.ch/dimension/bgdi/biota/forestfirewarningregions/1900","label":"Canton of Schwyz","identifier":"1900","geometry":"https://geo.ld.admin.ch/biota/forestfirewarningregion/geometry/1900"},{"value":"https://ld.admin.ch/dimension/bgdi/biota/forestfirewarningregions/1901","label":"Canton of Thurgau","identifier":"1901","geometry":"https://geo.ld.admin.ch/biota/forestfirewarningregion/geometry/1901"},{"value":"https://ld.admin.ch/dimension/bgdi/biota/forestfirewarningregions/200","label":"Appenzell Ausserrhoden","identifier":"200","geometry":"https://geo.ld.admin.ch/biota/forestfirewarningregion/geometry/200"},{"value":"https://ld.admin.ch/dimension/bgdi/biota/forestfirewarningregions/2100","label":"Northern Ticino (TI)","identifier":"2100","geometry":"https://geo.ld.admin.ch/biota/forestfirewarningregion/geometry/2100"},{"value":"https://ld.admin.ch/dimension/bgdi/biota/forestfirewarningregions/2101","label":"Central Ticino (TI)","identifier":"2101","geometry":"https://geo.ld.admin.ch/biota/forestfirewarningregion/geometry/2101"},{"value":"https://ld.admin.ch/dimension/bgdi/biota/forestfirewarningregions/2102","label":"Sottoceneri (TI)","identifier":"2102","geometry":"https://geo.ld.admin.ch/biota/forestfirewarningregion/geometry/2102"},{"value":"https://ld.admin.ch/dimension/bgdi/biota/forestfirewarningregions/2200","label":"Canton of Uri","identifier":"2200","geometry":"https://geo.ld.admin.ch/biota/forestfirewarningregion/geometry/2200"},{"value":"https://ld.admin.ch/dimension/bgdi/biota/forestfirewarningregions/2300","label":"Jura - Côte (VD)","identifier":"2300","geometry":"https://geo.ld.admin.ch/biota/forestfirewarningregion/geometry/2300"},{"value":"https://ld.admin.ch/dimension/bgdi/biota/forestfirewarningregions/2301","label":"Plateau vaudois (VD)","identifier":"2301","geometry":"https://geo.ld.admin.ch/biota/forestfirewarningregion/geometry/2301"},{"value":"https://ld.admin.ch/dimension/bgdi/biota/forestfirewarningregions/2302","label":"Vaudoises Alps (VD)","identifier":"2302","geometry":"https://geo.ld.admin.ch/biota/forestfirewarningregion/geometry/2302"},{"value":"https://ld.admin.ch/dimension/bgdi/biota/forestfirewarningregions/2420","label":"Goms (VS)","identifier":"2420","geometry":"https://geo.ld.admin.ch/biota/forestfirewarningregion/geometry/2420"},{"value":"https://ld.admin.ch/dimension/bgdi/biota/forestfirewarningregions/2421","label":"Binn (VS)","identifier":"2421","geometry":"https://geo.ld.admin.ch/biota/forestfirewarningregion/geometry/2421"},{"value":"https://ld.admin.ch/dimension/bgdi/biota/forestfirewarningregions/2422","label":"Aletsch (VS)","identifier":"2422","geometry":"https://geo.ld.admin.ch/biota/forestfirewarningregion/geometry/2422"},{"value":"https://ld.admin.ch/dimension/bgdi/biota/forestfirewarningregions/2423","label":"Simplon north (VS)","identifier":"2423","geometry":"https://geo.ld.admin.ch/biota/forestfirewarningregion/geometry/2423"},{"value":"https://ld.admin.ch/dimension/bgdi/biota/forestfirewarningregions/2424","label":"Simplon (VS)","identifier":"2424","geometry":"https://geo.ld.admin.ch/biota/forestfirewarningregion/geometry/2424"},{"value":"https://ld.admin.ch/dimension/bgdi/biota/forestfirewarningregions/2425","label":"Vispertal (VS)","identifier":"2425","geometry":"https://geo.ld.admin.ch/biota/forestfirewarningregion/geometry/2425"},{"value":"https://ld.admin.ch/dimension/bgdi/biota/forestfirewarningregions/2426","label":"Saas (VS)","identifier":"2426","geometry":"https://geo.ld.admin.ch/biota/forestfirewarningregion/geometry/2426"},{"value":"https://ld.admin.ch/dimension/bgdi/biota/forestfirewarningregions/2427","label":"Nikolai (VS)","identifier":"2427","geometry":"https://geo.ld.admin.ch/biota/forestfirewarningregion/geometry/2427"},{"value":"https://ld.admin.ch/dimension/bgdi/biota/forestfirewarningregions/2428","label":"Turtmann Valley (VS)","identifier":"2428","geometry":"https://geo.ld.admin.ch/biota/forestfirewarningregion/geometry/2428"},{"value":"https://ld.admin.ch/dimension/bgdi/biota/forestfirewarningregions/2429","label":"Lötschental (VS)","identifier":"2429","geometry":"https://geo.ld.admin.ch/biota/forestfirewarningregion/geometry/2429"},{"value":"https://ld.admin.ch/dimension/bgdi/biota/forestfirewarningregions/2430","label":"Südrampe (VS)","identifier":"2430","geometry":"https://geo.ld.admin.ch/biota/forestfirewarningregion/geometry/2430"},{"value":"https://ld.admin.ch/dimension/bgdi/biota/forestfirewarningregions/2431","label":"Montana (VS)","identifier":"2431","geometry":"https://geo.ld.admin.ch/biota/forestfirewarningregion/geometry/2431"},{"value":"https://ld.admin.ch/dimension/bgdi/biota/forestfirewarningregions/2432","label":"Sion-Sierre (VS)","identifier":"2432","geometry":"https://geo.ld.admin.ch/biota/forestfirewarningregion/geometry/2432"},{"value":"https://ld.admin.ch/dimension/bgdi/biota/forestfirewarningregions/2433","label":"Anniviers (VS)","identifier":"2433","geometry":"https://geo.ld.admin.ch/biota/forestfirewarningregion/geometry/2433"},{"value":"https://ld.admin.ch/dimension/bgdi/biota/forestfirewarningregions/2434","label":"Evolène (VS)","identifier":"2434","geometry":"https://geo.ld.admin.ch/biota/forestfirewarningregion/geometry/2434"},{"value":"https://ld.admin.ch/dimension/bgdi/biota/forestfirewarningregions/2435","label":"Fully (VS)","identifier":"2435","geometry":"https://geo.ld.admin.ch/biota/forestfirewarningregion/geometry/2435"},{"value":"https://ld.admin.ch/dimension/bgdi/biota/forestfirewarningregions/2436","label":"Riddes (VS)","identifier":"2436","geometry":"https://geo.ld.admin.ch/biota/forestfirewarningregion/geometry/2436"},{"value":"https://ld.admin.ch/dimension/bgdi/biota/forestfirewarningregions/2437","label":"Bagnes (VS)","identifier":"2437","geometry":"https://geo.ld.admin.ch/biota/forestfirewarningregion/geometry/2437"},{"value":"https://ld.admin.ch/dimension/bgdi/biota/forestfirewarningregions/2438","label":"Gd St. Bernard (VS)","identifier":"2438","geometry":"https://geo.ld.admin.ch/biota/forestfirewarningregion/geometry/2438"},{"value":"https://ld.admin.ch/dimension/bgdi/biota/forestfirewarningregions/2439","label":"Arpille (VS)","identifier":"2439","geometry":"https://geo.ld.admin.ch/biota/forestfirewarningregion/geometry/2439"},{"value":"https://ld.admin.ch/dimension/bgdi/biota/forestfirewarningregions/2440","label":"St. Maurice (VS)","identifier":"2440","geometry":"https://geo.ld.admin.ch/biota/forestfirewarningregion/geometry/2440"},{"value":"https://ld.admin.ch/dimension/bgdi/biota/forestfirewarningregions/2441","label":"Val d'Illiez (VS)","identifier":"2441","geometry":"https://geo.ld.admin.ch/biota/forestfirewarningregion/geometry/2441"},{"value":"https://ld.admin.ch/dimension/bgdi/biota/forestfirewarningregions/2442","label":"Chablais (VS)","identifier":"2442","geometry":"https://geo.ld.admin.ch/biota/forestfirewarningregion/geometry/2442"},{"value":"https://ld.admin.ch/dimension/bgdi/biota/forestfirewarningregions/2500","label":"Canton of Zug","identifier":"2500","geometry":"https://geo.ld.admin.ch/biota/forestfirewarningregion/geometry/2500"},{"value":"https://ld.admin.ch/dimension/bgdi/biota/forestfirewarningregions/2600","label":"Canton of Zurich","identifier":"2600","geometry":"https://geo.ld.admin.ch/biota/forestfirewarningregion/geometry/2600"},{"value":"https://ld.admin.ch/dimension/bgdi/biota/forestfirewarningregions/301","label":"Innertkirchen/ Gadmen (BE)","identifier":"301","geometry":"https://geo.ld.admin.ch/biota/forestfirewarningregion/geometry/301"},{"value":"https://ld.admin.ch/dimension/bgdi/biota/forestfirewarningregions/302","label":"Grimselregion (BE)","identifier":"302","geometry":"https://geo.ld.admin.ch/biota/forestfirewarningregion/geometry/302"},{"value":"https://ld.admin.ch/dimension/bgdi/biota/forestfirewarningregions/303","label":"Grindelwald (BE)","identifier":"303","geometry":"https://geo.ld.admin.ch/biota/forestfirewarningregion/geometry/303"},{"value":"https://ld.admin.ch/dimension/bgdi/biota/forestfirewarningregions/304","label":"Lauterbrunnen (BE)","identifier":"304","geometry":"https://geo.ld.admin.ch/biota/forestfirewarningregion/geometry/304"},{"value":"https://ld.admin.ch/dimension/bgdi/biota/forestfirewarningregions/305","label":"Kandersteg (BE)","identifier":"305","geometry":"https://geo.ld.admin.ch/biota/forestfirewarningregion/geometry/305"},{"value":"https://ld.admin.ch/dimension/bgdi/biota/forestfirewarningregions/306","label":"Diemtigtal (BE)","identifier":"306","geometry":"https://geo.ld.admin.ch/biota/forestfirewarningregion/geometry/306"},{"value":"https://ld.admin.ch/dimension/bgdi/biota/forestfirewarningregions/307","label":"Frutig- / Kiental (BE)","identifier":"307","geometry":"https://geo.ld.admin.ch/biota/forestfirewarningregion/geometry/307"},{"value":"https://ld.admin.ch/dimension/bgdi/biota/forestfirewarningregions/308","label":"Region Lenk (BE)","identifier":"308","geometry":"https://geo.ld.admin.ch/biota/forestfirewarningregion/geometry/308"},{"value":"https://ld.admin.ch/dimension/bgdi/biota/forestfirewarningregions/309","label":"Entschligental (BE)","identifier":"309","geometry":"https://geo.ld.admin.ch/biota/forestfirewarningregion/geometry/309"},{"value":"https://ld.admin.ch/dimension/bgdi/biota/forestfirewarningregions/310","label":"Region Zweisimmen (BE)","identifier":"310","geometry":"https://geo.ld.admin.ch/biota/forestfirewarningregion/geometry/310"},{"value":"https://ld.admin.ch/dimension/bgdi/biota/forestfirewarningregions/311","label":"Schwarzenburg/ Längenberg (BE)","identifier":"311","geometry":"https://geo.ld.admin.ch/biota/forestfirewarningregion/geometry/311"},{"value":"https://ld.admin.ch/dimension/bgdi/biota/forestfirewarningregions/312","label":"Nördlich Thunersee (BE)","identifier":"312","geometry":"https://geo.ld.admin.ch/biota/forestfirewarningregion/geometry/312"},{"value":"https://ld.admin.ch/dimension/bgdi/biota/forestfirewarningregions/313","label":"Region Bern (BE)","identifier":"313","geometry":"https://geo.ld.admin.ch/biota/forestfirewarningregion/geometry/313"},{"value":"https://ld.admin.ch/dimension/bgdi/biota/forestfirewarningregions/314","label":"Habkern (BE)","identifier":"314","geometry":"https://geo.ld.admin.ch/biota/forestfirewarningregion/geometry/314"},{"value":"https://ld.admin.ch/dimension/bgdi/biota/forestfirewarningregions/315","label":"Südlich Breinzersee (BE)","identifier":"315","geometry":"https://geo.ld.admin.ch/biota/forestfirewarningregion/geometry/315"},{"value":"https://ld.admin.ch/dimension/bgdi/biota/forestfirewarningregions/316","label":"Niedersimmental (BE)","identifier":"316","geometry":"https://geo.ld.admin.ch/biota/forestfirewarningregion/geometry/316"},{"value":"https://ld.admin.ch/dimension/bgdi/biota/forestfirewarningregions/317","label":"Meiringen Schattseite  (BE)","identifier":"317","geometry":"https://geo.ld.admin.ch/biota/forestfirewarningregion/geometry/317"},{"value":"https://ld.admin.ch/dimension/bgdi/biota/forestfirewarningregions/318","label":"Berner Jura Ost (BE)","identifier":"318","geometry":"https://geo.ld.admin.ch/biota/forestfirewarningregion/geometry/318"},{"value":"https://ld.admin.ch/dimension/bgdi/biota/forestfirewarningregions/319","label":"Berner Jura West (BE)","identifier":"319","geometry":"https://geo.ld.admin.ch/biota/forestfirewarningregion/geometry/319"},{"value":"https://ld.admin.ch/dimension/bgdi/biota/forestfirewarningregions/320","label":"Grosses Moos (BE)","identifier":"320","geometry":"https://geo.ld.admin.ch/biota/forestfirewarningregion/geometry/320"},{"value":"https://ld.admin.ch/dimension/bgdi/biota/forestfirewarningregions/321","label":"Gürbetal (BE)","identifier":"321","geometry":"https://geo.ld.admin.ch/biota/forestfirewarningregion/geometry/321"},{"value":"https://ld.admin.ch/dimension/bgdi/biota/forestfirewarningregions/322","label":"Oberaargau Süd (BE)","identifier":"322","geometry":"https://geo.ld.admin.ch/biota/forestfirewarningregion/geometry/322"},{"value":"https://ld.admin.ch/dimension/bgdi/biota/forestfirewarningregions/323","label":"Seeland Ost (BE)","identifier":"323","geometry":"https://geo.ld.admin.ch/biota/forestfirewarningregion/geometry/323"},{"value":"https://ld.admin.ch/dimension/bgdi/biota/forestfirewarningregions/324","label":"Plateau de Diesse (BE)","identifier":"324","geometry":"https://geo.ld.admin.ch/biota/forestfirewarningregion/geometry/324"},{"value":"https://ld.admin.ch/dimension/bgdi/biota/forestfirewarningregions/325","label":"Sensenlauf (BE)","identifier":"325","geometry":"https://geo.ld.admin.ch/biota/forestfirewarningregion/geometry/325"},{"value":"https://ld.admin.ch/dimension/bgdi/biota/forestfirewarningregions/326","label":"Urtenental (BE)","identifier":"326","geometry":"https://geo.ld.admin.ch/biota/forestfirewarningregion/geometry/326"},{"value":"https://ld.admin.ch/dimension/bgdi/biota/forestfirewarningregions/327","label":"Worblental (BE)","identifier":"327","geometry":"https://geo.ld.admin.ch/biota/forestfirewarningregion/geometry/327"},{"value":"https://ld.admin.ch/dimension/bgdi/biota/forestfirewarningregions/328","label":"Jurasüdfuss Oberaargau","identifier":"328","geometry":"https://geo.ld.admin.ch/biota/forestfirewarningregion/geometry/328"},{"value":"https://ld.admin.ch/dimension/bgdi/biota/forestfirewarningregions/329","label":"Oberaargau Nord (BE)","identifier":"329","geometry":"https://geo.ld.admin.ch/biota/forestfirewarningregion/geometry/329"},{"value":"https://ld.admin.ch/dimension/bgdi/biota/forestfirewarningregions/330","label":"Region Burgdorf (BE)","identifier":"330","geometry":"https://geo.ld.admin.ch/biota/forestfirewarningregion/geometry/330"},{"value":"https://ld.admin.ch/dimension/bgdi/biota/forestfirewarningregions/331","label":"Südlich Thunersee (BE)","identifier":"331","geometry":"https://geo.ld.admin.ch/biota/forestfirewarningregion/geometry/331"},{"value":"https://ld.admin.ch/dimension/bgdi/biota/forestfirewarningregions/332","label":"Kiesental (BE)","identifier":"332","geometry":"https://geo.ld.admin.ch/biota/forestfirewarningregion/geometry/332"},{"value":"https://ld.admin.ch/dimension/bgdi/biota/forestfirewarningregions/333","label":"Nördlich Brienzersee (BE)","identifier":"333","geometry":"https://geo.ld.admin.ch/biota/forestfirewarningregion/geometry/333"},{"value":"https://ld.admin.ch/dimension/bgdi/biota/forestfirewarningregions/334","label":"Saxeten / Bödeli (BE)","identifier":"334","geometry":"https://geo.ld.admin.ch/biota/forestfirewarningregion/geometry/334"},{"value":"https://ld.admin.ch/dimension/bgdi/biota/forestfirewarningregions/335","label":"Jurasüdfuss Biel/Bienne (BE)","identifier":"335","geometry":"https://geo.ld.admin.ch/biota/forestfirewarningregion/geometry/335"},{"value":"https://ld.admin.ch/dimension/bgdi/biota/forestfirewarningregions/336","label":"Beatenberg / Unterseen (BE)","identifier":"336","geometry":"https://geo.ld.admin.ch/biota/forestfirewarningregion/geometry/336"},{"value":"https://ld.admin.ch/dimension/bgdi/biota/forestfirewarningregions/337","label":"Rüti/ Büren (BE)","identifier":"337","geometry":"https://geo.ld.admin.ch/biota/forestfirewarningregion/geometry/337"},{"value":"https://ld.admin.ch/dimension/bgdi/biota/forestfirewarningregions/338","label":"Region Biel/Bienne (BE)","identifier":"338","geometry":"https://geo.ld.admin.ch/biota/forestfirewarningregion/geometry/338"},{"value":"https://ld.admin.ch/dimension/bgdi/biota/forestfirewarningregions/339","label":"Thun (BE)","identifier":"339","geometry":"https://geo.ld.admin.ch/biota/forestfirewarningregion/geometry/339"},{"value":"https://ld.admin.ch/dimension/bgdi/biota/forestfirewarningregions/340","label":"Region Gantrisch (BE)","identifier":"340","geometry":"https://geo.ld.admin.ch/biota/forestfirewarningregion/geometry/340"},{"value":"https://ld.admin.ch/dimension/bgdi/biota/forestfirewarningregions/341","label":"Region Napf (BE)","identifier":"341","geometry":"https://geo.ld.admin.ch/biota/forestfirewarningregion/geometry/341"},{"value":"https://ld.admin.ch/dimension/bgdi/biota/forestfirewarningregions/342","label":"Emmental Süd (BE)","identifier":"342","geometry":"https://geo.ld.admin.ch/biota/forestfirewarningregion/geometry/342"},{"value":"https://ld.admin.ch/dimension/bgdi/biota/forestfirewarningregions/343","label":"Untere Emme (BE)","identifier":"343","geometry":"https://geo.ld.admin.ch/biota/forestfirewarningregion/geometry/343"},{"value":"https://ld.admin.ch/dimension/bgdi/biota/forestfirewarningregions/344","label":"Innertkirchen/ Urbachtal (BE)","identifier":"344","geometry":"https://geo.ld.admin.ch/biota/forestfirewarningregion/geometry/344"},{"value":"https://ld.admin.ch/dimension/bgdi/biota/forestfirewarningregions/345","label":"Meiringen Sonnseite  (BE)","identifier":"345","geometry":"https://geo.ld.admin.ch/biota/forestfirewarningregion/geometry/345"},{"value":"https://ld.admin.ch/dimension/bgdi/biota/forestfirewarningregions/346","label":"Saanenland (BE)","identifier":"346","geometry":"https://geo.ld.admin.ch/biota/forestfirewarningregion/geometry/346"},{"value":"https://ld.admin.ch/dimension/bgdi/biota/forestfirewarningregions/347","label":"Zulgtal (BE)","identifier":"347","geometry":"https://geo.ld.admin.ch/biota/forestfirewarningregion/geometry/347"},{"value":"https://ld.admin.ch/dimension/bgdi/biota/forestfirewarningregions/350","label":"Aaretal (BE)","identifier":"350","geometry":"https://geo.ld.admin.ch/biota/forestfirewarningregion/geometry/350"},{"value":"https://ld.admin.ch/dimension/bgdi/biota/forestfirewarningregions/400","label":"Canton of Basel-Land","identifier":"400","geometry":"https://geo.ld.admin.ch/biota/forestfirewarningregion/geometry/400"},{"value":"https://ld.admin.ch/dimension/bgdi/biota/forestfirewarningregions/500","label":"Canton of Basel-Stadt","identifier":"500","geometry":"https://geo.ld.admin.ch/biota/forestfirewarningregion/geometry/500"},{"value":"https://ld.admin.ch/dimension/bgdi/biota/forestfirewarningregions/600","label":"Principality of Liechtenstein","identifier":"600","geometry":"https://geo.ld.admin.ch/biota/forestfirewarningregion/geometry/600"},{"value":"https://ld.admin.ch/dimension/bgdi/biota/forestfirewarningregions/700","label":"Haute Gruyère - Jogne (FR)","identifier":"700","geometry":"https://geo.ld.admin.ch/biota/forestfirewarningregion/geometry/700"},{"value":"https://ld.admin.ch/dimension/bgdi/biota/forestfirewarningregions/701","label":"Veveyse - Glâne (FR)","identifier":"701","geometry":"https://geo.ld.admin.ch/biota/forestfirewarningregion/geometry/701"},{"value":"https://ld.admin.ch/dimension/bgdi/biota/forestfirewarningregions/702","label":"Basse Gruyère (FR)","identifier":"702","geometry":"https://geo.ld.admin.ch/biota/forestfirewarningregion/geometry/702"},{"value":"https://ld.admin.ch/dimension/bgdi/biota/forestfirewarningregions/703","label":"Haute Singine (FR)","identifier":"703","geometry":"https://geo.ld.admin.ch/biota/forestfirewarningregion/geometry/703"},{"value":"https://ld.admin.ch/dimension/bgdi/biota/forestfirewarningregions/704","label":"Sarine - Basse Singine (FR)","identifier":"704","geometry":"https://geo.ld.admin.ch/biota/forestfirewarningregion/geometry/704"},{"value":"https://ld.admin.ch/dimension/bgdi/biota/forestfirewarningregions/705","label":"Broye (FR)","identifier":"705","geometry":"https://geo.ld.admin.ch/biota/forestfirewarningregion/geometry/705"},{"value":"https://ld.admin.ch/dimension/bgdi/biota/forestfirewarningregions/706","label":"Lac (FR)","identifier":"706","geometry":"https://geo.ld.admin.ch/biota/forestfirewarningregion/geometry/706"},{"value":"https://ld.admin.ch/dimension/bgdi/biota/forestfirewarningregions/800","label":"Canton of Geneva","identifier":"800","geometry":"https://geo.ld.admin.ch/biota/forestfirewarningregion/geometry/800"},{"value":"https://ld.admin.ch/dimension/bgdi/biota/forestfirewarningregions/900","label":"Glarus (GL)","identifier":"900","geometry":"https://geo.ld.admin.ch/biota/forestfirewarningregion/geometry/900"}],"related":[],"hierarchy":[{"label":"Zurich","alternateName":"ZH","value":"https://ld.admin.ch/canton/1","children":[{"label":"Canton of Zurich","value":"https://ld.admin.ch/dimension/bgdi/biota/forestfirewarningregions/2600","children":[],"identifier":"2600","depth":1,"dimensionId":"https://environment.ld.admin.ch/foen/gefahren-waldbrand-praeventionsmassnahmen-kantone/region","hasValue":true}],"identifier":1,"depth":0,"dimensionId":"https://environment.ld.admin.ch/foen/gefahren-waldbrand-praeventionsmassnahmen-kantone/region","hasValue":false,"hierarchyName":"Hierarchy Waldbrand Regions and Cantons"},{"label":"Bern","alternateName":"BE","value":"https://ld.admin.ch/canton/2","children":[{"label":"Innertkirchen/ Gadmen (BE)","value":"https://ld.admin.ch/dimension/bgdi/biota/forestfirewarningregions/301","children":[],"identifier":"301","depth":1,"dimensionId":"https://environment.ld.admin.ch/foen/gefahren-waldbrand-praeventionsmassnahmen-kantone/region","hasValue":true},{"label":"Grimselregion (BE)","value":"https://ld.admin.ch/dimension/bgdi/biota/forestfirewarningregions/302","children":[],"identifier":"302","depth":1,"dimensionId":"https://environment.ld.admin.ch/foen/gefahren-waldbrand-praeventionsmassnahmen-kantone/region","hasValue":true},{"label":"Grindelwald (BE)","value":"https://ld.admin.ch/dimension/bgdi/biota/forestfirewarningregions/303","children":[],"identifier":"303","depth":1,"dimensionId":"https://environment.ld.admin.ch/foen/gefahren-waldbrand-praeventionsmassnahmen-kantone/region","hasValue":true},{"label":"Lauterbrunnen (BE)","value":"https://ld.admin.ch/dimension/bgdi/biota/forestfirewarningregions/304","children":[],"identifier":"304","depth":1,"dimensionId":"https://environment.ld.admin.ch/foen/gefahren-waldbrand-praeventionsmassnahmen-kantone/region","hasValue":true},{"label":"Kandersteg (BE)","value":"https://ld.admin.ch/dimension/bgdi/biota/forestfirewarningregions/305","children":[],"identifier":"305","depth":1,"dimensionId":"https://environment.ld.admin.ch/foen/gefahren-waldbrand-praeventionsmassnahmen-kantone/region","hasValue":true},{"label":"Diemtigtal (BE)","value":"https://ld.admin.ch/dimension/bgdi/biota/forestfirewarningregions/306","children":[],"identifier":"306","depth":1,"dimensionId":"https://environment.ld.admin.ch/foen/gefahren-waldbrand-praeventionsmassnahmen-kantone/region","hasValue":true},{"label":"Frutig- / Kiental (BE)","value":"https://ld.admin.ch/dimension/bgdi/biota/forestfirewarningregions/307","children":[],"identifier":"307","depth":1,"dimensionId":"https://environment.ld.admin.ch/foen/gefahren-waldbrand-praeventionsmassnahmen-kantone/region","hasValue":true},{"label":"Region Lenk (BE)","value":"https://ld.admin.ch/dimension/bgdi/biota/forestfirewarningregions/308","children":[],"identifier":"308","depth":1,"dimensionId":"https://environment.ld.admin.ch/foen/gefahren-waldbrand-praeventionsmassnahmen-kantone/region","hasValue":true},{"label":"Entschligental (BE)","value":"https://ld.admin.ch/dimension/bgdi/biota/forestfirewarningregions/309","children":[],"identifier":"309","depth":1,"dimensionId":"https://environment.ld.admin.ch/foen/gefahren-waldbrand-praeventionsmassnahmen-kantone/region","hasValue":true},{"label":"Region Zweisimmen (BE)","value":"https://ld.admin.ch/dimension/bgdi/biota/forestfirewarningregions/310","children":[],"identifier":"310","depth":1,"dimensionId":"https://environment.ld.admin.ch/foen/gefahren-waldbrand-praeventionsmassnahmen-kantone/region","hasValue":true},{"label":"Schwarzenburg/ Längenberg (BE)","value":"https://ld.admin.ch/dimension/bgdi/biota/forestfirewarningregions/311","children":[],"identifier":"311","depth":1,"dimensionId":"https://environment.ld.admin.ch/foen/gefahren-waldbrand-praeventionsmassnahmen-kantone/region","hasValue":true},{"label":"Nördlich Thunersee (BE)","value":"https://ld.admin.ch/dimension/bgdi/biota/forestfirewarningregions/312","children":[],"identifier":"312","depth":1,"dimensionId":"https://environment.ld.admin.ch/foen/gefahren-waldbrand-praeventionsmassnahmen-kantone/region","hasValue":true},{"label":"Region Bern (BE)","value":"https://ld.admin.ch/dimension/bgdi/biota/forestfirewarningregions/313","children":[],"identifier":"313","depth":1,"dimensionId":"https://environment.ld.admin.ch/foen/gefahren-waldbrand-praeventionsmassnahmen-kantone/region","hasValue":true},{"label":"Habkern (BE)","value":"https://ld.admin.ch/dimension/bgdi/biota/forestfirewarningregions/314","children":[],"identifier":"314","depth":1,"dimensionId":"https://environment.ld.admin.ch/foen/gefahren-waldbrand-praeventionsmassnahmen-kantone/region","hasValue":true},{"label":"Südlich Breinzersee (BE)","value":"https://ld.admin.ch/dimension/bgdi/biota/forestfirewarningregions/315","children":[],"identifier":"315","depth":1,"dimensionId":"https://environment.ld.admin.ch/foen/gefahren-waldbrand-praeventionsmassnahmen-kantone/region","hasValue":true},{"label":"Niedersimmental (BE)","value":"https://ld.admin.ch/dimension/bgdi/biota/forestfirewarningregions/316","children":[],"identifier":"316","depth":1,"dimensionId":"https://environment.ld.admin.ch/foen/gefahren-waldbrand-praeventionsmassnahmen-kantone/region","hasValue":true},{"label":"Meiringen Schattseite  (BE)","value":"https://ld.admin.ch/dimension/bgdi/biota/forestfirewarningregions/317","children":[],"identifier":"317","depth":1,"dimensionId":"https://environment.ld.admin.ch/foen/gefahren-waldbrand-praeventionsmassnahmen-kantone/region","hasValue":true},{"label":"Berner Jura Ost (BE)","value":"https://ld.admin.ch/dimension/bgdi/biota/forestfirewarningregions/318","children":[],"identifier":"318","depth":1,"dimensionId":"https://environment.ld.admin.ch/foen/gefahren-waldbrand-praeventionsmassnahmen-kantone/region","hasValue":true},{"label":"Berner Jura West (BE)","value":"https://ld.admin.ch/dimension/bgdi/biota/forestfirewarningregions/319","children":[],"identifier":"319","depth":1,"dimensionId":"https://environment.ld.admin.ch/foen/gefahren-waldbrand-praeventionsmassnahmen-kantone/region","hasValue":true},{"label":"Grosses Moos (BE)","value":"https://ld.admin.ch/dimension/bgdi/biota/forestfirewarningregions/320","children":[],"identifier":"320","depth":1,"dimensionId":"https://environment.ld.admin.ch/foen/gefahren-waldbrand-praeventionsmassnahmen-kantone/region","hasValue":true},{"label":"Gürbetal (BE)","value":"https://ld.admin.ch/dimension/bgdi/biota/forestfirewarningregions/321","children":[],"identifier":"321","depth":1,"dimensionId":"https://environment.ld.admin.ch/foen/gefahren-waldbrand-praeventionsmassnahmen-kantone/region","hasValue":true},{"label":"Oberaargau Süd (BE)","value":"https://ld.admin.ch/dimension/bgdi/biota/forestfirewarningregions/322","children":[],"identifier":"322","depth":1,"dimensionId":"https://environment.ld.admin.ch/foen/gefahren-waldbrand-praeventionsmassnahmen-kantone/region","hasValue":true},{"label":"Seeland Ost (BE)","value":"https://ld.admin.ch/dimension/bgdi/biota/forestfirewarningregions/323","children":[],"identifier":"323","depth":1,"dimensionId":"https://environment.ld.admin.ch/foen/gefahren-waldbrand-praeventionsmassnahmen-kantone/region","hasValue":true},{"label":"Plateau de Diesse (BE)","value":"https://ld.admin.ch/dimension/bgdi/biota/forestfirewarningregions/324","children":[],"identifier":"324","depth":1,"dimensionId":"https://environment.ld.admin.ch/foen/gefahren-waldbrand-praeventionsmassnahmen-kantone/region","hasValue":true},{"label":"Sensenlauf (BE)","value":"https://ld.admin.ch/dimension/bgdi/biota/forestfirewarningregions/325","children":[],"identifier":"325","depth":1,"dimensionId":"https://environment.ld.admin.ch/foen/gefahren-waldbrand-praeventionsmassnahmen-kantone/region","hasValue":true},{"label":"Urtenental (BE)","value":"https://ld.admin.ch/dimension/bgdi/biota/forestfirewarningregions/326","children":[],"identifier":"326","depth":1,"dimensionId":"https://environment.ld.admin.ch/foen/gefahren-waldbrand-praeventionsmassnahmen-kantone/region","hasValue":true},{"label":"Worblental (BE)","value":"https://ld.admin.ch/dimension/bgdi/biota/forestfirewarningregions/327","children":[],"identifier":"327","depth":1,"dimensionId":"https://environment.ld.admin.ch/foen/gefahren-waldbrand-praeventionsmassnahmen-kantone/region","hasValue":true},{"label":"Jurasüdfuss Oberaargau","value":"https://ld.admin.ch/dimension/bgdi/biota/forestfirewarningregions/328","children":[],"identifier":"328","depth":1,"dimensionId":"https://environment.ld.admin.ch/foen/gefahren-waldbrand-praeventionsmassnahmen-kantone/region","hasValue":true},{"label":"Oberaargau Nord (BE)","value":"https://ld.admin.ch/dimension/bgdi/biota/forestfirewarningregions/329","children":[],"identifier":"329","depth":1,"dimensionId":"https://environment.ld.admin.ch/foen/gefahren-waldbrand-praeventionsmassnahmen-kantone/region","hasValue":true},{"label":"Region Burgdorf (BE)","value":"https://ld.admin.ch/dimension/bgdi/biota/forestfirewarningregions/330","children":[],"identifier":"330","depth":1,"dimensionId":"https://environment.ld.admin.ch/foen/gefahren-waldbrand-praeventionsmassnahmen-kantone/region","hasValue":true},{"label":"Südlich Thunersee (BE)","value":"https://ld.admin.ch/dimension/bgdi/biota/forestfirewarningregions/331","children":[],"identifier":"331","depth":1,"dimensionId":"https://environment.ld.admin.ch/foen/gefahren-waldbrand-praeventionsmassnahmen-kantone/region","hasValue":true},{"label":"Kiesental (BE)","value":"https://ld.admin.ch/dimension/bgdi/biota/forestfirewarningregions/332","children":[],"identifier":"332","depth":1,"dimensionId":"https://environment.ld.admin.ch/foen/gefahren-waldbrand-praeventionsmassnahmen-kantone/region","hasValue":true},{"label":"Nördlich Brienzersee (BE)","value":"https://ld.admin.ch/dimension/bgdi/biota/forestfirewarningregions/333","children":[],"identifier":"333","depth":1,"dimensionId":"https://environment.ld.admin.ch/foen/gefahren-waldbrand-praeventionsmassnahmen-kantone/region","hasValue":true},{"label":"Saxeten / Bödeli (BE)","value":"https://ld.admin.ch/dimension/bgdi/biota/forestfirewarningregions/334","children":[],"identifier":"334","depth":1,"dimensionId":"https://environment.ld.admin.ch/foen/gefahren-waldbrand-praeventionsmassnahmen-kantone/region","hasValue":true},{"label":"Jurasüdfuss Biel/Bienne (BE)","value":"https://ld.admin.ch/dimension/bgdi/biota/forestfirewarningregions/335","children":[],"identifier":"335","depth":1,"dimensionId":"https://environment.ld.admin.ch/foen/gefahren-waldbrand-praeventionsmassnahmen-kantone/region","hasValue":true},{"label":"Beatenberg / Unterseen (BE)","value":"https://ld.admin.ch/dimension/bgdi/biota/forestfirewarningregions/336","children":[],"identifier":"336","depth":1,"dimensionId":"https://environment.ld.admin.ch/foen/gefahren-waldbrand-praeventionsmassnahmen-kantone/region","hasValue":true},{"label":"Rüti/ Büren (BE)","value":"https://ld.admin.ch/dimension/bgdi/biota/forestfirewarningregions/337","children":[],"identifier":"337","depth":1,"dimensionId":"https://environment.ld.admin.ch/foen/gefahren-waldbrand-praeventionsmassnahmen-kantone/region","hasValue":true},{"label":"Region Biel/Bienne (BE)","value":"https://ld.admin.ch/dimension/bgdi/biota/forestfirewarningregions/338","children":[],"identifier":"338","depth":1,"dimensionId":"https://environment.ld.admin.ch/foen/gefahren-waldbrand-praeventionsmassnahmen-kantone/region","hasValue":true},{"label":"Thun (BE)","value":"https://ld.admin.ch/dimension/bgdi/biota/forestfirewarningregions/339","children":[],"identifier":"339","depth":1,"dimensionId":"https://environment.ld.admin.ch/foen/gefahren-waldbrand-praeventionsmassnahmen-kantone/region","hasValue":true},{"label":"Region Gantrisch (BE)","value":"https://ld.admin.ch/dimension/bgdi/biota/forestfirewarningregions/340","children":[],"identifier":"340","depth":1,"dimensionId":"https://environment.ld.admin.ch/foen/gefahren-waldbrand-praeventionsmassnahmen-kantone/region","hasValue":true},{"label":"Region Napf (BE)","value":"https://ld.admin.ch/dimension/bgdi/biota/forestfirewarningregions/341","children":[],"identifier":"341","depth":1,"dimensionId":"https://environment.ld.admin.ch/foen/gefahren-waldbrand-praeventionsmassnahmen-kantone/region","hasValue":true},{"label":"Emmental Süd (BE)","value":"https://ld.admin.ch/dimension/bgdi/biota/forestfirewarningregions/342","children":[],"identifier":"342","depth":1,"dimensionId":"https://environment.ld.admin.ch/foen/gefahren-waldbrand-praeventionsmassnahmen-kantone/region","hasValue":true},{"label":"Untere Emme (BE)","value":"https://ld.admin.ch/dimension/bgdi/biota/forestfirewarningregions/343","children":[],"identifier":"343","depth":1,"dimensionId":"https://environment.ld.admin.ch/foen/gefahren-waldbrand-praeventionsmassnahmen-kantone/region","hasValue":true},{"label":"Innertkirchen/ Urbachtal (BE)","value":"https://ld.admin.ch/dimension/bgdi/biota/forestfirewarningregions/344","children":[],"identifier":"344","depth":1,"dimensionId":"https://environment.ld.admin.ch/foen/gefahren-waldbrand-praeventionsmassnahmen-kantone/region","hasValue":true},{"label":"Meiringen Sonnseite  (BE)","value":"https://ld.admin.ch/dimension/bgdi/biota/forestfirewarningregions/345","children":[],"identifier":"345","depth":1,"dimensionId":"https://environment.ld.admin.ch/foen/gefahren-waldbrand-praeventionsmassnahmen-kantone/region","hasValue":true},{"label":"Saanenland (BE)","value":"https://ld.admin.ch/dimension/bgdi/biota/forestfirewarningregions/346","children":[],"identifier":"346","depth":1,"dimensionId":"https://environment.ld.admin.ch/foen/gefahren-waldbrand-praeventionsmassnahmen-kantone/region","hasValue":true},{"label":"Zulgtal (BE)","value":"https://ld.admin.ch/dimension/bgdi/biota/forestfirewarningregions/347","children":[],"identifier":"347","depth":1,"dimensionId":"https://environment.ld.admin.ch/foen/gefahren-waldbrand-praeventionsmassnahmen-kantone/region","hasValue":true},{"label":"Aaretal (BE)","value":"https://ld.admin.ch/dimension/bgdi/biota/forestfirewarningregions/350","children":[],"identifier":"350","depth":1,"dimensionId":"https://environment.ld.admin.ch/foen/gefahren-waldbrand-praeventionsmassnahmen-kantone/region","hasValue":true}],"identifier":2,"depth":0,"dimensionId":"https://environment.ld.admin.ch/foen/gefahren-waldbrand-praeventionsmassnahmen-kantone/region","hasValue":false},{"label":"Lucerne","alternateName":"LU","value":"https://ld.admin.ch/canton/3","children":[{"label":"Canton of Lucerne","value":"https://ld.admin.ch/dimension/bgdi/biota/forestfirewarningregions/1200","children":[],"identifier":"1200","depth":1,"dimensionId":"https://environment.ld.admin.ch/foen/gefahren-waldbrand-praeventionsmassnahmen-kantone/region","hasValue":true}],"identifier":3,"depth":0,"dimensionId":"https://environment.ld.admin.ch/foen/gefahren-waldbrand-praeventionsmassnahmen-kantone/region","hasValue":false},{"label":"Uri","alternateName":"UR","value":"https://ld.admin.ch/canton/4","children":[{"label":"Canton of Uri","value":"https://ld.admin.ch/dimension/bgdi/biota/forestfirewarningregions/2200","children":[],"identifier":"2200","depth":1,"dimensionId":"https://environment.ld.admin.ch/foen/gefahren-waldbrand-praeventionsmassnahmen-kantone/region","hasValue":true}],"identifier":4,"depth":0,"dimensionId":"https://environment.ld.admin.ch/foen/gefahren-waldbrand-praeventionsmassnahmen-kantone/region","hasValue":false},{"label":"Schwyz","alternateName":"SZ","value":"https://ld.admin.ch/canton/5","children":[{"label":"Canton of Schwyz","value":"https://ld.admin.ch/dimension/bgdi/biota/forestfirewarningregions/1900","children":[],"identifier":"1900","depth":1,"dimensionId":"https://environment.ld.admin.ch/foen/gefahren-waldbrand-praeventionsmassnahmen-kantone/region","hasValue":true}],"identifier":5,"depth":0,"dimensionId":"https://environment.ld.admin.ch/foen/gefahren-waldbrand-praeventionsmassnahmen-kantone/region","hasValue":false},{"label":"Obwalden","alternateName":"OW","value":"https://ld.admin.ch/canton/6","children":[{"label":"Obwalden","value":"https://ld.admin.ch/dimension/bgdi/biota/forestfirewarningregions/1500","children":[],"identifier":"1500","depth":1,"dimensionId":"https://environment.ld.admin.ch/foen/gefahren-waldbrand-praeventionsmassnahmen-kantone/region","hasValue":true}],"identifier":6,"depth":0,"dimensionId":"https://environment.ld.admin.ch/foen/gefahren-waldbrand-praeventionsmassnahmen-kantone/region","hasValue":false},{"label":"Nidwalden","alternateName":"NW","value":"https://ld.admin.ch/canton/7","children":[{"label":"Nidwalden","value":"https://ld.admin.ch/dimension/bgdi/biota/forestfirewarningregions/1400","children":[],"identifier":"1400","depth":1,"dimensionId":"https://environment.ld.admin.ch/foen/gefahren-waldbrand-praeventionsmassnahmen-kantone/region","hasValue":true}],"identifier":7,"depth":0,"dimensionId":"https://environment.ld.admin.ch/foen/gefahren-waldbrand-praeventionsmassnahmen-kantone/region","hasValue":false},{"label":"Glarus","alternateName":"GL","value":"https://ld.admin.ch/canton/8","children":[{"label":"Glarus (GL)","value":"https://ld.admin.ch/dimension/bgdi/biota/forestfirewarningregions/900","children":[],"identifier":"900","depth":1,"dimensionId":"https://environment.ld.admin.ch/foen/gefahren-waldbrand-praeventionsmassnahmen-kantone/region","hasValue":true}],"identifier":8,"depth":0,"dimensionId":"https://environment.ld.admin.ch/foen/gefahren-waldbrand-praeventionsmassnahmen-kantone/region","hasValue":false},{"label":"Zug","alternateName":"ZG","value":"https://ld.admin.ch/canton/9","children":[{"label":"Canton of Zug","value":"https://ld.admin.ch/dimension/bgdi/biota/forestfirewarningregions/2500","children":[],"identifier":"2500","depth":1,"dimensionId":"https://environment.ld.admin.ch/foen/gefahren-waldbrand-praeventionsmassnahmen-kantone/region","hasValue":true}],"identifier":9,"depth":0,"dimensionId":"https://environment.ld.admin.ch/foen/gefahren-waldbrand-praeventionsmassnahmen-kantone/region","hasValue":false},{"label":"Fribourg","alternateName":"FR","value":"https://ld.admin.ch/canton/10","children":[{"label":"Haute Gruyère - Jogne (FR)","value":"https://ld.admin.ch/dimension/bgdi/biota/forestfirewarningregions/700","children":[],"identifier":"700","depth":1,"dimensionId":"https://environment.ld.admin.ch/foen/gefahren-waldbrand-praeventionsmassnahmen-kantone/region","hasValue":true},{"label":"Veveyse - Glâne (FR)","value":"https://ld.admin.ch/dimension/bgdi/biota/forestfirewarningregions/701","children":[],"identifier":"701","depth":1,"dimensionId":"https://environment.ld.admin.ch/foen/gefahren-waldbrand-praeventionsmassnahmen-kantone/region","hasValue":true},{"label":"Basse Gruyère (FR)","value":"https://ld.admin.ch/dimension/bgdi/biota/forestfirewarningregions/702","children":[],"identifier":"702","depth":1,"dimensionId":"https://environment.ld.admin.ch/foen/gefahren-waldbrand-praeventionsmassnahmen-kantone/region","hasValue":true},{"label":"Haute Singine (FR)","value":"https://ld.admin.ch/dimension/bgdi/biota/forestfirewarningregions/703","children":[],"identifier":"703","depth":1,"dimensionId":"https://environment.ld.admin.ch/foen/gefahren-waldbrand-praeventionsmassnahmen-kantone/region","hasValue":true},{"label":"Sarine - Basse Singine (FR)","value":"https://ld.admin.ch/dimension/bgdi/biota/forestfirewarningregions/704","children":[],"identifier":"704","depth":1,"dimensionId":"https://environment.ld.admin.ch/foen/gefahren-waldbrand-praeventionsmassnahmen-kantone/region","hasValue":true},{"label":"Broye (FR)","value":"https://ld.admin.ch/dimension/bgdi/biota/forestfirewarningregions/705","children":[],"identifier":"705","depth":1,"dimensionId":"https://environment.ld.admin.ch/foen/gefahren-waldbrand-praeventionsmassnahmen-kantone/region","hasValue":true},{"label":"Lac (FR)","value":"https://ld.admin.ch/dimension/bgdi/biota/forestfirewarningregions/706","children":[],"identifier":"706","depth":1,"dimensionId":"https://environment.ld.admin.ch/foen/gefahren-waldbrand-praeventionsmassnahmen-kantone/region","hasValue":true}],"identifier":10,"depth":0,"dimensionId":"https://environment.ld.admin.ch/foen/gefahren-waldbrand-praeventionsmassnahmen-kantone/region","hasValue":false},{"label":"Solothurn","alternateName":"SO","value":"https://ld.admin.ch/canton/11","children":[{"label":"Solothurn - Mittelland (SO)","value":"https://ld.admin.ch/dimension/bgdi/biota/forestfirewarningregions/1800","children":[],"identifier":"1800","depth":1,"dimensionId":"https://environment.ld.admin.ch/foen/gefahren-waldbrand-praeventionsmassnahmen-kantone/region","hasValue":true},{"label":"Olten - Mittelland (SO)","value":"https://ld.admin.ch/dimension/bgdi/biota/forestfirewarningregions/1801","children":[],"identifier":"1801","depth":1,"dimensionId":"https://environment.ld.admin.ch/foen/gefahren-waldbrand-praeventionsmassnahmen-kantone/region","hasValue":true},{"label":"Jura Südfuss - Olten (SO)","value":"https://ld.admin.ch/dimension/bgdi/biota/forestfirewarningregions/1802","children":[],"identifier":"1802","depth":1,"dimensionId":"https://environment.ld.admin.ch/foen/gefahren-waldbrand-praeventionsmassnahmen-kantone/region","hasValue":true},{"label":"Jura Südfuss - Solothurn (SO)","value":"https://ld.admin.ch/dimension/bgdi/biota/forestfirewarningregions/1803","children":[],"identifier":"1803","depth":1,"dimensionId":"https://environment.ld.admin.ch/foen/gefahren-waldbrand-praeventionsmassnahmen-kantone/region","hasValue":true},{"label":"Thal (SO)","value":"https://ld.admin.ch/dimension/bgdi/biota/forestfirewarningregions/1804","children":[],"identifier":"1804","depth":1,"dimensionId":"https://environment.ld.admin.ch/foen/gefahren-waldbrand-praeventionsmassnahmen-kantone/region","hasValue":true},{"label":"Dorneck / Thierstein (SO)","value":"https://ld.admin.ch/dimension/bgdi/biota/forestfirewarningregions/1805","children":[],"identifier":"1805","depth":1,"dimensionId":"https://environment.ld.admin.ch/foen/gefahren-waldbrand-praeventionsmassnahmen-kantone/region","hasValue":true}],"identifier":11,"depth":0,"dimensionId":"https://environment.ld.admin.ch/foen/gefahren-waldbrand-praeventionsmassnahmen-kantone/region","hasValue":false},{"label":"Basel Stadt","alternateName":"BS","value":"https://ld.admin.ch/canton/12","children":[{"label":"Canton of Basel-Stadt","value":"https://ld.admin.ch/dimension/bgdi/biota/forestfirewarningregions/500","children":[],"identifier":"500","depth":1,"dimensionId":"https://environment.ld.admin.ch/foen/gefahren-waldbrand-praeventionsmassnahmen-kantone/region","hasValue":true}],"identifier":12,"depth":0,"dimensionId":"https://environment.ld.admin.ch/foen/gefahren-waldbrand-praeventionsmassnahmen-kantone/region","hasValue":false},{"label":"Basel Landschaft","alternateName":"BL","value":"https://ld.admin.ch/canton/13","children":[{"label":"Canton of Basel-Land","value":"https://ld.admin.ch/dimension/bgdi/biota/forestfirewarningregions/400","children":[],"identifier":"400","depth":1,"dimensionId":"https://environment.ld.admin.ch/foen/gefahren-waldbrand-praeventionsmassnahmen-kantone/region","hasValue":true}],"identifier":13,"depth":0,"dimensionId":"https://environment.ld.admin.ch/foen/gefahren-waldbrand-praeventionsmassnahmen-kantone/region","hasValue":false},{"label":"Schaffhausen","alternateName":"SH","value":"https://ld.admin.ch/canton/14","children":[{"label":"Canton of Schaffhausen","value":"https://ld.admin.ch/dimension/bgdi/biota/forestfirewarningregions/1700","children":[],"identifier":"1700","depth":1,"dimensionId":"https://environment.ld.admin.ch/foen/gefahren-waldbrand-praeventionsmassnahmen-kantone/region","hasValue":true}],"identifier":14,"depth":0,"dimensionId":"https://environment.ld.admin.ch/foen/gefahren-waldbrand-praeventionsmassnahmen-kantone/region","hasValue":false},{"label":"Appenzell Ausserrhoden","alternateName":"AR","value":"https://ld.admin.ch/canton/15","children":[{"label":"Appenzell Ausserrhoden","value":"https://ld.admin.ch/dimension/bgdi/biota/forestfirewarningregions/200","children":[],"identifier":"200","depth":1,"dimensionId":"https://environment.ld.admin.ch/foen/gefahren-waldbrand-praeventionsmassnahmen-kantone/region","hasValue":true}],"identifier":15,"depth":0,"dimensionId":"https://environment.ld.admin.ch/foen/gefahren-waldbrand-praeventionsmassnahmen-kantone/region","hasValue":false},{"label":"Appenzell Innerrhoden","alternateName":"AI","value":"https://ld.admin.ch/canton/16","children":[{"label":"Appenzell Innerrhoden","value":"https://ld.admin.ch/dimension/bgdi/biota/forestfirewarningregions/100","children":[],"identifier":"100","depth":1,"dimensionId":"https://environment.ld.admin.ch/foen/gefahren-waldbrand-praeventionsmassnahmen-kantone/region","hasValue":true}],"identifier":16,"depth":0,"dimensionId":"https://environment.ld.admin.ch/foen/gefahren-waldbrand-praeventionsmassnahmen-kantone/region","hasValue":false},{"label":"St Gallen","alternateName":"SG","value":"https://ld.admin.ch/canton/17","children":[{"label":"Wil (SG)","value":"https://ld.admin.ch/dimension/bgdi/biota/forestfirewarningregions/1600","children":[],"identifier":"1600","depth":1,"dimensionId":"https://environment.ld.admin.ch/foen/gefahren-waldbrand-praeventionsmassnahmen-kantone/region","hasValue":true},{"label":"Alttoggenburg (SG)","value":"https://ld.admin.ch/dimension/bgdi/biota/forestfirewarningregions/1601","children":[],"identifier":"1601","depth":1,"dimensionId":"https://environment.ld.admin.ch/foen/gefahren-waldbrand-praeventionsmassnahmen-kantone/region","hasValue":true},{"label":"Gaster (SG)","value":"https://ld.admin.ch/dimension/bgdi/biota/forestfirewarningregions/1602","children":[],"identifier":"1602","depth":1,"dimensionId":"https://environment.ld.admin.ch/foen/gefahren-waldbrand-praeventionsmassnahmen-kantone/region","hasValue":true},{"label":"St.Gallen (SG)","value":"https://ld.admin.ch/dimension/bgdi/biota/forestfirewarningregions/1603","children":[],"identifier":"1603","depth":1,"dimensionId":"https://environment.ld.admin.ch/foen/gefahren-waldbrand-praeventionsmassnahmen-kantone/region","hasValue":true},{"label":"Obertoggenburg (SG)","value":"https://ld.admin.ch/dimension/bgdi/biota/forestfirewarningregions/1604","children":[],"identifier":"1604","depth":1,"dimensionId":"https://environment.ld.admin.ch/foen/gefahren-waldbrand-praeventionsmassnahmen-kantone/region","hasValue":true},{"label":"Lake Walsenstadt (SG)","value":"https://ld.admin.ch/dimension/bgdi/biota/forestfirewarningregions/1605","children":[],"identifier":"1605","depth":1,"dimensionId":"https://environment.ld.admin.ch/foen/gefahren-waldbrand-praeventionsmassnahmen-kantone/region","hasValue":true},{"label":"Werdenberg (SG)","value":"https://ld.admin.ch/dimension/bgdi/biota/forestfirewarningregions/1606","children":[],"identifier":"1606","depth":1,"dimensionId":"https://environment.ld.admin.ch/foen/gefahren-waldbrand-praeventionsmassnahmen-kantone/region","hasValue":true},{"label":"Sargans (SG)","value":"https://ld.admin.ch/dimension/bgdi/biota/forestfirewarningregions/1607","children":[],"identifier":"1607","depth":1,"dimensionId":"https://environment.ld.admin.ch/foen/gefahren-waldbrand-praeventionsmassnahmen-kantone/region","hasValue":true},{"label":"Rheintal (SG)","value":"https://ld.admin.ch/dimension/bgdi/biota/forestfirewarningregions/1608","children":[],"identifier":"1608","depth":1,"dimensionId":"https://environment.ld.admin.ch/foen/gefahren-waldbrand-praeventionsmassnahmen-kantone/region","hasValue":true}],"identifier":17,"depth":0,"dimensionId":"https://environment.ld.admin.ch/foen/gefahren-waldbrand-praeventionsmassnahmen-kantone/region","hasValue":false},{"label":"Grisons","alternateName":"GR","value":"https://ld.admin.ch/canton/18","children":[{"label":"Rheintal (GR)","value":"https://ld.admin.ch/dimension/bgdi/biota/forestfirewarningregions/1000","children":[],"identifier":"1000","depth":1,"dimensionId":"https://environment.ld.admin.ch/foen/gefahren-waldbrand-praeventionsmassnahmen-kantone/region","hasValue":true},{"label":"Prättigau (GR)","value":"https://ld.admin.ch/dimension/bgdi/biota/forestfirewarningregions/1001","children":[],"identifier":"1001","depth":1,"dimensionId":"https://environment.ld.admin.ch/foen/gefahren-waldbrand-praeventionsmassnahmen-kantone/region","hasValue":true},{"label":"Tavau - Klosters (GR)","value":"https://ld.admin.ch/dimension/bgdi/biota/forestfirewarningregions/1002","children":[],"identifier":"1002","depth":1,"dimensionId":"https://environment.ld.admin.ch/foen/gefahren-waldbrand-praeventionsmassnahmen-kantone/region","hasValue":true},{"label":"Schanfigg (GR)","value":"https://ld.admin.ch/dimension/bgdi/biota/forestfirewarningregions/1003","children":[],"identifier":"1003","depth":1,"dimensionId":"https://environment.ld.admin.ch/foen/gefahren-waldbrand-praeventionsmassnahmen-kantone/region","hasValue":true},{"label":"Domleschg (GR)","value":"https://ld.admin.ch/dimension/bgdi/biota/forestfirewarningregions/1004","children":[],"identifier":"1004","depth":1,"dimensionId":"https://environment.ld.admin.ch/foen/gefahren-waldbrand-praeventionsmassnahmen-kantone/region","hasValue":true},{"label":"Schams - Albula (GR)","value":"https://ld.admin.ch/dimension/bgdi/biota/forestfirewarningregions/1005","children":[],"identifier":"1005","depth":1,"dimensionId":"https://environment.ld.admin.ch/foen/gefahren-waldbrand-praeventionsmassnahmen-kantone/region","hasValue":true},{"label":"Rheinwald (GR)","value":"https://ld.admin.ch/dimension/bgdi/biota/forestfirewarningregions/1006","children":[],"identifier":"1006","depth":1,"dimensionId":"https://environment.ld.admin.ch/foen/gefahren-waldbrand-praeventionsmassnahmen-kantone/region","hasValue":true},{"label":"Surses (GR)","value":"https://ld.admin.ch/dimension/bgdi/biota/forestfirewarningregions/1007","children":[],"identifier":"1007","depth":1,"dimensionId":"https://environment.ld.admin.ch/foen/gefahren-waldbrand-praeventionsmassnahmen-kantone/region","hasValue":true},{"label":"Bergün Filisur (GR)","value":"https://ld.admin.ch/dimension/bgdi/biota/forestfirewarningregions/1008","children":[],"identifier":"1008","depth":1,"dimensionId":"https://environment.ld.admin.ch/foen/gefahren-waldbrand-praeventionsmassnahmen-kantone/region","hasValue":true},{"label":"San Bernadino (GR)","value":"https://ld.admin.ch/dimension/bgdi/biota/forestfirewarningregions/1009","children":[],"identifier":"1009","depth":1,"dimensionId":"https://environment.ld.admin.ch/foen/gefahren-waldbrand-praeventionsmassnahmen-kantone/region","hasValue":true},{"label":"Moesano (GR)","value":"https://ld.admin.ch/dimension/bgdi/biota/forestfirewarningregions/1010","children":[],"identifier":"1010","depth":1,"dimensionId":"https://environment.ld.admin.ch/foen/gefahren-waldbrand-praeventionsmassnahmen-kantone/region","hasValue":true},{"label":"Surselva bassa (GR)","value":"https://ld.admin.ch/dimension/bgdi/biota/forestfirewarningregions/1011","children":[],"identifier":"1011","depth":1,"dimensionId":"https://environment.ld.admin.ch/foen/gefahren-waldbrand-praeventionsmassnahmen-kantone/region","hasValue":true},{"label":"Surselva ota (GR)","value":"https://ld.admin.ch/dimension/bgdi/biota/forestfirewarningregions/1012","children":[],"identifier":"1012","depth":1,"dimensionId":"https://environment.ld.admin.ch/foen/gefahren-waldbrand-praeventionsmassnahmen-kantone/region","hasValue":true},{"label":"Scuol-Valsot (GR)","value":"https://ld.admin.ch/dimension/bgdi/biota/forestfirewarningregions/1013","children":[],"identifier":"1013","depth":1,"dimensionId":"https://environment.ld.admin.ch/foen/gefahren-waldbrand-praeventionsmassnahmen-kantone/region","hasValue":true},{"label":"Zernez (GR)","value":"https://ld.admin.ch/dimension/bgdi/biota/forestfirewarningregions/1014","children":[],"identifier":"1014","depth":1,"dimensionId":"https://environment.ld.admin.ch/foen/gefahren-waldbrand-praeventionsmassnahmen-kantone/region","hasValue":true},{"label":"Engiadina Ota / Oberengadin (GR)","value":"https://ld.admin.ch/dimension/bgdi/biota/forestfirewarningregions/1015","children":[],"identifier":"1015","depth":1,"dimensionId":"https://environment.ld.admin.ch/foen/gefahren-waldbrand-praeventionsmassnahmen-kantone/region","hasValue":true},{"label":"Bergell / Bregaglia (GR)","value":"https://ld.admin.ch/dimension/bgdi/biota/forestfirewarningregions/1016","children":[],"identifier":"1016","depth":1,"dimensionId":"https://environment.ld.admin.ch/foen/gefahren-waldbrand-praeventionsmassnahmen-kantone/region","hasValue":true},{"label":"Val Poschiavo / Puschlav (GR)","value":"https://ld.admin.ch/dimension/bgdi/biota/forestfirewarningregions/1017","children":[],"identifier":"1017","depth":1,"dimensionId":"https://environment.ld.admin.ch/foen/gefahren-waldbrand-praeventionsmassnahmen-kantone/region","hasValue":true},{"label":"Val Müstair (GR)","value":"https://ld.admin.ch/dimension/bgdi/biota/forestfirewarningregions/1018","children":[],"identifier":"1018","depth":1,"dimensionId":"https://environment.ld.admin.ch/foen/gefahren-waldbrand-praeventionsmassnahmen-kantone/region","hasValue":true},{"label":"Samnaun (GR)","value":"https://ld.admin.ch/dimension/bgdi/biota/forestfirewarningregions/1019","children":[],"identifier":"1019","depth":1,"dimensionId":"https://environment.ld.admin.ch/foen/gefahren-waldbrand-praeventionsmassnahmen-kantone/region","hasValue":true}],"identifier":18,"depth":0,"dimensionId":"https://environment.ld.admin.ch/foen/gefahren-waldbrand-praeventionsmassnahmen-kantone/region","hasValue":false},{"label":"Aargau","alternateName":"AG","value":"https://ld.admin.ch/canton/19","children":[{"label":"Canton of Aargau","value":"https://ld.admin.ch/dimension/bgdi/biota/forestfirewarningregions/11","children":[],"identifier":"11","depth":1,"dimensionId":"https://environment.ld.admin.ch/foen/gefahren-waldbrand-praeventionsmassnahmen-kantone/region","hasValue":true}],"identifier":19,"depth":0,"dimensionId":"https://environment.ld.admin.ch/foen/gefahren-waldbrand-praeventionsmassnahmen-kantone/region","hasValue":false},{"label":"Thurgau","alternateName":"TG","value":"https://ld.admin.ch/canton/20","children":[{"label":"Canton of Thurgau","value":"https://ld.admin.ch/dimension/bgdi/biota/forestfirewarningregions/1901","children":[],"identifier":"1901","depth":1,"dimensionId":"https://environment.ld.admin.ch/foen/gefahren-waldbrand-praeventionsmassnahmen-kantone/region","hasValue":true}],"identifier":20,"depth":0,"dimensionId":"https://environment.ld.admin.ch/foen/gefahren-waldbrand-praeventionsmassnahmen-kantone/region","hasValue":false},{"label":"Ticino","alternateName":"TI","value":"https://ld.admin.ch/canton/21","children":[{"label":"Northern Ticino (TI)","value":"https://ld.admin.ch/dimension/bgdi/biota/forestfirewarningregions/2100","children":[],"identifier":"2100","depth":1,"dimensionId":"https://environment.ld.admin.ch/foen/gefahren-waldbrand-praeventionsmassnahmen-kantone/region","hasValue":true},{"label":"Central Ticino (TI)","value":"https://ld.admin.ch/dimension/bgdi/biota/forestfirewarningregions/2101","children":[],"identifier":"2101","depth":1,"dimensionId":"https://environment.ld.admin.ch/foen/gefahren-waldbrand-praeventionsmassnahmen-kantone/region","hasValue":true},{"label":"Sottoceneri (TI)","value":"https://ld.admin.ch/dimension/bgdi/biota/forestfirewarningregions/2102","children":[],"identifier":"2102","depth":1,"dimensionId":"https://environment.ld.admin.ch/foen/gefahren-waldbrand-praeventionsmassnahmen-kantone/region","hasValue":true}],"identifier":21,"depth":0,"dimensionId":"https://environment.ld.admin.ch/foen/gefahren-waldbrand-praeventionsmassnahmen-kantone/region","hasValue":false},{"label":"Vaud","alternateName":"VD","value":"https://ld.admin.ch/canton/22","children":[{"label":"Jura - Côte (VD)","value":"https://ld.admin.ch/dimension/bgdi/biota/forestfirewarningregions/2300","children":[],"identifier":"2300","depth":1,"dimensionId":"https://environment.ld.admin.ch/foen/gefahren-waldbrand-praeventionsmassnahmen-kantone/region","hasValue":true},{"label":"Plateau vaudois (VD)","value":"https://ld.admin.ch/dimension/bgdi/biota/forestfirewarningregions/2301","children":[],"identifier":"2301","depth":1,"dimensionId":"https://environment.ld.admin.ch/foen/gefahren-waldbrand-praeventionsmassnahmen-kantone/region","hasValue":true},{"label":"Vaudoises Alps (VD)","value":"https://ld.admin.ch/dimension/bgdi/biota/forestfirewarningregions/2302","children":[],"identifier":"2302","depth":1,"dimensionId":"https://environment.ld.admin.ch/foen/gefahren-waldbrand-praeventionsmassnahmen-kantone/region","hasValue":true}],"identifier":22,"depth":0,"dimensionId":"https://environment.ld.admin.ch/foen/gefahren-waldbrand-praeventionsmassnahmen-kantone/region","hasValue":false},{"label":"Valais","alternateName":"VS","value":"https://ld.admin.ch/canton/23","children":[{"label":"Goms (VS)","value":"https://ld.admin.ch/dimension/bgdi/biota/forestfirewarningregions/2420","children":[],"identifier":"2420","depth":1,"dimensionId":"https://environment.ld.admin.ch/foen/gefahren-waldbrand-praeventionsmassnahmen-kantone/region","hasValue":true},{"label":"Binn (VS)","value":"https://ld.admin.ch/dimension/bgdi/biota/forestfirewarningregions/2421","children":[],"identifier":"2421","depth":1,"dimensionId":"https://environment.ld.admin.ch/foen/gefahren-waldbrand-praeventionsmassnahmen-kantone/region","hasValue":true},{"label":"Aletsch (VS)","value":"https://ld.admin.ch/dimension/bgdi/biota/forestfirewarningregions/2422","children":[],"identifier":"2422","depth":1,"dimensionId":"https://environment.ld.admin.ch/foen/gefahren-waldbrand-praeventionsmassnahmen-kantone/region","hasValue":true},{"label":"Simplon north (VS)","value":"https://ld.admin.ch/dimension/bgdi/biota/forestfirewarningregions/2423","children":[],"identifier":"2423","depth":1,"dimensionId":"https://environment.ld.admin.ch/foen/gefahren-waldbrand-praeventionsmassnahmen-kantone/region","hasValue":true},{"label":"Simplon (VS)","value":"https://ld.admin.ch/dimension/bgdi/biota/forestfirewarningregions/2424","children":[],"identifier":"2424","depth":1,"dimensionId":"https://environment.ld.admin.ch/foen/gefahren-waldbrand-praeventionsmassnahmen-kantone/region","hasValue":true},{"label":"Vispertal (VS)","value":"https://ld.admin.ch/dimension/bgdi/biota/forestfirewarningregions/2425","children":[],"identifier":"2425","depth":1,"dimensionId":"https://environment.ld.admin.ch/foen/gefahren-waldbrand-praeventionsmassnahmen-kantone/region","hasValue":true},{"label":"Saas (VS)","value":"https://ld.admin.ch/dimension/bgdi/biota/forestfirewarningregions/2426","children":[],"identifier":"2426","depth":1,"dimensionId":"https://environment.ld.admin.ch/foen/gefahren-waldbrand-praeventionsmassnahmen-kantone/region","hasValue":true},{"label":"Nikolai (VS)","value":"https://ld.admin.ch/dimension/bgdi/biota/forestfirewarningregions/2427","children":[],"identifier":"2427","depth":1,"dimensionId":"https://environment.ld.admin.ch/foen/gefahren-waldbrand-praeventionsmassnahmen-kantone/region","hasValue":true},{"label":"Turtmann Valley (VS)","value":"https://ld.admin.ch/dimension/bgdi/biota/forestfirewarningregions/2428","children":[],"identifier":"2428","depth":1,"dimensionId":"https://environment.ld.admin.ch/foen/gefahren-waldbrand-praeventionsmassnahmen-kantone/region","hasValue":true},{"label":"Lötschental (VS)","value":"https://ld.admin.ch/dimension/bgdi/biota/forestfirewarningregions/2429","children":[],"identifier":"2429","depth":1,"dimensionId":"https://environment.ld.admin.ch/foen/gefahren-waldbrand-praeventionsmassnahmen-kantone/region","hasValue":true},{"label":"Südrampe (VS)","value":"https://ld.admin.ch/dimension/bgdi/biota/forestfirewarningregions/2430","children":[],"identifier":"2430","depth":1,"dimensionId":"https://environment.ld.admin.ch/foen/gefahren-waldbrand-praeventionsmassnahmen-kantone/region","hasValue":true},{"label":"Montana (VS)","value":"https://ld.admin.ch/dimension/bgdi/biota/forestfirewarningregions/2431","children":[],"identifier":"2431","depth":1,"dimensionId":"https://environment.ld.admin.ch/foen/gefahren-waldbrand-praeventionsmassnahmen-kantone/region","hasValue":true},{"label":"Sion-Sierre (VS)","value":"https://ld.admin.ch/dimension/bgdi/biota/forestfirewarningregions/2432","children":[],"identifier":"2432","depth":1,"dimensionId":"https://environment.ld.admin.ch/foen/gefahren-waldbrand-praeventionsmassnahmen-kantone/region","hasValue":true},{"label":"Anniviers (VS)","value":"https://ld.admin.ch/dimension/bgdi/biota/forestfirewarningregions/2433","children":[],"identifier":"2433","depth":1,"dimensionId":"https://environment.ld.admin.ch/foen/gefahren-waldbrand-praeventionsmassnahmen-kantone/region","hasValue":true},{"label":"Evolène (VS)","value":"https://ld.admin.ch/dimension/bgdi/biota/forestfirewarningregions/2434","children":[],"identifier":"2434","depth":1,"dimensionId":"https://environment.ld.admin.ch/foen/gefahren-waldbrand-praeventionsmassnahmen-kantone/region","hasValue":true},{"label":"Fully (VS)","value":"https://ld.admin.ch/dimension/bgdi/biota/forestfirewarningregions/2435","children":[],"identifier":"2435","depth":1,"dimensionId":"https://environment.ld.admin.ch/foen/gefahren-waldbrand-praeventionsmassnahmen-kantone/region","hasValue":true},{"label":"Riddes (VS)","value":"https://ld.admin.ch/dimension/bgdi/biota/forestfirewarningregions/2436","children":[],"identifier":"2436","depth":1,"dimensionId":"https://environment.ld.admin.ch/foen/gefahren-waldbrand-praeventionsmassnahmen-kantone/region","hasValue":true},{"label":"Bagnes (VS)","value":"https://ld.admin.ch/dimension/bgdi/biota/forestfirewarningregions/2437","children":[],"identifier":"2437","depth":1,"dimensionId":"https://environment.ld.admin.ch/foen/gefahren-waldbrand-praeventionsmassnahmen-kantone/region","hasValue":true},{"label":"Gd St. Bernard (VS)","value":"https://ld.admin.ch/dimension/bgdi/biota/forestfirewarningregions/2438","children":[],"identifier":"2438","depth":1,"dimensionId":"https://environment.ld.admin.ch/foen/gefahren-waldbrand-praeventionsmassnahmen-kantone/region","hasValue":true},{"label":"Arpille (VS)","value":"https://ld.admin.ch/dimension/bgdi/biota/forestfirewarningregions/2439","children":[],"identifier":"2439","depth":1,"dimensionId":"https://environment.ld.admin.ch/foen/gefahren-waldbrand-praeventionsmassnahmen-kantone/region","hasValue":true},{"label":"St. Maurice (VS)","value":"https://ld.admin.ch/dimension/bgdi/biota/forestfirewarningregions/2440","children":[],"identifier":"2440","depth":1,"dimensionId":"https://environment.ld.admin.ch/foen/gefahren-waldbrand-praeventionsmassnahmen-kantone/region","hasValue":true},{"label":"Val d'Illiez (VS)","value":"https://ld.admin.ch/dimension/bgdi/biota/forestfirewarningregions/2441","children":[],"identifier":"2441","depth":1,"dimensionId":"https://environment.ld.admin.ch/foen/gefahren-waldbrand-praeventionsmassnahmen-kantone/region","hasValue":true},{"label":"Chablais (VS)","value":"https://ld.admin.ch/dimension/bgdi/biota/forestfirewarningregions/2442","children":[],"identifier":"2442","depth":1,"dimensionId":"https://environment.ld.admin.ch/foen/gefahren-waldbrand-praeventionsmassnahmen-kantone/region","hasValue":true}],"identifier":23,"depth":0,"dimensionId":"https://environment.ld.admin.ch/foen/gefahren-waldbrand-praeventionsmassnahmen-kantone/region","hasValue":false},{"label":"Neuchâtel","alternateName":"NE","value":"https://ld.admin.ch/canton/24","children":[{"label":"Neuchâtel coastline (NE)","value":"https://ld.admin.ch/dimension/bgdi/biota/forestfirewarningregions/1300","children":[],"identifier":"1300","depth":1,"dimensionId":"https://environment.ld.admin.ch/foen/gefahren-waldbrand-praeventionsmassnahmen-kantone/region","hasValue":true},{"label":"Neuchâtel mountains (NE)","value":"https://ld.admin.ch/dimension/bgdi/biota/forestfirewarningregions/1301","children":[],"identifier":"1301","depth":1,"dimensionId":"https://environment.ld.admin.ch/foen/gefahren-waldbrand-praeventionsmassnahmen-kantone/region","hasValue":true},{"label":"Val-de-Ruz (NE)","value":"https://ld.admin.ch/dimension/bgdi/biota/forestfirewarningregions/1302","children":[],"identifier":"1302","depth":1,"dimensionId":"https://environment.ld.admin.ch/foen/gefahren-waldbrand-praeventionsmassnahmen-kantone/region","hasValue":true},{"label":"Val-de-Travers (NE)","value":"https://ld.admin.ch/dimension/bgdi/biota/forestfirewarningregions/1303","children":[],"identifier":"1303","depth":1,"dimensionId":"https://environment.ld.admin.ch/foen/gefahren-waldbrand-praeventionsmassnahmen-kantone/region","hasValue":true}],"identifier":24,"depth":0,"dimensionId":"https://environment.ld.admin.ch/foen/gefahren-waldbrand-praeventionsmassnahmen-kantone/region","hasValue":false},{"label":"Geneva","alternateName":"GE","value":"https://ld.admin.ch/canton/25","children":[{"label":"Canton of Geneva","value":"https://ld.admin.ch/dimension/bgdi/biota/forestfirewarningregions/800","children":[],"identifier":"800","depth":1,"dimensionId":"https://environment.ld.admin.ch/foen/gefahren-waldbrand-praeventionsmassnahmen-kantone/region","hasValue":true}],"identifier":25,"depth":0,"dimensionId":"https://environment.ld.admin.ch/foen/gefahren-waldbrand-praeventionsmassnahmen-kantone/region","hasValue":false},{"label":"Jura","alternateName":"JU","value":"https://ld.admin.ch/canton/26","children":[{"label":"Ajoie (JU)","value":"https://ld.admin.ch/dimension/bgdi/biota/forestfirewarningregions/1100","children":[],"identifier":"1100","depth":1,"dimensionId":"https://environment.ld.admin.ch/foen/gefahren-waldbrand-praeventionsmassnahmen-kantone/region","hasValue":true},{"label":"Franches-Montagnes (JU)","value":"https://ld.admin.ch/dimension/bgdi/biota/forestfirewarningregions/1101","children":[],"identifier":"1101","depth":1,"dimensionId":"https://environment.ld.admin.ch/foen/gefahren-waldbrand-praeventionsmassnahmen-kantone/region","hasValue":true},{"label":"Delémont (JU)","value":"https://ld.admin.ch/dimension/bgdi/biota/forestfirewarningregions/1102","children":[],"identifier":"1102","depth":1,"dimensionId":"https://environment.ld.admin.ch/foen/gefahren-waldbrand-praeventionsmassnahmen-kantone/region","hasValue":true}],"identifier":26,"depth":0,"dimensionId":"https://environment.ld.admin.ch/foen/gefahren-waldbrand-praeventionsmassnahmen-kantone/region","hasValue":false},{"label":"Principality of Liechtenstein","value":"https://ld.admin.ch/dimension/bgdi/biota/forestfirewarningregions/600","depth":-1,"dimensionId":"https://environment.ld.admin.ch/foen/gefahren-waldbrand-praeventionsmassnahmen-kantone/region","hasValue":true,"position":-1,"identifier":"","children":[]}]}],"measures":[{"__typename":"OrdinalMeasure","isCurrency":false,"isDecimal":false,"cubeIri":"https://environment.ld.admin.ch/foen/gefahren-waldbrand-praeventionsmassnahmen-kantone/1","id":"https://environment.ld.admin.ch/foen/gefahren-waldbrand-praeventionsmassnahmen-kantone___https://environment.ld.admin.ch/foen/gefahren-waldbrand-praeventionsmassnahmen-kantone/level","label":"Measure","scaleType":"Ordinal","isNumerical":false,"isKeyDimension":false,"values":[{"value":"https://environment.ld.admin.ch/foen/gefahren-waldbrand-praeventionsmassnahmen-kantone/praeventionsmassnahmen-level/1","label":"No measures in force","alternateName":"No measures","description":"Fire possible, due caution to be exercised in all cases","identifier":"1","position":1,"color":"#f5f5f5"},{"value":"https://environment.ld.admin.ch/foen/gefahren-waldbrand-praeventionsmassnahmen-kantone/praeventionsmassnahmen-level/2","label":"Warning that care should be taken when lighting fires in the forest and in the proximity of the forest/in the open","alternateName":"Warning","description":"The lighting of fires should be avoided in the forest and in the proximity of the forest","identifier":"2","position":2,"color":"#bae0f5"},{"value":"https://environment.ld.admin.ch/foen/gefahren-waldbrand-praeventionsmassnahmen-kantone/praeventionsmassnahmen-level/3","label":"Conditional ban on fires in the forest and in the proximity of the forest/in the open","alternateName":"Conditional ban on fires","description":"Fires only allowed in permanent campfire sites, due caution to be exercised in all cases","identifier":"3","position":3,"color":"#6fbfeb"},{"value":"https://environment.ld.admin.ch/foen/gefahren-waldbrand-praeventionsmassnahmen-kantone/praeventionsmassnahmen-level/4","label":"Absolute ban on fires in the forest and in the proximity of the forest","alternateName":"Fire ban in the forest","description":"Fires allowed elsewhere in the open, due caution to be exercised in all cases","identifier":"4","position":4,"color":"#7c7b7c"},{"value":"https://environment.ld.admin.ch/foen/gefahren-waldbrand-praeventionsmassnahmen-kantone/praeventionsmassnahmen-level/5","label":"Absolute ban on fires in the open","alternateName":"Ban on fires","description":"No fires allowed in the open","identifier":"5","position":5,"color":"#454545"}],"related":[]}]}}}
