{"query":"query DataCubeDimensionGeoShapes($sourceType: String!, $sourceUrl: String!, $locale: String!, $cubeFilter: DataCubeDimensionGeoShapesCubeFilter!) {\n  dataCubeDimensionGeoShapes(\n    sourceType: $sourceType\n    sourceUrl: $sourceUrl\n    locale: $locale\n    cubeFilter: $cubeFilter\n  )\n}\n","operationName":"DataCubeDimensionGeoShapes","variables":{"sourceType":"sparql","sourceUrl":"https://lindas-cached.cluster.ldbar.ch/query","locale":"en","cubeFilter":{"iri":"https://environment.ld.admin.ch/foen/gefahren-waldbrand-praeventionsmassnahmen-kantone/1","dimensionId":"https://environment.ld.admin.ch/foen/gefahren-waldbrand-praeventionsmassnahmen-kantone___https://environment.ld.admin.ch/foen/gefahren-waldbrand-praeventionsmassnahmen-kantone/region"}}}