{"data":{"dataCubePreview":{"dimensions":[{"cubeIri":"https://environment.ld.admin.ch/foen/gefahren-waldbrand-warnung/1","iri":"https://environment.ld.admin.ch/foen/gefahren-waldbrand-warnung/region","label":"Warning region","scaleType":"Nominal","isNumerical":false,"isKeyDimension":true,"values":[{"value":"https://ld.admin.ch/dimension/bgdi/biota/forestfirewarningregions/2433","label":"Anniviers (VS)"},{"value":"https://ld.admin.ch/dimension/bgdi/biota/forestfirewarningregions/336","label":"Beatenberg / Unterseen (BE)"},{"value":"https://ld.admin.ch/dimension/bgdi/biota/forestfirewarningregions/1805","label":"Dorneck / Thierstein (SO)"},{"value":"https://ld.admin.ch/dimension/bgdi/biota/forestfirewarningregions/2420","label":"Goms (VS)"},{"value":"https://ld.admin.ch/dimension/bgdi/biota/forestfirewarningregions/1300","label":"Neuchâtel coastline (NE)"},{"value":"https://ld.admin.ch/dimension/bgdi/biota/forestfirewarningregions/1400","label":"Nidwalden"},{"value":"https://ld.admin.ch/dimension/bgdi/biota/forestfirewarningregions/2100","label":"Northern Ticino (TI)"},{"value":"https://ld.admin.ch/dimension/bgdi/biota/forestfirewarningregions/308","label":"Region Lenk (BE)"},{"value":"https://ld.admin.ch/dimension/bgdi/biota/forestfirewarningregions/323","label":"Seeland Ost (BE)"},{"value":"https://ld.admin.ch/dimension/bgdi/biota/forestfirewarningregions/1014","label":"Zernez (GR)"}],"__typename":"GeoShapesDimension"},{"cubeIri":"https://environment.ld.admin.ch/foen/gefahren-waldbrand-warnung/1","iri":"http://schema.org/validFrom","label":"Active since","scaleType":"Interval","isNumerical":false,"values":[{"value":"2023-10-23T12:08:10+02:00","label":"2023-10-23T12:08:10+02:00"},{"value":"2023-10-27T12:12:09+02:00","label":"2023-10-27T12:12:09+02:00"},{"value":"2024-04-16T12:01:14+02:00","label":"2024-04-16T12:01:14+02:00"},{"value":"2024-05-01T12:00:49+02:00","label":"2024-05-01T12:00:49+02:00"},{"value":"2024-05-02T12:08:47+02:00","label":"2024-05-02T12:08:47+02:00"},{"value":"2024-05-21T12:02:35+02:00","label":"2024-05-21T12:02:35+02:00"},{"value":"2024-06-04T13:07:33+02:00","label":"2024-06-04T13:07:33+02:00"}],"__typename":"TemporalDimension","timeFormat":"%Y-%m-%dT%H:%M:%S","timeUnit":"Second"},{"cubeIri":"https://environment.ld.admin.ch/foen/gefahren-waldbrand-warnung/1","iri":"https://environment.ld.admin.ch/foen/gefahren-waldbrand-warnung/canton","label":"Canton","scaleType":"Nominal","isNumerical":false,"values":[{"value":"https://ld.admin.ch/canton/2","label":"Bern"},{"value":"https://ld.admin.ch/canton/18","label":"Grisons"},{"value":"https://ld.admin.ch/canton/24","label":"Neuchâtel"},{"value":"https://ld.admin.ch/canton/7","label":"Nidwalden"},{"value":"https://ld.admin.ch/canton/11","label":"Solothurn"},{"value":"https://ld.admin.ch/canton/21","label":"Ticino"},{"value":"https://ld.admin.ch/canton/23","label":"Valais"}],"__typename":"NominalDimension"}],"measures":[{"cubeIri":"https://environment.ld.admin.ch/foen/gefahren-waldbrand-warnung/1","iri":"https://environment.ld.admin.ch/foen/gefahren-waldbrand-warnung/level","label":"Danger ratings","scaleType":"Ordinal","isNumerical":false,"isKeyDimension":false,"values":[{"value":"https://environment.ld.admin.ch/foen/gefahren-waldbrand-warnung/warnung-level/1","label":"low danger","position":1}],"__typename":"OrdinalMeasure","isCurrency":false,"isDecimal":false}],"observations":[{"https://environment.ld.admin.ch/foen/gefahren-waldbrand-warnung/region":"Beatenberg / Unterseen (BE)","https://environment.ld.admin.ch/foen/gefahren-waldbrand-warnung/level":"low danger","http://schema.org/validFrom":"2024-05-02T12:08:47+02:00","https://environment.ld.admin.ch/foen/gefahren-waldbrand-warnung/canton":"Bern"},{"https://environment.ld.admin.ch/foen/gefahren-waldbrand-warnung/region":"Nidwalden","https://environment.ld.admin.ch/foen/gefahren-waldbrand-warnung/level":"low danger","http://schema.org/validFrom":"2023-10-23T12:08:10+02:00","https://environment.ld.admin.ch/foen/gefahren-waldbrand-warnung/canton":"Nidwalden"},{"https://environment.ld.admin.ch/foen/gefahren-waldbrand-warnung/region":"Dorneck / Thierstein (SO)","https://environment.ld.admin.ch/foen/gefahren-waldbrand-warnung/level":"low danger","http://schema.org/validFrom":"2024-05-01T12:00:49+02:00","https://environment.ld.admin.ch/foen/gefahren-waldbrand-warnung/canton":"Solothurn"},{"https://environment.ld.admin.ch/foen/gefahren-waldbrand-warnung/region":"Northern Ticino (TI)","https://environment.ld.admin.ch/foen/gefahren-waldbrand-warnung/level":"low danger","http://schema.org/validFrom":"2024-06-04T13:07:33+02:00","https://environment.ld.admin.ch/foen/gefahren-waldbrand-warnung/canton":"Ticino"},{"https://environment.ld.admin.ch/foen/gefahren-waldbrand-warnung/region":"Seeland Ost (BE)","https://environment.ld.admin.ch/foen/gefahren-waldbrand-warnung/level":"low danger","http://schema.org/validFrom":"2024-05-01T12:00:49+02:00","https://environment.ld.admin.ch/foen/gefahren-waldbrand-warnung/canton":"Bern"},{"https://environment.ld.admin.ch/foen/gefahren-waldbrand-warnung/region":"Zernez (GR)","https://environment.ld.admin.ch/foen/gefahren-waldbrand-warnung/level":"low danger","http://schema.org/validFrom":"2024-05-21T12:02:35+02:00","https://environment.ld.admin.ch/foen/gefahren-waldbrand-warnung/canton":"Grisons"},{"https://environment.ld.admin.ch/foen/gefahren-waldbrand-warnung/region":"Goms (VS)","https://environment.ld.admin.ch/foen/gefahren-waldbrand-warnung/level":"low danger","http://schema.org/validFrom":"2023-10-27T12:12:09+02:00","https://environment.ld.admin.ch/foen/gefahren-waldbrand-warnung/canton":"Valais"},{"https://environment.ld.admin.ch/foen/gefahren-waldbrand-warnung/region":"Region Lenk (BE)","https://environment.ld.admin.ch/foen/gefahren-waldbrand-warnung/level":"low danger","http://schema.org/validFrom":"2024-05-02T12:08:47+02:00","https://environment.ld.admin.ch/foen/gefahren-waldbrand-warnung/canton":"Bern"},{"https://environment.ld.admin.ch/foen/gefahren-waldbrand-warnung/region":"Neuchâtel coastline (NE)","https://environment.ld.admin.ch/foen/gefahren-waldbrand-warnung/level":"low danger","http://schema.org/validFrom":"2024-04-16T12:01:14+02:00","https://environment.ld.admin.ch/foen/gefahren-waldbrand-warnung/canton":"Neuchâtel"},{"https://environment.ld.admin.ch/foen/gefahren-waldbrand-warnung/region":"Anniviers (VS)","https://environment.ld.admin.ch/foen/gefahren-waldbrand-warnung/level":"low danger","http://schema.org/validFrom":"2023-10-27T12:12:09+02:00","https://environment.ld.admin.ch/foen/gefahren-waldbrand-warnung/canton":"Valais"}]}}}
