{"query":"query DataCubePreview($sourceType: String!, $sourceUrl: String!, $locale: String!, $cubeFilter: DataCubePreviewFilter!) {\n  dataCubePreview(\n    sourceType: $sourceType\n    sourceUrl: $sourceUrl\n    locale: $locale\n    cubeFilter: $cubeFilter\n  )\n}\n","operationName":"DataCubePreview","variables":{"sourceType":"sparql","sourceUrl":"https://lindas-cached.cluster.ldbar.ch/query","locale":"en","cubeFilter":{"iri":"https://environment.ld.admin.ch/foen/gefahren-waldbrand-warnung/1"}}}