{"query":"query DataCubeMetadata($sourceType: String!, $sourceUrl: String!, $locale: String!, $cubeFilter: DataCubeMetadataFilter!) {\n  dataCubeMetadata(\n    sourceType: $sourceType\n    sourceUrl: $sourceUrl\n    locale: $locale\n    cubeFilter: $cubeFilter\n  )\n}\n","operationName":"DataCubeMetadata","variables":{"cubeFilter":{"iri":"https://environment.ld.admin.ch/foen/gefahren-waldbrand-warnung/1"},"locale":"en","sourceType":"sparql","sourceUrl":"https://lindas-cached.cluster.ldbar.ch/query"}}