{"data":{"dataCubeMetadata":{"iri":"https://environment.ld.admin.ch/foen/gefahren-waldbrand-warnung/1","identifier":"gefahren-waldbrand-warnung","title":"Forest fire danger","description":"The FOEN's forest fire danger warning contains the general daily forest fire danger based on meteorological data and the resulting forest fire indices.","version":"1","datePublished":"2023-03-15","dateModified":"2024-04-30T10:01:22Z","publicationStatus":"PUBLISHED","themes":[{"iri":"https://register.ld.admin.ch/opendataswiss/category/territory","label":"Territory and environment"},{"iri":"https://register.ld.admin.ch/opendataswiss/category/agriculture","label":"Agriculture, forestry"}],"creator":{"iri":"https://register.ld.admin.ch/opendataswiss/org/bundesamt-fur-umwelt-bafu","label":"Federal Office for the Environment FOEN"},"versionHistory":"https://environment.ld.admin.ch/foen/gefahren-waldbrand-warnung","contactPoint":{"email":"info@bafu.admin.ch","name":"Office fédéral de l'environnement"},"publisher":"Bundesamt für Umwelt BAFU","landingPage":"https://www.waldbrandgefahr.ch/","workExamples":["https://ld.admin.ch/application/opendataswiss","https://ld.admin.ch/application/visualize","anon-genid-8c80c11063fb44cb95187dd12f42869f-1","anon-genid-8c80c11063fb44cb95187dd12f42869f-2"]}}}
