{"query":"query GeoCoordinatesByDimensionIri($dataCubeIri: String!, $dimensionIri: String!, $sourceType: String!, $sourceUrl: String!, $locale: String!, $latest: Boolean) {\n  dataCubeByIri(\n    iri: $dataCubeIri\n    sourceType: $sourceType\n    sourceUrl: $sourceUrl\n    locale: $locale\n    latest: $latest\n  ) {\n    dimensionByIri(\n      iri: $dimensionIri\n      sourceType: $sourceType\n      sourceUrl: $sourceUrl\n    ) {\n      ... on GeoCoordinatesDimension {\n        geoCoordinates {\n          iri\n          label\n          latitude\n          longitude\n          __typename\n        }\n        __typename\n      }\n      __typename\n    }\n    __typename\n  }\n}\n","operationName":"GeoCoordinatesByDimensionIri","variables":{"dataCubeIri":"https://environment.ld.admin.ch/foen/nfi/49-19-44/cube/1","sourceType":"sparql","sourceUrl":"https://int.lindas.admin.ch/query","dimensionIri":"https://environment.ld.admin.ch/foen/nfi/prodreg","locale":"en"}}