{"query":"query DataCubeMetadata($iri: String!, $sourceType: String!, $sourceUrl: String!, $locale: String!, $latest: Boolean) {\n  dataCubeByIri(\n    iri: $iri\n    sourceType: $sourceType\n    sourceUrl: $sourceUrl\n    locale: $locale\n    latest: $latest\n  ) {\n    iri\n    identifier\n    title\n    description\n    publisher\n    version\n    workExamples\n    contactName\n    contactEmail\n    landingPage\n    expires\n    datePublished\n    dateModified\n    publicationStatus\n    themes {\n      iri\n      label\n      __typename\n    }\n    creator {\n      iri\n      label\n      __typename\n    }\n    __typename\n  }\n}\n","operationName":"DataCubeMetadata","variables":{"iri":"https://environment.ld.admin.ch/foen/nfi/49-19-44/cube/1","sourceType":"sparql","sourceUrl":"https://int.lindas.admin.ch/query","locale":"en"}}