{"data":{"dataCubeByIri":{"iri":"https://environment.ld.admin.ch/foen/nfi/49-19-44/cube/1","title":"NFI: forest area by production region and stand structure","publisher":"Bundesamt für Umwelt BAFU","identifier":"49-19-44","workExamples":["https://ld.admin.ch/application/opendataswiss","https://ld.admin.ch/application/visualize","b3198_bnode5f65347a515f27285f41965f99735f817562db9b045f781","b3198_bnode5f65347a515f27285f41965f99735f817562db9b045f782"],"creator":{"iri":"https://register.ld.admin.ch/opendataswiss/org/bundesamt-fur-umwelt-bafu","__typename":"DataCubeOrganization"},"landingPage":"https://www.lfi.ch","dimensions":[{"iri":"https://environment.ld.admin.ch/foen/nfi/standardErrorForestArea","label":"standard error of forest area","description":"standard error of estimate","isNumerical":true,"isKeyDimension":false,"order":12,"values":[],"unit":"%","related":[{"iri":"https://environment.ld.admin.ch/foen/nfi/forestArea","type":"StandardError","__typename":"RelatedDimension"}],"hierarchy":null,"__typename":"NominalDimension"},{"iri":"https://environment.ld.admin.ch/foen/nfi/inventory","label":"Inventory","description":null,"isNumerical":false,"isKeyDimension":true,"order":0,"values":[{"value":"https://environment.ld.admin.ch/foen/nfi/Inventory/150","label":"NFI1"},{"value":"https://environment.ld.admin.ch/foen/nfi/Inventory/250","label":"NFI2"},{"value":"https://environment.ld.admin.ch/foen/nfi/Inventory/350","label":"NFI3"},{"value":"https://environment.ld.admin.ch/foen/nfi/Inventory/450","label":"NFI4"}],"unit":null,"related":[],"hierarchy":null,"__typename":"NominalDimension"},{"iri":"https://environment.ld.admin.ch/foen/nfi/evaluationType","label":"evaluation type","description":null,"isNumerical":false,"isKeyDimension":true,"order":101,"values":[{"value":"https://environment.ld.admin.ch/foen/nfi/EvaluationType/1","label":"Zustand"},{"value":"https://environment.ld.admin.ch/foen/nfi/EvaluationType/2","label":"Veränderungskomponenten"},{"value":"https://environment.ld.admin.ch/foen/nfi/EvaluationType/3","label":"Veränderung (Bilanz)"}],"unit":null,"related":[],"hierarchy":null,"__typename":"NominalDimension"},{"iri":"https://environment.ld.admin.ch/foen/nfi/unitOfEvaluation","label":"unit of evaluation","description":null,"isNumerical":false,"isKeyDimension":true,"order":3,"values":[{"value":"https://environment.ld.admin.ch/foen/nfi/UnitOfEvaluation/Zgwald1234","label":"accessible forest without shrub forest NFI1/NFI2/NFI3/NFI4"},{"value":"https://environment.ld.admin.ch/foen/nfi/UnitOfEvaluation/Zgwald34","label":"accessible forest without shrub forest NFI3/NFI4"},{"value":"https://environment.ld.admin.ch/foen/nfi/UnitOfEvaluation/Zwald","label":"accessible forest without shrub forest"}],"unit":null,"related":[],"hierarchy":null,"__typename":"NominalDimension"},{"iri":"https://environment.ld.admin.ch/foen/nfi/struk","label":"stand structure","description":"Vertikaler Aufbau (der Schichtung) des massgebenden Bestandes innerhalb der Interpretationsfläche. Die Bestandesstruktur wird durch die Anteile der verschiedenen Schichten definiert. Die Abgrenzung der drei Schichten, Oberschicht, Mittelschicht und Unterschicht bezieht sich auf die Oberhöhe Hdom = mittlere Höhe der 100 stärksten Bäume/ha). Der minimale Deckungsgrad pro Schicht beträgt 20%.","isNumerical":false,"isKeyDimension":true,"order":2,"values":[{"value":"https://environment.ld.admin.ch/foen/nfi/ClassificationUnit/Struk/-1","label":"n/a","identifier":"99"},{"value":"https://environment.ld.admin.ch/foen/nfi/ClassificationUnit/Struk/1","label":"single-layered","identifier":"1"},{"value":"https://environment.ld.admin.ch/foen/nfi/ClassificationUnit/Struk/2","label":"multi-layered","identifier":"2"},{"value":"https://environment.ld.admin.ch/foen/nfi/ClassificationUnit/Struk/3","label":"stratified","identifier":"3"},{"value":"https://environment.ld.admin.ch/foen/nfi/ClassificationUnit/Struk/4","label":"clustered structure","identifier":"4"},{"value":"https://environment.ld.admin.ch/foen/nfi/ClassificationUnit/Struk/Total","label":"total","identifier":"0"}],"unit":null,"related":[],"hierarchy":[{"value":"https://environment.ld.admin.ch/foen/nfi/ClassificationUnit/Struk/Total","dimensionIri":"https://environment.ld.admin.ch/foen/nfi/struk","depth":0,"label":"total","hasValue":true,"children":[{"value":"https://environment.ld.admin.ch/foen/nfi/ClassificationUnit/Struk/-1","dimensionIri":"https://environment.ld.admin.ch/foen/nfi/struk","depth":1,"label":"n/a","hasValue":true,"children":[],"__typename":"HierarchyValue"},{"value":"https://environment.ld.admin.ch/foen/nfi/ClassificationUnit/Struk/1","dimensionIri":"https://environment.ld.admin.ch/foen/nfi/struk","depth":1,"label":"single-layered","hasValue":true,"children":[],"__typename":"HierarchyValue"},{"value":"https://environment.ld.admin.ch/foen/nfi/ClassificationUnit/Struk/2","dimensionIri":"https://environment.ld.admin.ch/foen/nfi/struk","depth":1,"label":"multi-layered","hasValue":true,"children":[],"__typename":"HierarchyValue"},{"value":"https://environment.ld.admin.ch/foen/nfi/ClassificationUnit/Struk/3","dimensionIri":"https://environment.ld.admin.ch/foen/nfi/struk","depth":1,"label":"stratified","hasValue":true,"children":[],"__typename":"HierarchyValue"},{"value":"https://environment.ld.admin.ch/foen/nfi/ClassificationUnit/Struk/4","dimensionIri":"https://environment.ld.admin.ch/foen/nfi/struk","depth":1,"label":"clustered structure","hasValue":true,"children":[],"__typename":"HierarchyValue"}],"__typename":"HierarchyValue"}],"__typename":"NominalDimension"},{"iri":"https://environment.ld.admin.ch/foen/nfi/grid","label":"grid","description":null,"isNumerical":false,"isKeyDimension":true,"order":100,"values":[{"value":"https://environment.ld.admin.ch/foen/nfi/Grid/N4","label":"1.4 x 1.4 km grid"}],"unit":null,"related":[],"hierarchy":null,"__typename":"NominalDimension"},{"iri":"https://environment.ld.admin.ch/foen/nfi/prodreg","label":"production region","description":"Produktionsregionen der Schweiz. Das Merkmal wurde für alle Stichproben aus einem GIS-Datensatz bestimmt. Für das LFI zählen alle Punkte zur Landesfläche der Schweiz, für die gilt: PRODREG >0. Ob ein bestimmter Punkt zur Landesfläche der Schweiz oder zu einer bestimmten Produktionsregion gehört, kann auch davon abhängen, in welcher räumlichen Auflösung die z.B. mit Polygonen nachgebildete Grenze in einem GIS-Datensatz vorliegt. Grenzen gelten gemeinhin als feststehend. Je nach Lage im Gelände unterliegen sie jedoch den jeweiligen Klima- und Naturereignissen, sodass sich ihr Verlauf verändern kann. So sind Grenzen teilweise dynamisch definiert z.B. als die Mitte eines Flussverlaufs (z.B. Doubs), oder international nicht abschliessend festgelegt (Obersee des Bodensees). Die Gesamtlänge der Aussengrenze der Schweiz beträgt laut Landestopograpie (Stand 2014) insgesamt 1899 km. Die Werte der PRODREG sind für alle LFIs gleichermassen gültig und werden im LFI bis auf weiteres als konstant betrachtet.","isNumerical":false,"isKeyDimension":true,"order":1,"values":[{"value":"https://environment.ld.admin.ch/foen/nfi/UnitOfReference/Prodreg/1","label":"Jura","identifier":"1"},{"value":"https://environment.ld.admin.ch/foen/nfi/UnitOfReference/Prodreg/2","label":"Plateau","identifier":"2"},{"value":"https://environment.ld.admin.ch/foen/nfi/UnitOfReference/Prodreg/3","label":"Pre-Alps","identifier":"3"},{"value":"https://environment.ld.admin.ch/foen/nfi/UnitOfReference/Prodreg/4","label":"Alps","identifier":"4"},{"value":"https://environment.ld.admin.ch/foen/nfi/UnitOfReference/Prodreg/5","label":"Southern Alps","identifier":"5"},{"value":"https://environment.ld.admin.ch/foen/nfi/UnitOfReference/Prodreg/Switzerland","label":"Switzerland","identifier":"0"}],"unit":null,"related":[],"hierarchy":[{"value":"https://environment.ld.admin.ch/foen/nfi/UnitOfReference/Prodreg/Switzerland","dimensionIri":"https://environment.ld.admin.ch/foen/nfi/prodreg","depth":0,"label":"Switzerland","hasValue":true,"children":[{"value":"https://environment.ld.admin.ch/foen/nfi/UnitOfReference/Prodreg/1","dimensionIri":"https://environment.ld.admin.ch/foen/nfi/prodreg","depth":1,"label":"Jura","hasValue":true,"children":[],"__typename":"HierarchyValue"},{"value":"https://environment.ld.admin.ch/foen/nfi/UnitOfReference/Prodreg/2","dimensionIri":"https://environment.ld.admin.ch/foen/nfi/prodreg","depth":1,"label":"Plateau","hasValue":true,"children":[],"__typename":"HierarchyValue"},{"value":"https://environment.ld.admin.ch/foen/nfi/UnitOfReference/Prodreg/3","dimensionIri":"https://environment.ld.admin.ch/foen/nfi/prodreg","depth":1,"label":"Pre-Alps","hasValue":true,"children":[],"__typename":"HierarchyValue"},{"value":"https://environment.ld.admin.ch/foen/nfi/UnitOfReference/Prodreg/4","dimensionIri":"https://environment.ld.admin.ch/foen/nfi/prodreg","depth":1,"label":"Alps","hasValue":true,"children":[],"__typename":"HierarchyValue"},{"value":"https://environment.ld.admin.ch/foen/nfi/UnitOfReference/Prodreg/5","dimensionIri":"https://environment.ld.admin.ch/foen/nfi/prodreg","depth":1,"label":"Southern Alps","hasValue":true,"children":[],"__typename":"HierarchyValue"}],"__typename":"HierarchyValue"}],"__typename":"GeoShapesDimension"}],"measures":[{"iri":"https://environment.ld.admin.ch/foen/nfi/forestArea","label":"forest area","description":"The forest area is the total sum of all areas classified as forest according to NFI’s forest definition. The forest definition includes shrub forest. This theme is also used to assess the total area when forest and non-forest need to be distinguished.","isNumerical":true,"isKeyDimension":false,"order":11,"values":[],"unit":"ha","related":[],"hierarchy":null,"isCurrency":false,"currencyExponent":0,"resolution":null,"__typename":"NumericalMeasure"}],"__typename":"DataCube"}},"extensions":{"queries":[{"startTime":1666286149157,"endTime":1666286149280,"text":"#pragma describe.strategy cbd\n#pragma join.hash off\n\n\nPREFIX unit: <http://qudt.org/vocab/unit/>\nPREFIX rdfs: <http://www.w3.org/2000/01/rdf-schema#>\nPREFIX qudt: <http://qudt.org/schema/qudt/>\n\nSELECT DISTINCT ?iri ?label ?isCurrency ?currencyExponent ?isCurrency\n\nWHERE {\n\n        values ?iri {\n          unit:PERCENT\nunit:HA\n        }\n\n        OPTIONAL { ?iri rdfs:label ?rdfsLabel }\n        OPTIONAL { ?iri  qudt:symbol  ?symbol }\n        OPTIONAL { ?iri  qudt:ucumCode  ?ucumCode }\n        OPTIONAL { ?iri  qudt:expression  ?expression }\n\n        OPTIONAL { ?iri ?isCurrency qudt:CurrencyUnit }\n        OPTIONAL { ?iri qudt:currencyExponent ?currencyExponent }\n\n        BIND(str(coalesce(str(?symbol), str(?ucumCode), str(?expression), str(?rdfsLabel), \"?\")) AS ?label)\n        \n        FILTER ( lang(?rdfsLabel) = \"en\" )\n      \n}\n\n\n\n"},{"startTime":1666286149156,"endTime":1666286149331,"text":"#pragma describe.strategy cbd\n#pragma join.hash off\n\n\nPREFIX unit: <http://qudt.org/vocab/unit/>\nPREFIX rdfs: <http://www.w3.org/2000/01/rdf-schema#>\nPREFIX qudt: <http://qudt.org/schema/qudt/>\n\nSELECT DISTINCT ?iri ?label ?isCurrency ?currencyExponent ?isCurrency\n\nWHERE {\n\n        values ?iri {\n          unit:PERCENT\nunit:HA\n        }\n\n        OPTIONAL { ?iri rdfs:label ?rdfsLabel }\n        OPTIONAL { ?iri  qudt:symbol  ?symbol }\n        OPTIONAL { ?iri  qudt:ucumCode  ?ucumCode }\n        OPTIONAL { ?iri  qudt:expression  ?expression }\n\n        OPTIONAL { ?iri ?isCurrency qudt:CurrencyUnit }\n        OPTIONAL { ?iri qudt:currencyExponent ?currencyExponent }\n\n        BIND(str(coalesce(str(?symbol), str(?ucumCode), str(?expression), str(?rdfsLabel), \"?\")) AS ?label)\n        \n        FILTER ( lang(?rdfsLabel) = \"en\" )\n      \n}\n\n\n\n"},{"startTime":1666286149281,"endTime":1666286149547,"text":"#pragma describe.strategy cbd\n#pragma join.hash off\n\n\nPREFIX sh: <http://www.w3.org/ns/shacl#>\nPREFIX schema: <http://schema.org/>\n\nSELECT ?cube\n\nWHERE {\n\n  ?cube <https://cube.link/observationConstraint> ?shape.\n  ?shape ?prop ?dimension.\n  ?dimension sh:path <https://environment.ld.admin.ch/foen/nfi/forestArea>.\n  \n  FILTER NOT EXISTS { ?cube schema:expires ?any . }\n  \n}\n\n\n\n"},{"startTime":1666286149333,"endTime":1666286149610,"text":"#pragma describe.strategy cbd\n#pragma join.hash off\n\n\nPREFIX sh: <http://www.w3.org/ns/shacl#>\nPREFIX schema: <http://schema.org/>\n\nSELECT ?cube\n\nWHERE {\n\n  ?cube <https://cube.link/observationConstraint> ?shape.\n  ?shape ?prop ?dimension.\n  ?dimension sh:path <https://environment.ld.admin.ch/foen/nfi/standardErrorForestArea>.\n  \n  FILTER NOT EXISTS { ?cube schema:expires ?any . }\n  \n}\n\n\n\n"},{"startTime":1666286149334,"endTime":1666286149619,"text":"#pragma describe.strategy cbd\n#pragma join.hash off\n\n\nPREFIX sh: <http://www.w3.org/ns/shacl#>\nPREFIX schema: <http://schema.org/>\n\nSELECT ?cube\n\nWHERE {\n\n  ?cube <https://cube.link/observationConstraint> ?shape.\n  ?shape ?prop ?dimension.\n  ?dimension sh:path <https://environment.ld.admin.ch/foen/nfi/inventory>.\n  \n  FILTER NOT EXISTS { ?cube schema:expires ?any . }\n  \n}\n\n\n\n"},{"startTime":1666286149336,"endTime":1666286149623,"text":"#pragma describe.strategy cbd\n#pragma join.hash off\n\n\nPREFIX sh: <http://www.w3.org/ns/shacl#>\nPREFIX schema: <http://schema.org/>\n\nSELECT ?cube\n\nWHERE {\n\n  ?cube <https://cube.link/observationConstraint> ?shape.\n  ?shape ?prop ?dimension.\n  ?dimension sh:path <https://environment.ld.admin.ch/foen/nfi/struk>.\n  \n  FILTER NOT EXISTS { ?cube schema:expires ?any . }\n  \n}\n\n\n\n"},{"startTime":1666286149337,"endTime":1666286149666,"text":"#pragma describe.strategy cbd\n#pragma join.hash off\n\n\nPREFIX sh: <http://www.w3.org/ns/shacl#>\nPREFIX schema: <http://schema.org/>\n\nSELECT ?cube\n\nWHERE {\n\n  ?cube <https://cube.link/observationConstraint> ?shape.\n  ?shape ?prop ?dimension.\n  ?dimension sh:path <https://environment.ld.admin.ch/foen/nfi/prodreg>.\n  \n  FILTER NOT EXISTS { ?cube schema:expires ?any . }\n  \n}\n\n\n\n"},{"startTime":1666286149338,"endTime":1666286149668,"text":"#pragma describe.strategy cbd\n#pragma join.hash off\n\n\nPREFIX schema: <http://schema.org/>\n\nSELECT DISTINCT ?iri ?identifier\n?position\n?color\n\nWHERE {\n\n      values ?iri {\n        <https://environment.ld.admin.ch/foen/nfi/Inventory/150>\n<https://environment.ld.admin.ch/foen/nfi/Inventory/450>\n<https://environment.ld.admin.ch/foen/nfi/Inventory/350>\n<https://environment.ld.admin.ch/foen/nfi/Inventory/250>\n      }\n\n      OPTIONAL { ?iri schema:identifier ?identifier. }\nOPTIONAL { ?iri schema:color ?color. }\n    \n}\n\n\n\n"},{"startTime":1666286149338,"endTime":1666286149668,"text":"#pragma describe.strategy cbd\n#pragma join.hash off\n\n\nPREFIX schema: <http://schema.org/>\n\nSELECT DISTINCT ?iri ?label\n\nWHERE {\n\n      values ?iri {\n        <https://environment.ld.admin.ch/foen/nfi/Inventory/150>\n<https://environment.ld.admin.ch/foen/nfi/Inventory/450>\n<https://environment.ld.admin.ch/foen/nfi/Inventory/350>\n<https://environment.ld.admin.ch/foen/nfi/Inventory/250>\n      }\n      OPTIONAL {\n    ?iri schema:name ?label_en\n    FILTER (LANGMATCHES(LANG(?label_en), \"en\"))\n  }\nOPTIONAL {\n    ?iri schema:name ?label_de\n    FILTER (LANGMATCHES(LANG(?label_de), \"de\"))\n  }\nOPTIONAL {\n    ?iri schema:name ?label_fr\n    FILTER (LANGMATCHES(LANG(?label_fr), \"fr\"))\n  }\nOPTIONAL {\n    ?iri schema:name ?label_it\n    FILTER (LANGMATCHES(LANG(?label_it), \"it\"))\n  }\nOPTIONAL {\n    ?iri schema:name ?label_\n    FILTER ((LANG(?label_) = \"\"))\n  }\n  BIND(COALESCE(?label_en,?label_de,?label_fr,?label_it,?label_) as ?label)\n  \n    \n}\n\n\n\n"},{"startTime":1666286149335,"endTime":1666286149702,"text":"#pragma describe.strategy cbd\n#pragma join.hash off\n\n\nPREFIX sh: <http://www.w3.org/ns/shacl#>\nPREFIX schema: <http://schema.org/>\n\nSELECT ?cube\n\nWHERE {\n\n  ?cube <https://cube.link/observationConstraint> ?shape.\n  ?shape ?prop ?dimension.\n  ?dimension sh:path <https://environment.ld.admin.ch/foen/nfi/unitOfEvaluation>.\n  \n  FILTER NOT EXISTS { ?cube schema:expires ?any . }\n  \n}\n\n\n\n"},{"startTime":1666286149335,"endTime":1666286149714,"text":"#pragma describe.strategy cbd\n#pragma join.hash off\n\n\nPREFIX sh: <http://www.w3.org/ns/shacl#>\nPREFIX schema: <http://schema.org/>\n\nSELECT ?cube\n\nWHERE {\n\n  ?cube <https://cube.link/observationConstraint> ?shape.\n  ?shape ?prop ?dimension.\n  ?dimension sh:path <https://environment.ld.admin.ch/foen/nfi/evaluationType>.\n  \n  FILTER NOT EXISTS { ?cube schema:expires ?any . }\n  \n}\n\n\n\n"},{"startTime":1666286149336,"endTime":1666286149719,"text":"#pragma describe.strategy cbd\n#pragma join.hash off\n\n\nPREFIX sh: <http://www.w3.org/ns/shacl#>\nPREFIX schema: <http://schema.org/>\n\nSELECT ?cube\n\nWHERE {\n\n  ?cube <https://cube.link/observationConstraint> ?shape.\n  ?shape ?prop ?dimension.\n  ?dimension sh:path <https://environment.ld.admin.ch/foen/nfi/grid>.\n  \n  FILTER NOT EXISTS { ?cube schema:expires ?any . }\n  \n}\n\n\n\n"},{"startTime":1666286149669,"endTime":1666286152928,"text":"#pragma describe.strategy cbd\n#pragma join.hash off\n\n\nPREFIX schema: <http://schema.org/>\n\nSELECT DISTINCT ?iri ?label\n\nWHERE {\n\n      values ?iri {\n        <https://environment.ld.admin.ch/foen/nfi/EvaluationType/1>\n<https://environment.ld.admin.ch/foen/nfi/EvaluationType/2>\n<https://environment.ld.admin.ch/foen/nfi/EvaluationType/3>\n      }\n      OPTIONAL {\n    ?iri schema:name ?label_en\n    FILTER (LANGMATCHES(LANG(?label_en), \"en\"))\n  }\nOPTIONAL {\n    ?iri schema:name ?label_de\n    FILTER (LANGMATCHES(LANG(?label_de), \"de\"))\n  }\nOPTIONAL {\n    ?iri schema:name ?label_fr\n    FILTER (LANGMATCHES(LANG(?label_fr), \"fr\"))\n  }\nOPTIONAL {\n    ?iri schema:name ?label_it\n    FILTER (LANGMATCHES(LANG(?label_it), \"it\"))\n  }\nOPTIONAL {\n    ?iri schema:name ?label_\n    FILTER ((LANG(?label_) = \"\"))\n  }\n  BIND(COALESCE(?label_en,?label_de,?label_fr,?label_it,?label_) as ?label)\n  \n    \n}\n\n\n\n"},{"startTime":1666286153145,"endTime":1666286153264,"text":"#pragma describe.strategy cbd\n#pragma join.hash off\n\n\nSELECT DISTINCT ?value\n\nWHERE {\n    \n      ?cube <https://cube.link/observationSet> ?observationSet .\n      ?observationSet <https://cube.link/observation> ?observation .\n      ?observation <https://environment.ld.admin.ch/foen/nfi/prodreg> ?value .\n    \n}\n\n\n\n"},{"startTime":1666286153250,"endTime":1666286153361,"text":"#pragma describe.strategy cbd\n#pragma join.hash off\n\n\nSELECT DISTINCT ?value\n\nWHERE {\n    \n      ?cube <https://cube.link/observationSet> ?observationSet .\n      ?observationSet <https://cube.link/observation> ?observation .\n      ?observation <https://environment.ld.admin.ch/foen/nfi/struk> ?value .\n    \n}\n\n\n\n"},{"startTime":1666286149670,"endTime":1666286153473,"text":"#pragma describe.strategy cbd\n#pragma join.hash off\n\n\nPREFIX schema: <http://schema.org/>\n\nSELECT DISTINCT ?iri ?identifier\n?position\n?color\n\nWHERE {\n\n      values ?iri {\n        <https://environment.ld.admin.ch/foen/nfi/EvaluationType/1>\n<https://environment.ld.admin.ch/foen/nfi/EvaluationType/2>\n<https://environment.ld.admin.ch/foen/nfi/EvaluationType/3>\n      }\n\n      OPTIONAL { ?iri schema:identifier ?identifier. }\nOPTIONAL { ?iri schema:color ?color. }\n    \n}\n\n\n\n"},{"startTime":1666286153473,"endTime":1666286153570,"text":"#pragma describe.strategy cbd\n#pragma join.hash off\n\n\nPREFIX schema: <http://schema.org/>\n\nSELECT DISTINCT ?iri ?label\n\nWHERE {\n\n      values ?iri {\n        <https://environment.ld.admin.ch/foen/nfi/UnitOfEvaluation/Zwald>\n<https://environment.ld.admin.ch/foen/nfi/UnitOfEvaluation/Zgwald1234>\n<https://environment.ld.admin.ch/foen/nfi/UnitOfEvaluation/Zgwald34>\n      }\n      OPTIONAL {\n    ?iri schema:name ?label_en\n    FILTER (LANGMATCHES(LANG(?label_en), \"en\"))\n  }\nOPTIONAL {\n    ?iri schema:name ?label_de\n    FILTER (LANGMATCHES(LANG(?label_de), \"de\"))\n  }\nOPTIONAL {\n    ?iri schema:name ?label_fr\n    FILTER (LANGMATCHES(LANG(?label_fr), \"fr\"))\n  }\nOPTIONAL {\n    ?iri schema:name ?label_it\n    FILTER (LANGMATCHES(LANG(?label_it), \"it\"))\n  }\nOPTIONAL {\n    ?iri schema:name ?label_\n    FILTER ((LANG(?label_) = \"\"))\n  }\n  BIND(COALESCE(?label_en,?label_de,?label_fr,?label_it,?label_) as ?label)\n  \n    \n}\n\n\n\n"},{"startTime":1666286153475,"endTime":1666286153575,"text":"#pragma describe.strategy cbd\n#pragma join.hash off\n\n\nPREFIX schema: <http://schema.org/>\n\nSELECT DISTINCT ?iri ?identifier\n?position\n?color\n\nWHERE {\n\n      values ?iri {\n        <https://environment.ld.admin.ch/foen/nfi/UnitOfEvaluation/Zwald>\n<https://environment.ld.admin.ch/foen/nfi/UnitOfEvaluation/Zgwald1234>\n<https://environment.ld.admin.ch/foen/nfi/UnitOfEvaluation/Zgwald34>\n      }\n\n      OPTIONAL { ?iri schema:identifier ?identifier. }\nOPTIONAL { ?iri schema:color ?color. }\n    \n}\n\n\n\n"},{"startTime":1666286153579,"endTime":1666286153670,"text":"#pragma describe.strategy cbd\n#pragma join.hash off\n\n\nPREFIX schema: <http://schema.org/>\n\nSELECT DISTINCT ?iri ?identifier\n?position\n?color\n\nWHERE {\n\n      values ?iri {\n        <https://environment.ld.admin.ch/foen/nfi/ClassificationUnit/Struk/3>\n<https://environment.ld.admin.ch/foen/nfi/ClassificationUnit/Struk/Total>\n<https://environment.ld.admin.ch/foen/nfi/ClassificationUnit/Struk/1>\n<https://environment.ld.admin.ch/foen/nfi/ClassificationUnit/Struk/-1>\n<https://environment.ld.admin.ch/foen/nfi/ClassificationUnit/Struk/2>\n<https://environment.ld.admin.ch/foen/nfi/ClassificationUnit/Struk/4>\n      }\n\n      OPTIONAL { ?iri schema:identifier ?identifier. }\nOPTIONAL { ?iri schema:color ?color. }\n    \n}\n\n\n\n"},{"startTime":1666286153577,"endTime":1666286153671,"text":"#pragma describe.strategy cbd\n#pragma join.hash off\n\n\nPREFIX schema: <http://schema.org/>\n\nSELECT DISTINCT ?iri ?label\n\nWHERE {\n\n      values ?iri {\n        <https://environment.ld.admin.ch/foen/nfi/ClassificationUnit/Struk/3>\n<https://environment.ld.admin.ch/foen/nfi/ClassificationUnit/Struk/Total>\n<https://environment.ld.admin.ch/foen/nfi/ClassificationUnit/Struk/1>\n<https://environment.ld.admin.ch/foen/nfi/ClassificationUnit/Struk/-1>\n<https://environment.ld.admin.ch/foen/nfi/ClassificationUnit/Struk/2>\n<https://environment.ld.admin.ch/foen/nfi/ClassificationUnit/Struk/4>\n      }\n      OPTIONAL {\n    ?iri schema:name ?label_en\n    FILTER (LANGMATCHES(LANG(?label_en), \"en\"))\n  }\nOPTIONAL {\n    ?iri schema:name ?label_de\n    FILTER (LANGMATCHES(LANG(?label_de), \"de\"))\n  }\nOPTIONAL {\n    ?iri schema:name ?label_fr\n    FILTER (LANGMATCHES(LANG(?label_fr), \"fr\"))\n  }\nOPTIONAL {\n    ?iri schema:name ?label_it\n    FILTER (LANGMATCHES(LANG(?label_it), \"it\"))\n  }\nOPTIONAL {\n    ?iri schema:name ?label_\n    FILTER ((LANG(?label_) = \"\"))\n  }\n  BIND(COALESCE(?label_en,?label_de,?label_fr,?label_it,?label_) as ?label)\n  \n    \n}\n\n\n\n"},{"startTime":1666286153674,"endTime":1666286153765,"text":"#pragma describe.strategy cbd\n#pragma join.hash off\n\n\nPREFIX schema: <http://schema.org/>\n\nSELECT DISTINCT ?iri ?identifier\n?position\n?color\n\nWHERE {\n\n      values ?iri {\n        <https://environment.ld.admin.ch/foen/nfi/Grid/N4>\n      }\n\n      OPTIONAL { ?iri schema:identifier ?identifier. }\nOPTIONAL { ?iri schema:color ?color. }\n    \n}\n\n\n\n"},{"startTime":1666286153673,"endTime":1666286153765,"text":"#pragma describe.strategy cbd\n#pragma join.hash off\n\n\nPREFIX schema: <http://schema.org/>\n\nSELECT DISTINCT ?iri ?label\n\nWHERE {\n\n      values ?iri {\n        <https://environment.ld.admin.ch/foen/nfi/Grid/N4>\n      }\n      OPTIONAL {\n    ?iri schema:name ?label_en\n    FILTER (LANGMATCHES(LANG(?label_en), \"en\"))\n  }\nOPTIONAL {\n    ?iri schema:name ?label_de\n    FILTER (LANGMATCHES(LANG(?label_de), \"de\"))\n  }\nOPTIONAL {\n    ?iri schema:name ?label_fr\n    FILTER (LANGMATCHES(LANG(?label_fr), \"fr\"))\n  }\nOPTIONAL {\n    ?iri schema:name ?label_it\n    FILTER (LANGMATCHES(LANG(?label_it), \"it\"))\n  }\nOPTIONAL {\n    ?iri schema:name ?label_\n    FILTER ((LANG(?label_) = \"\"))\n  }\n  BIND(COALESCE(?label_en,?label_de,?label_fr,?label_it,?label_) as ?label)\n  \n    \n}\n\n\n\n"},{"startTime":1666286153767,"endTime":1666286153861,"text":"#pragma describe.strategy cbd\n#pragma join.hash off\n\n\nPREFIX schema: <http://schema.org/>\n\nSELECT DISTINCT ?iri ?label\n\nWHERE {\n\n      values ?iri {\n        <https://environment.ld.admin.ch/foen/nfi/UnitOfReference/Prodreg/3>\n<https://environment.ld.admin.ch/foen/nfi/UnitOfReference/Prodreg/Switzerland>\n<https://environment.ld.admin.ch/foen/nfi/UnitOfReference/Prodreg/4>\n<https://environment.ld.admin.ch/foen/nfi/UnitOfReference/Prodreg/1>\n<https://environment.ld.admin.ch/foen/nfi/UnitOfReference/Prodreg/2>\n<https://environment.ld.admin.ch/foen/nfi/UnitOfReference/Prodreg/5>\n      }\n      OPTIONAL {\n    ?iri schema:name ?label_en\n    FILTER (LANGMATCHES(LANG(?label_en), \"en\"))\n  }\nOPTIONAL {\n    ?iri schema:name ?label_de\n    FILTER (LANGMATCHES(LANG(?label_de), \"de\"))\n  }\nOPTIONAL {\n    ?iri schema:name ?label_fr\n    FILTER (LANGMATCHES(LANG(?label_fr), \"fr\"))\n  }\nOPTIONAL {\n    ?iri schema:name ?label_it\n    FILTER (LANGMATCHES(LANG(?label_it), \"it\"))\n  }\nOPTIONAL {\n    ?iri schema:name ?label_\n    FILTER ((LANG(?label_) = \"\"))\n  }\n  BIND(COALESCE(?label_en,?label_de,?label_fr,?label_it,?label_) as ?label)\n  \n    \n}\n\n\n\n"},{"startTime":1666286153770,"endTime":1666286153871,"text":"#pragma describe.strategy cbd\n#pragma join.hash off\n\n\nPREFIX schema: <http://schema.org/>\n\nSELECT DISTINCT ?iri ?identifier\n?position\n?color\n\nWHERE {\n\n      values ?iri {\n        <https://environment.ld.admin.ch/foen/nfi/UnitOfReference/Prodreg/3>\n<https://environment.ld.admin.ch/foen/nfi/UnitOfReference/Prodreg/Switzerland>\n<https://environment.ld.admin.ch/foen/nfi/UnitOfReference/Prodreg/4>\n<https://environment.ld.admin.ch/foen/nfi/UnitOfReference/Prodreg/1>\n<https://environment.ld.admin.ch/foen/nfi/UnitOfReference/Prodreg/2>\n<https://environment.ld.admin.ch/foen/nfi/UnitOfReference/Prodreg/5>\n      }\n\n      OPTIONAL { ?iri schema:identifier ?identifier. }\nOPTIONAL { ?iri schema:color ?color. }\n    \n}\n\n\n\n"}],"timings":{"children":{"dataCubeByIri":{"children":{"measures":{"children":{"0":{"children":{"values":{"children":{},"start":1666286149281,"end":1666286149282},"hierarchy":{"children":{},"start":1666286149281,"end":1666286150751}}}}},"dimensions":{"children":{"0":{"children":{"values":{"children":{},"start":1666286149333,"end":1666286153872},"hierarchy":{"children":{},"start":1666286149333,"end":1666286154736}}},"1":{"children":{"hierarchy":{"children":{},"start":1666286149333,"end":1666286153236},"values":{"children":{},"start":1666286149333,"end":1666286153872}}},"2":{"children":{"hierarchy":{"children":{},"start":1666286149333,"end":1666286153452},"values":{"children":{},"start":1666286149333,"end":1666286153872}}},"3":{"children":{"hierarchy":{"children":{},"start":1666286149333,"end":1666286153446},"values":{"children":{},"start":1666286149333,"end":1666286153872}}},"4":{"children":{"hierarchy":{"children":{},"start":1666286149333,"end":1666286153372},"values":{"children":{},"start":1666286149333,"end":1666286153872}}},"5":{"children":{"values":{"children":{},"start":1666286149333,"end":1666286153872},"hierarchy":{"children":{},"start":1666286149333,"end":1666286154824}}},"6":{"children":{"hierarchy":{"children":{},"start":1666286149333,"end":1666286153301},"values":{"children":{},"start":1666286149333,"end":1666286153872}}}},"start":1666286149156,"end":1666286149333}},"start":1666286148864,"end":1666286149156}}}}}
