{"data":{"dataCubeByIri":{"iri":"https://environment.ld.admin.ch/foen/nfi/49-19-44/cube/1","identifier":"49-19-44","title":"NFI: forest area by production region and stand structure","description":"The National Forest Inventory (NFI) is a periodic survey of condition and development of the Swiss forest. It is produced in close cooperation between the Federal Office for the Environment (FOEN) and the Swiss Federal Institute for Forest and Snow and Landscape Research (WSL). This record contains information about: forest area","publisher":"Bundesamt für Umwelt BAFU","version":"1","workExamples":["https://ld.admin.ch/application/opendataswiss","https://ld.admin.ch/application/visualize","b3199_bnode5f65347a515f27285f41965f99735f817562db9b045f781","b3199_bnode5f65347a515f27285f41965f99735f817562db9b045f782"],"contactName":"Schweizerisches Landesforstinventar. Eidgenössische Forschungsanstalt WSL","contactEmail":"lfiweb@wsl.ch","landingPage":"https://www.lfi.ch","expires":null,"datePublished":"2022-08-31","dateModified":"2022-10-17","publicationStatus":"PUBLISHED","themes":[{"iri":"https://register.ld.admin.ch/opendataswiss/category/agriculture","label":"Agriculture, forestry","__typename":"DataCubeTheme"},{"iri":"https://register.ld.admin.ch/opendataswiss/category/territory","label":"Territory and environment","__typename":"DataCubeTheme"}],"creator":{"iri":"https://register.ld.admin.ch/opendataswiss/org/bundesamt-fur-umwelt-bafu","label":"Federal Office for the Environment FOEN","__typename":"DataCubeOrganization"},"__typename":"DataCube"}},"extensions":{"queries":[{"startTime":1666286149164,"endTime":1666286149347,"text":"#pragma describe.strategy cbd\n#pragma join.hash off\n\n\nPREFIX schema: <http://schema.org/>\n\nSELECT *\n\nWHERE {\n\n    graph   <https://lindas.admin.ch/sfa/opendataswiss> {\n      ?theme a schema:Organization ;\n      OPTIONAL {\n    ?theme schema:name ?name_en\n    FILTER (LANGMATCHES(LANG(?name_en), \"en\"))\n  }\nOPTIONAL {\n    ?theme schema:name ?name_de\n    FILTER (LANGMATCHES(LANG(?name_de), \"de\"))\n  }\nOPTIONAL {\n    ?theme schema:name ?name_fr\n    FILTER (LANGMATCHES(LANG(?name_fr), \"fr\"))\n  }\nOPTIONAL {\n    ?theme schema:name ?name_it\n    FILTER (LANGMATCHES(LANG(?name_it), \"it\"))\n  }\nOPTIONAL {\n    ?theme schema:name ?name_\n    FILTER ((LANG(?name_) = \"\"))\n  }\n  BIND(COALESCE(?name_en,?name_de,?name_fr,?name_it,?name_) as ?name)\n  \n    }\n}\n\n\n\n"},{"startTime":1666286149164,"endTime":1666286149347,"text":"#pragma describe.strategy cbd\n#pragma join.hash off\n\n\nPREFIX schema: <http://schema.org/>\n\nSELECT *\n\nWHERE {\n\n    graph   <https://lindas.admin.ch/sfa/opendataswiss> {\n      ?theme a schema:DefinedTerm ;\n        schema:inDefinedTermSet <https://register.ld.admin.ch/opendataswiss/category>; \n        OPTIONAL {\n    ?theme schema:name ?name_en\n    FILTER (LANGMATCHES(LANG(?name_en), \"en\"))\n  }\nOPTIONAL {\n    ?theme schema:name ?name_de\n    FILTER (LANGMATCHES(LANG(?name_de), \"de\"))\n  }\nOPTIONAL {\n    ?theme schema:name ?name_fr\n    FILTER (LANGMATCHES(LANG(?name_fr), \"fr\"))\n  }\nOPTIONAL {\n    ?theme schema:name ?name_it\n    FILTER (LANGMATCHES(LANG(?name_it), \"it\"))\n  }\nOPTIONAL {\n    ?theme schema:name ?name_\n    FILTER ((LANG(?name_) = \"\"))\n  }\n  BIND(COALESCE(?name_en,?name_de,?name_fr,?name_it,?name_) as ?name)\n  \n    }\n}\n\n\n\n"}],"timings":{"children":{"dataCubeByIri":{"children":{"creator":{"children":{"label":{"children":{},"start":1666286149163,"end":1666286149347}}},"themes":{"children":{"0":{"children":{"label":{"children":{},"start":1666286149163,"end":1666286149347}}},"1":{"children":{"label":{"children":{},"start":1666286149163,"end":1666286149347}}}}}},"start":1666286148866,"end":1666286149163}}}}}
