{"query":"query PossibleFilters($iri: String!, $sourceType: String!, $sourceUrl: String!, $filters: SingleFilters!) {\n  possibleFilters(\n    iri: $iri\n    sourceType: $sourceType\n    sourceUrl: $sourceUrl\n    filters: $filters\n  ) {\n    iri\n    type\n    value\n    __typename\n  }\n}\n","operationName":"PossibleFilters","variables":{"iri":"https://environment.ld.admin.ch/foen/ubd0104/11","sourceType":"sparql","sourceUrl":"https://int.lindas.admin.ch/query","filters":{"https://environment.ld.admin.ch/foen/ubd0104/location":{"type":"single","value":"https://ld.admin.ch/dimension/bgdi/inlandwaters/bathingwater/CH19007"},"https://environment.ld.admin.ch/foen/ubd0104/parametertype":{"type":"single","value":"E.coli"}},"filterKey":"https://environment.ld.admin.ch/foen/ubd0104/location, https://environment.ld.admin.ch/foen/ubd0104/parametertype"}}