{"data":{"dataCubeMetadata":{"iri":"https://environment.ld.admin.ch/foen/ubd0104/11","identifier":"ubd0104","title":"Bathing water quality (with Hierarchie)","description":"The assessment of bathing waters is made on the basis of hygienic quality using E.coli and intestinal enterococci. They provide indications on the effectiveness of water protection measures and in particular the extent to which waste water treatment plants are fulfilling their function.","version":"11","datePublished":"2021-10-14","dateModified":"2022-08-26T10:38:21.174Z","publicationStatus":"DRAFT","themes":[{"iri":"https://register.ld.admin.ch/opendataswiss/category/territory","label":"Territory and environment"}],"creator":{"iri":"https://register.ld.admin.ch/opendataswiss/org/bundesamt-fur-umwelt-bafu","label":"Federal Office for the Environment FOEN"},"versionHistory":"https://environment.ld.admin.ch/foen/ubd0104","contactPoint":{"email":"baqua@bafu.admin.ch","name":"Païvi Rinta, Sektion Hydr. Grundlagen Gewässerzustand"},"publisher":"bafu","landingPage":"https://www.bafu.admin.ch/bafu/de/home/themen/wasser/fachinformationen/zustand-der-gewaesser/zustand-der-fliessgewaesser/wasserqualitaet-der-fliessgewaesser/badegewaesserqualitaet.html","expires":"2022-11-30T15:00:45.327Z","workExamples":["https://ld.admin.ch/application/visualize","genid-8f38081eb02c4b8eab0995c01fcad601-6SBdT90neLDPhxGb279","genid-8f38081eb02c4b8eab0995c01fcad601-6SBdT90neLDPhxGb280"]}}}
