{"data":{"dataCubeComponents":{"dimensions":[{"__typename":"TemporalDimension","timeFormat":"%Y-%m-%d","timeUnit":"Day","cubeIri":"https://environment.ld.admin.ch/foen/ubd0104/11","iri":"https://environment.ld.admin.ch/foen/ubd0104/dateofprobing","label":"Date","scaleType":"Interval","dataType":"http://www.w3.org/2001/XMLSchema#date","isNumerical":false,"isKeyDimension":true,"values":[],"related":[],"hierarchy":null},{"__typename":"NominalDimension","cubeIri":"https://environment.ld.admin.ch/foen/ubd0104/11","iri":"https://environment.ld.admin.ch/foen/ubd0104/parametertype","label":"Parameter","scaleType":"Nominal","dataType":"http://www.w3.org/2001/XMLSchema#string","isNumerical":false,"isKeyDimension":true,"values":[],"related":[],"hierarchy":null},{"__typename":"GeoCoordinatesDimension","cubeIri":"https://environment.ld.admin.ch/foen/ubd0104/11","iri":"https://environment.ld.admin.ch/foen/ubd0104/location","label":"Observation Location","scaleType":"Nominal","isNumerical":false,"isKeyDimension":true,"values":[],"related":[],"hierarchy":null}],"measures":[{"__typename":"NumericalMeasure","isCurrency":false,"isDecimal":false,"resolution":0,"cubeIri":"https://environment.ld.admin.ch/foen/ubd0104/11","iri":"https://environment.ld.admin.ch/foen/ubd0104/value","label":"Concentration","unit":"CFU/100mL","scaleType":"Ratio","dataType":"http://www.w3.org/2001/XMLSchema#int","isNumerical":true,"isKeyDimension":false,"values":[],"related":[]}]}}}
