{"data":{"dataCubeComponents":{"dimensions":[{"__typename":"GeoCoordinatesDimension","cubeIri":"https://environment.ld.admin.ch/foen/ubd0104/11","iri":"https://environment.ld.admin.ch/foen/ubd0104/location","label":"Observation Location","scaleType":"Nominal","isNumerical":false,"isKeyDimension":true,"values":[{"value":"https://ld.admin.ch/dimension/bgdi/inlandwaters/bathingwater/CH10001","label":"Plage de Gumefens","identifier":"CH10001","geometry":"https://geo.ld.admin.ch/inlandwaters/bathingwater/geometry/CH10001","latitude":46.67528194,"longitude":7.087864556},{"value":"https://ld.admin.ch/dimension/bgdi/inlandwaters/bathingwater/CH10004","label":"Gemeinde Strandbad","identifier":"CH10004","geometry":"https://geo.ld.admin.ch/inlandwaters/bathingwater/geometry/CH10004","latitude":46.927942907,"longitude":7.110895567},{"value":"https://ld.admin.ch/dimension/bgdi/inlandwaters/bathingwater/CH10007","label":"Plage de Portalban","identifier":"CH10007","geometry":"https://geo.ld.admin.ch/inlandwaters/bathingwater/geometry/CH10007","latitude":46.922704502,"longitude":6.953375308},{"value":"https://ld.admin.ch/dimension/bgdi/inlandwaters/bathingwater/CH10009","label":"Nouvelle plage","identifier":"CH10009","geometry":"https://geo.ld.admin.ch/inlandwaters/bathingwater/geometry/CH10009","latitude":46.857082128,"longitude":6.848273984},{"value":"https://ld.admin.ch/dimension/bgdi/inlandwaters/bathingwater/CH1013","label":"Strandbad Maur","identifier":"CH1013","geometry":"https://geo.ld.admin.ch/inlandwaters/bathingwater/geometry/CH1013","latitude":47.345638231,"longitude":8.674673779},{"value":"https://ld.admin.ch/dimension/bgdi/inlandwaters/bathingwater/CH1016","label":"Strandbad Uster","identifier":"CH1016","geometry":"https://geo.ld.admin.ch/inlandwaters/bathingwater/geometry/CH1016","latitude":47.341413008,"longitude":8.691118332},{"value":"https://ld.admin.ch/dimension/bgdi/inlandwaters/bathingwater/CH1029","label":"Strandbad Baumen","identifier":"CH1029","geometry":"https://geo.ld.admin.ch/inlandwaters/bathingwater/geometry/CH1029","latitude":47.358341429,"longitude":8.785508266},{"value":"https://ld.admin.ch/dimension/bgdi/inlandwaters/bathingwater/CH1050","label":"Strandbad Küsnacht","identifier":"CH1050","geometry":"https://geo.ld.admin.ch/inlandwaters/bathingwater/geometry/CH1050","latitude":47.309256991,"longitude":8.582572616},{"value":"https://ld.admin.ch/dimension/bgdi/inlandwaters/bathingwater/CH1058","label":"Seebad Lattenberg","identifier":"CH1058","geometry":"https://geo.ld.admin.ch/inlandwaters/bathingwater/geometry/CH1058","latitude":47.23902712,"longitude":8.717116999},{"value":"https://ld.admin.ch/dimension/bgdi/inlandwaters/bathingwater/CH1061","label":"Strandbad Bürger","identifier":"CH1061","geometry":"https://geo.ld.admin.ch/inlandwaters/bathingwater/geometry/CH1061","latitude":47.289093477,"longitude":8.574869158},{"value":"https://ld.admin.ch/dimension/bgdi/inlandwaters/bathingwater/CH1065","label":"Strandbad Reitliau","identifier":"CH1065","geometry":"https://geo.ld.admin.ch/inlandwaters/bathingwater/geometry/CH1065","latitude":47.239186609,"longitude":8.660983979},{"value":"https://ld.admin.ch/dimension/bgdi/inlandwaters/bathingwater/CH11005","label":"Solothurn","identifier":"CH11005","geometry":"https://geo.ld.admin.ch/inlandwaters/bathingwater/geometry/CH11005","latitude":47.19739652,"longitude":7.523970892},{"value":"https://ld.admin.ch/dimension/bgdi/inlandwaters/bathingwater/CH14013","label":"Schaffhausen Rheinbad Rhybadi","identifier":"CH14013","geometry":"https://geo.ld.admin.ch/inlandwaters/bathingwater/geometry/CH14013","latitude":47.694473835,"longitude":8.639183272},{"value":"https://ld.admin.ch/dimension/bgdi/inlandwaters/bathingwater/CH14015","label":"Stein am Rhein Strandbad Niderfeld","identifier":"CH14015","geometry":"https://geo.ld.admin.ch/inlandwaters/bathingwater/geometry/CH14015","latitude":47.663528268,"longitude":8.849985236},{"value":"https://ld.admin.ch/dimension/bgdi/inlandwaters/bathingwater/CH17003","label":"Strandbad Rorschach, Bodensee","identifier":"CH17003","geometry":"https://geo.ld.admin.ch/inlandwaters/bathingwater/geometry/CH17003","latitude":47.479695249,"longitude":9.51139481},{"value":"https://ld.admin.ch/dimension/bgdi/inlandwaters/bathingwater/CH17028","label":"Strandbad Stampf, Zürichsee","identifier":"CH17028","geometry":"https://geo.ld.admin.ch/inlandwaters/bathingwater/geometry/CH17028","latitude":47.215729141,"longitude":8.842147865},{"value":"https://ld.admin.ch/dimension/bgdi/inlandwaters/bathingwater/CH17041","label":"Badestrand Lago Mio","identifier":"CH17041","geometry":"https://geo.ld.admin.ch/inlandwaters/bathingwater/geometry/CH17041","latitude":47.139256615,"longitude":9.119503848},{"value":"https://ld.admin.ch/dimension/bgdi/inlandwaters/bathingwater/CH19004","label":"Vor Badi","identifier":"CH19004","geometry":"https://geo.ld.admin.ch/inlandwaters/bathingwater/geometry/CH19004","latitude":47.271644193,"longitude":8.209101617},{"value":"https://ld.admin.ch/dimension/bgdi/inlandwaters/bathingwater/CH19006","label":"Badi Tennwil","identifier":"CH19006","geometry":"https://geo.ld.admin.ch/inlandwaters/bathingwater/geometry/CH19006","latitude":47.303908601,"longitude":8.217197233},{"value":"https://ld.admin.ch/dimension/bgdi/inlandwaters/bathingwater/CH19007","label":"Seerose","identifier":"CH19007","geometry":"https://geo.ld.admin.ch/inlandwaters/bathingwater/geometry/CH19007","latitude":47.284941376,"longitude":8.22470674},{"value":"https://ld.admin.ch/dimension/bgdi/inlandwaters/bathingwater/CH20004","label":"Schwimmbad Arbon","identifier":"CH20004","geometry":"https://geo.ld.admin.ch/inlandwaters/bathingwater/geometry/CH20004","latitude":47.519416895,"longitude":9.435648488},{"value":"https://ld.admin.ch/dimension/bgdi/inlandwaters/bathingwater/CH20006","label":"Strandbad Güttingen","identifier":"CH20006","geometry":"https://geo.ld.admin.ch/inlandwaters/bathingwater/geometry/CH20006","latitude":47.613574134,"longitude":9.291517134},{"value":"https://ld.admin.ch/dimension/bgdi/inlandwaters/bathingwater/CH20009","label":"Schwimmbad Hörnli","identifier":"CH20009","geometry":"https://geo.ld.admin.ch/inlandwaters/bathingwater/geometry/CH20009","latitude":47.646472599,"longitude":9.200814333},{"value":"https://ld.admin.ch/dimension/bgdi/inlandwaters/bathingwater/CH20013","label":"Schwimmbad Romanshorn","identifier":"CH20013","geometry":"https://geo.ld.admin.ch/inlandwaters/bathingwater/geometry/CH20013","latitude":47.5725794,"longitude":9.377825248},{"value":"https://ld.admin.ch/dimension/bgdi/inlandwaters/bathingwater/CH20025","label":"Rodenbrunen","identifier":"CH20025","geometry":"https://geo.ld.admin.ch/inlandwaters/bathingwater/geometry/CH20025","latitude":47.689251108,"longitude":8.755956429},{"value":"https://ld.admin.ch/dimension/bgdi/inlandwaters/bathingwater/CH20035","label":"Seebad","identifier":"CH20035","geometry":"https://geo.ld.admin.ch/inlandwaters/bathingwater/geometry/CH20035","latitude":47.670820072,"longitude":9.073774007},{"value":"https://ld.admin.ch/dimension/bgdi/inlandwaters/bathingwater/CH20041","label":"Strandbad Steckborn","identifier":"CH20041","geometry":"https://geo.ld.admin.ch/inlandwaters/bathingwater/geometry/CH20041","latitude":47.660070646,"longitude":8.971585456},{"value":"https://ld.admin.ch/dimension/bgdi/inlandwaters/bathingwater/CH21001","label":"Laghetto di Astano","identifier":"CH21001","geometry":"https://geo.ld.admin.ch/inlandwaters/bathingwater/geometry/CH21001","latitude":46.012763446,"longitude":8.807010286},{"value":"https://ld.admin.ch/dimension/bgdi/inlandwaters/bathingwater/CH21002","label":"Lido comunale Agno","identifier":"CH21002","geometry":"https://geo.ld.admin.ch/inlandwaters/bathingwater/geometry/CH21002","latitude":45.99217957,"longitude":8.899276015},{"value":"https://ld.admin.ch/dimension/bgdi/inlandwaters/bathingwater/CH21003","label":"Campeggio La Palma","identifier":"CH21003","geometry":"https://geo.ld.admin.ch/inlandwaters/bathingwater/geometry/CH21003","latitude":45.993820371,"longitude":8.905244756},{"value":"https://ld.admin.ch/dimension/bgdi/inlandwaters/bathingwater/CH21004","label":"Campeggio Molinazzo","identifier":"CH21004","geometry":"https://geo.ld.admin.ch/inlandwaters/bathingwater/geometry/CH21004","latitude":45.992861794,"longitude":8.902856865},{"value":"https://ld.admin.ch/dimension/bgdi/inlandwaters/bathingwater/CH21006","label":"Bagno pubblico Agno","identifier":"CH21006","geometry":"https://geo.ld.admin.ch/inlandwaters/bathingwater/geometry/CH21006","latitude":45.991724569,"longitude":8.901058041},{"value":"https://ld.admin.ch/dimension/bgdi/inlandwaters/bathingwater/CH21007","label":"Lido Càsoro","identifier":"CH21007","geometry":"https://geo.ld.admin.ch/inlandwaters/bathingwater/geometry/CH21007","latitude":45.952734511,"longitude":8.901524969},{"value":"https://ld.admin.ch/dimension/bgdi/inlandwaters/bathingwater/CH21009","label":"Albergo Zappa","identifier":"CH21009","geometry":"https://geo.ld.admin.ch/inlandwaters/bathingwater/geometry/CH21009","latitude":45.915260701,"longitude":8.920180559},{"value":"https://ld.admin.ch/dimension/bgdi/inlandwaters/bathingwater/CH21011","label":"Ristorante Lido Capolago","identifier":"CH21011","geometry":"https://geo.ld.admin.ch/inlandwaters/bathingwater/geometry/CH21011","latitude":45.905529761,"longitude":8.978775001},{"value":"https://ld.admin.ch/dimension/bgdi/inlandwaters/bathingwater/CH21012","label":"Bagno Spiaggia Caslano","identifier":"CH21012","geometry":"https://geo.ld.admin.ch/inlandwaters/bathingwater/geometry/CH21012","latitude":45.970893567,"longitude":8.887378849},{"value":"https://ld.admin.ch/dimension/bgdi/inlandwaters/bathingwater/CH21013","label":"Foce Magliasina","identifier":"CH21013","geometry":"https://geo.ld.admin.ch/inlandwaters/bathingwater/geometry/CH21013","latitude":45.972403256,"longitude":8.893096244},{"value":"https://ld.admin.ch/dimension/bgdi/inlandwaters/bathingwater/CH21014","label":"Albergo Elvezia al Lago","identifier":"CH21014","geometry":"https://geo.ld.admin.ch/inlandwaters/bathingwater/geometry/CH21014","latitude":46.003647249,"longitude":8.992914253},{"value":"https://ld.admin.ch/dimension/bgdi/inlandwaters/bathingwater/CH21015","label":"Albergo Villa Castagnola","identifier":"CH21015","geometry":"https://geo.ld.admin.ch/inlandwaters/bathingwater/geometry/CH21015","latitude":46.005192096,"longitude":8.968814193},{"value":"https://ld.admin.ch/dimension/bgdi/inlandwaters/bathingwater/CH21016","label":"Bagno Pubblico Riva Caccia","identifier":"CH21016","geometry":"https://geo.ld.admin.ch/inlandwaters/bathingwater/geometry/CH21016","latitude":45.995446311,"longitude":8.947629065},{"value":"https://ld.admin.ch/dimension/bgdi/inlandwaters/bathingwater/CH21018","label":"Hotel Lido Seegarten","identifier":"CH21018","geometry":"https://geo.ld.admin.ch/inlandwaters/bathingwater/geometry/CH21018","latitude":46.00522131,"longitude":8.967988694},{"value":"https://ld.admin.ch/dimension/bgdi/inlandwaters/bathingwater/CH21019","label":"Lido Bagno Spiaggia Lugano","identifier":"CH21019","geometry":"https://geo.ld.admin.ch/inlandwaters/bathingwater/geometry/CH21019","latitude":46.004231975,"longitude":8.96398444},{"value":"https://ld.admin.ch/dimension/bgdi/inlandwaters/bathingwater/CH21020","label":"Lido San Domenico","identifier":"CH21020","geometry":"https://geo.ld.admin.ch/inlandwaters/bathingwater/geometry/CH21020","latitude":46.00201118,"longitude":8.98954973},{"value":"https://ld.admin.ch/dimension/bgdi/inlandwaters/bathingwater/CH21021","label":"Spiaggia delle Cantine","identifier":"CH21021","geometry":"https://geo.ld.admin.ch/inlandwaters/bathingwater/geometry/CH21021","latitude":45.998331401,"longitude":9.014799927},{"value":"https://ld.admin.ch/dimension/bgdi/inlandwaters/bathingwater/CH21022","label":"Ostello della Gioventù","identifier":"CH21022","geometry":"https://geo.ld.admin.ch/inlandwaters/bathingwater/geometry/CH21022","latitude":45.987952623,"longitude":8.985330411},{"value":"https://ld.admin.ch/dimension/bgdi/inlandwaters/bathingwater/CH21023","label":"Bagno spiaggia Magliaso","identifier":"CH21023","geometry":"https://geo.ld.admin.ch/inlandwaters/bathingwater/geometry/CH21023","latitude":45.979943251,"longitude":8.895142203},{"value":"https://ld.admin.ch/dimension/bgdi/inlandwaters/bathingwater/CH21025","label":"Evangelisches Zentrum","identifier":"CH21025","geometry":"https://geo.ld.admin.ch/inlandwaters/bathingwater/geometry/CH21025","latitude":45.975634844,"longitude":8.895053265},{"value":"https://ld.admin.ch/dimension/bgdi/inlandwaters/bathingwater/CH21026","label":"Stiftung Zuercher Ferienkolonien","identifier":"CH21026","geometry":"https://geo.ld.admin.ch/inlandwaters/bathingwater/geometry/CH21026","latitude":45.980785026,"longitude":8.894751658},{"value":"https://ld.admin.ch/dimension/bgdi/inlandwaters/bathingwater/CH21027","label":"Lido Comunale Maroggia","identifier":"CH21027","geometry":"https://geo.ld.admin.ch/inlandwaters/bathingwater/geometry/CH21027","latitude":45.933319807,"longitude":8.967720165},{"value":"https://ld.admin.ch/dimension/bgdi/inlandwaters/bathingwater/CH21028","label":"Campeggio Paradiso","identifier":"CH21028","geometry":"https://geo.ld.admin.ch/inlandwaters/bathingwater/geometry/CH21028","latitude":45.923779637,"longitude":8.977844601},{"value":"https://ld.admin.ch/dimension/bgdi/inlandwaters/bathingwater/CH21029","label":"Campeggio Monte Generoso","identifier":"CH21029","geometry":"https://geo.ld.admin.ch/inlandwaters/bathingwater/geometry/CH21029","latitude":45.927481852,"longitude":8.975550641},{"value":"https://ld.admin.ch/dimension/bgdi/inlandwaters/bathingwater/CH21031","label":"Lido Comunale Melano","identifier":"CH21031","geometry":"https://geo.ld.admin.ch/inlandwaters/bathingwater/geometry/CH21031","latitude":45.920532492,"longitude":8.981066346},{"value":"https://ld.admin.ch/dimension/bgdi/inlandwaters/bathingwater/CH21033","label":"Albergo Battello","identifier":"CH21033","geometry":"https://geo.ld.admin.ch/inlandwaters/bathingwater/geometry/CH21033","latitude":45.950472528,"longitude":8.942725568},{"value":"https://ld.admin.ch/dimension/bgdi/inlandwaters/bathingwater/CH21034","label":"Albergo Del Lago","identifier":"CH21034","geometry":"https://geo.ld.admin.ch/inlandwaters/bathingwater/geometry/CH21034","latitude":45.951252074,"longitude":8.943636986},{"value":"https://ld.admin.ch/dimension/bgdi/inlandwaters/bathingwater/CH21035","label":"Albergo Riviera","identifier":"CH21035","geometry":"https://geo.ld.admin.ch/inlandwaters/bathingwater/geometry/CH21035","latitude":45.951415188,"longitude":8.944221902},{"value":"https://ld.admin.ch/dimension/bgdi/inlandwaters/bathingwater/CH21036","label":"Lido Comunale Melide","identifier":"CH21036","geometry":"https://geo.ld.admin.ch/inlandwaters/bathingwater/geometry/CH21036","latitude":45.952315966,"longitude":8.948838603},{"value":"https://ld.admin.ch/dimension/bgdi/inlandwaters/bathingwater/CH21040","label":"Hotel Ristorante Arbostora","identifier":"CH21040","geometry":"https://geo.ld.admin.ch/inlandwaters/bathingwater/geometry/CH21040","latitude":45.926947296,"longitude":8.907191781},{"value":"https://ld.admin.ch/dimension/bgdi/inlandwaters/bathingwater/CH21042","label":"Lido Ristorante al Porto","identifier":"CH21042","geometry":"https://geo.ld.admin.ch/inlandwaters/bathingwater/geometry/CH21042","latitude":45.930868208,"longitude":8.900424784},{"value":"https://ld.admin.ch/dimension/bgdi/inlandwaters/bathingwater/CH21043","label":"Campeggio Touring Club","identifier":"CH21043","geometry":"https://geo.ld.admin.ch/inlandwaters/bathingwater/geometry/CH21043","latitude":45.993531572,"longitude":8.908760956},{"value":"https://ld.admin.ch/dimension/bgdi/inlandwaters/bathingwater/CH21046","label":"Lido Comunale Conca d'Oro","identifier":"CH21046","geometry":"https://geo.ld.admin.ch/inlandwaters/bathingwater/geometry/CH21046","latitude":45.989478634,"longitude":8.955182991},{"value":"https://ld.admin.ch/dimension/bgdi/inlandwaters/bathingwater/CH21047","label":"Albergo Tresa Bay","identifier":"CH21047","geometry":"https://geo.ld.admin.ch/inlandwaters/bathingwater/geometry/CH21047","latitude":45.96964662,"longitude":8.861721469},{"value":"https://ld.admin.ch/dimension/bgdi/inlandwaters/bathingwater/CH21048","label":"Lido Comunale Riva S. Vitale","identifier":"CH21048","geometry":"https://geo.ld.admin.ch/inlandwaters/bathingwater/geometry/CH21048","latitude":45.907033822,"longitude":8.974718906},{"value":"https://ld.admin.ch/dimension/bgdi/inlandwaters/bathingwater/CH21049","label":"Swiss Diamond Hotel","identifier":"CH21049","geometry":"https://geo.ld.admin.ch/inlandwaters/bathingwater/geometry/CH21049","latitude":45.932433846,"longitude":8.929864563},{"value":"https://ld.admin.ch/dimension/bgdi/inlandwaters/bathingwater/CH21050","label":"Albergo Ascolago","identifier":"CH21050","geometry":"https://geo.ld.admin.ch/inlandwaters/bathingwater/geometry/CH21050","latitude":46.150816381,"longitude":8.771290418},{"value":"https://ld.admin.ch/dimension/bgdi/inlandwaters/bathingwater/CH21051","label":"Albergo Castello del Sole","identifier":"CH21051","geometry":"https://geo.ld.admin.ch/inlandwaters/bathingwater/geometry/CH21051","latitude":46.148149378,"longitude":8.795780922},{"value":"https://ld.admin.ch/dimension/bgdi/inlandwaters/bathingwater/CH21052","label":"Albergo Collinetta","identifier":"CH21052","geometry":"https://geo.ld.admin.ch/inlandwaters/bathingwater/geometry/CH21052","latitude":46.150743334,"longitude":8.74754744},{"value":"https://ld.admin.ch/dimension/bgdi/inlandwaters/bathingwater/CH21053","label":"Albergo Eden Roc","identifier":"CH21053","geometry":"https://geo.ld.admin.ch/inlandwaters/bathingwater/geometry/CH21053","latitude":46.149951378,"longitude":8.772162472},{"value":"https://ld.admin.ch/dimension/bgdi/inlandwaters/bathingwater/CH21054","label":"Bagno pubblico Ascona","identifier":"CH21054","geometry":"https://geo.ld.admin.ch/inlandwaters/bathingwater/geometry/CH21054","latitude":46.146678009,"longitude":8.77811437},{"value":"https://ld.admin.ch/dimension/bgdi/inlandwaters/bathingwater/CH21055","label":"Casa Moscia","identifier":"CH21055","geometry":"https://geo.ld.admin.ch/inlandwaters/bathingwater/geometry/CH21055","latitude":46.150828324,"longitude":8.747976666},{"value":"https://ld.admin.ch/dimension/bgdi/inlandwaters/bathingwater/CH21056","label":"Lido Patriziale Ascona","identifier":"CH21056","geometry":"https://geo.ld.admin.ch/inlandwaters/bathingwater/geometry/CH21056","latitude":46.145342393,"longitude":8.781485781},{"value":"https://ld.admin.ch/dimension/bgdi/inlandwaters/bathingwater/CH21058","label":"Hotel Yachtsport Resort","identifier":"CH21058","geometry":"https://geo.ld.admin.ch/inlandwaters/bathingwater/geometry/CH21058","latitude":46.123158767,"longitude":8.71459128},{"value":"https://ld.admin.ch/dimension/bgdi/inlandwaters/bathingwater/CH21059","label":"Lido comunale Brissago","identifier":"CH21059","geometry":"https://geo.ld.admin.ch/inlandwaters/bathingwater/geometry/CH21059","latitude":46.111599007,"longitude":8.705718766},{"value":"https://ld.admin.ch/dimension/bgdi/inlandwaters/bathingwater/CH21060","label":"Villa Caesar","identifier":"CH21060","geometry":"https://geo.ld.admin.ch/inlandwaters/bathingwater/geometry/CH21060","latitude":46.119954944,"longitude":8.713882402},{"value":"https://ld.admin.ch/dimension/bgdi/inlandwaters/bathingwater/CH21061","label":"Bagno Pubblico Caviano","identifier":"CH21061","geometry":"https://geo.ld.admin.ch/inlandwaters/bathingwater/geometry/CH21061","latitude":46.108189123,"longitude":8.763665383},{"value":"https://ld.admin.ch/dimension/bgdi/inlandwaters/bathingwater/CH21062","label":"Bagno Pubblico Riale di Gerra","identifier":"CH21062","geometry":"https://geo.ld.admin.ch/inlandwaters/bathingwater/geometry/CH21062","latitude":46.12389622,"longitude":8.782795109},{"value":"https://ld.admin.ch/dimension/bgdi/inlandwaters/bathingwater/CH21063","label":"Bagno Pubblico Scimiana","identifier":"CH21063","geometry":"https://geo.ld.admin.ch/inlandwaters/bathingwater/geometry/CH21063","latitude":46.121612857,"longitude":8.781884923},{"value":"https://ld.admin.ch/dimension/bgdi/inlandwaters/bathingwater/CH21064","label":"Bagno Pubblico Locarno","identifier":"CH21064","geometry":"https://geo.ld.admin.ch/inlandwaters/bathingwater/geometry/CH21064","latitude":46.157478155,"longitude":8.804816961},{"value":"https://ld.admin.ch/dimension/bgdi/inlandwaters/bathingwater/CH21065","label":"Campeggio Delta","identifier":"CH21065","geometry":"https://geo.ld.admin.ch/inlandwaters/bathingwater/geometry/CH21065","latitude":46.154982304,"longitude":8.804378975},{"value":"https://ld.admin.ch/dimension/bgdi/inlandwaters/bathingwater/CH21066","label":"Lido comunale Locarno","identifier":"CH21066","geometry":"https://geo.ld.admin.ch/inlandwaters/bathingwater/geometry/CH21066","latitude":46.162143239,"longitude":8.805917925},{"value":"https://ld.admin.ch/dimension/bgdi/inlandwaters/bathingwater/CH21067","label":"Bagno pubblico Magadino","identifier":"CH21067","geometry":"https://geo.ld.admin.ch/inlandwaters/bathingwater/geometry/CH21067","latitude":46.149498774,"longitude":8.855102289},{"value":"https://ld.admin.ch/dimension/bgdi/inlandwaters/bathingwater/CH21069","label":"Albergo La Rocca","identifier":"CH21069","geometry":"https://geo.ld.admin.ch/inlandwaters/bathingwater/geometry/CH21069","latitude":46.139267073,"longitude":8.725321936},{"value":"https://ld.admin.ch/dimension/bgdi/inlandwaters/bathingwater/CH21070","label":"Bagno Spiaggia Crodolo","identifier":"CH21070","geometry":"https://geo.ld.admin.ch/inlandwaters/bathingwater/geometry/CH21070","latitude":46.132785996,"longitude":8.719293974},{"value":"https://ld.admin.ch/dimension/bgdi/inlandwaters/bathingwater/CH21072","label":"Bagno pubblico San Nazzaro","identifier":"CH21072","geometry":"https://geo.ld.admin.ch/inlandwaters/bathingwater/geometry/CH21072","latitude":46.133211231,"longitude":8.803510244},{"value":"https://ld.admin.ch/dimension/bgdi/inlandwaters/bathingwater/CH21073","label":"Spiaggia pubblica Ranzo","identifier":"CH21073","geometry":"https://geo.ld.admin.ch/inlandwaters/bathingwater/geometry/CH21073","latitude":46.112555233,"longitude":8.769553808},{"value":"https://ld.admin.ch/dimension/bgdi/inlandwaters/bathingwater/CH21074","label":"Campeggio Campofelice","identifier":"CH21074","geometry":"https://geo.ld.admin.ch/inlandwaters/bathingwater/geometry/CH21074","latitude":46.165542784,"longitude":8.850611649},{"value":"https://ld.admin.ch/dimension/bgdi/inlandwaters/bathingwater/CH21075","label":"Campeggio Lago Maggiore","identifier":"CH21075","geometry":"https://geo.ld.admin.ch/inlandwaters/bathingwater/geometry/CH21075","latitude":46.167415639,"longitude":8.849054461},{"value":"https://ld.admin.ch/dimension/bgdi/inlandwaters/bathingwater/CH21076","label":"Campeggio Lido Mappo","identifier":"CH21076","geometry":"https://geo.ld.admin.ch/inlandwaters/bathingwater/geometry/CH21076","latitude":46.176284766,"longitude":8.840541855},{"value":"https://ld.admin.ch/dimension/bgdi/inlandwaters/bathingwater/CH21077","label":"Campeggio Miralago","identifier":"CH21077","geometry":"https://geo.ld.admin.ch/inlandwaters/bathingwater/geometry/CH21077","latitude":46.171845238,"longitude":8.844481092},{"value":"https://ld.admin.ch/dimension/bgdi/inlandwaters/bathingwater/CH21078","label":"Campeggio Rivabella","identifier":"CH21078","geometry":"https://geo.ld.admin.ch/inlandwaters/bathingwater/geometry/CH21078","latitude":46.171244369,"longitude":8.845048349},{"value":"https://ld.admin.ch/dimension/bgdi/inlandwaters/bathingwater/CH21079","label":"Campeggio Tamaro","identifier":"CH21079","geometry":"https://geo.ld.admin.ch/inlandwaters/bathingwater/geometry/CH21079","latitude":46.174036847,"longitude":8.841882714},{"value":"https://ld.admin.ch/dimension/bgdi/inlandwaters/bathingwater/CH21080","label":"Bagno pubblico Tenero","identifier":"CH21080","geometry":"https://geo.ld.admin.ch/inlandwaters/bathingwater/geometry/CH21080","latitude":46.166834448,"longitude":8.850204842},{"value":"https://ld.admin.ch/dimension/bgdi/inlandwaters/bathingwater/CH21081","label":"Centro Sportivo Tenero","identifier":"CH21081","geometry":"https://geo.ld.admin.ch/inlandwaters/bathingwater/geometry/CH21081","latitude":46.168451317,"longitude":8.848252495},{"value":"https://ld.admin.ch/dimension/bgdi/inlandwaters/bathingwater/CH21082","label":"Lido comunale Tenero","identifier":"CH21082","geometry":"https://geo.ld.admin.ch/inlandwaters/bathingwater/geometry/CH21082","latitude":46.172858895,"longitude":8.843276941},{"value":"https://ld.admin.ch/dimension/bgdi/inlandwaters/bathingwater/CH21083","label":"Albergo Viralago","identifier":"CH21083","geometry":"https://geo.ld.admin.ch/inlandwaters/bathingwater/geometry/CH21083","latitude":46.145019263,"longitude":8.843504644},{"value":"https://ld.admin.ch/dimension/bgdi/inlandwaters/bathingwater/CH21084","label":"Bagno pubblico Vira Gambarogno","identifier":"CH21084","geometry":"https://geo.ld.admin.ch/inlandwaters/bathingwater/geometry/CH21084","latitude":46.14330771,"longitude":8.837881895},{"value":"https://ld.admin.ch/dimension/bgdi/inlandwaters/bathingwater/CH21085","label":"Casa Vignascia","identifier":"CH21085","geometry":"https://geo.ld.admin.ch/inlandwaters/bathingwater/geometry/CH21085","latitude":46.140945962,"longitude":8.830974483},{"value":"https://ld.admin.ch/dimension/bgdi/inlandwaters/bathingwater/CH21086","label":"Lido comunale Bissone","identifier":"CH21086","geometry":"https://geo.ld.admin.ch/inlandwaters/bathingwater/geometry/CH21086","latitude":45.951274105,"longitude":8.963372155},{"value":"https://ld.admin.ch/dimension/bgdi/inlandwaters/bathingwater/CH21087","label":"Villa Patria","identifier":"CH21087","geometry":"https://geo.ld.admin.ch/inlandwaters/bathingwater/geometry/CH21087","latitude":45.923919535,"longitude":8.932133632},{"value":"https://ld.admin.ch/dimension/bgdi/inlandwaters/bathingwater/CH21088","label":"Spiaggetta di Arbedo","identifier":"CH21088","geometry":"https://geo.ld.admin.ch/inlandwaters/bathingwater/geometry/CH21088","latitude":46.218231186,"longitude":9.039468207},{"value":"https://ld.admin.ch/dimension/bgdi/inlandwaters/bathingwater/CH21090","label":"Sotto il ponte","identifier":"CH21090","geometry":"https://geo.ld.admin.ch/inlandwaters/bathingwater/geometry/CH21090","latitude":46.259912265,"longitude":8.836185},{"value":"https://ld.admin.ch/dimension/bgdi/inlandwaters/bathingwater/CH21092","label":"Zona dighetta","identifier":"CH21092","geometry":"https://geo.ld.admin.ch/inlandwaters/bathingwater/geometry/CH21092","latitude":46.196806915,"longitude":8.74912065},{"value":"https://ld.admin.ch/dimension/bgdi/inlandwaters/bathingwater/CH21093","label":"Pozzo Tegna","identifier":"CH21093","geometry":"https://geo.ld.admin.ch/inlandwaters/bathingwater/geometry/CH21093","latitude":46.185448992,"longitude":8.74945628},{"value":"https://ld.admin.ch/dimension/bgdi/inlandwaters/bathingwater/CH21094","label":"Meriggio","identifier":"CH21094","geometry":"https://geo.ld.admin.ch/inlandwaters/bathingwater/geometry/CH21094","latitude":46.179730123,"longitude":8.759226923},{"value":"https://ld.admin.ch/dimension/bgdi/inlandwaters/bathingwater/CH21095","label":"Spiaggia libera-Foce Cassarate","identifier":"CH21095","geometry":"https://geo.ld.admin.ch/inlandwaters/bathingwater/geometry/CH21095","latitude":46.001641967,"longitude":8.961239727},{"value":"https://ld.admin.ch/dimension/bgdi/inlandwaters/bathingwater/CH21096","label":"Spiaggia libera-Osteria la Riva","identifier":"CH21096","geometry":"https://geo.ld.admin.ch/inlandwaters/bathingwater/geometry/CH21096","latitude":46.173108824,"longitude":8.820101882},{"value":"https://ld.admin.ch/dimension/bgdi/inlandwaters/bathingwater/CH21097","label":"Spiaggia libera-Ristorante Giardino Lago","identifier":"CH21097","geometry":"https://geo.ld.admin.ch/inlandwaters/bathingwater/geometry/CH21097","latitude":46.175114579,"longitude":8.827483002},{"value":"https://ld.admin.ch/dimension/bgdi/inlandwaters/bathingwater/CH21098","label":"Zona Visletto","identifier":"CH21098","geometry":"https://geo.ld.admin.ch/inlandwaters/bathingwater/geometry/CH21098","latitude":46.305907824,"longitude":8.611715896},{"value":"https://ld.admin.ch/dimension/bgdi/inlandwaters/bathingwater/CH21099","label":"Zona Coop","identifier":"CH21099","geometry":"https://geo.ld.admin.ch/inlandwaters/bathingwater/geometry/CH21099","latitude":46.243731086,"longitude":8.704411838},{"value":"https://ld.admin.ch/dimension/bgdi/inlandwaters/bathingwater/CH21100","label":"Zona Loderio Grotti","identifier":"CH21100","geometry":"https://geo.ld.admin.ch/inlandwaters/bathingwater/geometry/CH21100","latitude":46.38074103,"longitude":8.974680946},{"value":"https://ld.admin.ch/dimension/bgdi/inlandwaters/bathingwater/CH21101","label":"Zona cascata Piumogna","identifier":"CH21101","geometry":"https://geo.ld.admin.ch/inlandwaters/bathingwater/geometry/CH21101","latitude":46.476757243,"longitude":8.79557086},{"value":"https://ld.admin.ch/dimension/bgdi/inlandwaters/bathingwater/CH21102","label":"Pozzo Osogna","identifier":"CH21102","geometry":"https://geo.ld.admin.ch/inlandwaters/bathingwater/geometry/CH21102","latitude":46.313544455,"longitude":8.988194577},{"value":"https://ld.admin.ch/dimension/bgdi/inlandwaters/bathingwater/CH22006","label":"La Pichette","identifier":"CH22006","geometry":"https://geo.ld.admin.ch/inlandwaters/bathingwater/geometry/CH22006","latitude":46.469619872,"longitude":6.828416909},{"value":"https://ld.admin.ch/dimension/bgdi/inlandwaters/bathingwater/CH22008","label":"Corseaux","identifier":"CH22008","geometry":"https://geo.ld.admin.ch/inlandwaters/bathingwater/geometry/CH22008","latitude":46.467478474,"longitude":6.83169588},{"value":"https://ld.admin.ch/dimension/bgdi/inlandwaters/bathingwater/CH22009","label":"La Crottaz","identifier":"CH22009","geometry":"https://geo.ld.admin.ch/inlandwaters/bathingwater/geometry/CH22009","latitude":46.467876927,"longitude":6.822187286},{"value":"https://ld.admin.ch/dimension/bgdi/inlandwaters/bathingwater/CH22011","label":"Bain des Dames","identifier":"CH22011","geometry":"https://geo.ld.admin.ch/inlandwaters/bathingwater/geometry/CH22011","latitude":46.489239361,"longitude":6.736632927},{"value":"https://ld.admin.ch/dimension/bgdi/inlandwaters/bathingwater/CH22016","label":"Gland/La Falaise","identifier":"CH22016","geometry":"https://geo.ld.admin.ch/inlandwaters/bathingwater/geometry/CH22016","latitude":46.418570675,"longitude":6.29007255},{"value":"https://ld.admin.ch/dimension/bgdi/inlandwaters/bathingwater/CH22022","label":"La Maladaire","identifier":"CH22022","geometry":"https://geo.ld.admin.ch/inlandwaters/bathingwater/geometry/CH22022","latitude":46.446296669,"longitude":6.875921233},{"value":"https://ld.admin.ch/dimension/bgdi/inlandwaters/bathingwater/CH22023","label":"Bellerive","identifier":"CH22023","geometry":"https://geo.ld.admin.ch/inlandwaters/bathingwater/geometry/CH22023","latitude":46.509553712,"longitude":6.613890919},{"value":"https://ld.admin.ch/dimension/bgdi/inlandwaters/bathingwater/CH22024","label":"Le Flon","identifier":"CH22024","geometry":"https://geo.ld.admin.ch/inlandwaters/bathingwater/geometry/CH22024","latitude":46.511707002,"longitude":6.600827843},{"value":"https://ld.admin.ch/dimension/bgdi/inlandwaters/bathingwater/CH22025","label":"Le Parc Bourget","identifier":"CH22025","geometry":"https://geo.ld.admin.ch/inlandwaters/bathingwater/geometry/CH22025","latitude":46.517476335,"longitude":6.590313122},{"value":"https://ld.admin.ch/dimension/bgdi/inlandwaters/bathingwater/CH22026","label":"La Vaudaire","identifier":"CH22026","geometry":"https://geo.ld.admin.ch/inlandwaters/bathingwater/geometry/CH22026","latitude":46.516158177,"longitude":6.59450383},{"value":"https://ld.admin.ch/dimension/bgdi/inlandwaters/bathingwater/CH22029","label":"Curtinaux","identifier":"CH22029","geometry":"https://geo.ld.admin.ch/inlandwaters/bathingwater/geometry/CH22029","latitude":46.498851223,"longitude":6.692216476},{"value":"https://ld.admin.ch/dimension/bgdi/inlandwaters/bathingwater/CH22034","label":"Le Pierrier","identifier":"CH22034","geometry":"https://geo.ld.admin.ch/inlandwaters/bathingwater/geometry/CH22034","latitude":46.439173106,"longitude":6.890829432},{"value":"https://ld.admin.ch/dimension/bgdi/inlandwaters/bathingwater/CH22035","label":"Le Basset","identifier":"CH22035","geometry":"https://geo.ld.admin.ch/inlandwaters/bathingwater/geometry/CH22035","latitude":46.441295231,"longitude":6.88326047},{"value":"https://ld.admin.ch/dimension/bgdi/inlandwaters/bathingwater/CH22038","label":"Camping","identifier":"CH22038","geometry":"https://geo.ld.admin.ch/inlandwaters/bathingwater/geometry/CH22038","latitude":46.394760853,"longitude":6.896479405},{"value":"https://ld.admin.ch/dimension/bgdi/inlandwaters/bathingwater/CH22040","label":"Les Trois Jetées","identifier":"CH22040","geometry":"https://geo.ld.admin.ch/inlandwaters/bathingwater/geometry/CH22040","latitude":46.376178827,"longitude":6.236377246},{"value":"https://ld.admin.ch/dimension/bgdi/inlandwaters/bathingwater/CH22045","label":"Centre","identifier":"CH22045","geometry":"https://geo.ld.admin.ch/inlandwaters/bathingwater/geometry/CH22045","latitude":46.512922702,"longitude":6.525231514},{"value":"https://ld.admin.ch/dimension/bgdi/inlandwaters/bathingwater/CH22051","label":"A.B.C.","identifier":"CH22051","geometry":"https://geo.ld.admin.ch/inlandwaters/bathingwater/geometry/CH22051","latitude":46.460999687,"longitude":6.350359866},{"value":"https://ld.admin.ch/dimension/bgdi/inlandwaters/bathingwater/CH22054","label":"Coulet","identifier":"CH22054","geometry":"https://geo.ld.admin.ch/inlandwaters/bathingwater/geometry/CH22054","latitude":46.474510547,"longitude":6.450355211},{"value":"https://ld.admin.ch/dimension/bgdi/inlandwaters/bathingwater/CH22056","label":"Le Laviau","identifier":"CH22056","geometry":"https://geo.ld.admin.ch/inlandwaters/bathingwater/geometry/CH22056","latitude":46.50768137,"longitude":6.544864137},{"value":"https://ld.admin.ch/dimension/bgdi/inlandwaters/bathingwater/CH22058","label":"Dorigny","identifier":"CH22058","geometry":"https://geo.ld.admin.ch/inlandwaters/bathingwater/geometry/CH22058","latitude":46.517432335,"longitude":6.584449573},{"value":"https://ld.admin.ch/dimension/bgdi/inlandwaters/bathingwater/CH22061","label":"Centre nautique et balnéaire","identifier":"CH22061","geometry":"https://geo.ld.admin.ch/inlandwaters/bathingwater/geometry/CH22061","latitude":46.464162725,"longitude":6.834076406},{"value":"https://ld.admin.ch/dimension/bgdi/inlandwaters/bathingwater/CH22062","label":"Parc de l'Arabie","identifier":"CH22062","geometry":"https://geo.ld.admin.ch/inlandwaters/bathingwater/geometry/CH22062","latitude":46.461376945,"longitude":6.834628252},{"value":"https://ld.admin.ch/dimension/bgdi/inlandwaters/bathingwater/CH22063","label":"Chillon","identifier":"CH22063","geometry":"https://geo.ld.admin.ch/inlandwaters/bathingwater/geometry/CH22063","latitude":46.414873624,"longitude":6.926973343},{"value":"https://ld.admin.ch/dimension/bgdi/inlandwaters/bathingwater/CH22064","label":"Les Marines","identifier":"CH22064","geometry":"https://geo.ld.admin.ch/inlandwaters/bathingwater/geometry/CH22064","latitude":46.403448836,"longitude":6.926951286},{"value":"https://ld.admin.ch/dimension/bgdi/inlandwaters/bathingwater/CH22065","label":"Chaufour","identifier":"CH22065","geometry":"https://geo.ld.admin.ch/inlandwaters/bathingwater/geometry/CH22065","latitude":46.401640319,"longitude":6.924887847},{"value":"https://ld.admin.ch/dimension/bgdi/inlandwaters/bathingwater/CH22067","label":"Le Pont","identifier":"CH22067","geometry":"https://geo.ld.admin.ch/inlandwaters/bathingwater/geometry/CH22067","latitude":46.663203497,"longitude":6.327985062},{"value":"https://ld.admin.ch/dimension/bgdi/inlandwaters/bathingwater/CH22071","label":"Bellevue","identifier":"CH22071","geometry":"https://geo.ld.admin.ch/inlandwaters/bathingwater/geometry/CH22071","latitude":46.622849183,"longitude":6.25177505},{"value":"https://ld.admin.ch/dimension/bgdi/inlandwaters/bathingwater/CH22075","label":"Camping VD 8","identifier":"CH22075","geometry":"https://geo.ld.admin.ch/inlandwaters/bathingwater/geometry/CH22075","latitude":46.803954591,"longitude":6.714182496},{"value":"https://ld.admin.ch/dimension/bgdi/inlandwaters/bathingwater/CH22076","label":"Chevroux","identifier":"CH22076","geometry":"https://geo.ld.admin.ch/inlandwaters/bathingwater/geometry/CH22076","latitude":46.892243567,"longitude":6.900637908},{"value":"https://ld.admin.ch/dimension/bgdi/inlandwaters/bathingwater/CH22080","label":"Cudrefin","identifier":"CH22080","geometry":"https://geo.ld.admin.ch/inlandwaters/bathingwater/geometry/CH22080","latitude":46.957493979,"longitude":7.01559666},{"value":"https://ld.admin.ch/dimension/bgdi/inlandwaters/bathingwater/CH22082","label":"Corcelettes - les Pins","identifier":"CH22082","geometry":"https://geo.ld.admin.ch/inlandwaters/bathingwater/geometry/CH22082","latitude":46.819880255,"longitude":6.673343303},{"value":"https://ld.admin.ch/dimension/bgdi/inlandwaters/bathingwater/CH22088","label":"Clendy","identifier":"CH22088","geometry":"https://geo.ld.admin.ch/inlandwaters/bathingwater/geometry/CH22088","latitude":46.784661987,"longitude":6.653545328},{"value":"https://ld.admin.ch/dimension/bgdi/inlandwaters/bathingwater/CH22092","label":"Le Port","identifier":"CH22092","geometry":"https://geo.ld.admin.ch/inlandwaters/bathingwater/geometry/CH22092","latitude":46.80675188,"longitude":6.729866542},{"value":"https://ld.admin.ch/dimension/bgdi/inlandwaters/bathingwater/CH22093","label":"Avenches","identifier":"CH22093","geometry":"https://geo.ld.admin.ch/inlandwaters/bathingwater/geometry/CH22093","latitude":46.904553229,"longitude":7.052764164},{"value":"https://ld.admin.ch/dimension/bgdi/inlandwaters/bathingwater/CH24001","label":"Aare Marzili","identifier":"CH24001","geometry":"https://geo.ld.admin.ch/inlandwaters/bathingwater/geometry/CH24001","latitude":46.942528227,"longitude":7.445120782},{"value":"https://ld.admin.ch/dimension/bgdi/inlandwaters/bathingwater/CH24002","label":"Aare Lorraine","identifier":"CH24002","geometry":"https://geo.ld.admin.ch/inlandwaters/bathingwater/geometry/CH24002","latitude":46.957937069,"longitude":7.441877335},{"value":"https://ld.admin.ch/dimension/bgdi/inlandwaters/bathingwater/CH25001","label":"Hermance plage côté embouchure","identifier":"CH25001","geometry":"https://geo.ld.admin.ch/inlandwaters/bathingwater/geometry/CH25001","latitude":46.304248063,"longitude":6.241254444},{"value":"https://ld.admin.ch/dimension/bgdi/inlandwaters/bathingwater/CH25002","label":"Hermance plage","identifier":"CH25002","geometry":"https://geo.ld.admin.ch/inlandwaters/bathingwater/geometry/CH25002","latitude":46.303604635,"longitude":6.240814296},{"value":"https://ld.admin.ch/dimension/bgdi/inlandwaters/bathingwater/CH25003","label":"Anière plage","identifier":"CH25003","geometry":"https://geo.ld.admin.ch/inlandwaters/bathingwater/geometry/CH25003","latitude":46.282450751,"longitude":6.225385141},{"value":"https://ld.admin.ch/dimension/bgdi/inlandwaters/bathingwater/CH25004","label":"Anière aval débarcadère","identifier":"CH25004","geometry":"https://geo.ld.admin.ch/inlandwaters/bathingwater/geometry/CH25004","latitude":46.278391456,"longitude":6.221038315},{"value":"https://ld.admin.ch/dimension/bgdi/inlandwaters/bathingwater/CH25005","label":"Corsier port","identifier":"CH25005","geometry":"https://geo.ld.admin.ch/inlandwaters/bathingwater/geometry/CH25005","latitude":46.266878312,"longitude":6.211307596},{"value":"https://ld.admin.ch/dimension/bgdi/inlandwaters/bathingwater/CH25007","label":"Savonnière aval","identifier":"CH25007","geometry":"https://geo.ld.admin.ch/inlandwaters/bathingwater/geometry/CH25007","latitude":46.2644063,"longitude":6.199961181},{"value":"https://ld.admin.ch/dimension/bgdi/inlandwaters/bathingwater/CH25008","label":"Parc de la Nymphe","identifier":"CH25008","geometry":"https://geo.ld.admin.ch/inlandwaters/bathingwater/geometry/CH25008","latitude":46.259249416,"longitude":6.195707637},{"value":"https://ld.admin.ch/dimension/bgdi/inlandwaters/bathingwater/CH25009","label":"Port-Bleu","identifier":"CH25009","geometry":"https://geo.ld.admin.ch/inlandwaters/bathingwater/geometry/CH25009","latitude":46.255853497,"longitude":6.194514271},{"value":"https://ld.admin.ch/dimension/bgdi/inlandwaters/bathingwater/CH25010","label":"Bellerive débarcadère","identifier":"CH25010","geometry":"https://geo.ld.admin.ch/inlandwaters/bathingwater/geometry/CH25010","latitude":46.252832902,"longitude":6.193091978},{"value":"https://ld.admin.ch/dimension/bgdi/inlandwaters/bathingwater/CH25011","label":"Pointe à la Bise aval","identifier":"CH25011","geometry":"https://geo.ld.admin.ch/inlandwaters/bathingwater/geometry/CH25011","latitude":46.245448108,"longitude":6.191601398},{"value":"https://ld.admin.ch/dimension/bgdi/inlandwaters/bathingwater/CH25012","label":"Belotte","identifier":"CH25012","geometry":"https://geo.ld.admin.ch/inlandwaters/bathingwater/geometry/CH25012","latitude":46.235388563,"longitude":6.191495085},{"value":"https://ld.admin.ch/dimension/bgdi/inlandwaters/bathingwater/CH25014","label":"Aval Tour Carrée","identifier":"CH25014","geometry":"https://geo.ld.admin.ch/inlandwaters/bathingwater/geometry/CH25014","latitude":46.225533879,"longitude":6.183088025},{"value":"https://ld.admin.ch/dimension/bgdi/inlandwaters/bathingwater/CH25015","label":"Port Tunnel","identifier":"CH25015","geometry":"https://geo.ld.admin.ch/inlandwaters/bathingwater/geometry/CH25015","latitude":46.219772293,"longitude":6.178723501},{"value":"https://ld.admin.ch/dimension/bgdi/inlandwaters/bathingwater/CH25016","label":"Genève-plage","identifier":"CH25016","geometry":"https://geo.ld.admin.ch/inlandwaters/bathingwater/geometry/CH25016","latitude":46.214404397,"longitude":6.173378744},{"value":"https://ld.admin.ch/dimension/bgdi/inlandwaters/bathingwater/CH25017","label":"Baby-plage","identifier":"CH25017","geometry":"https://geo.ld.admin.ch/inlandwaters/bathingwater/geometry/CH25017","latitude":46.208684703,"longitude":6.163987186},{"value":"https://ld.admin.ch/dimension/bgdi/inlandwaters/bathingwater/CH25018","label":"Bains des Pâquis","identifier":"CH25018","geometry":"https://geo.ld.admin.ch/inlandwaters/bathingwater/geometry/CH25018","latitude":46.21041026,"longitude":6.154305165},{"value":"https://ld.admin.ch/dimension/bgdi/inlandwaters/bathingwater/CH25019","label":"ONU plage","identifier":"CH25019","geometry":"https://geo.ld.admin.ch/inlandwaters/bathingwater/geometry/CH25019","latitude":46.226509665,"longitude":6.149141515},{"value":"https://ld.admin.ch/dimension/bgdi/inlandwaters/bathingwater/CH25020","label":"Reposoir","identifier":"CH25020","geometry":"https://geo.ld.admin.ch/inlandwaters/bathingwater/geometry/CH25020","latitude":46.230120298,"longitude":6.150183727},{"value":"https://ld.admin.ch/dimension/bgdi/inlandwaters/bathingwater/CH25021","label":"Chambésy plage","identifier":"CH25021","geometry":"https://geo.ld.admin.ch/inlandwaters/bathingwater/geometry/CH25021","latitude":46.242532057,"longitude":6.153001526},{"value":"https://ld.admin.ch/dimension/bgdi/inlandwaters/bathingwater/CH25022","label":"Vengeron (aval)","identifier":"CH25022","geometry":"https://geo.ld.admin.ch/inlandwaters/bathingwater/geometry/CH25022","latitude":46.245344363,"longitude":6.153466667},{"value":"https://ld.admin.ch/dimension/bgdi/inlandwaters/bathingwater/CH25023","label":"Vengeron (centre)","identifier":"CH25023","geometry":"https://geo.ld.admin.ch/inlandwaters/bathingwater/geometry/CH25023","latitude":46.246489013,"longitude":6.153647083},{"value":"https://ld.admin.ch/dimension/bgdi/inlandwaters/bathingwater/CH25024","label":"Bellevue Port Gitana","identifier":"CH25024","geometry":"https://geo.ld.admin.ch/inlandwaters/bathingwater/geometry/CH25024","latitude":46.253407781,"longitude":6.154456181},{"value":"https://ld.admin.ch/dimension/bgdi/inlandwaters/bathingwater/CH25025","label":"Bains de Saugy","identifier":"CH25025","geometry":"https://geo.ld.admin.ch/inlandwaters/bathingwater/geometry/CH25025","latitude":46.259947358,"longitude":6.159113833},{"value":"https://ld.admin.ch/dimension/bgdi/inlandwaters/bathingwater/CH25026","label":"Creux-de-Genthod aval","identifier":"CH25026","geometry":"https://geo.ld.admin.ch/inlandwaters/bathingwater/geometry/CH25026","latitude":46.263483922,"longitude":6.163959811},{"value":"https://ld.admin.ch/dimension/bgdi/inlandwaters/bathingwater/CH25027","label":"La Bécassine","identifier":"CH25027","geometry":"https://geo.ld.admin.ch/inlandwaters/bathingwater/geometry/CH25027","latitude":46.273911881,"longitude":6.171214213},{"value":"https://ld.admin.ch/dimension/bgdi/inlandwaters/bathingwater/CH25029","label":"Versoix plage","identifier":"CH25029","geometry":"https://geo.ld.admin.ch/inlandwaters/bathingwater/geometry/CH25029","latitude":46.289169668,"longitude":6.17114363},{"value":"https://ld.admin.ch/dimension/bgdi/inlandwaters/bathingwater/CH25030","label":"Céligny plage","identifier":"CH25030","geometry":"https://geo.ld.admin.ch/inlandwaters/bathingwater/geometry/CH25030","latitude":46.348441745,"longitude":6.208734643},{"value":"https://ld.admin.ch/dimension/bgdi/inlandwaters/bathingwater/CH25031","label":"Rhône pont Sous-Terre RG","identifier":"CH25031","geometry":"https://geo.ld.admin.ch/inlandwaters/bathingwater/geometry/CH25031","latitude":46.202738263,"longitude":6.131007642},{"value":"https://ld.admin.ch/dimension/bgdi/inlandwaters/bathingwater/CH25033","label":"Perle du lac","identifier":"CH25033","geometry":"https://geo.ld.admin.ch/inlandwaters/bathingwater/geometry/CH25033","latitude":46.220042515,"longitude":6.153222196},{"value":"https://ld.admin.ch/dimension/bgdi/inlandwaters/bathingwater/CH25034","label":"Rhône Pont-sous-Terre RD","identifier":"CH25034","geometry":"https://geo.ld.admin.ch/inlandwaters/bathingwater/geometry/CH25034","latitude":46.203643539,"longitude":6.130713769},{"value":"https://ld.admin.ch/dimension/bgdi/inlandwaters/bathingwater/CH25035","label":"Etang de la Plaine","identifier":"CH25035","geometry":"https://geo.ld.admin.ch/inlandwaters/bathingwater/geometry/CH25035","latitude":46.177865991,"longitude":5.99348901},{"value":"https://ld.admin.ch/dimension/bgdi/inlandwaters/bathingwater/CH25036","label":"Plage des Eaux-Vives","identifier":"CH25036","geometry":"https://geo.ld.admin.ch/inlandwaters/bathingwater/geometry/CH25036","latitude":46.210766507,"longitude":6.165895229},{"value":"https://ld.admin.ch/dimension/bgdi/inlandwaters/bathingwater/CH3001","label":"Strandbad-Lido, Weggis","identifier":"CH3001","geometry":"https://geo.ld.admin.ch/inlandwaters/bathingwater/geometry/CH3001","latitude":47.028835414,"longitude":8.42016405},{"value":"https://ld.admin.ch/dimension/bgdi/inlandwaters/bathingwater/CH3004","label":"Ufschötti, Luzern","identifier":"CH3004","geometry":"https://geo.ld.admin.ch/inlandwaters/bathingwater/geometry/CH3004","latitude":47.046540203,"longitude":8.321402997},{"value":"https://ld.admin.ch/dimension/bgdi/inlandwaters/bathingwater/CH4010","label":"Badeplatz Mississippi (Ufer 1)","identifier":"CH4010","geometry":"https://geo.ld.admin.ch/inlandwaters/bathingwater/geometry/CH4010","latitude":46.897441228,"longitude":8.607936818},{"value":"https://ld.admin.ch/dimension/bgdi/inlandwaters/bathingwater/CH5002","label":"Lido Brunnen, SZ/02","identifier":"CH5002","geometry":"https://geo.ld.admin.ch/inlandwaters/bathingwater/geometry/CH5002","latitude":46.995148312,"longitude":8.598231433},{"value":"https://ld.admin.ch/dimension/bgdi/inlandwaters/bathingwater/CH6001","label":"Badeplatz Alpnachstad","identifier":"CH6001","geometry":"https://geo.ld.admin.ch/inlandwaters/bathingwater/geometry/CH6001","latitude":46.954137223,"longitude":8.283139098},{"value":"https://ld.admin.ch/dimension/bgdi/inlandwaters/bathingwater/CH7005","label":"https://ld.admin.ch/dimension/bgdi/inlandwaters/bathingwater/CH7005"},{"value":"https://ld.admin.ch/dimension/bgdi/inlandwaters/bathingwater/CH9001","label":"Strandbad Seeliken","identifier":"CH9001","geometry":"https://geo.ld.admin.ch/inlandwaters/bathingwater/geometry/CH9001","latitude":47.16429329,"longitude":8.512601415},{"value":"https://ld.admin.ch/dimension/bgdi/inlandwaters/bathingwater/CH9002","label":"Strandbad Brüggli","identifier":"CH9002","geometry":"https://geo.ld.admin.ch/inlandwaters/bathingwater/geometry/CH9002","latitude":47.176507553,"longitude":8.495300261},{"value":"https://ld.admin.ch/dimension/bgdi/inlandwaters/bathingwater/CH9003","label":"Camping Unterägeri","identifier":"CH9003","geometry":"https://geo.ld.admin.ch/inlandwaters/bathingwater/geometry/CH9003","latitude":47.127836346,"longitude":8.598468461},{"value":"https://ld.admin.ch/dimension/bgdi/inlandwaters/bathingwater/CH9004","label":"Strandbad Lido","identifier":"CH9004","geometry":"https://geo.ld.admin.ch/inlandwaters/bathingwater/geometry/CH9004","latitude":47.132912643,"longitude":8.610626962}],"related":[],"hierarchy":[{"label":"BAQUA_AG","value":"https://ld.admin.ch/cube/dimension/baqua/ag","children":[{"label":"Vor Badi","value":"https://ld.admin.ch/dimension/bgdi/inlandwaters/bathingwater/CH19004","children":[],"identifier":"CH19004","depth":1,"dimensionIri":"https://environment.ld.admin.ch/foen/ubd0104/location","hasValue":true},{"label":"Badi Tennwil","value":"https://ld.admin.ch/dimension/bgdi/inlandwaters/bathingwater/CH19006","children":[],"identifier":"CH19006","depth":1,"dimensionIri":"https://environment.ld.admin.ch/foen/ubd0104/location","hasValue":true},{"label":"Seerose","value":"https://ld.admin.ch/dimension/bgdi/inlandwaters/bathingwater/CH19007","children":[],"identifier":"CH19007","depth":1,"dimensionIri":"https://environment.ld.admin.ch/foen/ubd0104/location","hasValue":true}],"identifier":"BAQUA_AG","depth":0,"dimensionIri":"https://environment.ld.admin.ch/foen/ubd0104/location","hasValue":false,"hierarchyName":"BAQUA Network - Station"},{"label":"BAQUA_BE","value":"https://ld.admin.ch/cube/dimension/baqua/be","children":[{"label":"Aare Marzili","value":"https://ld.admin.ch/dimension/bgdi/inlandwaters/bathingwater/CH24001","children":[],"identifier":"CH24001","depth":1,"dimensionIri":"https://environment.ld.admin.ch/foen/ubd0104/location","hasValue":true},{"label":"Aare Lorraine","value":"https://ld.admin.ch/dimension/bgdi/inlandwaters/bathingwater/CH24002","children":[],"identifier":"CH24002","depth":1,"dimensionIri":"https://environment.ld.admin.ch/foen/ubd0104/location","hasValue":true}],"identifier":"BAQUA_BE","depth":0,"dimensionIri":"https://environment.ld.admin.ch/foen/ubd0104/location","hasValue":false},{"label":"BAQUA_FR","value":"https://ld.admin.ch/cube/dimension/baqua/fr","children":[{"label":"Plage de Gumefens","value":"https://ld.admin.ch/dimension/bgdi/inlandwaters/bathingwater/CH10001","children":[],"identifier":"CH10001","depth":1,"dimensionIri":"https://environment.ld.admin.ch/foen/ubd0104/location","hasValue":true},{"label":"Gemeinde Strandbad","value":"https://ld.admin.ch/dimension/bgdi/inlandwaters/bathingwater/CH10004","children":[],"identifier":"CH10004","depth":1,"dimensionIri":"https://environment.ld.admin.ch/foen/ubd0104/location","hasValue":true},{"label":"Plage de Portalban","value":"https://ld.admin.ch/dimension/bgdi/inlandwaters/bathingwater/CH10007","children":[],"identifier":"CH10007","depth":1,"dimensionIri":"https://environment.ld.admin.ch/foen/ubd0104/location","hasValue":true},{"label":"Nouvelle plage","value":"https://ld.admin.ch/dimension/bgdi/inlandwaters/bathingwater/CH10009","children":[],"identifier":"CH10009","depth":1,"dimensionIri":"https://environment.ld.admin.ch/foen/ubd0104/location","hasValue":true}],"identifier":"BAQUA_FR","depth":0,"dimensionIri":"https://environment.ld.admin.ch/foen/ubd0104/location","hasValue":false},{"label":"BAQUA_GE","value":"https://ld.admin.ch/cube/dimension/baqua/ge","children":[{"label":"Hermance plage côté embouchure","value":"https://ld.admin.ch/dimension/bgdi/inlandwaters/bathingwater/CH25001","children":[],"identifier":"CH25001","depth":1,"dimensionIri":"https://environment.ld.admin.ch/foen/ubd0104/location","hasValue":true},{"label":"Hermance plage","value":"https://ld.admin.ch/dimension/bgdi/inlandwaters/bathingwater/CH25002","children":[],"identifier":"CH25002","depth":1,"dimensionIri":"https://environment.ld.admin.ch/foen/ubd0104/location","hasValue":true},{"label":"Anière plage","value":"https://ld.admin.ch/dimension/bgdi/inlandwaters/bathingwater/CH25003","children":[],"identifier":"CH25003","depth":1,"dimensionIri":"https://environment.ld.admin.ch/foen/ubd0104/location","hasValue":true},{"label":"Anière aval débarcadère","value":"https://ld.admin.ch/dimension/bgdi/inlandwaters/bathingwater/CH25004","children":[],"identifier":"CH25004","depth":1,"dimensionIri":"https://environment.ld.admin.ch/foen/ubd0104/location","hasValue":true},{"label":"Corsier port","value":"https://ld.admin.ch/dimension/bgdi/inlandwaters/bathingwater/CH25005","children":[],"identifier":"CH25005","depth":1,"dimensionIri":"https://environment.ld.admin.ch/foen/ubd0104/location","hasValue":true},{"label":"Savonnière aval","value":"https://ld.admin.ch/dimension/bgdi/inlandwaters/bathingwater/CH25007","children":[],"identifier":"CH25007","depth":1,"dimensionIri":"https://environment.ld.admin.ch/foen/ubd0104/location","hasValue":true},{"label":"Parc de la Nymphe","value":"https://ld.admin.ch/dimension/bgdi/inlandwaters/bathingwater/CH25008","children":[],"identifier":"CH25008","depth":1,"dimensionIri":"https://environment.ld.admin.ch/foen/ubd0104/location","hasValue":true},{"label":"Port-Bleu","value":"https://ld.admin.ch/dimension/bgdi/inlandwaters/bathingwater/CH25009","children":[],"identifier":"CH25009","depth":1,"dimensionIri":"https://environment.ld.admin.ch/foen/ubd0104/location","hasValue":true},{"label":"Bellerive débarcadère","value":"https://ld.admin.ch/dimension/bgdi/inlandwaters/bathingwater/CH25010","children":[],"identifier":"CH25010","depth":1,"dimensionIri":"https://environment.ld.admin.ch/foen/ubd0104/location","hasValue":true},{"label":"Pointe à la Bise aval","value":"https://ld.admin.ch/dimension/bgdi/inlandwaters/bathingwater/CH25011","children":[],"identifier":"CH25011","depth":1,"dimensionIri":"https://environment.ld.admin.ch/foen/ubd0104/location","hasValue":true},{"label":"Belotte","value":"https://ld.admin.ch/dimension/bgdi/inlandwaters/bathingwater/CH25012","children":[],"identifier":"CH25012","depth":1,"dimensionIri":"https://environment.ld.admin.ch/foen/ubd0104/location","hasValue":true},{"label":"Aval Tour Carrée","value":"https://ld.admin.ch/dimension/bgdi/inlandwaters/bathingwater/CH25014","children":[],"identifier":"CH25014","depth":1,"dimensionIri":"https://environment.ld.admin.ch/foen/ubd0104/location","hasValue":true},{"label":"Port Tunnel","value":"https://ld.admin.ch/dimension/bgdi/inlandwaters/bathingwater/CH25015","children":[],"identifier":"CH25015","depth":1,"dimensionIri":"https://environment.ld.admin.ch/foen/ubd0104/location","hasValue":true},{"label":"Genève-plage","value":"https://ld.admin.ch/dimension/bgdi/inlandwaters/bathingwater/CH25016","children":[],"identifier":"CH25016","depth":1,"dimensionIri":"https://environment.ld.admin.ch/foen/ubd0104/location","hasValue":true},{"label":"Baby-plage","value":"https://ld.admin.ch/dimension/bgdi/inlandwaters/bathingwater/CH25017","children":[],"identifier":"CH25017","depth":1,"dimensionIri":"https://environment.ld.admin.ch/foen/ubd0104/location","hasValue":true},{"label":"Bains des Pâquis","value":"https://ld.admin.ch/dimension/bgdi/inlandwaters/bathingwater/CH25018","children":[],"identifier":"CH25018","depth":1,"dimensionIri":"https://environment.ld.admin.ch/foen/ubd0104/location","hasValue":true},{"label":"ONU plage","value":"https://ld.admin.ch/dimension/bgdi/inlandwaters/bathingwater/CH25019","children":[],"identifier":"CH25019","depth":1,"dimensionIri":"https://environment.ld.admin.ch/foen/ubd0104/location","hasValue":true},{"label":"Reposoir","value":"https://ld.admin.ch/dimension/bgdi/inlandwaters/bathingwater/CH25020","children":[],"identifier":"CH25020","depth":1,"dimensionIri":"https://environment.ld.admin.ch/foen/ubd0104/location","hasValue":true},{"label":"Chambésy plage","value":"https://ld.admin.ch/dimension/bgdi/inlandwaters/bathingwater/CH25021","children":[],"identifier":"CH25021","depth":1,"dimensionIri":"https://environment.ld.admin.ch/foen/ubd0104/location","hasValue":true},{"label":"Vengeron (aval)","value":"https://ld.admin.ch/dimension/bgdi/inlandwaters/bathingwater/CH25022","children":[],"identifier":"CH25022","depth":1,"dimensionIri":"https://environment.ld.admin.ch/foen/ubd0104/location","hasValue":true},{"label":"Vengeron (centre)","value":"https://ld.admin.ch/dimension/bgdi/inlandwaters/bathingwater/CH25023","children":[],"identifier":"CH25023","depth":1,"dimensionIri":"https://environment.ld.admin.ch/foen/ubd0104/location","hasValue":true},{"label":"Bellevue Port Gitana","value":"https://ld.admin.ch/dimension/bgdi/inlandwaters/bathingwater/CH25024","children":[],"identifier":"CH25024","depth":1,"dimensionIri":"https://environment.ld.admin.ch/foen/ubd0104/location","hasValue":true},{"label":"Bains de Saugy","value":"https://ld.admin.ch/dimension/bgdi/inlandwaters/bathingwater/CH25025","children":[],"identifier":"CH25025","depth":1,"dimensionIri":"https://environment.ld.admin.ch/foen/ubd0104/location","hasValue":true},{"label":"Creux-de-Genthod aval","value":"https://ld.admin.ch/dimension/bgdi/inlandwaters/bathingwater/CH25026","children":[],"identifier":"CH25026","depth":1,"dimensionIri":"https://environment.ld.admin.ch/foen/ubd0104/location","hasValue":true},{"label":"La Bécassine","value":"https://ld.admin.ch/dimension/bgdi/inlandwaters/bathingwater/CH25027","children":[],"identifier":"CH25027","depth":1,"dimensionIri":"https://environment.ld.admin.ch/foen/ubd0104/location","hasValue":true},{"label":"Versoix plage","value":"https://ld.admin.ch/dimension/bgdi/inlandwaters/bathingwater/CH25029","children":[],"identifier":"CH25029","depth":1,"dimensionIri":"https://environment.ld.admin.ch/foen/ubd0104/location","hasValue":true},{"label":"Céligny plage","value":"https://ld.admin.ch/dimension/bgdi/inlandwaters/bathingwater/CH25030","children":[],"identifier":"CH25030","depth":1,"dimensionIri":"https://environment.ld.admin.ch/foen/ubd0104/location","hasValue":true},{"label":"Rhône pont Sous-Terre RG","value":"https://ld.admin.ch/dimension/bgdi/inlandwaters/bathingwater/CH25031","children":[],"identifier":"CH25031","depth":1,"dimensionIri":"https://environment.ld.admin.ch/foen/ubd0104/location","hasValue":true},{"label":"Perle du lac","value":"https://ld.admin.ch/dimension/bgdi/inlandwaters/bathingwater/CH25033","children":[],"identifier":"CH25033","depth":1,"dimensionIri":"https://environment.ld.admin.ch/foen/ubd0104/location","hasValue":true},{"label":"Rhône Pont-sous-Terre RD","value":"https://ld.admin.ch/dimension/bgdi/inlandwaters/bathingwater/CH25034","children":[],"identifier":"CH25034","depth":1,"dimensionIri":"https://environment.ld.admin.ch/foen/ubd0104/location","hasValue":true},{"label":"Etang de la Plaine","value":"https://ld.admin.ch/dimension/bgdi/inlandwaters/bathingwater/CH25035","children":[],"identifier":"CH25035","depth":1,"dimensionIri":"https://environment.ld.admin.ch/foen/ubd0104/location","hasValue":true},{"label":"Plage des Eaux-Vives","value":"https://ld.admin.ch/dimension/bgdi/inlandwaters/bathingwater/CH25036","children":[],"identifier":"CH25036","depth":1,"dimensionIri":"https://environment.ld.admin.ch/foen/ubd0104/location","hasValue":true}],"identifier":"BAQUA_GE","depth":0,"dimensionIri":"https://environment.ld.admin.ch/foen/ubd0104/location","hasValue":false},{"label":"BAQUA_LU","value":"https://ld.admin.ch/cube/dimension/baqua/lu","children":[{"label":"Strandbad-Lido, Weggis","value":"https://ld.admin.ch/dimension/bgdi/inlandwaters/bathingwater/CH3001","children":[],"identifier":"CH3001","depth":1,"dimensionIri":"https://environment.ld.admin.ch/foen/ubd0104/location","hasValue":true},{"label":"Ufschötti, Luzern","value":"https://ld.admin.ch/dimension/bgdi/inlandwaters/bathingwater/CH3004","children":[],"identifier":"CH3004","depth":1,"dimensionIri":"https://environment.ld.admin.ch/foen/ubd0104/location","hasValue":true}],"identifier":"BAQUA_LU","depth":0,"dimensionIri":"https://environment.ld.admin.ch/foen/ubd0104/location","hasValue":false},{"label":"BAQUA_OW","value":"https://ld.admin.ch/cube/dimension/baqua/ow","children":[{"label":"Badeplatz Alpnachstad","value":"https://ld.admin.ch/dimension/bgdi/inlandwaters/bathingwater/CH6001","children":[],"identifier":"CH6001","depth":1,"dimensionIri":"https://environment.ld.admin.ch/foen/ubd0104/location","hasValue":true}],"identifier":"BAQUA_OW","depth":0,"dimensionIri":"https://environment.ld.admin.ch/foen/ubd0104/location","hasValue":false},{"label":"BAQUA_SG","value":"https://ld.admin.ch/cube/dimension/baqua/sg","children":[{"label":"Strandbad Rorschach, Bodensee","value":"https://ld.admin.ch/dimension/bgdi/inlandwaters/bathingwater/CH17003","children":[],"identifier":"CH17003","depth":1,"dimensionIri":"https://environment.ld.admin.ch/foen/ubd0104/location","hasValue":true},{"label":"Strandbad Stampf, Zürichsee","value":"https://ld.admin.ch/dimension/bgdi/inlandwaters/bathingwater/CH17028","children":[],"identifier":"CH17028","depth":1,"dimensionIri":"https://environment.ld.admin.ch/foen/ubd0104/location","hasValue":true},{"label":"Badestrand Lago Mio","value":"https://ld.admin.ch/dimension/bgdi/inlandwaters/bathingwater/CH17041","children":[],"identifier":"CH17041","depth":1,"dimensionIri":"https://environment.ld.admin.ch/foen/ubd0104/location","hasValue":true}],"identifier":"BAQUA_SG","depth":0,"dimensionIri":"https://environment.ld.admin.ch/foen/ubd0104/location","hasValue":false},{"label":"BAQUA_SH","value":"https://ld.admin.ch/cube/dimension/baqua/sh","children":[{"label":"Schaffhausen Rheinbad Rhybadi","value":"https://ld.admin.ch/dimension/bgdi/inlandwaters/bathingwater/CH14013","children":[],"identifier":"CH14013","depth":1,"dimensionIri":"https://environment.ld.admin.ch/foen/ubd0104/location","hasValue":true},{"label":"Stein am Rhein Strandbad Niderfeld","value":"https://ld.admin.ch/dimension/bgdi/inlandwaters/bathingwater/CH14015","children":[],"identifier":"CH14015","depth":1,"dimensionIri":"https://environment.ld.admin.ch/foen/ubd0104/location","hasValue":true}],"identifier":"BAQUA_SH","depth":0,"dimensionIri":"https://environment.ld.admin.ch/foen/ubd0104/location","hasValue":false},{"label":"BAQUA_SO","value":"https://ld.admin.ch/cube/dimension/baqua/so","children":[{"label":"Solothurn","value":"https://ld.admin.ch/dimension/bgdi/inlandwaters/bathingwater/CH11005","children":[],"identifier":"CH11005","depth":1,"dimensionIri":"https://environment.ld.admin.ch/foen/ubd0104/location","hasValue":true}],"identifier":"BAQUA_SO","depth":0,"dimensionIri":"https://environment.ld.admin.ch/foen/ubd0104/location","hasValue":false},{"label":"BAQUA_SZ","value":"https://ld.admin.ch/cube/dimension/baqua/sz","children":[{"label":"Lido Brunnen, SZ/02","value":"https://ld.admin.ch/dimension/bgdi/inlandwaters/bathingwater/CH5002","children":[],"identifier":"CH5002","depth":1,"dimensionIri":"https://environment.ld.admin.ch/foen/ubd0104/location","hasValue":true}],"identifier":"BAQUA_SZ","depth":0,"dimensionIri":"https://environment.ld.admin.ch/foen/ubd0104/location","hasValue":false},{"label":"BAQUA_TG","value":"https://ld.admin.ch/cube/dimension/baqua/tg","children":[{"label":"Schwimmbad Arbon","value":"https://ld.admin.ch/dimension/bgdi/inlandwaters/bathingwater/CH20004","children":[],"identifier":"CH20004","depth":1,"dimensionIri":"https://environment.ld.admin.ch/foen/ubd0104/location","hasValue":true},{"label":"Strandbad Güttingen","value":"https://ld.admin.ch/dimension/bgdi/inlandwaters/bathingwater/CH20006","children":[],"identifier":"CH20006","depth":1,"dimensionIri":"https://environment.ld.admin.ch/foen/ubd0104/location","hasValue":true},{"label":"Schwimmbad Hörnli","value":"https://ld.admin.ch/dimension/bgdi/inlandwaters/bathingwater/CH20009","children":[],"identifier":"CH20009","depth":1,"dimensionIri":"https://environment.ld.admin.ch/foen/ubd0104/location","hasValue":true},{"label":"Schwimmbad Romanshorn","value":"https://ld.admin.ch/dimension/bgdi/inlandwaters/bathingwater/CH20013","children":[],"identifier":"CH20013","depth":1,"dimensionIri":"https://environment.ld.admin.ch/foen/ubd0104/location","hasValue":true},{"label":"Rodenbrunen","value":"https://ld.admin.ch/dimension/bgdi/inlandwaters/bathingwater/CH20025","children":[],"identifier":"CH20025","depth":1,"dimensionIri":"https://environment.ld.admin.ch/foen/ubd0104/location","hasValue":true},{"label":"Seebad","value":"https://ld.admin.ch/dimension/bgdi/inlandwaters/bathingwater/CH20035","children":[],"identifier":"CH20035","depth":1,"dimensionIri":"https://environment.ld.admin.ch/foen/ubd0104/location","hasValue":true},{"label":"Strandbad Steckborn","value":"https://ld.admin.ch/dimension/bgdi/inlandwaters/bathingwater/CH20041","children":[],"identifier":"CH20041","depth":1,"dimensionIri":"https://environment.ld.admin.ch/foen/ubd0104/location","hasValue":true}],"identifier":"BAQUA_TG","depth":0,"dimensionIri":"https://environment.ld.admin.ch/foen/ubd0104/location","hasValue":false},{"label":"BAQUA_TI","value":"https://ld.admin.ch/cube/dimension/baqua/ti","children":[{"label":"Laghetto di Astano","value":"https://ld.admin.ch/dimension/bgdi/inlandwaters/bathingwater/CH21001","children":[],"identifier":"CH21001","depth":1,"dimensionIri":"https://environment.ld.admin.ch/foen/ubd0104/location","hasValue":true},{"label":"Lido comunale Agno","value":"https://ld.admin.ch/dimension/bgdi/inlandwaters/bathingwater/CH21002","children":[],"identifier":"CH21002","depth":1,"dimensionIri":"https://environment.ld.admin.ch/foen/ubd0104/location","hasValue":true},{"label":"Campeggio La Palma","value":"https://ld.admin.ch/dimension/bgdi/inlandwaters/bathingwater/CH21003","children":[],"identifier":"CH21003","depth":1,"dimensionIri":"https://environment.ld.admin.ch/foen/ubd0104/location","hasValue":true},{"label":"Campeggio Molinazzo","value":"https://ld.admin.ch/dimension/bgdi/inlandwaters/bathingwater/CH21004","children":[],"identifier":"CH21004","depth":1,"dimensionIri":"https://environment.ld.admin.ch/foen/ubd0104/location","hasValue":true},{"label":"Bagno pubblico Agno","value":"https://ld.admin.ch/dimension/bgdi/inlandwaters/bathingwater/CH21006","children":[],"identifier":"CH21006","depth":1,"dimensionIri":"https://environment.ld.admin.ch/foen/ubd0104/location","hasValue":true},{"label":"Lido Càsoro","value":"https://ld.admin.ch/dimension/bgdi/inlandwaters/bathingwater/CH21007","children":[],"identifier":"CH21007","depth":1,"dimensionIri":"https://environment.ld.admin.ch/foen/ubd0104/location","hasValue":true},{"label":"Albergo Zappa","value":"https://ld.admin.ch/dimension/bgdi/inlandwaters/bathingwater/CH21009","children":[],"identifier":"CH21009","depth":1,"dimensionIri":"https://environment.ld.admin.ch/foen/ubd0104/location","hasValue":true},{"label":"Ristorante Lido Capolago","value":"https://ld.admin.ch/dimension/bgdi/inlandwaters/bathingwater/CH21011","children":[],"identifier":"CH21011","depth":1,"dimensionIri":"https://environment.ld.admin.ch/foen/ubd0104/location","hasValue":true},{"label":"Bagno Spiaggia Caslano","value":"https://ld.admin.ch/dimension/bgdi/inlandwaters/bathingwater/CH21012","children":[],"identifier":"CH21012","depth":1,"dimensionIri":"https://environment.ld.admin.ch/foen/ubd0104/location","hasValue":true},{"label":"Foce Magliasina","value":"https://ld.admin.ch/dimension/bgdi/inlandwaters/bathingwater/CH21013","children":[],"identifier":"CH21013","depth":1,"dimensionIri":"https://environment.ld.admin.ch/foen/ubd0104/location","hasValue":true},{"label":"Albergo Elvezia al Lago","value":"https://ld.admin.ch/dimension/bgdi/inlandwaters/bathingwater/CH21014","children":[],"identifier":"CH21014","depth":1,"dimensionIri":"https://environment.ld.admin.ch/foen/ubd0104/location","hasValue":true},{"label":"Albergo Villa Castagnola","value":"https://ld.admin.ch/dimension/bgdi/inlandwaters/bathingwater/CH21015","children":[],"identifier":"CH21015","depth":1,"dimensionIri":"https://environment.ld.admin.ch/foen/ubd0104/location","hasValue":true},{"label":"Bagno Pubblico Riva Caccia","value":"https://ld.admin.ch/dimension/bgdi/inlandwaters/bathingwater/CH21016","children":[],"identifier":"CH21016","depth":1,"dimensionIri":"https://environment.ld.admin.ch/foen/ubd0104/location","hasValue":true},{"label":"Hotel Lido Seegarten","value":"https://ld.admin.ch/dimension/bgdi/inlandwaters/bathingwater/CH21018","children":[],"identifier":"CH21018","depth":1,"dimensionIri":"https://environment.ld.admin.ch/foen/ubd0104/location","hasValue":true},{"label":"Lido Bagno Spiaggia Lugano","value":"https://ld.admin.ch/dimension/bgdi/inlandwaters/bathingwater/CH21019","children":[],"identifier":"CH21019","depth":1,"dimensionIri":"https://environment.ld.admin.ch/foen/ubd0104/location","hasValue":true},{"label":"Lido San Domenico","value":"https://ld.admin.ch/dimension/bgdi/inlandwaters/bathingwater/CH21020","children":[],"identifier":"CH21020","depth":1,"dimensionIri":"https://environment.ld.admin.ch/foen/ubd0104/location","hasValue":true},{"label":"Spiaggia delle Cantine","value":"https://ld.admin.ch/dimension/bgdi/inlandwaters/bathingwater/CH21021","children":[],"identifier":"CH21021","depth":1,"dimensionIri":"https://environment.ld.admin.ch/foen/ubd0104/location","hasValue":true},{"label":"Ostello della Gioventù","value":"https://ld.admin.ch/dimension/bgdi/inlandwaters/bathingwater/CH21022","children":[],"identifier":"CH21022","depth":1,"dimensionIri":"https://environment.ld.admin.ch/foen/ubd0104/location","hasValue":true},{"label":"Bagno spiaggia Magliaso","value":"https://ld.admin.ch/dimension/bgdi/inlandwaters/bathingwater/CH21023","children":[],"identifier":"CH21023","depth":1,"dimensionIri":"https://environment.ld.admin.ch/foen/ubd0104/location","hasValue":true},{"label":"Evangelisches Zentrum","value":"https://ld.admin.ch/dimension/bgdi/inlandwaters/bathingwater/CH21025","children":[],"identifier":"CH21025","depth":1,"dimensionIri":"https://environment.ld.admin.ch/foen/ubd0104/location","hasValue":true},{"label":"Stiftung Zuercher Ferienkolonien","value":"https://ld.admin.ch/dimension/bgdi/inlandwaters/bathingwater/CH21026","children":[],"identifier":"CH21026","depth":1,"dimensionIri":"https://environment.ld.admin.ch/foen/ubd0104/location","hasValue":true},{"label":"Lido Comunale Maroggia","value":"https://ld.admin.ch/dimension/bgdi/inlandwaters/bathingwater/CH21027","children":[],"identifier":"CH21027","depth":1,"dimensionIri":"https://environment.ld.admin.ch/foen/ubd0104/location","hasValue":true},{"label":"Campeggio Paradiso","value":"https://ld.admin.ch/dimension/bgdi/inlandwaters/bathingwater/CH21028","children":[],"identifier":"CH21028","depth":1,"dimensionIri":"https://environment.ld.admin.ch/foen/ubd0104/location","hasValue":true},{"label":"Campeggio Monte Generoso","value":"https://ld.admin.ch/dimension/bgdi/inlandwaters/bathingwater/CH21029","children":[],"identifier":"CH21029","depth":1,"dimensionIri":"https://environment.ld.admin.ch/foen/ubd0104/location","hasValue":true},{"label":"Lido Comunale Melano","value":"https://ld.admin.ch/dimension/bgdi/inlandwaters/bathingwater/CH21031","children":[],"identifier":"CH21031","depth":1,"dimensionIri":"https://environment.ld.admin.ch/foen/ubd0104/location","hasValue":true},{"label":"Albergo Battello","value":"https://ld.admin.ch/dimension/bgdi/inlandwaters/bathingwater/CH21033","children":[],"identifier":"CH21033","depth":1,"dimensionIri":"https://environment.ld.admin.ch/foen/ubd0104/location","hasValue":true},{"label":"Albergo Del Lago","value":"https://ld.admin.ch/dimension/bgdi/inlandwaters/bathingwater/CH21034","children":[],"identifier":"CH21034","depth":1,"dimensionIri":"https://environment.ld.admin.ch/foen/ubd0104/location","hasValue":true},{"label":"Albergo Riviera","value":"https://ld.admin.ch/dimension/bgdi/inlandwaters/bathingwater/CH21035","children":[],"identifier":"CH21035","depth":1,"dimensionIri":"https://environment.ld.admin.ch/foen/ubd0104/location","hasValue":true},{"label":"Lido Comunale Melide","value":"https://ld.admin.ch/dimension/bgdi/inlandwaters/bathingwater/CH21036","children":[],"identifier":"CH21036","depth":1,"dimensionIri":"https://environment.ld.admin.ch/foen/ubd0104/location","hasValue":true},{"label":"Hotel Ristorante Arbostora","value":"https://ld.admin.ch/dimension/bgdi/inlandwaters/bathingwater/CH21040","children":[],"identifier":"CH21040","depth":1,"dimensionIri":"https://environment.ld.admin.ch/foen/ubd0104/location","hasValue":true},{"label":"Lido Ristorante al Porto","value":"https://ld.admin.ch/dimension/bgdi/inlandwaters/bathingwater/CH21042","children":[],"identifier":"CH21042","depth":1,"dimensionIri":"https://environment.ld.admin.ch/foen/ubd0104/location","hasValue":true},{"label":"Campeggio Touring Club","value":"https://ld.admin.ch/dimension/bgdi/inlandwaters/bathingwater/CH21043","children":[],"identifier":"CH21043","depth":1,"dimensionIri":"https://environment.ld.admin.ch/foen/ubd0104/location","hasValue":true},{"label":"Lido Comunale Conca d'Oro","value":"https://ld.admin.ch/dimension/bgdi/inlandwaters/bathingwater/CH21046","children":[],"identifier":"CH21046","depth":1,"dimensionIri":"https://environment.ld.admin.ch/foen/ubd0104/location","hasValue":true},{"label":"Albergo Tresa Bay","value":"https://ld.admin.ch/dimension/bgdi/inlandwaters/bathingwater/CH21047","children":[],"identifier":"CH21047","depth":1,"dimensionIri":"https://environment.ld.admin.ch/foen/ubd0104/location","hasValue":true},{"label":"Lido Comunale Riva S. Vitale","value":"https://ld.admin.ch/dimension/bgdi/inlandwaters/bathingwater/CH21048","children":[],"identifier":"CH21048","depth":1,"dimensionIri":"https://environment.ld.admin.ch/foen/ubd0104/location","hasValue":true},{"label":"Swiss Diamond Hotel","value":"https://ld.admin.ch/dimension/bgdi/inlandwaters/bathingwater/CH21049","children":[],"identifier":"CH21049","depth":1,"dimensionIri":"https://environment.ld.admin.ch/foen/ubd0104/location","hasValue":true},{"label":"Albergo Ascolago","value":"https://ld.admin.ch/dimension/bgdi/inlandwaters/bathingwater/CH21050","children":[],"identifier":"CH21050","depth":1,"dimensionIri":"https://environment.ld.admin.ch/foen/ubd0104/location","hasValue":true},{"label":"Albergo Castello del Sole","value":"https://ld.admin.ch/dimension/bgdi/inlandwaters/bathingwater/CH21051","children":[],"identifier":"CH21051","depth":1,"dimensionIri":"https://environment.ld.admin.ch/foen/ubd0104/location","hasValue":true},{"label":"Albergo Collinetta","value":"https://ld.admin.ch/dimension/bgdi/inlandwaters/bathingwater/CH21052","children":[],"identifier":"CH21052","depth":1,"dimensionIri":"https://environment.ld.admin.ch/foen/ubd0104/location","hasValue":true},{"label":"Albergo Eden Roc","value":"https://ld.admin.ch/dimension/bgdi/inlandwaters/bathingwater/CH21053","children":[],"identifier":"CH21053","depth":1,"dimensionIri":"https://environment.ld.admin.ch/foen/ubd0104/location","hasValue":true},{"label":"Bagno pubblico Ascona","value":"https://ld.admin.ch/dimension/bgdi/inlandwaters/bathingwater/CH21054","children":[],"identifier":"CH21054","depth":1,"dimensionIri":"https://environment.ld.admin.ch/foen/ubd0104/location","hasValue":true},{"label":"Casa Moscia","value":"https://ld.admin.ch/dimension/bgdi/inlandwaters/bathingwater/CH21055","children":[],"identifier":"CH21055","depth":1,"dimensionIri":"https://environment.ld.admin.ch/foen/ubd0104/location","hasValue":true},{"label":"Lido Patriziale Ascona","value":"https://ld.admin.ch/dimension/bgdi/inlandwaters/bathingwater/CH21056","children":[],"identifier":"CH21056","depth":1,"dimensionIri":"https://environment.ld.admin.ch/foen/ubd0104/location","hasValue":true},{"label":"Hotel Yachtsport Resort","value":"https://ld.admin.ch/dimension/bgdi/inlandwaters/bathingwater/CH21058","children":[],"identifier":"CH21058","depth":1,"dimensionIri":"https://environment.ld.admin.ch/foen/ubd0104/location","hasValue":true},{"label":"Lido comunale Brissago","value":"https://ld.admin.ch/dimension/bgdi/inlandwaters/bathingwater/CH21059","children":[],"identifier":"CH21059","depth":1,"dimensionIri":"https://environment.ld.admin.ch/foen/ubd0104/location","hasValue":true},{"label":"Villa Caesar","value":"https://ld.admin.ch/dimension/bgdi/inlandwaters/bathingwater/CH21060","children":[],"identifier":"CH21060","depth":1,"dimensionIri":"https://environment.ld.admin.ch/foen/ubd0104/location","hasValue":true},{"label":"Bagno Pubblico Caviano","value":"https://ld.admin.ch/dimension/bgdi/inlandwaters/bathingwater/CH21061","children":[],"identifier":"CH21061","depth":1,"dimensionIri":"https://environment.ld.admin.ch/foen/ubd0104/location","hasValue":true},{"label":"Bagno Pubblico Riale di Gerra","value":"https://ld.admin.ch/dimension/bgdi/inlandwaters/bathingwater/CH21062","children":[],"identifier":"CH21062","depth":1,"dimensionIri":"https://environment.ld.admin.ch/foen/ubd0104/location","hasValue":true},{"label":"Bagno Pubblico Scimiana","value":"https://ld.admin.ch/dimension/bgdi/inlandwaters/bathingwater/CH21063","children":[],"identifier":"CH21063","depth":1,"dimensionIri":"https://environment.ld.admin.ch/foen/ubd0104/location","hasValue":true},{"label":"Bagno Pubblico Locarno","value":"https://ld.admin.ch/dimension/bgdi/inlandwaters/bathingwater/CH21064","children":[],"identifier":"CH21064","depth":1,"dimensionIri":"https://environment.ld.admin.ch/foen/ubd0104/location","hasValue":true},{"label":"Campeggio Delta","value":"https://ld.admin.ch/dimension/bgdi/inlandwaters/bathingwater/CH21065","children":[],"identifier":"CH21065","depth":1,"dimensionIri":"https://environment.ld.admin.ch/foen/ubd0104/location","hasValue":true},{"label":"Lido comunale Locarno","value":"https://ld.admin.ch/dimension/bgdi/inlandwaters/bathingwater/CH21066","children":[],"identifier":"CH21066","depth":1,"dimensionIri":"https://environment.ld.admin.ch/foen/ubd0104/location","hasValue":true},{"label":"Bagno pubblico Magadino","value":"https://ld.admin.ch/dimension/bgdi/inlandwaters/bathingwater/CH21067","children":[],"identifier":"CH21067","depth":1,"dimensionIri":"https://environment.ld.admin.ch/foen/ubd0104/location","hasValue":true},{"label":"Albergo La Rocca","value":"https://ld.admin.ch/dimension/bgdi/inlandwaters/bathingwater/CH21069","children":[],"identifier":"CH21069","depth":1,"dimensionIri":"https://environment.ld.admin.ch/foen/ubd0104/location","hasValue":true},{"label":"Bagno Spiaggia Crodolo","value":"https://ld.admin.ch/dimension/bgdi/inlandwaters/bathingwater/CH21070","children":[],"identifier":"CH21070","depth":1,"dimensionIri":"https://environment.ld.admin.ch/foen/ubd0104/location","hasValue":true},{"label":"Bagno pubblico San Nazzaro","value":"https://ld.admin.ch/dimension/bgdi/inlandwaters/bathingwater/CH21072","children":[],"identifier":"CH21072","depth":1,"dimensionIri":"https://environment.ld.admin.ch/foen/ubd0104/location","hasValue":true},{"label":"Spiaggia pubblica Ranzo","value":"https://ld.admin.ch/dimension/bgdi/inlandwaters/bathingwater/CH21073","children":[],"identifier":"CH21073","depth":1,"dimensionIri":"https://environment.ld.admin.ch/foen/ubd0104/location","hasValue":true},{"label":"Campeggio Campofelice","value":"https://ld.admin.ch/dimension/bgdi/inlandwaters/bathingwater/CH21074","children":[],"identifier":"CH21074","depth":1,"dimensionIri":"https://environment.ld.admin.ch/foen/ubd0104/location","hasValue":true},{"label":"Campeggio Lago Maggiore","value":"https://ld.admin.ch/dimension/bgdi/inlandwaters/bathingwater/CH21075","children":[],"identifier":"CH21075","depth":1,"dimensionIri":"https://environment.ld.admin.ch/foen/ubd0104/location","hasValue":true},{"label":"Campeggio Lido Mappo","value":"https://ld.admin.ch/dimension/bgdi/inlandwaters/bathingwater/CH21076","children":[],"identifier":"CH21076","depth":1,"dimensionIri":"https://environment.ld.admin.ch/foen/ubd0104/location","hasValue":true},{"label":"Campeggio Miralago","value":"https://ld.admin.ch/dimension/bgdi/inlandwaters/bathingwater/CH21077","children":[],"identifier":"CH21077","depth":1,"dimensionIri":"https://environment.ld.admin.ch/foen/ubd0104/location","hasValue":true},{"label":"Campeggio Rivabella","value":"https://ld.admin.ch/dimension/bgdi/inlandwaters/bathingwater/CH21078","children":[],"identifier":"CH21078","depth":1,"dimensionIri":"https://environment.ld.admin.ch/foen/ubd0104/location","hasValue":true},{"label":"Campeggio Tamaro","value":"https://ld.admin.ch/dimension/bgdi/inlandwaters/bathingwater/CH21079","children":[],"identifier":"CH21079","depth":1,"dimensionIri":"https://environment.ld.admin.ch/foen/ubd0104/location","hasValue":true},{"label":"Bagno pubblico Tenero","value":"https://ld.admin.ch/dimension/bgdi/inlandwaters/bathingwater/CH21080","children":[],"identifier":"CH21080","depth":1,"dimensionIri":"https://environment.ld.admin.ch/foen/ubd0104/location","hasValue":true},{"label":"Centro Sportivo Tenero","value":"https://ld.admin.ch/dimension/bgdi/inlandwaters/bathingwater/CH21081","children":[],"identifier":"CH21081","depth":1,"dimensionIri":"https://environment.ld.admin.ch/foen/ubd0104/location","hasValue":true},{"label":"Lido comunale Tenero","value":"https://ld.admin.ch/dimension/bgdi/inlandwaters/bathingwater/CH21082","children":[],"identifier":"CH21082","depth":1,"dimensionIri":"https://environment.ld.admin.ch/foen/ubd0104/location","hasValue":true},{"label":"Albergo Viralago","value":"https://ld.admin.ch/dimension/bgdi/inlandwaters/bathingwater/CH21083","children":[],"identifier":"CH21083","depth":1,"dimensionIri":"https://environment.ld.admin.ch/foen/ubd0104/location","hasValue":true},{"label":"Bagno pubblico Vira Gambarogno","value":"https://ld.admin.ch/dimension/bgdi/inlandwaters/bathingwater/CH21084","children":[],"identifier":"CH21084","depth":1,"dimensionIri":"https://environment.ld.admin.ch/foen/ubd0104/location","hasValue":true},{"label":"Casa Vignascia","value":"https://ld.admin.ch/dimension/bgdi/inlandwaters/bathingwater/CH21085","children":[],"identifier":"CH21085","depth":1,"dimensionIri":"https://environment.ld.admin.ch/foen/ubd0104/location","hasValue":true},{"label":"Lido comunale Bissone","value":"https://ld.admin.ch/dimension/bgdi/inlandwaters/bathingwater/CH21086","children":[],"identifier":"CH21086","depth":1,"dimensionIri":"https://environment.ld.admin.ch/foen/ubd0104/location","hasValue":true},{"label":"Villa Patria","value":"https://ld.admin.ch/dimension/bgdi/inlandwaters/bathingwater/CH21087","children":[],"identifier":"CH21087","depth":1,"dimensionIri":"https://environment.ld.admin.ch/foen/ubd0104/location","hasValue":true},{"label":"Spiaggetta di Arbedo","value":"https://ld.admin.ch/dimension/bgdi/inlandwaters/bathingwater/CH21088","children":[],"identifier":"CH21088","depth":1,"dimensionIri":"https://environment.ld.admin.ch/foen/ubd0104/location","hasValue":true},{"label":"Sotto il ponte","value":"https://ld.admin.ch/dimension/bgdi/inlandwaters/bathingwater/CH21090","children":[],"identifier":"CH21090","depth":1,"dimensionIri":"https://environment.ld.admin.ch/foen/ubd0104/location","hasValue":true},{"label":"Zona dighetta","value":"https://ld.admin.ch/dimension/bgdi/inlandwaters/bathingwater/CH21092","children":[],"identifier":"CH21092","depth":1,"dimensionIri":"https://environment.ld.admin.ch/foen/ubd0104/location","hasValue":true},{"label":"Pozzo Tegna","value":"https://ld.admin.ch/dimension/bgdi/inlandwaters/bathingwater/CH21093","children":[],"identifier":"CH21093","depth":1,"dimensionIri":"https://environment.ld.admin.ch/foen/ubd0104/location","hasValue":true},{"label":"Meriggio","value":"https://ld.admin.ch/dimension/bgdi/inlandwaters/bathingwater/CH21094","children":[],"identifier":"CH21094","depth":1,"dimensionIri":"https://environment.ld.admin.ch/foen/ubd0104/location","hasValue":true},{"label":"Spiaggia libera-Foce Cassarate","value":"https://ld.admin.ch/dimension/bgdi/inlandwaters/bathingwater/CH21095","children":[],"identifier":"CH21095","depth":1,"dimensionIri":"https://environment.ld.admin.ch/foen/ubd0104/location","hasValue":true},{"label":"Spiaggia libera-Osteria la Riva","value":"https://ld.admin.ch/dimension/bgdi/inlandwaters/bathingwater/CH21096","children":[],"identifier":"CH21096","depth":1,"dimensionIri":"https://environment.ld.admin.ch/foen/ubd0104/location","hasValue":true},{"label":"Spiaggia libera-Ristorante Giardino Lago","value":"https://ld.admin.ch/dimension/bgdi/inlandwaters/bathingwater/CH21097","children":[],"identifier":"CH21097","depth":1,"dimensionIri":"https://environment.ld.admin.ch/foen/ubd0104/location","hasValue":true},{"label":"Zona Visletto","value":"https://ld.admin.ch/dimension/bgdi/inlandwaters/bathingwater/CH21098","children":[],"identifier":"CH21098","depth":1,"dimensionIri":"https://environment.ld.admin.ch/foen/ubd0104/location","hasValue":true},{"label":"Zona Coop","value":"https://ld.admin.ch/dimension/bgdi/inlandwaters/bathingwater/CH21099","children":[],"identifier":"CH21099","depth":1,"dimensionIri":"https://environment.ld.admin.ch/foen/ubd0104/location","hasValue":true},{"label":"Zona Loderio Grotti","value":"https://ld.admin.ch/dimension/bgdi/inlandwaters/bathingwater/CH21100","children":[],"identifier":"CH21100","depth":1,"dimensionIri":"https://environment.ld.admin.ch/foen/ubd0104/location","hasValue":true},{"label":"Zona cascata Piumogna","value":"https://ld.admin.ch/dimension/bgdi/inlandwaters/bathingwater/CH21101","children":[],"identifier":"CH21101","depth":1,"dimensionIri":"https://environment.ld.admin.ch/foen/ubd0104/location","hasValue":true},{"label":"Pozzo Osogna","value":"https://ld.admin.ch/dimension/bgdi/inlandwaters/bathingwater/CH21102","children":[],"identifier":"CH21102","depth":1,"dimensionIri":"https://environment.ld.admin.ch/foen/ubd0104/location","hasValue":true}],"identifier":"BAQUA_TI","depth":0,"dimensionIri":"https://environment.ld.admin.ch/foen/ubd0104/location","hasValue":false},{"label":"BAQUA_UR","value":"https://ld.admin.ch/cube/dimension/baqua/ur","children":[{"label":"Badeplatz Mississippi (Ufer 1)","value":"https://ld.admin.ch/dimension/bgdi/inlandwaters/bathingwater/CH4010","children":[],"identifier":"CH4010","depth":1,"dimensionIri":"https://environment.ld.admin.ch/foen/ubd0104/location","hasValue":true}],"identifier":"BAQUA_UR","depth":0,"dimensionIri":"https://environment.ld.admin.ch/foen/ubd0104/location","hasValue":false},{"label":"BAQUA_VD","value":"https://ld.admin.ch/cube/dimension/baqua/vd","children":[{"label":"La Pichette","value":"https://ld.admin.ch/dimension/bgdi/inlandwaters/bathingwater/CH22006","children":[],"identifier":"CH22006","depth":1,"dimensionIri":"https://environment.ld.admin.ch/foen/ubd0104/location","hasValue":true},{"label":"Corseaux","value":"https://ld.admin.ch/dimension/bgdi/inlandwaters/bathingwater/CH22008","children":[],"identifier":"CH22008","depth":1,"dimensionIri":"https://environment.ld.admin.ch/foen/ubd0104/location","hasValue":true},{"label":"La Crottaz","value":"https://ld.admin.ch/dimension/bgdi/inlandwaters/bathingwater/CH22009","children":[],"identifier":"CH22009","depth":1,"dimensionIri":"https://environment.ld.admin.ch/foen/ubd0104/location","hasValue":true},{"label":"Bain des Dames","value":"https://ld.admin.ch/dimension/bgdi/inlandwaters/bathingwater/CH22011","children":[],"identifier":"CH22011","depth":1,"dimensionIri":"https://environment.ld.admin.ch/foen/ubd0104/location","hasValue":true},{"label":"Gland/La Falaise","value":"https://ld.admin.ch/dimension/bgdi/inlandwaters/bathingwater/CH22016","children":[],"identifier":"CH22016","depth":1,"dimensionIri":"https://environment.ld.admin.ch/foen/ubd0104/location","hasValue":true},{"label":"La Maladaire","value":"https://ld.admin.ch/dimension/bgdi/inlandwaters/bathingwater/CH22022","children":[],"identifier":"CH22022","depth":1,"dimensionIri":"https://environment.ld.admin.ch/foen/ubd0104/location","hasValue":true},{"label":"Bellerive","value":"https://ld.admin.ch/dimension/bgdi/inlandwaters/bathingwater/CH22023","children":[],"identifier":"CH22023","depth":1,"dimensionIri":"https://environment.ld.admin.ch/foen/ubd0104/location","hasValue":true},{"label":"Le Flon","value":"https://ld.admin.ch/dimension/bgdi/inlandwaters/bathingwater/CH22024","children":[],"identifier":"CH22024","depth":1,"dimensionIri":"https://environment.ld.admin.ch/foen/ubd0104/location","hasValue":true},{"label":"Le Parc Bourget","value":"https://ld.admin.ch/dimension/bgdi/inlandwaters/bathingwater/CH22025","children":[],"identifier":"CH22025","depth":1,"dimensionIri":"https://environment.ld.admin.ch/foen/ubd0104/location","hasValue":true},{"label":"La Vaudaire","value":"https://ld.admin.ch/dimension/bgdi/inlandwaters/bathingwater/CH22026","children":[],"identifier":"CH22026","depth":1,"dimensionIri":"https://environment.ld.admin.ch/foen/ubd0104/location","hasValue":true},{"label":"Curtinaux","value":"https://ld.admin.ch/dimension/bgdi/inlandwaters/bathingwater/CH22029","children":[],"identifier":"CH22029","depth":1,"dimensionIri":"https://environment.ld.admin.ch/foen/ubd0104/location","hasValue":true},{"label":"Le Pierrier","value":"https://ld.admin.ch/dimension/bgdi/inlandwaters/bathingwater/CH22034","children":[],"identifier":"CH22034","depth":1,"dimensionIri":"https://environment.ld.admin.ch/foen/ubd0104/location","hasValue":true},{"label":"Le Basset","value":"https://ld.admin.ch/dimension/bgdi/inlandwaters/bathingwater/CH22035","children":[],"identifier":"CH22035","depth":1,"dimensionIri":"https://environment.ld.admin.ch/foen/ubd0104/location","hasValue":true},{"label":"Camping","value":"https://ld.admin.ch/dimension/bgdi/inlandwaters/bathingwater/CH22038","children":[],"identifier":"CH22038","depth":1,"dimensionIri":"https://environment.ld.admin.ch/foen/ubd0104/location","hasValue":true},{"label":"Les Trois Jetées","value":"https://ld.admin.ch/dimension/bgdi/inlandwaters/bathingwater/CH22040","children":[],"identifier":"CH22040","depth":1,"dimensionIri":"https://environment.ld.admin.ch/foen/ubd0104/location","hasValue":true},{"label":"Centre","value":"https://ld.admin.ch/dimension/bgdi/inlandwaters/bathingwater/CH22045","children":[],"identifier":"CH22045","depth":1,"dimensionIri":"https://environment.ld.admin.ch/foen/ubd0104/location","hasValue":true},{"label":"A.B.C.","value":"https://ld.admin.ch/dimension/bgdi/inlandwaters/bathingwater/CH22051","children":[],"identifier":"CH22051","depth":1,"dimensionIri":"https://environment.ld.admin.ch/foen/ubd0104/location","hasValue":true},{"label":"Coulet","value":"https://ld.admin.ch/dimension/bgdi/inlandwaters/bathingwater/CH22054","children":[],"identifier":"CH22054","depth":1,"dimensionIri":"https://environment.ld.admin.ch/foen/ubd0104/location","hasValue":true},{"label":"Le Laviau","value":"https://ld.admin.ch/dimension/bgdi/inlandwaters/bathingwater/CH22056","children":[],"identifier":"CH22056","depth":1,"dimensionIri":"https://environment.ld.admin.ch/foen/ubd0104/location","hasValue":true},{"label":"Dorigny","value":"https://ld.admin.ch/dimension/bgdi/inlandwaters/bathingwater/CH22058","children":[],"identifier":"CH22058","depth":1,"dimensionIri":"https://environment.ld.admin.ch/foen/ubd0104/location","hasValue":true},{"label":"Centre nautique et balnéaire","value":"https://ld.admin.ch/dimension/bgdi/inlandwaters/bathingwater/CH22061","children":[],"identifier":"CH22061","depth":1,"dimensionIri":"https://environment.ld.admin.ch/foen/ubd0104/location","hasValue":true},{"label":"Parc de l'Arabie","value":"https://ld.admin.ch/dimension/bgdi/inlandwaters/bathingwater/CH22062","children":[],"identifier":"CH22062","depth":1,"dimensionIri":"https://environment.ld.admin.ch/foen/ubd0104/location","hasValue":true},{"label":"Chillon","value":"https://ld.admin.ch/dimension/bgdi/inlandwaters/bathingwater/CH22063","children":[],"identifier":"CH22063","depth":1,"dimensionIri":"https://environment.ld.admin.ch/foen/ubd0104/location","hasValue":true},{"label":"Les Marines","value":"https://ld.admin.ch/dimension/bgdi/inlandwaters/bathingwater/CH22064","children":[],"identifier":"CH22064","depth":1,"dimensionIri":"https://environment.ld.admin.ch/foen/ubd0104/location","hasValue":true},{"label":"Chaufour","value":"https://ld.admin.ch/dimension/bgdi/inlandwaters/bathingwater/CH22065","children":[],"identifier":"CH22065","depth":1,"dimensionIri":"https://environment.ld.admin.ch/foen/ubd0104/location","hasValue":true},{"label":"Le Pont","value":"https://ld.admin.ch/dimension/bgdi/inlandwaters/bathingwater/CH22067","children":[],"identifier":"CH22067","depth":1,"dimensionIri":"https://environment.ld.admin.ch/foen/ubd0104/location","hasValue":true},{"label":"Bellevue","value":"https://ld.admin.ch/dimension/bgdi/inlandwaters/bathingwater/CH22071","children":[],"identifier":"CH22071","depth":1,"dimensionIri":"https://environment.ld.admin.ch/foen/ubd0104/location","hasValue":true},{"label":"Camping VD 8","value":"https://ld.admin.ch/dimension/bgdi/inlandwaters/bathingwater/CH22075","children":[],"identifier":"CH22075","depth":1,"dimensionIri":"https://environment.ld.admin.ch/foen/ubd0104/location","hasValue":true},{"label":"Chevroux","value":"https://ld.admin.ch/dimension/bgdi/inlandwaters/bathingwater/CH22076","children":[],"identifier":"CH22076","depth":1,"dimensionIri":"https://environment.ld.admin.ch/foen/ubd0104/location","hasValue":true},{"label":"Cudrefin","value":"https://ld.admin.ch/dimension/bgdi/inlandwaters/bathingwater/CH22080","children":[],"identifier":"CH22080","depth":1,"dimensionIri":"https://environment.ld.admin.ch/foen/ubd0104/location","hasValue":true},{"label":"Corcelettes - les Pins","value":"https://ld.admin.ch/dimension/bgdi/inlandwaters/bathingwater/CH22082","children":[],"identifier":"CH22082","depth":1,"dimensionIri":"https://environment.ld.admin.ch/foen/ubd0104/location","hasValue":true},{"label":"Clendy","value":"https://ld.admin.ch/dimension/bgdi/inlandwaters/bathingwater/CH22088","children":[],"identifier":"CH22088","depth":1,"dimensionIri":"https://environment.ld.admin.ch/foen/ubd0104/location","hasValue":true},{"label":"Le Port","value":"https://ld.admin.ch/dimension/bgdi/inlandwaters/bathingwater/CH22092","children":[],"identifier":"CH22092","depth":1,"dimensionIri":"https://environment.ld.admin.ch/foen/ubd0104/location","hasValue":true},{"label":"Avenches","value":"https://ld.admin.ch/dimension/bgdi/inlandwaters/bathingwater/CH22093","children":[],"identifier":"CH22093","depth":1,"dimensionIri":"https://environment.ld.admin.ch/foen/ubd0104/location","hasValue":true}],"identifier":"BAQUA_VD","depth":0,"dimensionIri":"https://environment.ld.admin.ch/foen/ubd0104/location","hasValue":false},{"label":"BAQUA_ZG","value":"https://ld.admin.ch/cube/dimension/baqua/zg","children":[{"label":"Strandbad Seeliken","value":"https://ld.admin.ch/dimension/bgdi/inlandwaters/bathingwater/CH9001","children":[],"identifier":"CH9001","depth":1,"dimensionIri":"https://environment.ld.admin.ch/foen/ubd0104/location","hasValue":true},{"label":"Strandbad Brüggli","value":"https://ld.admin.ch/dimension/bgdi/inlandwaters/bathingwater/CH9002","children":[],"identifier":"CH9002","depth":1,"dimensionIri":"https://environment.ld.admin.ch/foen/ubd0104/location","hasValue":true},{"label":"Camping Unterägeri","value":"https://ld.admin.ch/dimension/bgdi/inlandwaters/bathingwater/CH9003","children":[],"identifier":"CH9003","depth":1,"dimensionIri":"https://environment.ld.admin.ch/foen/ubd0104/location","hasValue":true},{"label":"Strandbad Lido","value":"https://ld.admin.ch/dimension/bgdi/inlandwaters/bathingwater/CH9004","children":[],"identifier":"CH9004","depth":1,"dimensionIri":"https://environment.ld.admin.ch/foen/ubd0104/location","hasValue":true}],"identifier":"BAQUA_ZG","depth":0,"dimensionIri":"https://environment.ld.admin.ch/foen/ubd0104/location","hasValue":false},{"label":"BAQUA_ZH","value":"https://ld.admin.ch/cube/dimension/baqua/zh","children":[{"label":"Strandbad Maur","value":"https://ld.admin.ch/dimension/bgdi/inlandwaters/bathingwater/CH1013","children":[],"identifier":"CH1013","depth":1,"dimensionIri":"https://environment.ld.admin.ch/foen/ubd0104/location","hasValue":true},{"label":"Strandbad Uster","value":"https://ld.admin.ch/dimension/bgdi/inlandwaters/bathingwater/CH1016","children":[],"identifier":"CH1016","depth":1,"dimensionIri":"https://environment.ld.admin.ch/foen/ubd0104/location","hasValue":true},{"label":"Strandbad Baumen","value":"https://ld.admin.ch/dimension/bgdi/inlandwaters/bathingwater/CH1029","children":[],"identifier":"CH1029","depth":1,"dimensionIri":"https://environment.ld.admin.ch/foen/ubd0104/location","hasValue":true},{"label":"Strandbad Küsnacht","value":"https://ld.admin.ch/dimension/bgdi/inlandwaters/bathingwater/CH1050","children":[],"identifier":"CH1050","depth":1,"dimensionIri":"https://environment.ld.admin.ch/foen/ubd0104/location","hasValue":true},{"label":"Seebad Lattenberg","value":"https://ld.admin.ch/dimension/bgdi/inlandwaters/bathingwater/CH1058","children":[],"identifier":"CH1058","depth":1,"dimensionIri":"https://environment.ld.admin.ch/foen/ubd0104/location","hasValue":true},{"label":"Strandbad Bürger","value":"https://ld.admin.ch/dimension/bgdi/inlandwaters/bathingwater/CH1061","children":[],"identifier":"CH1061","depth":1,"dimensionIri":"https://environment.ld.admin.ch/foen/ubd0104/location","hasValue":true},{"label":"Strandbad Reitliau","value":"https://ld.admin.ch/dimension/bgdi/inlandwaters/bathingwater/CH1065","children":[],"identifier":"CH1065","depth":1,"dimensionIri":"https://environment.ld.admin.ch/foen/ubd0104/location","hasValue":true}],"identifier":"BAQUA_ZH","depth":0,"dimensionIri":"https://environment.ld.admin.ch/foen/ubd0104/location","hasValue":false},{"label":"https://ld.admin.ch/dimension/bgdi/inlandwaters/bathingwater/CH7005","value":"https://ld.admin.ch/dimension/bgdi/inlandwaters/bathingwater/CH7005","depth":-1,"dimensionIri":"https://environment.ld.admin.ch/foen/ubd0104/location","hasValue":true,"position":-1,"identifier":"","children":[]}]}],"measures":[]}}}
