{"query":"query DataCubeComponents($sourceType: String!, $sourceUrl: String!, $locale: String!, $cubeFilter: DataCubeComponentFilter!) {\n  dataCubeComponents(\n    sourceType: $sourceType\n    sourceUrl: $sourceUrl\n    locale: $locale\n    cubeFilter: $cubeFilter\n  )\n}\n","operationName":"DataCubeComponents","variables":{"locale":"en","sourceType":"sparql","sourceUrl":"https://int.lindas.admin.ch/query","cubeFilter":{"iri":"https://environment.ld.admin.ch/foen/ubd0104/11","componentIris":["https://environment.ld.admin.ch/foen/ubd0104/dateofprobing","https://environment.ld.admin.ch/foen/ubd0104/location","https://environment.ld.admin.ch/foen/ubd0104/parametertype","https://environment.ld.admin.ch/foen/ubd0104/value"],"filters":{"https://environment.ld.admin.ch/foen/ubd0104/location":{"type":"single","value":"https://ld.admin.ch/dimension/bgdi/inlandwaters/bathingwater/CH19007"},"https://environment.ld.admin.ch/foen/ubd0104/parametertype":{"type":"single","value":"E.coli"}},"loadValues":true}}}