{"data":{"dataCubeComponents":{"dimensions":[{"__typename":"NominalDimension","cubeIri":"https://environment.ld.admin.ch/foen/ubd0066/15","iri":"https://environment.ld.admin.ch/foen/ubd0066/messparameter","label":"Heavy metal","scaleType":"Nominal","isNumerical":false,"isKeyDimension":true,"values":[],"related":[],"hierarchy":null},{"__typename":"NominalDimension","cubeIri":"https://environment.ld.admin.ch/foen/ubd0066/15","iri":"https://environment.ld.admin.ch/foen/ubd0066/station","label":"Site","scaleType":"Nominal","isNumerical":false,"isKeyDimension":true,"values":[],"related":[],"hierarchy":null},{"__typename":"NominalDimension","cubeIri":"https://environment.ld.admin.ch/foen/ubd0066/15","iri":"https://environment.ld.admin.ch/foen/ubd0066/samplingperiod","label":"Sampling Period","scaleType":"Nominal","isNumerical":false,"isKeyDimension":false,"values":[],"related":[],"hierarchy":null}],"measures":[{"__typename":"NumericalMeasure","isCurrency":false,"isDecimal":true,"cubeIri":"https://environment.ld.admin.ch/foen/ubd0066/15","iri":"https://environment.ld.admin.ch/foen/ubd0066/wert","label":"Heavy metal concentration","unit":"mg/kg DM","scaleType":"Ratio","dataType":"http://www.w3.org/2001/XMLSchema#decimal","isNumerical":true,"isKeyDimension":false,"values":[],"related":[]}]}}}
