{"query":"query DataCubeObservations($sourceType: String!, $sourceUrl: String!, $locale: String!, $cubeFilter: DataCubeObservationFilter!) {\n  dataCubeObservations(\n    sourceType: $sourceType\n    sourceUrl: $sourceUrl\n    locale: $locale\n    cubeFilter: $cubeFilter\n  )\n}\n","operationName":"DataCubeObservations","variables":{"locale":"en","sourceType":"sparql","sourceUrl":"https://int.lindas.admin.ch/query","cubeFilter":{"iri":"https://environment.ld.admin.ch/foen/ubd0066/15","componentIris":["https://environment.ld.admin.ch/foen/ubd0066/messparameter","https://environment.ld.admin.ch/foen/ubd0066/samplingperiod","https://environment.ld.admin.ch/foen/ubd0066/station","https://environment.ld.admin.ch/foen/ubd0066/wert"],"filters":{"https://environment.ld.admin.ch/foen/ubd0066/station":{"type":"single","value":"https://environment.ld.admin.ch/foen/ubd0066/Station/100_1"},"https://environment.ld.admin.ch/foen/ubd0066/samplingperiod":{"type":"single","value":"https://environment.ld.admin.ch/foen/ubd0066/samplingperiod/1"}}}}}