{"query":"query PossibleFilters($iri: String!, $sourceType: String!, $sourceUrl: String!, $filters: SingleFilters!) {\n  possibleFilters(\n    iri: $iri\n    sourceType: $sourceType\n    sourceUrl: $sourceUrl\n    filters: $filters\n  ) {\n    iri\n    type\n    value\n    __typename\n  }\n}\n","operationName":"PossibleFilters","variables":{"iri":"https://environment.ld.admin.ch/foen/ubd0066/15","sourceType":"sparql","sourceUrl":"https://int.lindas.admin.ch/query","filters":{"https://environment.ld.admin.ch/foen/ubd0066/station":{"type":"single","value":"https://environment.ld.admin.ch/foen/ubd0066/Station/100_1"},"https://environment.ld.admin.ch/foen/ubd0066/samplingperiod":{"type":"single","value":"https://environment.ld.admin.ch/foen/ubd0066/samplingperiod/1"}},"filterKey":"https://environment.ld.admin.ch/foen/ubd0066/station, https://environment.ld.admin.ch/foen/ubd0066/samplingperiod"}}