{"errors":[{"message":"Variable \"$iri\" of required type \"String!\" was not provided.","locations":[{"line":1,"column":43}],"extensions":{"code":"INTERNAL_SERVER_ERROR","exception":{"stacktrace":["GraphQLError: Variable \"$iri\" of required type \"String!\" was not provided.","    at _loop (/Users/patrick/work/visualization-tool/node_modules/graphql/execution/values.js:94:17)","    at coerceVariableValues (/Users/patrick/work/visualization-tool/node_modules/graphql/execution/values.js:121:16)","    at getVariableValues (/Users/patrick/work/visualization-tool/node_modules/graphql/execution/values.js:50:19)","    at buildExecutionContext (/Users/patrick/work/visualization-tool/node_modules/graphql/execution/execute.js:203:61)","    at executeImpl (/Users/patrick/work/visualization-tool/node_modules/graphql/execution/execute.js:101:20)","    at Object.execute (/Users/patrick/work/visualization-tool/node_modules/graphql/execution/execute.js:60:35)","    at /Users/patrick/work/visualization-tool/node_modules/apollo-server-core/dist/requestPipeline.js:261:48","    at Generator.next (<anonymous>)","    at /Users/patrick/work/visualization-tool/node_modules/apollo-server-core/dist/requestPipeline.js:8:71","    at new Promise (<anonymous>)"]}}}],"extensions":{"queries":[]}}
