{"data":{"dataCubeByIri":{"iri":"https://culture.ld.admin.ch/sfa/StateAccounts_Office/1","identifier":"StateAccounts_Office","title":"State accounts - Office","description":"Dans le compte d’Etat le Conseil fédéral présente les recettes de l’administration fédérale durant l’exercice précédent et rend compte des dépenses.  L’administration fédérale des finances (AFF) consolide les comptes annuels des départements et des offices et en tire le rapport concernant le compte d’Etat. Ce dernier est approuvé par le Conseil fédéral, et est adressé sous forme imprimée au Parlement, qui en prend acte.  Le Conseil fédéral présente également à l’Assemblée fédérale le budget de l’année suivante, préparé lui aussi par l’AFF. En l’adoptant le Parlement autorise les charges prévues et les dépenses générales en même temps qu’il prend connaissance des rendements et recettes escomptés.  Vous trouvez des données complémentaires et le compte d’Etat actuel sur la page Internet de l’AFF : https://www.efv.admin.ch/efv/fr/home.html.","publisher":"Schweizerisches Bundesarchiv BAR","version":"1","workExamples":["https://ld.admin.ch/application/opendataswiss","https://ld.admin.ch/application/visualize","b3138_genid2d9bce0398dcac4e8fa8bd95be831740492dalmgQJWXejZHop8b394","b3138_genid2d9bce0398dcac4e8fa8bd95be831740492dalmgQJWXejZHop8b395"],"contactName":"Schweizerisches Bundesarchiv BAR","contactEmail":"bundesarchiv@bar.admin.ch","landingPage":"https://www.bar.admin.ch/bar/de/home/recherche/suchen/suchmaschinen-portale/amtsdruckschriften.html","expires":null,"datePublished":null,"dateModified":"2022-05-23T10:19:07.650Z","publicationStatus":"PUBLISHED","themes":[{"iri":"https://register.ld.admin.ch/opendataswiss/category/administration","label":"Administration","__typename":"DataCubeTheme"},{"iri":"https://register.ld.admin.ch/opendataswiss/category/statistical-basis","label":"Statistical basis","__typename":"DataCubeTheme"},{"iri":"https://register.ld.admin.ch/opendataswiss/category/finances","label":"Finances","__typename":"DataCubeTheme"}],"creator":{"iri":"https://register.ld.admin.ch/opendataswiss/org/schweizerisches-bundesarchiv-bar","label":"Swiss Federal Archives SFA","__typename":"DataCubeOrganization"},"__typename":"DataCube"}},"extensions":{"queries":[{"startTime":1666286133337,"endTime":1666286133459,"text":"#pragma describe.strategy cbd\n#pragma join.hash off\n\n\nPREFIX schema: <http://schema.org/>\n\nSELECT *\n\nWHERE {\n\n    graph   <https://lindas.admin.ch/sfa/opendataswiss> {\n      ?theme a schema:DefinedTerm ;\n        schema:inDefinedTermSet <https://register.ld.admin.ch/opendataswiss/category>; \n        OPTIONAL {\n    ?theme schema:name ?name_en\n    FILTER (LANGMATCHES(LANG(?name_en), \"en\"))\n  }\nOPTIONAL {\n    ?theme schema:name ?name_de\n    FILTER (LANGMATCHES(LANG(?name_de), \"de\"))\n  }\nOPTIONAL {\n    ?theme schema:name ?name_fr\n    FILTER (LANGMATCHES(LANG(?name_fr), \"fr\"))\n  }\nOPTIONAL {\n    ?theme schema:name ?name_it\n    FILTER (LANGMATCHES(LANG(?name_it), \"it\"))\n  }\nOPTIONAL {\n    ?theme schema:name ?name_\n    FILTER ((LANG(?name_) = \"\"))\n  }\n  BIND(COALESCE(?name_en,?name_de,?name_fr,?name_it,?name_) as ?name)\n  \n    }\n}\n\n\n\n"},{"startTime":1666286133338,"endTime":1666286133469,"text":"#pragma describe.strategy cbd\n#pragma join.hash off\n\n\nPREFIX schema: <http://schema.org/>\n\nSELECT *\n\nWHERE {\n\n    graph   <https://lindas.admin.ch/sfa/opendataswiss> {\n      ?theme a schema:Organization ;\n      OPTIONAL {\n    ?theme schema:name ?name_en\n    FILTER (LANGMATCHES(LANG(?name_en), \"en\"))\n  }\nOPTIONAL {\n    ?theme schema:name ?name_de\n    FILTER (LANGMATCHES(LANG(?name_de), \"de\"))\n  }\nOPTIONAL {\n    ?theme schema:name ?name_fr\n    FILTER (LANGMATCHES(LANG(?name_fr), \"fr\"))\n  }\nOPTIONAL {\n    ?theme schema:name ?name_it\n    FILTER (LANGMATCHES(LANG(?name_it), \"it\"))\n  }\nOPTIONAL {\n    ?theme schema:name ?name_\n    FILTER ((LANG(?name_) = \"\"))\n  }\n  BIND(COALESCE(?name_en,?name_de,?name_fr,?name_it,?name_) as ?name)\n  \n    }\n}\n\n\n\n"}],"timings":{"children":{"dataCubeByIri":{"children":{"themes":{"children":{"0":{"children":{"label":{"children":{},"start":1666286133337,"end":1666286133459}}},"1":{"children":{"label":{"children":{},"start":1666286133337,"end":1666286133459}}},"2":{"children":{"label":{"children":{},"start":1666286133337,"end":1666286133459}}}}},"creator":{"children":{"label":{"children":{},"start":1666286133337,"end":1666286133469}}}},"start":1666286133026,"end":1666286133337}}}}}
