{"data":{"dataCubeByIri":{"iri":"https://culture.ld.admin.ch/sfa/StateAccounts_Office/1","title":"State accounts - Office","publisher":"Schweizerisches Bundesarchiv BAR","identifier":"StateAccounts_Office","workExamples":["https://ld.admin.ch/application/opendataswiss","https://ld.admin.ch/application/visualize","b3137_genid2d9bce0398dcac4e8fa8bd95be831740492dalmgQJWXejZHop8b394","b3137_genid2d9bce0398dcac4e8fa8bd95be831740492dalmgQJWXejZHop8b395"],"creator":{"iri":"https://register.ld.admin.ch/opendataswiss/org/schweizerisches-bundesarchiv-bar","__typename":"DataCubeOrganization"},"landingPage":"https://www.bar.admin.ch/bar/de/home/recherche/suchen/suchmaschinen-portale/amtsdruckschriften.html","dimensions":[{"iri":"http://www.w3.org/2006/time#Year","label":"Year","description":null,"isNumerical":false,"isKeyDimension":true,"order":null,"values":[{"value":"1951","label":"1951"},{"value":"2014","label":"2014"}],"unit":"a","related":[],"hierarchy":null,"timeUnit":"Year","timeFormat":"%Y","__typename":"TemporalDimension"},{"iri":"https://culture.ld.admin.ch/sfa/StateAccounts_Office/office","label":"Office","description":null,"isNumerical":false,"isKeyDimension":true,"order":null,"values":[{"value":"https://culture.ld.admin.ch/sfa/StateAccounts_Office/Office/O1","label":"Getreideverwaltung"},{"value":"https://culture.ld.admin.ch/sfa/StateAccounts_Office/Office/O10","label":"Armasuisse Immobilien"},{"value":"https://culture.ld.admin.ch/sfa/StateAccounts_Office/Office/O100","label":"Anstalt für Wasserversorgung, Abwassereinigung und Gewässerschutz"},{"value":"https://culture.ld.admin.ch/sfa/StateAccounts_Office/Office/O101","label":"Institut für Reaktorforschung"},{"value":"https://culture.ld.admin.ch/sfa/StateAccounts_Office/Office/O102","label":"Schweizerisches Institut für Rechtsvergleichung"},{"value":"https://culture.ld.admin.ch/sfa/StateAccounts_Office/Office/O103","label":"Pulververwaltung"},{"value":"https://culture.ld.admin.ch/sfa/StateAccounts_Office/Office/O104","label":"Kriegsmaterialverwaltung"},{"value":"https://culture.ld.admin.ch/sfa/StateAccounts_Office/Office/O105","label":"Materialprüfungs- und Versuchsanstalt für Industrie, Bauwesen und Gewerbe"},{"value":"https://culture.ld.admin.ch/sfa/StateAccounts_Office/Office/O106","label":"Bundesanwaltschaft"},{"value":"https://culture.ld.admin.ch/sfa/StateAccounts_Office/Office/O107","label":"Münzstätte"},{"value":"https://culture.ld.admin.ch/sfa/StateAccounts_Office/Office/O108","label":"Landesmuseum"},{"value":"https://culture.ld.admin.ch/sfa/StateAccounts_Office/Office/O109","label":"Luftamt"},{"value":"https://culture.ld.admin.ch/sfa/StateAccounts_Office/Office/O11","label":"Armasuisse W+T"},{"value":"https://culture.ld.admin.ch/sfa/StateAccounts_Office/Office/O110","label":"Zentralstelle für Gesamtverteidigung"},{"value":"https://culture.ld.admin.ch/sfa/StateAccounts_Office/Office/O111","label":"Drucksachen- und Materialzentrale"},{"value":"https://culture.ld.admin.ch/sfa/StateAccounts_Office/Office/O112","label":"Amt für Wasserwirtschaft"},{"value":"https://culture.ld.admin.ch/sfa/StateAccounts_Office/Office/O113","label":"Amt für Elektrizitätswirtschaft"},{"value":"https://culture.ld.admin.ch/sfa/StateAccounts_Office/Office/O114","label":"Amt für Energiewirtschaft"},{"value":"https://culture.ld.admin.ch/sfa/StateAccounts_Office/Office/O115","label":"Bundesamt für Umweltschutz"},{"value":"https://culture.ld.admin.ch/sfa/StateAccounts_Office/Office/O116","label":"Amt für Wissenschaft und Forschung"},{"value":"https://culture.ld.admin.ch/sfa/StateAccounts_Office/Office/O117","label":"Bundesamt für Metrologie und Akkreditierung"},{"value":"https://culture.ld.admin.ch/sfa/StateAccounts_Office/Office/O118","label":"Bundesamt für Verkehr"},{"value":"https://culture.ld.admin.ch/sfa/StateAccounts_Office/Office/O119","label":"Preiskontrollstelle"},{"value":"https://culture.ld.admin.ch/sfa/StateAccounts_Office/Office/O12","label":"Militärversicherung"},{"value":"https://culture.ld.admin.ch/sfa/StateAccounts_Office/Office/O120","label":"Bundesamt für Wirtschaft und Arbeit"},{"value":"https://culture.ld.admin.ch/sfa/StateAccounts_Office/Office/O121","label":"Bundesamt für Adjutantur"},{"value":"https://culture.ld.admin.ch/sfa/StateAccounts_Office/Office/O122","label":"Bundesamt für Landwirtschaft"},{"value":"https://culture.ld.admin.ch/sfa/StateAccounts_Office/Office/O123","label":"Bundesamt für wirtschaftliche Landesversorgung"},{"value":"https://culture.ld.admin.ch/sfa/StateAccounts_Office/Office/O124","label":"Bundesamt für Militärversicherung"},{"value":"https://culture.ld.admin.ch/sfa/StateAccounts_Office/Office/O125","label":"Bundesamt für Zivilluftfahrt"},{"value":"https://culture.ld.admin.ch/sfa/StateAccounts_Office/Office/O126","label":"Bundesamt für Militärflugwesen und Fliegerabwehr"},{"value":"https://culture.ld.admin.ch/sfa/StateAccounts_Office/Office/O127","label":"Bundesamt für Umwelt"},{"value":"https://culture.ld.admin.ch/sfa/StateAccounts_Office/Office/O128","label":"Bundesamt für Umwelt, Wald und Landschaft"},{"value":"https://culture.ld.admin.ch/sfa/StateAccounts_Office/Office/O129","label":"Bundesamt für Zuwanderung, Integration und Auswanderung"},{"value":"https://culture.ld.admin.ch/sfa/StateAccounts_Office/Office/O13","label":"Regulierungsbehörden Infrastruktur"},{"value":"https://culture.ld.admin.ch/sfa/StateAccounts_Office/Office/O130","label":"Bundesamt für Industrie, Gewerbe und Arbeit"},{"value":"https://culture.ld.admin.ch/sfa/StateAccounts_Office/Office/O131","label":"Bundesamt für Informatik und Telekommunikation"},{"value":"https://culture.ld.admin.ch/sfa/StateAccounts_Office/Office/O132","label":"Bundesamt für Organisation"},{"value":"https://culture.ld.admin.ch/sfa/StateAccounts_Office/Office/O133","label":"Bundesamt für Wasserwirtschaft"},{"value":"https://culture.ld.admin.ch/sfa/StateAccounts_Office/Office/O134","label":"Bundesamt für Bildung und Wissenschaft"},{"value":"https://culture.ld.admin.ch/sfa/StateAccounts_Office/Office/O135","label":"Bundesamt für Energiewirtschaft"},{"value":"https://culture.ld.admin.ch/sfa/StateAccounts_Office/Office/O136","label":"Bundesamt für Kommunikation"},{"value":"https://culture.ld.admin.ch/sfa/StateAccounts_Office/Office/O137","label":"Bundesamt für wirtschaftliche Kriegsvorsorge"},{"value":"https://culture.ld.admin.ch/sfa/StateAccounts_Office/Office/O138","label":"Bundesamt für Berufsbildung und Technologie"},{"value":"https://culture.ld.admin.ch/sfa/StateAccounts_Office/Office/O139","label":"Bundesamt für Justiz"},{"value":"https://culture.ld.admin.ch/sfa/StateAccounts_Office/Office/O14","label":"AHV-Zentrale Ausgleichsstelle"},{"value":"https://culture.ld.admin.ch/sfa/StateAccounts_Office/Office/O140","label":"Bundesamt für Polizeiwesen"},{"value":"https://culture.ld.admin.ch/sfa/StateAccounts_Office/Office/O141","label":"Bundesamt für geistiges Eigentum"},{"value":"https://culture.ld.admin.ch/sfa/StateAccounts_Office/Office/O142","label":"Bundesamt für Bevölkerungsschutz"},{"value":"https://culture.ld.admin.ch/sfa/StateAccounts_Office/Office/O143","label":"Bundesamt für Gesundheitswesen"},{"value":"https://culture.ld.admin.ch/sfa/StateAccounts_Office/Office/O144","label":"Bundesamt für Statistik"},{"value":"https://culture.ld.admin.ch/sfa/StateAccounts_Office/Office/O145","label":"Bundesamt für Lebensmittelsicherheit und Veterinärwesen"},{"value":"https://culture.ld.admin.ch/sfa/StateAccounts_Office/Office/O146","label":"Bundesamt für Landestopographie"},{"value":"https://culture.ld.admin.ch/sfa/StateAccounts_Office/Office/O147","label":"Bundesamt für Meteorologie und Klimatologie"},{"value":"https://culture.ld.admin.ch/sfa/StateAccounts_Office/Office/O148","label":"Bundesamt für Kulturpflege"},{"value":"https://culture.ld.admin.ch/sfa/StateAccounts_Office/Office/O149","label":"Bundesamt für Sanitätsdienst"},{"value":"https://culture.ld.admin.ch/sfa/StateAccounts_Office/Office/O15","label":"Militärflugplätze"},{"value":"https://culture.ld.admin.ch/sfa/StateAccounts_Office/Office/O150","label":"Bundesamt für Militärveterinärdienst"},{"value":"https://culture.ld.admin.ch/sfa/StateAccounts_Office/Office/O151","label":"Bundesamt für Aussenwirtschaft"},{"value":"https://culture.ld.admin.ch/sfa/StateAccounts_Office/Office/O152","label":"Bundesamt für Privatversicherungswesen"},{"value":"https://culture.ld.admin.ch/sfa/StateAccounts_Office/Office/O153","label":"Bundesamt für Sozialversicherungen"},{"value":"https://culture.ld.admin.ch/sfa/StateAccounts_Office/Office/O154","label":"Bundesamt für Militärflugplätze"},{"value":"https://culture.ld.admin.ch/sfa/StateAccounts_Office/Office/O155","label":"Bundesamt für Bauten und Logistik"},{"value":"https://culture.ld.admin.ch/sfa/StateAccounts_Office/Office/O156","label":"Bundesamt für Wasser und Geologie"},{"value":"https://culture.ld.admin.ch/sfa/StateAccounts_Office/Office/O157","label":"Bundesamt für Forstwesen"},{"value":"https://culture.ld.admin.ch/sfa/StateAccounts_Office/Office/O158","label":"Bundesamt für Migration"},{"value":"https://culture.ld.admin.ch/sfa/StateAccounts_Office/Office/O159","label":"Bundesamt für Konjunkturfragen"},{"value":"https://culture.ld.admin.ch/sfa/StateAccounts_Office/Office/O16","label":"Zentralbibliothek"},{"value":"https://culture.ld.admin.ch/sfa/StateAccounts_Office/Office/O160","label":"Bundesamt für Strassenbau"},{"value":"https://culture.ld.admin.ch/sfa/StateAccounts_Office/Office/O161","label":"Bundesamt für Flüchtlinge"},{"value":"https://culture.ld.admin.ch/sfa/StateAccounts_Office/Office/O162","label":"Bundesamt für Übermittlungstruppen"},{"value":"https://culture.ld.admin.ch/sfa/StateAccounts_Office/Office/O163","label":"Bundesamt für Ausländerfragen"},{"value":"https://culture.ld.admin.ch/sfa/StateAccounts_Office/Office/O164","label":"Bundesamt für Raumentwicklung"},{"value":"https://culture.ld.admin.ch/sfa/StateAccounts_Office/Office/O165","label":"Bundesamt für Genie und Festungen"},{"value":"https://culture.ld.admin.ch/sfa/StateAccounts_Office/Office/O166","label":"Bundesamt für Wohnungswesen"},{"value":"https://culture.ld.admin.ch/sfa/StateAccounts_Office/Office/O167","label":"Eidgenössisches Personalamt"},{"value":"https://culture.ld.admin.ch/sfa/StateAccounts_Office/Office/O168","label":"Bundesamt für Sport"},{"value":"https://culture.ld.admin.ch/sfa/StateAccounts_Office/Office/O169","label":"Bundesamt für Raumplanung"},{"value":"https://culture.ld.admin.ch/sfa/StateAccounts_Office/Office/O17","label":"Schweizerische Nationalbibliothek"},{"value":"https://culture.ld.admin.ch/sfa/StateAccounts_Office/Office/O170","label":"Bundesamt für Zivilschutz"},{"value":"https://culture.ld.admin.ch/sfa/StateAccounts_Office/Office/O171","label":"Bundesamt für Veterinärwesen"},{"value":"https://culture.ld.admin.ch/sfa/StateAccounts_Office/Office/O172","label":"Vollzugsstelle für den Zivildienst"},{"value":"https://culture.ld.admin.ch/sfa/StateAccounts_Office/Office/O173","label":"Armeemotorfahrzeugpark"},{"value":"https://culture.ld.admin.ch/sfa/StateAccounts_Office/Office/O174","label":"Fremdenpolizei"},{"value":"https://culture.ld.admin.ch/sfa/StateAccounts_Office/Office/O175","label":"Post/Swisscom"},{"value":"https://culture.ld.admin.ch/sfa/StateAccounts_Office/Office/O176","label":"Militärsanatorien und Gutsbetriebe"},{"value":"https://culture.ld.admin.ch/sfa/StateAccounts_Office/Office/O177","label":"Staatssekretariat für internationale Finanzfragen"},{"value":"https://culture.ld.admin.ch/sfa/StateAccounts_Office/Office/O178","label":"Staatssekretariat und Büro für Weltraumangelegenheiten"},{"value":"https://culture.ld.admin.ch/sfa/StateAccounts_Office/Office/O179","label":"Staatssekretariat für Wirtschaft"},{"value":"https://culture.ld.admin.ch/sfa/StateAccounts_Office/Office/O18","label":"Büro für die Gleichstellung von Frau und Mann"},{"value":"https://culture.ld.admin.ch/sfa/StateAccounts_Office/Office/O180","label":"Staatssekretariat für Bildung und Forschung"},{"value":"https://culture.ld.admin.ch/sfa/StateAccounts_Office/Office/O181","label":"Departementsekretariat"},{"value":"https://culture.ld.admin.ch/sfa/StateAccounts_Office/Office/O182","label":"Generalsekretariat"},{"value":"https://culture.ld.admin.ch/sfa/StateAccounts_Office/Office/O183","label":"Generalsekretariat VBS"},{"value":"https://culture.ld.admin.ch/sfa/StateAccounts_Office/Office/O184","label":"Generalsekretariat UVEK"},{"value":"https://culture.ld.admin.ch/sfa/StateAccounts_Office/Office/O185","label":"Generalsekretariat EVD"},{"value":"https://culture.ld.admin.ch/sfa/StateAccounts_Office/Office/O186","label":"Generalsekretariat WBF"},{"value":"https://culture.ld.admin.ch/sfa/StateAccounts_Office/Office/O187","label":"Generalsekretariat EFD"},{"value":"https://culture.ld.admin.ch/sfa/StateAccounts_Office/Office/O188","label":"Generalsekretariat EDI"},{"value":"https://culture.ld.admin.ch/sfa/StateAccounts_Office/Office/O189","label":"Generalsekretariat EJPD"},{"value":"https://culture.ld.admin.ch/sfa/StateAccounts_Office/Office/O19","label":"Amt für geistiges Eigentum"},{"value":"https://culture.ld.admin.ch/sfa/StateAccounts_Office/Office/O190","label":"Beschwerdedienst"},{"value":"https://culture.ld.admin.ch/sfa/StateAccounts_Office/Office/O191","label":"Zivildienst"},{"value":"https://culture.ld.admin.ch/sfa/StateAccounts_Office/Office/O192","label":"Schweizerische Akkreditierungsstelle"},{"value":"https://culture.ld.admin.ch/sfa/StateAccounts_Office/Office/O193","label":"Schweizerische Unfalluntersuchungsstelle"},{"value":"https://culture.ld.admin.ch/sfa/StateAccounts_Office/Office/O194","label":"Abteilung für Adjutantur"},{"value":"https://culture.ld.admin.ch/sfa/StateAccounts_Office/Office/O195","label":"Abteilung für Artillerie"},{"value":"https://culture.ld.admin.ch/sfa/StateAccounts_Office/Office/O196","label":"Abteilung für Flugwesen und Fliegerabwehr"},{"value":"https://culture.ld.admin.ch/sfa/StateAccounts_Office/Office/O197","label":"Gesundheitsamt"},{"value":"https://culture.ld.admin.ch/sfa/StateAccounts_Office/Office/O198","label":"Abteilung für Infanterie"},{"value":"https://culture.ld.admin.ch/sfa/StateAccounts_Office/Office/O199","label":"Generalstabsabteilung"},{"value":"https://culture.ld.admin.ch/sfa/StateAccounts_Office/Office/O2","label":"Finanzverwaltung"},{"value":"https://culture.ld.admin.ch/sfa/StateAccounts_Office/Office/O20","label":"Statistisches Amt"},{"value":"https://culture.ld.admin.ch/sfa/StateAccounts_Office/Office/O200","label":"Abteilung für Heeresmotorisierung"},{"value":"https://culture.ld.admin.ch/sfa/StateAccounts_Office/Office/O201","label":"Abteilung für Luftschutz"},{"value":"https://culture.ld.admin.ch/sfa/StateAccounts_Office/Office/O202","label":"Amt für Gewässerschutz"},{"value":"https://culture.ld.admin.ch/sfa/StateAccounts_Office/Office/O203","label":"Nachrichtendienst des Bundes"},{"value":"https://culture.ld.admin.ch/sfa/StateAccounts_Office/Office/O204","label":"Abteilung für Sanität"},{"value":"https://culture.ld.admin.ch/sfa/StateAccounts_Office/Office/O205","label":"Abteilung für Militärflugplätze"},{"value":"https://culture.ld.admin.ch/sfa/StateAccounts_Office/Office/O206","label":"Amt für Wasserwirtschaft"},{"value":"https://culture.ld.admin.ch/sfa/StateAccounts_Office/Office/O207","label":"Sektion für Ein- und Ausfuhr"},{"value":"https://culture.ld.admin.ch/sfa/StateAccounts_Office/Office/O208","label":"Amt für Straßen- und Flußbau"},{"value":"https://culture.ld.admin.ch/sfa/StateAccounts_Office/Office/O209","label":"Abteilung für Übermittlungstruppen"},{"value":"https://culture.ld.admin.ch/sfa/StateAccounts_Office/Office/O21","label":"Versicherungsamt"},{"value":"https://culture.ld.admin.ch/sfa/StateAccounts_Office/Office/O210","label":"Abteilung für Transportdienst und Reparaturtruppen"},{"value":"https://culture.ld.admin.ch/sfa/StateAccounts_Office/Office/O211","label":"Kriegstechnische Abteilung"},{"value":"https://culture.ld.admin.ch/sfa/StateAccounts_Office/Office/O212","label":"Abteilung für Territorialdienst und Luftschutztruppen"},{"value":"https://culture.ld.admin.ch/sfa/StateAccounts_Office/Office/O213","label":"Abteilung für Landestopographie"},{"value":"https://culture.ld.admin.ch/sfa/StateAccounts_Office/Office/O214","label":"Abteilung für Veterinärwesen"},{"value":"https://culture.ld.admin.ch/sfa/StateAccounts_Office/Office/O215","label":"Abteilung für Leichte Truppen"},{"value":"https://culture.ld.admin.ch/sfa/StateAccounts_Office/Office/O216","label":"Abteilung für Mechanisierte und Leichte Truppen"},{"value":"https://culture.ld.admin.ch/sfa/StateAccounts_Office/Office/O217","label":"Meteorologische Zentralanstalt"},{"value":"https://culture.ld.admin.ch/sfa/StateAccounts_Office/Office/O218","label":"Landwirtschaftliche Forschungsanstalten"},{"value":"https://culture.ld.admin.ch/sfa/StateAccounts_Office/Office/O219","label":"Informatiksteuerungsorgan des Bundes"},{"value":"https://culture.ld.admin.ch/sfa/StateAccounts_Office/Office/O22","label":"Amt für Maß und Gewicht"},{"value":"https://culture.ld.admin.ch/sfa/StateAccounts_Office/Office/O23","label":"Büro des Delegierten für Arbeitsbeschaffung und wirtschaftlicher Landesverteidigung"},{"value":"https://culture.ld.admin.ch/sfa/StateAccounts_Office/Office/O24","label":"Versicherungskasse"},{"value":"https://culture.ld.admin.ch/sfa/StateAccounts_Office/Office/O25","label":"Heiz- und Elektrizitätszentrale"},{"value":"https://culture.ld.admin.ch/sfa/StateAccounts_Office/Office/O26","label":"Zentralstelle für Arbeitsbeschaffung und Büro für Wohnungsbau"},{"value":"https://culture.ld.admin.ch/sfa/StateAccounts_Office/Office/O27","label":"Bundesreisezentrale"},{"value":"https://culture.ld.admin.ch/sfa/StateAccounts_Office/Office/O28","label":"Zentralstelle für Organisationsfragen"},{"value":"https://culture.ld.admin.ch/sfa/StateAccounts_Office/Office/O29","label":"Informatik-Dienstleistungszentrum VBS"},{"value":"https://culture.ld.admin.ch/sfa/StateAccounts_Office/Office/O3","label":"PTT-Verwaltung"},{"value":"https://culture.ld.admin.ch/sfa/StateAccounts_Office/Office/O30","label":"Informatik-Dienstleistungszentrum UVEK"},{"value":"https://culture.ld.admin.ch/sfa/StateAccounts_Office/Office/O31","label":"Informatik-Dienstleistungszentrum EDA"},{"value":"https://culture.ld.admin.ch/sfa/StateAccounts_Office/Office/O32","label":"Information Service Center EVD"},{"value":"https://culture.ld.admin.ch/sfa/StateAccounts_Office/Office/O33","label":"Information Service Center WBF"},{"value":"https://culture.ld.admin.ch/sfa/StateAccounts_Office/Office/O34","label":"Informatik-Dienstleistungszentrum EDI"},{"value":"https://culture.ld.admin.ch/sfa/StateAccounts_Office/Office/O35","label":"Informatik Service Center EJPD"},{"value":"https://culture.ld.admin.ch/sfa/StateAccounts_Office/Office/O36","label":"Filmkammer"},{"value":"https://culture.ld.admin.ch/sfa/StateAccounts_Office/Office/O37","label":"Rehabilitationsklinik Novaggio"},{"value":"https://culture.ld.admin.ch/sfa/StateAccounts_Office/Office/O38","label":"Militärspital Novaggio"},{"value":"https://culture.ld.admin.ch/sfa/StateAccounts_Office/Office/O39","label":"Oberkriegskommissariat"},{"value":"https://culture.ld.admin.ch/sfa/StateAccounts_Office/Office/O4","label":"Eidgenössische Steuerverwaltung"},{"value":"https://culture.ld.admin.ch/sfa/StateAccounts_Office/Office/O40","label":"Wettbewerbskommission"},{"value":"https://culture.ld.admin.ch/sfa/StateAccounts_Office/Office/O41","label":"Rekurskommission UVEK"},{"value":"https://culture.ld.admin.ch/sfa/StateAccounts_Office/Office/O42","label":"Rekurskommission EVD"},{"value":"https://culture.ld.admin.ch/sfa/StateAccounts_Office/Office/O43","label":"Rekurskommission INUM"},{"value":"https://culture.ld.admin.ch/sfa/StateAccounts_Office/Office/O44","label":"Asyl-Rekurskommission"},{"value":"https://culture.ld.admin.ch/sfa/StateAccounts_Office/Office/O45","label":"Eidgenössische Bankenkommission"},{"value":"https://culture.ld.admin.ch/sfa/StateAccounts_Office/Office/O46","label":"Eidgenössische Spielbankenkommission"},{"value":"https://culture.ld.admin.ch/sfa/StateAccounts_Office/Office/O47","label":"Kommission für Technologie und Innovation"},{"value":"https://culture.ld.admin.ch/sfa/StateAccounts_Office/Office/O48","label":"Schweizer Hochschulrat"},{"value":"https://culture.ld.admin.ch/sfa/StateAccounts_Office/Office/O49","label":"Finanzkontrolle"},{"value":"https://culture.ld.admin.ch/sfa/StateAccounts_Office/Office/O5","label":"Eidgenössische Zollverwaltung"},{"value":"https://culture.ld.admin.ch/sfa/StateAccounts_Office/Office/O50","label":"Direktion der Militärverwaltung"},{"value":"https://culture.ld.admin.ch/sfa/StateAccounts_Office/Office/O51","label":"Direktion für Entwicklungszusammenarbeit und humanitäre Hilfe"},{"value":"https://culture.ld.admin.ch/sfa/StateAccounts_Office/Office/O52","label":"Direktion für Sicherheitspolitik"},{"value":"https://culture.ld.admin.ch/sfa/StateAccounts_Office/Office/O53","label":"Direktion der Bauten"},{"value":"https://culture.ld.admin.ch/sfa/StateAccounts_Office/Office/O54","label":"Abteilung für Landwirtschaft"},{"value":"https://culture.ld.admin.ch/sfa/StateAccounts_Office/Office/O55","label":"Justizabteilung"},{"value":"https://culture.ld.admin.ch/sfa/StateAccounts_Office/Office/O56","label":"Polizeiabteilung"},{"value":"https://culture.ld.admin.ch/sfa/StateAccounts_Office/Office/O57","label":"Abteilung für Wissenschaft und Forschung"},{"value":"https://culture.ld.admin.ch/sfa/StateAccounts_Office/Office/O58","label":"Abteilung für Ein- und Ausfuhr"},{"value":"https://culture.ld.admin.ch/sfa/StateAccounts_Office/Office/O59","label":"Handelsabteilung"},{"value":"https://culture.ld.admin.ch/sfa/StateAccounts_Office/Office/O6","label":"Agroscope"},{"value":"https://culture.ld.admin.ch/sfa/StateAccounts_Office/Office/O60","label":"Abteilung Rechtswesen und Sekretariat"},{"value":"https://culture.ld.admin.ch/sfa/StateAccounts_Office/Office/O61","label":"Hauptabteilung für die Sicherheit der Kernanlagen"},{"value":"https://culture.ld.admin.ch/sfa/StateAccounts_Office/Office/O62","label":"Bereich der Eidgenössischen Technischen Hochschulen"},{"value":"https://culture.ld.admin.ch/sfa/StateAccounts_Office/Office/O63","label":"Verteidigung"},{"value":"https://culture.ld.admin.ch/sfa/StateAccounts_Office/Office/O64","label":"Delegierter für Konjunkturfragen und Arbeitsbeschaffung"},{"value":"https://culture.ld.admin.ch/sfa/StateAccounts_Office/Office/O65","label":"Delegierter für Fragen der Atomenergie"},{"value":"https://culture.ld.admin.ch/sfa/StateAccounts_Office/Office/O66","label":"Delegierter für das Flüchtlingswesen"},{"value":"https://culture.ld.admin.ch/sfa/StateAccounts_Office/Office/O67","label":"Delegierter für Raumplanung"},{"value":"https://culture.ld.admin.ch/sfa/StateAccounts_Office/Office/O68","label":"Delegierter für Wohnungsbau"},{"value":"https://culture.ld.admin.ch/sfa/StateAccounts_Office/Office/O69","label":"Delegierter für technische Zusammenarbeit"},{"value":"https://culture.ld.admin.ch/sfa/StateAccounts_Office/Office/O7","label":"Bundesarchiv"},{"value":"https://culture.ld.admin.ch/sfa/StateAccounts_Office/Office/O70","label":"Delegierter für wirtschaftliche Kriegsvorsorge"},{"value":"https://culture.ld.admin.ch/sfa/StateAccounts_Office/Office/O71","label":"Eidgenössisches Departement für auswärtige Angelegenheiten"},{"value":"https://culture.ld.admin.ch/sfa/StateAccounts_Office/Office/O72","label":"Politisches Departement"},{"value":"https://culture.ld.admin.ch/sfa/StateAccounts_Office/Office/O73","label":"Hengst- und Fohlendepot"},{"value":"https://culture.ld.admin.ch/sfa/StateAccounts_Office/Office/O74","label":"Militärpferdeanstalt"},{"value":"https://culture.ld.admin.ch/sfa/StateAccounts_Office/Office/O75","label":"Militärstrafdetachement Zugerberg"},{"value":"https://culture.ld.admin.ch/sfa/StateAccounts_Office/Office/O76","label":"Turn- und Sportschule"},{"value":"https://culture.ld.admin.ch/sfa/StateAccounts_Office/Office/O77","label":"Sportschule Magglingen"},{"value":"https://culture.ld.admin.ch/sfa/StateAccounts_Office/Office/O78","label":"Technische Hochschule"},{"value":"https://culture.ld.admin.ch/sfa/StateAccounts_Office/Office/O79","label":"Technische Hochschule Lausanne"},{"value":"https://culture.ld.admin.ch/sfa/StateAccounts_Office/Office/O8","label":"Armasuisse"},{"value":"https://culture.ld.admin.ch/sfa/StateAccounts_Office/Office/O80","label":"Technische Hochschule Zürich"},{"value":"https://culture.ld.admin.ch/sfa/StateAccounts_Office/Office/O81","label":"Eidgenössisches Technische Hochschulen und Forschungsanstalten"},{"value":"https://culture.ld.admin.ch/sfa/StateAccounts_Office/Office/O82","label":"PTT-Betriebe"},{"value":"https://culture.ld.admin.ch/sfa/StateAccounts_Office/Office/O83","label":"Landwirtschaftliche Versuchs- und Untersuchungsanstalten"},{"value":"https://culture.ld.admin.ch/sfa/StateAccounts_Office/Office/O84","label":"Generalstab"},{"value":"https://culture.ld.admin.ch/sfa/StateAccounts_Office/Office/O85","label":"Stab Gruppe für Wissenschaft und Forschung"},{"value":"https://culture.ld.admin.ch/sfa/StateAccounts_Office/Office/O86","label":"Luftwaffe"},{"value":"https://culture.ld.admin.ch/sfa/StateAccounts_Office/Office/O87","label":"Heer"},{"value":"https://culture.ld.admin.ch/sfa/StateAccounts_Office/Office/O88","label":"Gruppe Rüstung"},{"value":"https://culture.ld.admin.ch/sfa/StateAccounts_Office/Office/O89","label":"Gruppe für Ausbildung"},{"value":"https://culture.ld.admin.ch/sfa/StateAccounts_Office/Office/O9","label":"Armasuisse Beschaffung"},{"value":"https://culture.ld.admin.ch/sfa/StateAccounts_Office/Office/O90","label":"Gestüt"},{"value":"https://culture.ld.admin.ch/sfa/StateAccounts_Office/Office/O91","label":"Oberforstinspektorat"},{"value":"https://culture.ld.admin.ch/sfa/StateAccounts_Office/Office/O92","label":"Inspektion für Forstwesen, Jagd und Fischerei"},{"value":"https://culture.ld.admin.ch/sfa/StateAccounts_Office/Office/O93","label":"Oberbauinspektorat"},{"value":"https://culture.ld.admin.ch/sfa/StateAccounts_Office/Office/O94","label":"Meteorologische Anstalt"},{"value":"https://culture.ld.admin.ch/sfa/StateAccounts_Office/Office/O95","label":"Anstalt für das forstliche Versuchswesen"},{"value":"https://culture.ld.admin.ch/sfa/StateAccounts_Office/Office/O96","label":"Institut für Nuklearforschung"},{"value":"https://culture.ld.admin.ch/sfa/StateAccounts_Office/Office/O97","label":"Institut für Virologie und Immunologie"},{"value":"https://culture.ld.admin.ch/sfa/StateAccounts_Office/Office/O98","label":"Institut für Viruskrankheiten und Immunprophylaxe"},{"value":"https://culture.ld.admin.ch/sfa/StateAccounts_Office/Office/O99","label":"Paul Scherrer Institut"}],"unit":null,"related":[],"hierarchy":null,"__typename":"NominalDimension"},{"iri":"https://culture.ld.admin.ch/sfa/StateAccounts_Office/operationcharacter","label":"Operation","description":null,"isNumerical":false,"isKeyDimension":true,"order":null,"values":[{"value":"https://culture.ld.admin.ch/sfa/StateAccounts_Office/OperationCharacter/OC1","label":"Expenditure"},{"value":"https://culture.ld.admin.ch/sfa/StateAccounts_Office/OperationCharacter/OC2","label":"Revenue"}],"unit":null,"related":[],"hierarchy":null,"__typename":"NominalDimension"}],"measures":[{"iri":"http://schema.org/amount","label":"Amount","description":null,"isNumerical":true,"isKeyDimension":false,"order":null,"values":[{"value":35500.15,"label":"35500.15"},{"value":49081739861,"label":"49081739861"}],"unit":"CHF","related":[],"hierarchy":null,"isCurrency":true,"currencyExponent":2,"resolution":null,"__typename":"NumericalMeasure"}],"__typename":"DataCube"}},"extensions":{"queries":[{"startTime":1666286133266,"endTime":1666286133377,"text":"#pragma describe.strategy cbd\n#pragma join.hash off\n\n\nPREFIX unit: <http://qudt.org/vocab/unit/>\nPREFIX rdfs: <http://www.w3.org/2000/01/rdf-schema#>\nPREFIX qudt: <http://qudt.org/schema/qudt/>\n\nSELECT DISTINCT ?iri ?label ?isCurrency ?currencyExponent ?isCurrency\n\nWHERE {\n\n        values ?iri {\n          unit:YR\nunit:SwissFranc\n        }\n\n        OPTIONAL { ?iri rdfs:label ?rdfsLabel }\n        OPTIONAL { ?iri  qudt:symbol  ?symbol }\n        OPTIONAL { ?iri  qudt:ucumCode  ?ucumCode }\n        OPTIONAL { ?iri  qudt:expression  ?expression }\n\n        OPTIONAL { ?iri ?isCurrency qudt:CurrencyUnit }\n        OPTIONAL { ?iri qudt:currencyExponent ?currencyExponent }\n\n        BIND(str(coalesce(str(?symbol), str(?ucumCode), str(?expression), str(?rdfsLabel), \"?\")) AS ?label)\n        \n        FILTER ( lang(?rdfsLabel) = \"en\" )\n      \n}\n\n\n\n"},{"startTime":1666286133269,"endTime":1666286133402,"text":"#pragma describe.strategy cbd\n#pragma join.hash off\n\n\nPREFIX unit: <http://qudt.org/vocab/unit/>\nPREFIX rdfs: <http://www.w3.org/2000/01/rdf-schema#>\nPREFIX qudt: <http://qudt.org/schema/qudt/>\n\nSELECT DISTINCT ?iri ?label ?isCurrency ?currencyExponent ?isCurrency\n\nWHERE {\n\n        values ?iri {\n          unit:YR\nunit:SwissFranc\n        }\n\n        OPTIONAL { ?iri rdfs:label ?rdfsLabel }\n        OPTIONAL { ?iri  qudt:symbol  ?symbol }\n        OPTIONAL { ?iri  qudt:ucumCode  ?ucumCode }\n        OPTIONAL { ?iri  qudt:expression  ?expression }\n\n        OPTIONAL { ?iri ?isCurrency qudt:CurrencyUnit }\n        OPTIONAL { ?iri qudt:currencyExponent ?currencyExponent }\n\n        BIND(str(coalesce(str(?symbol), str(?ucumCode), str(?expression), str(?rdfsLabel), \"?\")) AS ?label)\n        \n        FILTER ( lang(?rdfsLabel) = \"en\" )\n      \n}\n\n\n\n"},{"startTime":1666286133381,"endTime":1666286133490,"text":"#pragma describe.strategy cbd\n#pragma join.hash off\n\n\nPREFIX sh: <http://www.w3.org/ns/shacl#>\nPREFIX schema: <http://schema.org/>\n\nSELECT ?cube\n\nWHERE {\n\n  ?cube <https://cube.link/observationConstraint> ?shape.\n  ?shape ?prop ?dimension.\n  ?dimension sh:path <https://culture.ld.admin.ch/sfa/StateAccounts_Office/office>.\n  \n  FILTER NOT EXISTS { ?cube schema:expires ?any . }\n  \n}\n\n\n\n"},{"startTime":1666286133379,"endTime":1666286133501,"text":"#pragma describe.strategy cbd\n#pragma join.hash off\n\n\nPREFIX sh: <http://www.w3.org/ns/shacl#>\nPREFIX schema: <http://schema.org/>\n\nSELECT ?cube\n\nWHERE {\n\n  ?cube <https://cube.link/observationConstraint> ?shape.\n  ?shape ?prop ?dimension.\n  ?dimension sh:path <http://www.w3.org/2006/time#Year>.\n  \n  FILTER NOT EXISTS { ?cube schema:expires ?any . }\n  \n}\n\n\n\n"},{"startTime":1666286133382,"endTime":1666286133502,"text":"#pragma describe.strategy cbd\n#pragma join.hash off\n\n\nPREFIX sh: <http://www.w3.org/ns/shacl#>\nPREFIX schema: <http://schema.org/>\n\nSELECT ?cube\n\nWHERE {\n\n  ?cube <https://cube.link/observationConstraint> ?shape.\n  ?shape ?prop ?dimension.\n  ?dimension sh:path <https://culture.ld.admin.ch/sfa/StateAccounts_Office/operationcharacter>.\n  \n  FILTER NOT EXISTS { ?cube schema:expires ?any . }\n  \n}\n\n\n\n"},{"startTime":1666286133403,"endTime":1666286133534,"text":"#pragma describe.strategy cbd\n#pragma join.hash off\n\n\nPREFIX sh: <http://www.w3.org/ns/shacl#>\nPREFIX schema: <http://schema.org/>\n\nSELECT ?cube\n\nWHERE {\n\n  ?cube <https://cube.link/observationConstraint> ?shape.\n  ?shape ?prop ?dimension.\n  ?dimension sh:path <http://schema.org/amount>.\n  \n  FILTER NOT EXISTS { ?cube schema:expires ?any . }\n  \n}\n\n\n\n"},{"startTime":1666286133383,"endTime":1666286133553,"text":"#pragma describe.strategy cbd\n#pragma join.hash off\n\n\nSELECT DISTINCT ?value\n\nWHERE {\n\n    <https://culture.ld.admin.ch/sfa/StateAccounts_Office/1> <https://cube.link/observationSet> ?observationSet .\n    ?observationSet <https://cube.link/observation> ?observation .\n    ?observation <https://culture.ld.admin.ch/sfa/StateAccounts_Office/office> ?value .\n    \n  \n}\n\n\n\n"},{"startTime":1666286133560,"endTime":1666286133898,"text":"#pragma describe.strategy cbd\n#pragma join.hash off\n\n\nPREFIX schema: <http://schema.org/>\n\nSELECT DISTINCT ?iri ?identifier\n?position\n?color\n\nWHERE {\n\n      values ?iri {\n        <https://culture.ld.admin.ch/sfa/StateAccounts_Office/1/Office/O133>\n<https://culture.ld.admin.ch/sfa/StateAccounts_Office/1/Office/O132>\n<https://culture.ld.admin.ch/sfa/StateAccounts_Office/1/Office/O134>\n<https://culture.ld.admin.ch/sfa/StateAccounts_Office/1/Office/O135>\n<https://culture.ld.admin.ch/sfa/StateAccounts_Office/1/Office/O131>\n<https://culture.ld.admin.ch/sfa/StateAccounts_Office/1/Office/O130>\n<https://culture.ld.admin.ch/sfa/StateAccounts_Office/1/Office/O136>\n<https://culture.ld.admin.ch/sfa/StateAccounts_Office/1/Office/O138>\n<https://culture.ld.admin.ch/sfa/StateAccounts_Office/1/Office/O137>\n<https://culture.ld.admin.ch/sfa/StateAccounts_Office/1/Office/O125>\n<https://culture.ld.admin.ch/sfa/StateAccounts_Office/1/Office/O126>\n<https://culture.ld.admin.ch/sfa/StateAccounts_Office/1/Office/O124>\n<https://culture.ld.admin.ch/sfa/StateAccounts_Office/1/Office/O123>\n<https://culture.ld.admin.ch/sfa/StateAccounts_Office/1/Office/O128>\n<https://culture.ld.admin.ch/sfa/StateAccounts_Office/1/Office/O127>\n<https://culture.ld.admin.ch/sfa/StateAccounts_Office/1/Office/O129>\n<https://culture.ld.admin.ch/sfa/StateAccounts_Office/1/Office/O146>\n<https://culture.ld.admin.ch/sfa/StateAccounts_Office/1/Office/O147>\n<https://culture.ld.admin.ch/sfa/StateAccounts_Office/1/Office/O144>\n<https://culture.ld.admin.ch/sfa/StateAccounts_Office/1/Office/O145>\n<https://culture.ld.admin.ch/sfa/StateAccounts_Office/1/Office/O149>\n<https://culture.ld.admin.ch/sfa/StateAccounts_Office/1/Office/O148>\n<https://culture.ld.admin.ch/sfa/StateAccounts_Office/1/Office/O150>\n<https://culture.ld.admin.ch/sfa/StateAccounts_Office/1/Office/O140>\n<https://culture.ld.admin.ch/sfa/StateAccounts_Office/1/Office/O139>\n<https://culture.ld.admin.ch/sfa/StateAccounts_Office/1/Office/O143>\n<https://culture.ld.admin.ch/sfa/StateAccounts_Office/1/Office/O141>\n<https://culture.ld.admin.ch/sfa/StateAccounts_Office/1/Office/O142>\n<https://culture.ld.admin.ch/sfa/StateAccounts_Office/1/Office/O107>\n<https://culture.ld.admin.ch/sfa/StateAccounts_Office/1/Office/O108>\n<https://culture.ld.admin.ch/sfa/StateAccounts_Office/1/Office/O109>\n<https://culture.ld.admin.ch/sfa/StateAccounts_Office/1/Office/O110>\n<https://culture.ld.admin.ch/sfa/StateAccounts_Office/1/Office/O105>\n<https://culture.ld.admin.ch/sfa/StateAccounts_Office/1/Office/O104>\n<https://culture.ld.admin.ch/sfa/StateAccounts_Office/1/Office/O106>\n<https://culture.ld.admin.ch/sfa/StateAccounts_Office/1/Office/O119>\n<https://culture.ld.admin.ch/sfa/StateAccounts_Office/1/Office/O118>\n<https://culture.ld.admin.ch/sfa/StateAccounts_Office/1/Office/O122>\n<https://culture.ld.admin.ch/sfa/StateAccounts_Office/1/Office/O120>\n<https://culture.ld.admin.ch/sfa/StateAccounts_Office/1/Office/O121>\n<https://culture.ld.admin.ch/sfa/StateAccounts_Office/1/Office/O114>\n<https://culture.ld.admin.ch/sfa/StateAccounts_Office/1/Office/O113>\n<https://culture.ld.admin.ch/sfa/StateAccounts_Office/1/Office/O115>\n<https://culture.ld.admin.ch/sfa/StateAccounts_Office/1/Office/O111>\n<https://culture.ld.admin.ch/sfa/StateAccounts_Office/1/Office/O112>\n<https://culture.ld.admin.ch/sfa/StateAccounts_Office/1/Office/O117>\n<https://culture.ld.admin.ch/sfa/StateAccounts_Office/1/Office/O116>\n<https://culture.ld.admin.ch/sfa/StateAccounts_Office/1/Office/O182>\n<https://culture.ld.admin.ch/sfa/StateAccounts_Office/1/Office/O181>\n<https://culture.ld.admin.ch/sfa/StateAccounts_Office/1/Office/O189>\n<https://culture.ld.admin.ch/sfa/StateAccounts_Office/1/Office/O190>\n<https://culture.ld.admin.ch/sfa/StateAccounts_Office/1/Office/O188>\n<https://culture.ld.admin.ch/sfa/StateAccounts_Office/1/Office/O184>\n<https://culture.ld.admin.ch/sfa/StateAccounts_Office/1/Office/O183>\n<https://culture.ld.admin.ch/sfa/StateAccounts_Office/1/Office/O187>\n<https://culture.ld.admin.ch/sfa/StateAccounts_Office/1/Office/O186>\n<https://culture.ld.admin.ch/sfa/StateAccounts_Office/1/Office/O185>\n<https://culture.ld.admin.ch/sfa/StateAccounts_Office/1/Office/O174>\n<https://culture.ld.admin.ch/sfa/StateAccounts_Office/1/Office/O173>\n<https://culture.ld.admin.ch/sfa/StateAccounts_Office/1/Office/O176>\n<https://culture.ld.admin.ch/sfa/StateAccounts_Office/1/Office/O175>\n<https://culture.ld.admin.ch/sfa/StateAccounts_Office/1/Office/O171>\n<https://culture.ld.admin.ch/sfa/StateAccounts_Office/1/Office/O172>\n<https://culture.ld.admin.ch/sfa/StateAccounts_Office/1/Office/O180>\n<https://culture.ld.admin.ch/sfa/StateAccounts_Office/1/Office/O178>\n<https://culture.ld.admin.ch/sfa/StateAccounts_Office/1/Office/O179>\n<https://culture.ld.admin.ch/sfa/StateAccounts_Office/1/Office/O177>\n<https://culture.ld.admin.ch/sfa/StateAccounts_Office/1/Office/O201>\n<https://culture.ld.admin.ch/sfa/StateAccounts_Office/1/Office/O202>\n<https://culture.ld.admin.ch/sfa/StateAccounts_Office/1/Office/O200>\n<https://culture.ld.admin.ch/sfa/StateAccounts_Office/1/Office/O204>\n<https://culture.ld.admin.ch/sfa/StateAccounts_Office/1/Office/O203>\n<https://culture.ld.admin.ch/sfa/StateAccounts_Office/1/Office/O199>\n<https://culture.ld.admin.ch/sfa/StateAccounts_Office/1/Office/O206>\n<https://culture.ld.admin.ch/sfa/StateAccounts_Office/1/Office/O207>\n<https://culture.ld.admin.ch/sfa/StateAccounts_Office/1/Office/O205>\n<https://culture.ld.admin.ch/sfa/StateAccounts_Office/1/Office/O195>\n<https://culture.ld.admin.ch/sfa/StateAccounts_Office/1/Office/O196>\n<https://culture.ld.admin.ch/sfa/StateAccounts_Office/1/Office/O191>\n<https://culture.ld.admin.ch/sfa/StateAccounts_Office/1/Office/O192>\n<https://culture.ld.admin.ch/sfa/StateAccounts_Office/1/Office/O194>\n<https://culture.ld.admin.ch/sfa/StateAccounts_Office/1/Office/O193>\n<https://culture.ld.admin.ch/sfa/StateAccounts_Office/1/Office/O198>\n<https://culture.ld.admin.ch/sfa/StateAccounts_Office/1/Office/O197>\n<https://culture.ld.admin.ch/sfa/StateAccounts_Office/1/Office/O158>\n<https://culture.ld.admin.ch/sfa/StateAccounts_Office/1/Office/O159>\n<https://culture.ld.admin.ch/sfa/StateAccounts_Office/1/Office/O157>\n<https://culture.ld.admin.ch/sfa/StateAccounts_Office/1/Office/O160>\n<https://culture.ld.admin.ch/sfa/StateAccounts_Office/1/Office/O155>\n<https://culture.ld.admin.ch/sfa/StateAccounts_Office/1/Office/O156>\n<https://culture.ld.admin.ch/sfa/StateAccounts_Office/1/Office/O162>\n<https://culture.ld.admin.ch/sfa/StateAccounts_Office/1/Office/O161>\n<https://culture.ld.admin.ch/sfa/StateAccounts_Office/1/Office/O163>\n<https://culture.ld.admin.ch/sfa/StateAccounts_Office/1/Office/O152>\n<https://culture.ld.admin.ch/sfa/StateAccounts_Office/1/Office/O153>\n<https://culture.ld.admin.ch/sfa/StateAccounts_Office/1/Office/O151>\n<https://culture.ld.admin.ch/sfa/StateAccounts_Office/1/Office/O154>\n<https://culture.ld.admin.ch/sfa/StateAccounts_Office/1/Office/O169>\n<https://culture.ld.admin.ch/sfa/StateAccounts_Office/1/Office/O168>\n<https://culture.ld.admin.ch/sfa/StateAccounts_Office/1/Office/O170>\n<https://culture.ld.admin.ch/sfa/StateAccounts_Office/1/Office/O167>\n<https://culture.ld.admin.ch/sfa/StateAccounts_Office/1/Office/O165>\n<https://culture.ld.admin.ch/sfa/StateAccounts_Office/1/Office/O164>\n<https://culture.ld.admin.ch/sfa/StateAccounts_Office/1/Office/O166>\n<https://culture.ld.admin.ch/sfa/StateAccounts_Office/1/Office/O28>\n<https://culture.ld.admin.ch/sfa/StateAccounts_Office/1/Office/O29>\n<https://culture.ld.admin.ch/sfa/StateAccounts_Office/1/Office/O31>\n<https://culture.ld.admin.ch/sfa/StateAccounts_Office/1/Office/O30>\n<https://culture.ld.admin.ch/sfa/StateAccounts_Office/1/Office/O25>\n<https://culture.ld.admin.ch/sfa/StateAccounts_Office/1/Office/O26>\n<https://culture.ld.admin.ch/sfa/StateAccounts_Office/1/Office/O27>\n<https://culture.ld.admin.ch/sfa/StateAccounts_Office/1/Office/O38>\n<https://culture.ld.admin.ch/sfa/StateAccounts_Office/1/Office/O37>\n<https://culture.ld.admin.ch/sfa/StateAccounts_Office/1/Office/O36>\n<https://culture.ld.admin.ch/sfa/StateAccounts_Office/1/Office/O35>\n<https://culture.ld.admin.ch/sfa/StateAccounts_Office/1/Office/O32>\n<https://culture.ld.admin.ch/sfa/StateAccounts_Office/1/Office/O34>\n<https://culture.ld.admin.ch/sfa/StateAccounts_Office/1/Office/O33>\n<https://culture.ld.admin.ch/sfa/StateAccounts_Office/1/Office/O21>\n<https://culture.ld.admin.ch/sfa/StateAccounts_Office/1/Office/O22>\n<https://culture.ld.admin.ch/sfa/StateAccounts_Office/1/Office/O20>\n<https://culture.ld.admin.ch/sfa/StateAccounts_Office/1/Office/O19>\n<https://culture.ld.admin.ch/sfa/StateAccounts_Office/1/Office/O24>\n<https://culture.ld.admin.ch/sfa/StateAccounts_Office/1/Office/O23>\n<https://culture.ld.admin.ch/sfa/StateAccounts_Office/1/Office/O48>\n<https://culture.ld.admin.ch/sfa/StateAccounts_Office/1/Office/O47>\n<https://culture.ld.admin.ch/sfa/StateAccounts_Office/1/Office/O46>\n<https://culture.ld.admin.ch/sfa/StateAccounts_Office/1/Office/O49>\n<https://culture.ld.admin.ch/sfa/StateAccounts_Office/1/Office/O45>\n<https://culture.ld.admin.ch/sfa/StateAccounts_Office/1/Office/O50>\n<https://culture.ld.admin.ch/sfa/StateAccounts_Office/1/Office/O39>\n<https://culture.ld.admin.ch/sfa/StateAccounts_Office/1/Office/O40>\n<https://culture.ld.admin.ch/sfa/StateAccounts_Office/1/Office/O42>\n<https://culture.ld.admin.ch/sfa/StateAccounts_Office/1/Office/O41>\n<https://culture.ld.admin.ch/sfa/StateAccounts_Office/1/Office/O44>\n<https://culture.ld.admin.ch/sfa/StateAccounts_Office/1/Office/O43>\n<https://culture.ld.admin.ch/sfa/StateAccounts_Office/1/Office/O5>\n<https://culture.ld.admin.ch/sfa/StateAccounts_Office/1/Office/O4>\n<https://culture.ld.admin.ch/sfa/StateAccounts_Office/1/Office/O7>\n<https://culture.ld.admin.ch/sfa/StateAccounts_Office/1/Office/O6>\n<https://culture.ld.admin.ch/sfa/StateAccounts_Office/1/Office/O2>\n<https://culture.ld.admin.ch/sfa/StateAccounts_Office/1/Office/O1>\n<https://culture.ld.admin.ch/sfa/StateAccounts_Office/1/Office/O3>\n<https://culture.ld.admin.ch/sfa/StateAccounts_Office/1/Office/O16>\n<https://culture.ld.admin.ch/sfa/StateAccounts_Office/1/Office/O17>\n<https://culture.ld.admin.ch/sfa/StateAccounts_Office/1/Office/O14>\n<https://culture.ld.admin.ch/sfa/StateAccounts_Office/1/Office/O15>\n<https://culture.ld.admin.ch/sfa/StateAccounts_Office/1/Office/O18>\n<https://culture.ld.admin.ch/sfa/StateAccounts_Office/1/Office/O10>\n<https://culture.ld.admin.ch/sfa/StateAccounts_Office/1/Office/O11>\n<https://culture.ld.admin.ch/sfa/StateAccounts_Office/1/Office/O9>\n<https://culture.ld.admin.ch/sfa/StateAccounts_Office/1/Office/O8>\n<https://culture.ld.admin.ch/sfa/StateAccounts_Office/1/Office/O12>\n<https://culture.ld.admin.ch/sfa/StateAccounts_Office/1/Office/O13>\n<https://culture.ld.admin.ch/sfa/StateAccounts_Office/1/Office/O89>\n<https://culture.ld.admin.ch/sfa/StateAccounts_Office/1/Office/O88>\n<https://culture.ld.admin.ch/sfa/StateAccounts_Office/1/Office/O91>\n<https://culture.ld.admin.ch/sfa/StateAccounts_Office/1/Office/O90>\n<https://culture.ld.admin.ch/sfa/StateAccounts_Office/1/Office/O92>\n<https://culture.ld.admin.ch/sfa/StateAccounts_Office/1/Office/O80>\n<https://culture.ld.admin.ch/sfa/StateAccounts_Office/1/Office/O82>\n<https://culture.ld.admin.ch/sfa/StateAccounts_Office/1/Office/O81>\n<https://culture.ld.admin.ch/sfa/StateAccounts_Office/1/Office/O79>\n<https://culture.ld.admin.ch/sfa/StateAccounts_Office/1/Office/O85>\n<https://culture.ld.admin.ch/sfa/StateAccounts_Office/1/Office/O86>\n<https://culture.ld.admin.ch/sfa/StateAccounts_Office/1/Office/O84>\n<https://culture.ld.admin.ch/sfa/StateAccounts_Office/1/Office/O83>\n<https://culture.ld.admin.ch/sfa/StateAccounts_Office/1/Office/O87>\n<https://culture.ld.admin.ch/sfa/StateAccounts_Office/1/Office/O101>\n<https://culture.ld.admin.ch/sfa/StateAccounts_Office/1/Office/O102>\n<https://culture.ld.admin.ch/sfa/StateAccounts_Office/1/Office/O100>\n<https://culture.ld.admin.ch/sfa/StateAccounts_Office/1/Office/O99>\n<https://culture.ld.admin.ch/sfa/StateAccounts_Office/1/Office/O103>\n<https://culture.ld.admin.ch/sfa/StateAccounts_Office/1/Office/O95>\n<https://culture.ld.admin.ch/sfa/StateAccounts_Office/1/Office/O94>\n<https://culture.ld.admin.ch/sfa/StateAccounts_Office/1/Office/O93>\n<https://culture.ld.admin.ch/sfa/StateAccounts_Office/1/Office/O98>\n<https://culture.ld.admin.ch/sfa/StateAccounts_Office/1/Office/O96>\n<https://culture.ld.admin.ch/sfa/StateAccounts_Office/1/Office/O97>\n<https://culture.ld.admin.ch/sfa/StateAccounts_Office/1/Office/O58>\n<https://culture.ld.admin.ch/sfa/StateAccounts_Office/1/Office/O57>\n<https://culture.ld.admin.ch/sfa/StateAccounts_Office/1/Office/O59>\n<https://culture.ld.admin.ch/sfa/StateAccounts_Office/1/Office/O56>\n<https://culture.ld.admin.ch/sfa/StateAccounts_Office/1/Office/O55>\n<https://culture.ld.admin.ch/sfa/StateAccounts_Office/1/Office/O62>\n<https://culture.ld.admin.ch/sfa/StateAccounts_Office/1/Office/O61>\n<https://culture.ld.admin.ch/sfa/StateAccounts_Office/1/Office/O60>\n<https://culture.ld.admin.ch/sfa/StateAccounts_Office/1/Office/O64>\n<https://culture.ld.admin.ch/sfa/StateAccounts_Office/1/Office/O63>\n<https://culture.ld.admin.ch/sfa/StateAccounts_Office/1/Office/O51>\n<https://culture.ld.admin.ch/sfa/StateAccounts_Office/1/Office/O52>\n<https://culture.ld.admin.ch/sfa/StateAccounts_Office/1/Office/O54>\n<https://culture.ld.admin.ch/sfa/StateAccounts_Office/1/Office/O53>\n<https://culture.ld.admin.ch/sfa/StateAccounts_Office/1/Office/O75>\n<https://culture.ld.admin.ch/sfa/StateAccounts_Office/1/Office/O76>\n<https://culture.ld.admin.ch/sfa/StateAccounts_Office/1/Office/O74>\n<https://culture.ld.admin.ch/sfa/StateAccounts_Office/1/Office/O78>\n<https://culture.ld.admin.ch/sfa/StateAccounts_Office/1/Office/O77>\n<https://culture.ld.admin.ch/sfa/StateAccounts_Office/1/Office/O70>\n<https://culture.ld.admin.ch/sfa/StateAccounts_Office/1/Office/O69>\n<https://culture.ld.admin.ch/sfa/StateAccounts_Office/1/Office/O71>\n<https://culture.ld.admin.ch/sfa/StateAccounts_Office/1/Office/O66>\n<https://culture.ld.admin.ch/sfa/StateAccounts_Office/1/Office/O65>\n<https://culture.ld.admin.ch/sfa/StateAccounts_Office/1/Office/O67>\n<https://culture.ld.admin.ch/sfa/StateAccounts_Office/1/Office/O68>\n<https://culture.ld.admin.ch/sfa/StateAccounts_Office/1/Office/O73>\n<https://culture.ld.admin.ch/sfa/StateAccounts_Office/1/Office/O72>\n<https://culture.ld.admin.ch/sfa/StateAccounts_Office/1/Office/O213>\n<https://culture.ld.admin.ch/sfa/StateAccounts_Office/1/Office/O214>\n<https://culture.ld.admin.ch/sfa/StateAccounts_Office/1/Office/O211>\n<https://culture.ld.admin.ch/sfa/StateAccounts_Office/1/Office/O210>\n<https://culture.ld.admin.ch/sfa/StateAccounts_Office/1/Office/O212>\n<https://culture.ld.admin.ch/sfa/StateAccounts_Office/1/Office/O218>\n<https://culture.ld.admin.ch/sfa/StateAccounts_Office/1/Office/O217>\n<https://culture.ld.admin.ch/sfa/StateAccounts_Office/1/Office/O219>\n<https://culture.ld.admin.ch/sfa/StateAccounts_Office/1/Office/O215>\n<https://culture.ld.admin.ch/sfa/StateAccounts_Office/1/Office/O216>\n<https://culture.ld.admin.ch/sfa/StateAccounts_Office/1/Office/O209>\n<https://culture.ld.admin.ch/sfa/StateAccounts_Office/1/Office/O208>\n      }\n\n      OPTIONAL { ?iri schema:identifier ?identifier. }\nOPTIONAL { ?iri schema:color ?color. }\n    \n}\n\n\n\n"},{"startTime":1666286133563,"endTime":1666286133911,"text":"#pragma describe.strategy cbd\n#pragma join.hash off\n\n\nPREFIX schema: <http://schema.org/>\n\nSELECT DISTINCT ?iri ?sameAs\n\nWHERE {\n\n    values ?iri {\n      <https://culture.ld.admin.ch/sfa/StateAccounts_Office/1/Office/O133>\n<https://culture.ld.admin.ch/sfa/StateAccounts_Office/1/Office/O132>\n<https://culture.ld.admin.ch/sfa/StateAccounts_Office/1/Office/O134>\n<https://culture.ld.admin.ch/sfa/StateAccounts_Office/1/Office/O135>\n<https://culture.ld.admin.ch/sfa/StateAccounts_Office/1/Office/O131>\n<https://culture.ld.admin.ch/sfa/StateAccounts_Office/1/Office/O130>\n<https://culture.ld.admin.ch/sfa/StateAccounts_Office/1/Office/O136>\n<https://culture.ld.admin.ch/sfa/StateAccounts_Office/1/Office/O138>\n<https://culture.ld.admin.ch/sfa/StateAccounts_Office/1/Office/O137>\n<https://culture.ld.admin.ch/sfa/StateAccounts_Office/1/Office/O125>\n<https://culture.ld.admin.ch/sfa/StateAccounts_Office/1/Office/O126>\n<https://culture.ld.admin.ch/sfa/StateAccounts_Office/1/Office/O124>\n<https://culture.ld.admin.ch/sfa/StateAccounts_Office/1/Office/O123>\n<https://culture.ld.admin.ch/sfa/StateAccounts_Office/1/Office/O128>\n<https://culture.ld.admin.ch/sfa/StateAccounts_Office/1/Office/O127>\n<https://culture.ld.admin.ch/sfa/StateAccounts_Office/1/Office/O129>\n<https://culture.ld.admin.ch/sfa/StateAccounts_Office/1/Office/O146>\n<https://culture.ld.admin.ch/sfa/StateAccounts_Office/1/Office/O147>\n<https://culture.ld.admin.ch/sfa/StateAccounts_Office/1/Office/O144>\n<https://culture.ld.admin.ch/sfa/StateAccounts_Office/1/Office/O145>\n<https://culture.ld.admin.ch/sfa/StateAccounts_Office/1/Office/O149>\n<https://culture.ld.admin.ch/sfa/StateAccounts_Office/1/Office/O148>\n<https://culture.ld.admin.ch/sfa/StateAccounts_Office/1/Office/O150>\n<https://culture.ld.admin.ch/sfa/StateAccounts_Office/1/Office/O140>\n<https://culture.ld.admin.ch/sfa/StateAccounts_Office/1/Office/O139>\n<https://culture.ld.admin.ch/sfa/StateAccounts_Office/1/Office/O143>\n<https://culture.ld.admin.ch/sfa/StateAccounts_Office/1/Office/O141>\n<https://culture.ld.admin.ch/sfa/StateAccounts_Office/1/Office/O142>\n<https://culture.ld.admin.ch/sfa/StateAccounts_Office/1/Office/O107>\n<https://culture.ld.admin.ch/sfa/StateAccounts_Office/1/Office/O108>\n<https://culture.ld.admin.ch/sfa/StateAccounts_Office/1/Office/O109>\n<https://culture.ld.admin.ch/sfa/StateAccounts_Office/1/Office/O110>\n<https://culture.ld.admin.ch/sfa/StateAccounts_Office/1/Office/O105>\n<https://culture.ld.admin.ch/sfa/StateAccounts_Office/1/Office/O104>\n<https://culture.ld.admin.ch/sfa/StateAccounts_Office/1/Office/O106>\n<https://culture.ld.admin.ch/sfa/StateAccounts_Office/1/Office/O119>\n<https://culture.ld.admin.ch/sfa/StateAccounts_Office/1/Office/O118>\n<https://culture.ld.admin.ch/sfa/StateAccounts_Office/1/Office/O122>\n<https://culture.ld.admin.ch/sfa/StateAccounts_Office/1/Office/O120>\n<https://culture.ld.admin.ch/sfa/StateAccounts_Office/1/Office/O121>\n<https://culture.ld.admin.ch/sfa/StateAccounts_Office/1/Office/O114>\n<https://culture.ld.admin.ch/sfa/StateAccounts_Office/1/Office/O113>\n<https://culture.ld.admin.ch/sfa/StateAccounts_Office/1/Office/O115>\n<https://culture.ld.admin.ch/sfa/StateAccounts_Office/1/Office/O111>\n<https://culture.ld.admin.ch/sfa/StateAccounts_Office/1/Office/O112>\n<https://culture.ld.admin.ch/sfa/StateAccounts_Office/1/Office/O117>\n<https://culture.ld.admin.ch/sfa/StateAccounts_Office/1/Office/O116>\n<https://culture.ld.admin.ch/sfa/StateAccounts_Office/1/Office/O182>\n<https://culture.ld.admin.ch/sfa/StateAccounts_Office/1/Office/O181>\n<https://culture.ld.admin.ch/sfa/StateAccounts_Office/1/Office/O189>\n<https://culture.ld.admin.ch/sfa/StateAccounts_Office/1/Office/O190>\n<https://culture.ld.admin.ch/sfa/StateAccounts_Office/1/Office/O188>\n<https://culture.ld.admin.ch/sfa/StateAccounts_Office/1/Office/O184>\n<https://culture.ld.admin.ch/sfa/StateAccounts_Office/1/Office/O183>\n<https://culture.ld.admin.ch/sfa/StateAccounts_Office/1/Office/O187>\n<https://culture.ld.admin.ch/sfa/StateAccounts_Office/1/Office/O186>\n<https://culture.ld.admin.ch/sfa/StateAccounts_Office/1/Office/O185>\n<https://culture.ld.admin.ch/sfa/StateAccounts_Office/1/Office/O174>\n<https://culture.ld.admin.ch/sfa/StateAccounts_Office/1/Office/O173>\n<https://culture.ld.admin.ch/sfa/StateAccounts_Office/1/Office/O176>\n<https://culture.ld.admin.ch/sfa/StateAccounts_Office/1/Office/O175>\n<https://culture.ld.admin.ch/sfa/StateAccounts_Office/1/Office/O171>\n<https://culture.ld.admin.ch/sfa/StateAccounts_Office/1/Office/O172>\n<https://culture.ld.admin.ch/sfa/StateAccounts_Office/1/Office/O180>\n<https://culture.ld.admin.ch/sfa/StateAccounts_Office/1/Office/O178>\n<https://culture.ld.admin.ch/sfa/StateAccounts_Office/1/Office/O179>\n<https://culture.ld.admin.ch/sfa/StateAccounts_Office/1/Office/O177>\n<https://culture.ld.admin.ch/sfa/StateAccounts_Office/1/Office/O201>\n<https://culture.ld.admin.ch/sfa/StateAccounts_Office/1/Office/O202>\n<https://culture.ld.admin.ch/sfa/StateAccounts_Office/1/Office/O200>\n<https://culture.ld.admin.ch/sfa/StateAccounts_Office/1/Office/O204>\n<https://culture.ld.admin.ch/sfa/StateAccounts_Office/1/Office/O203>\n<https://culture.ld.admin.ch/sfa/StateAccounts_Office/1/Office/O199>\n<https://culture.ld.admin.ch/sfa/StateAccounts_Office/1/Office/O206>\n<https://culture.ld.admin.ch/sfa/StateAccounts_Office/1/Office/O207>\n<https://culture.ld.admin.ch/sfa/StateAccounts_Office/1/Office/O205>\n<https://culture.ld.admin.ch/sfa/StateAccounts_Office/1/Office/O195>\n<https://culture.ld.admin.ch/sfa/StateAccounts_Office/1/Office/O196>\n<https://culture.ld.admin.ch/sfa/StateAccounts_Office/1/Office/O191>\n<https://culture.ld.admin.ch/sfa/StateAccounts_Office/1/Office/O192>\n<https://culture.ld.admin.ch/sfa/StateAccounts_Office/1/Office/O194>\n<https://culture.ld.admin.ch/sfa/StateAccounts_Office/1/Office/O193>\n<https://culture.ld.admin.ch/sfa/StateAccounts_Office/1/Office/O198>\n<https://culture.ld.admin.ch/sfa/StateAccounts_Office/1/Office/O197>\n<https://culture.ld.admin.ch/sfa/StateAccounts_Office/1/Office/O158>\n<https://culture.ld.admin.ch/sfa/StateAccounts_Office/1/Office/O159>\n<https://culture.ld.admin.ch/sfa/StateAccounts_Office/1/Office/O157>\n<https://culture.ld.admin.ch/sfa/StateAccounts_Office/1/Office/O160>\n<https://culture.ld.admin.ch/sfa/StateAccounts_Office/1/Office/O155>\n<https://culture.ld.admin.ch/sfa/StateAccounts_Office/1/Office/O156>\n<https://culture.ld.admin.ch/sfa/StateAccounts_Office/1/Office/O162>\n<https://culture.ld.admin.ch/sfa/StateAccounts_Office/1/Office/O161>\n<https://culture.ld.admin.ch/sfa/StateAccounts_Office/1/Office/O163>\n<https://culture.ld.admin.ch/sfa/StateAccounts_Office/1/Office/O152>\n<https://culture.ld.admin.ch/sfa/StateAccounts_Office/1/Office/O153>\n<https://culture.ld.admin.ch/sfa/StateAccounts_Office/1/Office/O151>\n<https://culture.ld.admin.ch/sfa/StateAccounts_Office/1/Office/O154>\n<https://culture.ld.admin.ch/sfa/StateAccounts_Office/1/Office/O169>\n<https://culture.ld.admin.ch/sfa/StateAccounts_Office/1/Office/O168>\n<https://culture.ld.admin.ch/sfa/StateAccounts_Office/1/Office/O170>\n<https://culture.ld.admin.ch/sfa/StateAccounts_Office/1/Office/O167>\n<https://culture.ld.admin.ch/sfa/StateAccounts_Office/1/Office/O165>\n<https://culture.ld.admin.ch/sfa/StateAccounts_Office/1/Office/O164>\n<https://culture.ld.admin.ch/sfa/StateAccounts_Office/1/Office/O166>\n<https://culture.ld.admin.ch/sfa/StateAccounts_Office/1/Office/O28>\n<https://culture.ld.admin.ch/sfa/StateAccounts_Office/1/Office/O29>\n<https://culture.ld.admin.ch/sfa/StateAccounts_Office/1/Office/O31>\n<https://culture.ld.admin.ch/sfa/StateAccounts_Office/1/Office/O30>\n<https://culture.ld.admin.ch/sfa/StateAccounts_Office/1/Office/O25>\n<https://culture.ld.admin.ch/sfa/StateAccounts_Office/1/Office/O26>\n<https://culture.ld.admin.ch/sfa/StateAccounts_Office/1/Office/O27>\n<https://culture.ld.admin.ch/sfa/StateAccounts_Office/1/Office/O38>\n<https://culture.ld.admin.ch/sfa/StateAccounts_Office/1/Office/O37>\n<https://culture.ld.admin.ch/sfa/StateAccounts_Office/1/Office/O36>\n<https://culture.ld.admin.ch/sfa/StateAccounts_Office/1/Office/O35>\n<https://culture.ld.admin.ch/sfa/StateAccounts_Office/1/Office/O32>\n<https://culture.ld.admin.ch/sfa/StateAccounts_Office/1/Office/O34>\n<https://culture.ld.admin.ch/sfa/StateAccounts_Office/1/Office/O33>\n<https://culture.ld.admin.ch/sfa/StateAccounts_Office/1/Office/O21>\n<https://culture.ld.admin.ch/sfa/StateAccounts_Office/1/Office/O22>\n<https://culture.ld.admin.ch/sfa/StateAccounts_Office/1/Office/O20>\n<https://culture.ld.admin.ch/sfa/StateAccounts_Office/1/Office/O19>\n<https://culture.ld.admin.ch/sfa/StateAccounts_Office/1/Office/O24>\n<https://culture.ld.admin.ch/sfa/StateAccounts_Office/1/Office/O23>\n<https://culture.ld.admin.ch/sfa/StateAccounts_Office/1/Office/O48>\n<https://culture.ld.admin.ch/sfa/StateAccounts_Office/1/Office/O47>\n<https://culture.ld.admin.ch/sfa/StateAccounts_Office/1/Office/O46>\n<https://culture.ld.admin.ch/sfa/StateAccounts_Office/1/Office/O49>\n<https://culture.ld.admin.ch/sfa/StateAccounts_Office/1/Office/O45>\n<https://culture.ld.admin.ch/sfa/StateAccounts_Office/1/Office/O50>\n<https://culture.ld.admin.ch/sfa/StateAccounts_Office/1/Office/O39>\n<https://culture.ld.admin.ch/sfa/StateAccounts_Office/1/Office/O40>\n<https://culture.ld.admin.ch/sfa/StateAccounts_Office/1/Office/O42>\n<https://culture.ld.admin.ch/sfa/StateAccounts_Office/1/Office/O41>\n<https://culture.ld.admin.ch/sfa/StateAccounts_Office/1/Office/O44>\n<https://culture.ld.admin.ch/sfa/StateAccounts_Office/1/Office/O43>\n<https://culture.ld.admin.ch/sfa/StateAccounts_Office/1/Office/O5>\n<https://culture.ld.admin.ch/sfa/StateAccounts_Office/1/Office/O4>\n<https://culture.ld.admin.ch/sfa/StateAccounts_Office/1/Office/O7>\n<https://culture.ld.admin.ch/sfa/StateAccounts_Office/1/Office/O6>\n<https://culture.ld.admin.ch/sfa/StateAccounts_Office/1/Office/O2>\n<https://culture.ld.admin.ch/sfa/StateAccounts_Office/1/Office/O1>\n<https://culture.ld.admin.ch/sfa/StateAccounts_Office/1/Office/O3>\n<https://culture.ld.admin.ch/sfa/StateAccounts_Office/1/Office/O16>\n<https://culture.ld.admin.ch/sfa/StateAccounts_Office/1/Office/O17>\n<https://culture.ld.admin.ch/sfa/StateAccounts_Office/1/Office/O14>\n<https://culture.ld.admin.ch/sfa/StateAccounts_Office/1/Office/O15>\n<https://culture.ld.admin.ch/sfa/StateAccounts_Office/1/Office/O18>\n<https://culture.ld.admin.ch/sfa/StateAccounts_Office/1/Office/O10>\n<https://culture.ld.admin.ch/sfa/StateAccounts_Office/1/Office/O11>\n<https://culture.ld.admin.ch/sfa/StateAccounts_Office/1/Office/O9>\n<https://culture.ld.admin.ch/sfa/StateAccounts_Office/1/Office/O8>\n<https://culture.ld.admin.ch/sfa/StateAccounts_Office/1/Office/O12>\n<https://culture.ld.admin.ch/sfa/StateAccounts_Office/1/Office/O13>\n<https://culture.ld.admin.ch/sfa/StateAccounts_Office/1/Office/O89>\n<https://culture.ld.admin.ch/sfa/StateAccounts_Office/1/Office/O88>\n<https://culture.ld.admin.ch/sfa/StateAccounts_Office/1/Office/O91>\n<https://culture.ld.admin.ch/sfa/StateAccounts_Office/1/Office/O90>\n<https://culture.ld.admin.ch/sfa/StateAccounts_Office/1/Office/O92>\n<https://culture.ld.admin.ch/sfa/StateAccounts_Office/1/Office/O80>\n<https://culture.ld.admin.ch/sfa/StateAccounts_Office/1/Office/O82>\n<https://culture.ld.admin.ch/sfa/StateAccounts_Office/1/Office/O81>\n<https://culture.ld.admin.ch/sfa/StateAccounts_Office/1/Office/O79>\n<https://culture.ld.admin.ch/sfa/StateAccounts_Office/1/Office/O85>\n<https://culture.ld.admin.ch/sfa/StateAccounts_Office/1/Office/O86>\n<https://culture.ld.admin.ch/sfa/StateAccounts_Office/1/Office/O84>\n<https://culture.ld.admin.ch/sfa/StateAccounts_Office/1/Office/O83>\n<https://culture.ld.admin.ch/sfa/StateAccounts_Office/1/Office/O87>\n<https://culture.ld.admin.ch/sfa/StateAccounts_Office/1/Office/O101>\n<https://culture.ld.admin.ch/sfa/StateAccounts_Office/1/Office/O102>\n<https://culture.ld.admin.ch/sfa/StateAccounts_Office/1/Office/O100>\n<https://culture.ld.admin.ch/sfa/StateAccounts_Office/1/Office/O99>\n<https://culture.ld.admin.ch/sfa/StateAccounts_Office/1/Office/O103>\n<https://culture.ld.admin.ch/sfa/StateAccounts_Office/1/Office/O95>\n<https://culture.ld.admin.ch/sfa/StateAccounts_Office/1/Office/O94>\n<https://culture.ld.admin.ch/sfa/StateAccounts_Office/1/Office/O93>\n<https://culture.ld.admin.ch/sfa/StateAccounts_Office/1/Office/O98>\n<https://culture.ld.admin.ch/sfa/StateAccounts_Office/1/Office/O96>\n<https://culture.ld.admin.ch/sfa/StateAccounts_Office/1/Office/O97>\n<https://culture.ld.admin.ch/sfa/StateAccounts_Office/1/Office/O58>\n<https://culture.ld.admin.ch/sfa/StateAccounts_Office/1/Office/O57>\n<https://culture.ld.admin.ch/sfa/StateAccounts_Office/1/Office/O59>\n<https://culture.ld.admin.ch/sfa/StateAccounts_Office/1/Office/O56>\n<https://culture.ld.admin.ch/sfa/StateAccounts_Office/1/Office/O55>\n<https://culture.ld.admin.ch/sfa/StateAccounts_Office/1/Office/O62>\n<https://culture.ld.admin.ch/sfa/StateAccounts_Office/1/Office/O61>\n<https://culture.ld.admin.ch/sfa/StateAccounts_Office/1/Office/O60>\n<https://culture.ld.admin.ch/sfa/StateAccounts_Office/1/Office/O64>\n<https://culture.ld.admin.ch/sfa/StateAccounts_Office/1/Office/O63>\n<https://culture.ld.admin.ch/sfa/StateAccounts_Office/1/Office/O51>\n<https://culture.ld.admin.ch/sfa/StateAccounts_Office/1/Office/O52>\n<https://culture.ld.admin.ch/sfa/StateAccounts_Office/1/Office/O54>\n<https://culture.ld.admin.ch/sfa/StateAccounts_Office/1/Office/O53>\n<https://culture.ld.admin.ch/sfa/StateAccounts_Office/1/Office/O75>\n<https://culture.ld.admin.ch/sfa/StateAccounts_Office/1/Office/O76>\n<https://culture.ld.admin.ch/sfa/StateAccounts_Office/1/Office/O74>\n<https://culture.ld.admin.ch/sfa/StateAccounts_Office/1/Office/O78>\n<https://culture.ld.admin.ch/sfa/StateAccounts_Office/1/Office/O77>\n<https://culture.ld.admin.ch/sfa/StateAccounts_Office/1/Office/O70>\n<https://culture.ld.admin.ch/sfa/StateAccounts_Office/1/Office/O69>\n<https://culture.ld.admin.ch/sfa/StateAccounts_Office/1/Office/O71>\n<https://culture.ld.admin.ch/sfa/StateAccounts_Office/1/Office/O66>\n<https://culture.ld.admin.ch/sfa/StateAccounts_Office/1/Office/O65>\n<https://culture.ld.admin.ch/sfa/StateAccounts_Office/1/Office/O67>\n<https://culture.ld.admin.ch/sfa/StateAccounts_Office/1/Office/O68>\n<https://culture.ld.admin.ch/sfa/StateAccounts_Office/1/Office/O73>\n<https://culture.ld.admin.ch/sfa/StateAccounts_Office/1/Office/O72>\n<https://culture.ld.admin.ch/sfa/StateAccounts_Office/1/Office/O213>\n<https://culture.ld.admin.ch/sfa/StateAccounts_Office/1/Office/O214>\n<https://culture.ld.admin.ch/sfa/StateAccounts_Office/1/Office/O211>\n<https://culture.ld.admin.ch/sfa/StateAccounts_Office/1/Office/O210>\n<https://culture.ld.admin.ch/sfa/StateAccounts_Office/1/Office/O212>\n<https://culture.ld.admin.ch/sfa/StateAccounts_Office/1/Office/O218>\n<https://culture.ld.admin.ch/sfa/StateAccounts_Office/1/Office/O217>\n<https://culture.ld.admin.ch/sfa/StateAccounts_Office/1/Office/O219>\n<https://culture.ld.admin.ch/sfa/StateAccounts_Office/1/Office/O215>\n<https://culture.ld.admin.ch/sfa/StateAccounts_Office/1/Office/O216>\n<https://culture.ld.admin.ch/sfa/StateAccounts_Office/1/Office/O209>\n<https://culture.ld.admin.ch/sfa/StateAccounts_Office/1/Office/O208>\n    }\n    ?iri schema:sameAs ?sameAs .\n  \n}\n\n\n\n"},{"startTime":1666286133556,"endTime":1666286133917,"text":"#pragma describe.strategy cbd\n#pragma join.hash off\n\n\nPREFIX schema: <http://schema.org/>\n\nSELECT DISTINCT ?iri ?label\n\nWHERE {\n\n      values ?iri {\n        <https://culture.ld.admin.ch/sfa/StateAccounts_Office/1/Office/O133>\n<https://culture.ld.admin.ch/sfa/StateAccounts_Office/1/Office/O132>\n<https://culture.ld.admin.ch/sfa/StateAccounts_Office/1/Office/O134>\n<https://culture.ld.admin.ch/sfa/StateAccounts_Office/1/Office/O135>\n<https://culture.ld.admin.ch/sfa/StateAccounts_Office/1/Office/O131>\n<https://culture.ld.admin.ch/sfa/StateAccounts_Office/1/Office/O130>\n<https://culture.ld.admin.ch/sfa/StateAccounts_Office/1/Office/O136>\n<https://culture.ld.admin.ch/sfa/StateAccounts_Office/1/Office/O138>\n<https://culture.ld.admin.ch/sfa/StateAccounts_Office/1/Office/O137>\n<https://culture.ld.admin.ch/sfa/StateAccounts_Office/1/Office/O125>\n<https://culture.ld.admin.ch/sfa/StateAccounts_Office/1/Office/O126>\n<https://culture.ld.admin.ch/sfa/StateAccounts_Office/1/Office/O124>\n<https://culture.ld.admin.ch/sfa/StateAccounts_Office/1/Office/O123>\n<https://culture.ld.admin.ch/sfa/StateAccounts_Office/1/Office/O128>\n<https://culture.ld.admin.ch/sfa/StateAccounts_Office/1/Office/O127>\n<https://culture.ld.admin.ch/sfa/StateAccounts_Office/1/Office/O129>\n<https://culture.ld.admin.ch/sfa/StateAccounts_Office/1/Office/O146>\n<https://culture.ld.admin.ch/sfa/StateAccounts_Office/1/Office/O147>\n<https://culture.ld.admin.ch/sfa/StateAccounts_Office/1/Office/O144>\n<https://culture.ld.admin.ch/sfa/StateAccounts_Office/1/Office/O145>\n<https://culture.ld.admin.ch/sfa/StateAccounts_Office/1/Office/O149>\n<https://culture.ld.admin.ch/sfa/StateAccounts_Office/1/Office/O148>\n<https://culture.ld.admin.ch/sfa/StateAccounts_Office/1/Office/O150>\n<https://culture.ld.admin.ch/sfa/StateAccounts_Office/1/Office/O140>\n<https://culture.ld.admin.ch/sfa/StateAccounts_Office/1/Office/O139>\n<https://culture.ld.admin.ch/sfa/StateAccounts_Office/1/Office/O143>\n<https://culture.ld.admin.ch/sfa/StateAccounts_Office/1/Office/O141>\n<https://culture.ld.admin.ch/sfa/StateAccounts_Office/1/Office/O142>\n<https://culture.ld.admin.ch/sfa/StateAccounts_Office/1/Office/O107>\n<https://culture.ld.admin.ch/sfa/StateAccounts_Office/1/Office/O108>\n<https://culture.ld.admin.ch/sfa/StateAccounts_Office/1/Office/O109>\n<https://culture.ld.admin.ch/sfa/StateAccounts_Office/1/Office/O110>\n<https://culture.ld.admin.ch/sfa/StateAccounts_Office/1/Office/O105>\n<https://culture.ld.admin.ch/sfa/StateAccounts_Office/1/Office/O104>\n<https://culture.ld.admin.ch/sfa/StateAccounts_Office/1/Office/O106>\n<https://culture.ld.admin.ch/sfa/StateAccounts_Office/1/Office/O119>\n<https://culture.ld.admin.ch/sfa/StateAccounts_Office/1/Office/O118>\n<https://culture.ld.admin.ch/sfa/StateAccounts_Office/1/Office/O122>\n<https://culture.ld.admin.ch/sfa/StateAccounts_Office/1/Office/O120>\n<https://culture.ld.admin.ch/sfa/StateAccounts_Office/1/Office/O121>\n<https://culture.ld.admin.ch/sfa/StateAccounts_Office/1/Office/O114>\n<https://culture.ld.admin.ch/sfa/StateAccounts_Office/1/Office/O113>\n<https://culture.ld.admin.ch/sfa/StateAccounts_Office/1/Office/O115>\n<https://culture.ld.admin.ch/sfa/StateAccounts_Office/1/Office/O111>\n<https://culture.ld.admin.ch/sfa/StateAccounts_Office/1/Office/O112>\n<https://culture.ld.admin.ch/sfa/StateAccounts_Office/1/Office/O117>\n<https://culture.ld.admin.ch/sfa/StateAccounts_Office/1/Office/O116>\n<https://culture.ld.admin.ch/sfa/StateAccounts_Office/1/Office/O182>\n<https://culture.ld.admin.ch/sfa/StateAccounts_Office/1/Office/O181>\n<https://culture.ld.admin.ch/sfa/StateAccounts_Office/1/Office/O189>\n<https://culture.ld.admin.ch/sfa/StateAccounts_Office/1/Office/O190>\n<https://culture.ld.admin.ch/sfa/StateAccounts_Office/1/Office/O188>\n<https://culture.ld.admin.ch/sfa/StateAccounts_Office/1/Office/O184>\n<https://culture.ld.admin.ch/sfa/StateAccounts_Office/1/Office/O183>\n<https://culture.ld.admin.ch/sfa/StateAccounts_Office/1/Office/O187>\n<https://culture.ld.admin.ch/sfa/StateAccounts_Office/1/Office/O186>\n<https://culture.ld.admin.ch/sfa/StateAccounts_Office/1/Office/O185>\n<https://culture.ld.admin.ch/sfa/StateAccounts_Office/1/Office/O174>\n<https://culture.ld.admin.ch/sfa/StateAccounts_Office/1/Office/O173>\n<https://culture.ld.admin.ch/sfa/StateAccounts_Office/1/Office/O176>\n<https://culture.ld.admin.ch/sfa/StateAccounts_Office/1/Office/O175>\n<https://culture.ld.admin.ch/sfa/StateAccounts_Office/1/Office/O171>\n<https://culture.ld.admin.ch/sfa/StateAccounts_Office/1/Office/O172>\n<https://culture.ld.admin.ch/sfa/StateAccounts_Office/1/Office/O180>\n<https://culture.ld.admin.ch/sfa/StateAccounts_Office/1/Office/O178>\n<https://culture.ld.admin.ch/sfa/StateAccounts_Office/1/Office/O179>\n<https://culture.ld.admin.ch/sfa/StateAccounts_Office/1/Office/O177>\n<https://culture.ld.admin.ch/sfa/StateAccounts_Office/1/Office/O201>\n<https://culture.ld.admin.ch/sfa/StateAccounts_Office/1/Office/O202>\n<https://culture.ld.admin.ch/sfa/StateAccounts_Office/1/Office/O200>\n<https://culture.ld.admin.ch/sfa/StateAccounts_Office/1/Office/O204>\n<https://culture.ld.admin.ch/sfa/StateAccounts_Office/1/Office/O203>\n<https://culture.ld.admin.ch/sfa/StateAccounts_Office/1/Office/O199>\n<https://culture.ld.admin.ch/sfa/StateAccounts_Office/1/Office/O206>\n<https://culture.ld.admin.ch/sfa/StateAccounts_Office/1/Office/O207>\n<https://culture.ld.admin.ch/sfa/StateAccounts_Office/1/Office/O205>\n<https://culture.ld.admin.ch/sfa/StateAccounts_Office/1/Office/O195>\n<https://culture.ld.admin.ch/sfa/StateAccounts_Office/1/Office/O196>\n<https://culture.ld.admin.ch/sfa/StateAccounts_Office/1/Office/O191>\n<https://culture.ld.admin.ch/sfa/StateAccounts_Office/1/Office/O192>\n<https://culture.ld.admin.ch/sfa/StateAccounts_Office/1/Office/O194>\n<https://culture.ld.admin.ch/sfa/StateAccounts_Office/1/Office/O193>\n<https://culture.ld.admin.ch/sfa/StateAccounts_Office/1/Office/O198>\n<https://culture.ld.admin.ch/sfa/StateAccounts_Office/1/Office/O197>\n<https://culture.ld.admin.ch/sfa/StateAccounts_Office/1/Office/O158>\n<https://culture.ld.admin.ch/sfa/StateAccounts_Office/1/Office/O159>\n<https://culture.ld.admin.ch/sfa/StateAccounts_Office/1/Office/O157>\n<https://culture.ld.admin.ch/sfa/StateAccounts_Office/1/Office/O160>\n<https://culture.ld.admin.ch/sfa/StateAccounts_Office/1/Office/O155>\n<https://culture.ld.admin.ch/sfa/StateAccounts_Office/1/Office/O156>\n<https://culture.ld.admin.ch/sfa/StateAccounts_Office/1/Office/O162>\n<https://culture.ld.admin.ch/sfa/StateAccounts_Office/1/Office/O161>\n<https://culture.ld.admin.ch/sfa/StateAccounts_Office/1/Office/O163>\n<https://culture.ld.admin.ch/sfa/StateAccounts_Office/1/Office/O152>\n<https://culture.ld.admin.ch/sfa/StateAccounts_Office/1/Office/O153>\n<https://culture.ld.admin.ch/sfa/StateAccounts_Office/1/Office/O151>\n<https://culture.ld.admin.ch/sfa/StateAccounts_Office/1/Office/O154>\n<https://culture.ld.admin.ch/sfa/StateAccounts_Office/1/Office/O169>\n<https://culture.ld.admin.ch/sfa/StateAccounts_Office/1/Office/O168>\n<https://culture.ld.admin.ch/sfa/StateAccounts_Office/1/Office/O170>\n<https://culture.ld.admin.ch/sfa/StateAccounts_Office/1/Office/O167>\n<https://culture.ld.admin.ch/sfa/StateAccounts_Office/1/Office/O165>\n<https://culture.ld.admin.ch/sfa/StateAccounts_Office/1/Office/O164>\n<https://culture.ld.admin.ch/sfa/StateAccounts_Office/1/Office/O166>\n<https://culture.ld.admin.ch/sfa/StateAccounts_Office/1/Office/O28>\n<https://culture.ld.admin.ch/sfa/StateAccounts_Office/1/Office/O29>\n<https://culture.ld.admin.ch/sfa/StateAccounts_Office/1/Office/O31>\n<https://culture.ld.admin.ch/sfa/StateAccounts_Office/1/Office/O30>\n<https://culture.ld.admin.ch/sfa/StateAccounts_Office/1/Office/O25>\n<https://culture.ld.admin.ch/sfa/StateAccounts_Office/1/Office/O26>\n<https://culture.ld.admin.ch/sfa/StateAccounts_Office/1/Office/O27>\n<https://culture.ld.admin.ch/sfa/StateAccounts_Office/1/Office/O38>\n<https://culture.ld.admin.ch/sfa/StateAccounts_Office/1/Office/O37>\n<https://culture.ld.admin.ch/sfa/StateAccounts_Office/1/Office/O36>\n<https://culture.ld.admin.ch/sfa/StateAccounts_Office/1/Office/O35>\n<https://culture.ld.admin.ch/sfa/StateAccounts_Office/1/Office/O32>\n<https://culture.ld.admin.ch/sfa/StateAccounts_Office/1/Office/O34>\n<https://culture.ld.admin.ch/sfa/StateAccounts_Office/1/Office/O33>\n<https://culture.ld.admin.ch/sfa/StateAccounts_Office/1/Office/O21>\n<https://culture.ld.admin.ch/sfa/StateAccounts_Office/1/Office/O22>\n<https://culture.ld.admin.ch/sfa/StateAccounts_Office/1/Office/O20>\n<https://culture.ld.admin.ch/sfa/StateAccounts_Office/1/Office/O19>\n<https://culture.ld.admin.ch/sfa/StateAccounts_Office/1/Office/O24>\n<https://culture.ld.admin.ch/sfa/StateAccounts_Office/1/Office/O23>\n<https://culture.ld.admin.ch/sfa/StateAccounts_Office/1/Office/O48>\n<https://culture.ld.admin.ch/sfa/StateAccounts_Office/1/Office/O47>\n<https://culture.ld.admin.ch/sfa/StateAccounts_Office/1/Office/O46>\n<https://culture.ld.admin.ch/sfa/StateAccounts_Office/1/Office/O49>\n<https://culture.ld.admin.ch/sfa/StateAccounts_Office/1/Office/O45>\n<https://culture.ld.admin.ch/sfa/StateAccounts_Office/1/Office/O50>\n<https://culture.ld.admin.ch/sfa/StateAccounts_Office/1/Office/O39>\n<https://culture.ld.admin.ch/sfa/StateAccounts_Office/1/Office/O40>\n<https://culture.ld.admin.ch/sfa/StateAccounts_Office/1/Office/O42>\n<https://culture.ld.admin.ch/sfa/StateAccounts_Office/1/Office/O41>\n<https://culture.ld.admin.ch/sfa/StateAccounts_Office/1/Office/O44>\n<https://culture.ld.admin.ch/sfa/StateAccounts_Office/1/Office/O43>\n<https://culture.ld.admin.ch/sfa/StateAccounts_Office/1/Office/O5>\n<https://culture.ld.admin.ch/sfa/StateAccounts_Office/1/Office/O4>\n<https://culture.ld.admin.ch/sfa/StateAccounts_Office/1/Office/O7>\n<https://culture.ld.admin.ch/sfa/StateAccounts_Office/1/Office/O6>\n<https://culture.ld.admin.ch/sfa/StateAccounts_Office/1/Office/O2>\n<https://culture.ld.admin.ch/sfa/StateAccounts_Office/1/Office/O1>\n<https://culture.ld.admin.ch/sfa/StateAccounts_Office/1/Office/O3>\n<https://culture.ld.admin.ch/sfa/StateAccounts_Office/1/Office/O16>\n<https://culture.ld.admin.ch/sfa/StateAccounts_Office/1/Office/O17>\n<https://culture.ld.admin.ch/sfa/StateAccounts_Office/1/Office/O14>\n<https://culture.ld.admin.ch/sfa/StateAccounts_Office/1/Office/O15>\n<https://culture.ld.admin.ch/sfa/StateAccounts_Office/1/Office/O18>\n<https://culture.ld.admin.ch/sfa/StateAccounts_Office/1/Office/O10>\n<https://culture.ld.admin.ch/sfa/StateAccounts_Office/1/Office/O11>\n<https://culture.ld.admin.ch/sfa/StateAccounts_Office/1/Office/O9>\n<https://culture.ld.admin.ch/sfa/StateAccounts_Office/1/Office/O8>\n<https://culture.ld.admin.ch/sfa/StateAccounts_Office/1/Office/O12>\n<https://culture.ld.admin.ch/sfa/StateAccounts_Office/1/Office/O13>\n<https://culture.ld.admin.ch/sfa/StateAccounts_Office/1/Office/O89>\n<https://culture.ld.admin.ch/sfa/StateAccounts_Office/1/Office/O88>\n<https://culture.ld.admin.ch/sfa/StateAccounts_Office/1/Office/O91>\n<https://culture.ld.admin.ch/sfa/StateAccounts_Office/1/Office/O90>\n<https://culture.ld.admin.ch/sfa/StateAccounts_Office/1/Office/O92>\n<https://culture.ld.admin.ch/sfa/StateAccounts_Office/1/Office/O80>\n<https://culture.ld.admin.ch/sfa/StateAccounts_Office/1/Office/O82>\n<https://culture.ld.admin.ch/sfa/StateAccounts_Office/1/Office/O81>\n<https://culture.ld.admin.ch/sfa/StateAccounts_Office/1/Office/O79>\n<https://culture.ld.admin.ch/sfa/StateAccounts_Office/1/Office/O85>\n<https://culture.ld.admin.ch/sfa/StateAccounts_Office/1/Office/O86>\n<https://culture.ld.admin.ch/sfa/StateAccounts_Office/1/Office/O84>\n<https://culture.ld.admin.ch/sfa/StateAccounts_Office/1/Office/O83>\n<https://culture.ld.admin.ch/sfa/StateAccounts_Office/1/Office/O87>\n<https://culture.ld.admin.ch/sfa/StateAccounts_Office/1/Office/O101>\n<https://culture.ld.admin.ch/sfa/StateAccounts_Office/1/Office/O102>\n<https://culture.ld.admin.ch/sfa/StateAccounts_Office/1/Office/O100>\n<https://culture.ld.admin.ch/sfa/StateAccounts_Office/1/Office/O99>\n<https://culture.ld.admin.ch/sfa/StateAccounts_Office/1/Office/O103>\n<https://culture.ld.admin.ch/sfa/StateAccounts_Office/1/Office/O95>\n<https://culture.ld.admin.ch/sfa/StateAccounts_Office/1/Office/O94>\n<https://culture.ld.admin.ch/sfa/StateAccounts_Office/1/Office/O93>\n<https://culture.ld.admin.ch/sfa/StateAccounts_Office/1/Office/O98>\n<https://culture.ld.admin.ch/sfa/StateAccounts_Office/1/Office/O96>\n<https://culture.ld.admin.ch/sfa/StateAccounts_Office/1/Office/O97>\n<https://culture.ld.admin.ch/sfa/StateAccounts_Office/1/Office/O58>\n<https://culture.ld.admin.ch/sfa/StateAccounts_Office/1/Office/O57>\n<https://culture.ld.admin.ch/sfa/StateAccounts_Office/1/Office/O59>\n<https://culture.ld.admin.ch/sfa/StateAccounts_Office/1/Office/O56>\n<https://culture.ld.admin.ch/sfa/StateAccounts_Office/1/Office/O55>\n<https://culture.ld.admin.ch/sfa/StateAccounts_Office/1/Office/O62>\n<https://culture.ld.admin.ch/sfa/StateAccounts_Office/1/Office/O61>\n<https://culture.ld.admin.ch/sfa/StateAccounts_Office/1/Office/O60>\n<https://culture.ld.admin.ch/sfa/StateAccounts_Office/1/Office/O64>\n<https://culture.ld.admin.ch/sfa/StateAccounts_Office/1/Office/O63>\n<https://culture.ld.admin.ch/sfa/StateAccounts_Office/1/Office/O51>\n<https://culture.ld.admin.ch/sfa/StateAccounts_Office/1/Office/O52>\n<https://culture.ld.admin.ch/sfa/StateAccounts_Office/1/Office/O54>\n<https://culture.ld.admin.ch/sfa/StateAccounts_Office/1/Office/O53>\n<https://culture.ld.admin.ch/sfa/StateAccounts_Office/1/Office/O75>\n<https://culture.ld.admin.ch/sfa/StateAccounts_Office/1/Office/O76>\n<https://culture.ld.admin.ch/sfa/StateAccounts_Office/1/Office/O74>\n<https://culture.ld.admin.ch/sfa/StateAccounts_Office/1/Office/O78>\n<https://culture.ld.admin.ch/sfa/StateAccounts_Office/1/Office/O77>\n<https://culture.ld.admin.ch/sfa/StateAccounts_Office/1/Office/O70>\n<https://culture.ld.admin.ch/sfa/StateAccounts_Office/1/Office/O69>\n<https://culture.ld.admin.ch/sfa/StateAccounts_Office/1/Office/O71>\n<https://culture.ld.admin.ch/sfa/StateAccounts_Office/1/Office/O66>\n<https://culture.ld.admin.ch/sfa/StateAccounts_Office/1/Office/O65>\n<https://culture.ld.admin.ch/sfa/StateAccounts_Office/1/Office/O67>\n<https://culture.ld.admin.ch/sfa/StateAccounts_Office/1/Office/O68>\n<https://culture.ld.admin.ch/sfa/StateAccounts_Office/1/Office/O73>\n<https://culture.ld.admin.ch/sfa/StateAccounts_Office/1/Office/O72>\n<https://culture.ld.admin.ch/sfa/StateAccounts_Office/1/Office/O213>\n<https://culture.ld.admin.ch/sfa/StateAccounts_Office/1/Office/O214>\n<https://culture.ld.admin.ch/sfa/StateAccounts_Office/1/Office/O211>\n<https://culture.ld.admin.ch/sfa/StateAccounts_Office/1/Office/O210>\n<https://culture.ld.admin.ch/sfa/StateAccounts_Office/1/Office/O212>\n<https://culture.ld.admin.ch/sfa/StateAccounts_Office/1/Office/O218>\n<https://culture.ld.admin.ch/sfa/StateAccounts_Office/1/Office/O217>\n<https://culture.ld.admin.ch/sfa/StateAccounts_Office/1/Office/O219>\n<https://culture.ld.admin.ch/sfa/StateAccounts_Office/1/Office/O215>\n<https://culture.ld.admin.ch/sfa/StateAccounts_Office/1/Office/O216>\n<https://culture.ld.admin.ch/sfa/StateAccounts_Office/1/Office/O209>\n<https://culture.ld.admin.ch/sfa/StateAccounts_Office/1/Office/O208>\n      }\n      OPTIONAL {\n    ?iri schema:name ?label_en\n    FILTER (LANGMATCHES(LANG(?label_en), \"en\"))\n  }\nOPTIONAL {\n    ?iri schema:name ?label_de\n    FILTER (LANGMATCHES(LANG(?label_de), \"de\"))\n  }\nOPTIONAL {\n    ?iri schema:name ?label_fr\n    FILTER (LANGMATCHES(LANG(?label_fr), \"fr\"))\n  }\nOPTIONAL {\n    ?iri schema:name ?label_it\n    FILTER (LANGMATCHES(LANG(?label_it), \"it\"))\n  }\nOPTIONAL {\n    ?iri schema:name ?label_\n    FILTER ((LANG(?label_) = \"\"))\n  }\n  BIND(COALESCE(?label_en,?label_de,?label_fr,?label_it,?label_) as ?label)\n  \n    \n}\n\n\n\n"},{"startTime":1666286133918,"endTime":1666286134128,"text":"#pragma describe.strategy cbd\n#pragma join.hash off\n\n\nPREFIX schema: <http://schema.org/>\n\nSELECT DISTINCT ?iri ?label\n\nWHERE {\n\n      values ?iri {\n        <https://culture.ld.admin.ch/sfa/StateAccounts_Office/1/OperationCharacter/OC1>\n<https://culture.ld.admin.ch/sfa/StateAccounts_Office/1/OperationCharacter/OC2>\n      }\n      OPTIONAL {\n    ?iri schema:name ?label_en\n    FILTER (LANGMATCHES(LANG(?label_en), \"en\"))\n  }\nOPTIONAL {\n    ?iri schema:name ?label_de\n    FILTER (LANGMATCHES(LANG(?label_de), \"de\"))\n  }\nOPTIONAL {\n    ?iri schema:name ?label_fr\n    FILTER (LANGMATCHES(LANG(?label_fr), \"fr\"))\n  }\nOPTIONAL {\n    ?iri schema:name ?label_it\n    FILTER (LANGMATCHES(LANG(?label_it), \"it\"))\n  }\nOPTIONAL {\n    ?iri schema:name ?label_\n    FILTER ((LANG(?label_) = \"\"))\n  }\n  BIND(COALESCE(?label_en,?label_de,?label_fr,?label_it,?label_) as ?label)\n  \n    \n}\n\n\n\n"},{"startTime":1666286133919,"endTime":1666286134146,"text":"#pragma describe.strategy cbd\n#pragma join.hash off\n\n\nPREFIX schema: <http://schema.org/>\n\nSELECT DISTINCT ?iri ?identifier\n?position\n?color\n\nWHERE {\n\n      values ?iri {\n        <https://culture.ld.admin.ch/sfa/StateAccounts_Office/1/OperationCharacter/OC1>\n<https://culture.ld.admin.ch/sfa/StateAccounts_Office/1/OperationCharacter/OC2>\n      }\n\n      OPTIONAL { ?iri schema:identifier ?identifier. }\nOPTIONAL { ?iri schema:color ?color. }\n    \n}\n\n\n\n"},{"startTime":1666286133919,"endTime":1666286134146,"text":"#pragma describe.strategy cbd\n#pragma join.hash off\n\n\nPREFIX schema: <http://schema.org/>\n\nSELECT DISTINCT ?iri ?sameAs\n\nWHERE {\n\n    values ?iri {\n      <https://culture.ld.admin.ch/sfa/StateAccounts_Office/1/OperationCharacter/OC1>\n<https://culture.ld.admin.ch/sfa/StateAccounts_Office/1/OperationCharacter/OC2>\n    }\n    ?iri schema:sameAs ?sameAs .\n  \n}\n\n\n\n"}],"timings":{"children":{"dataCubeByIri":{"children":{"dimensions":{"children":{"0":{"children":{"hierarchy":{"children":{},"start":1666286133378,"end":1666286134067},"values":{"children":{},"start":1666286133378,"end":1666286134147}}},"1":{"children":{"hierarchy":{"children":{},"start":1666286133378,"end":1666286134060},"values":{"children":{},"start":1666286133378,"end":1666286134147}}},"2":{"children":{"hierarchy":{"children":{},"start":1666286133379,"end":1666286134057},"values":{"children":{},"start":1666286133379,"end":1666286134147}}}},"start":1666286133264,"end":1666286133378},"measures":{"children":{"0":{"children":{"values":{"children":{},"start":1666286133403,"end":1666286133405},"hierarchy":{"children":{},"start":1666286133403,"end":1666286134088}}}}}},"start":1666286133023,"end":1666286133264}}}}}
