{"query":"query DataCubeMetadataWithComponentValues($iri: String!, $sourceType: String!, $sourceUrl: String!, $locale: String!, $latest: Boolean, $filters: Filters) {\n  dataCubeByIri(\n    iri: $iri\n    sourceType: $sourceType\n    sourceUrl: $sourceUrl\n    locale: $locale\n    latest: $latest\n  ) {\n    iri\n    title\n    publisher\n    identifier\n    workExamples\n    creator {\n      iri\n      __typename\n    }\n    landingPage\n    dimensions(sourceType: $sourceType, sourceUrl: $sourceUrl) {\n      ...dimensionMetadata\n      ...hierarchyMetadata\n      __typename\n    }\n    measures(sourceType: $sourceType, sourceUrl: $sourceUrl) {\n      ...dimensionMetadata\n      ...hierarchyMetadata\n      __typename\n    }\n    __typename\n  }\n}\n\nfragment dimensionMetadata on Dimension {\n  iri\n  label\n  description\n  isNumerical\n  isKeyDimension\n  order\n  values(sourceType: $sourceType, sourceUrl: $sourceUrl, filters: $filters)\n  unit\n  related {\n    iri\n    type\n    __typename\n  }\n  ...hierarchyMetadata\n  ... on TemporalDimension {\n    timeUnit\n    timeFormat\n    __typename\n  }\n  ... on NumericalMeasure {\n    isCurrency\n    currencyExponent\n    resolution\n    __typename\n  }\n}\n\nfragment hierarchyMetadata on Dimension {\n  hierarchy(sourceType: $sourceType, sourceUrl: $sourceUrl) {\n    ...hierarchyValueFields\n    children {\n      ...hierarchyValueFields\n      children {\n        ...hierarchyValueFields\n        children {\n          ...hierarchyValueFields\n          __typename\n        }\n        __typename\n      }\n      __typename\n    }\n    __typename\n  }\n}\n\nfragment hierarchyValueFields on HierarchyValue {\n  value\n  dimensionIri\n  depth\n  label\n  hasValue\n}\n","operationName":"DataCubeMetadataWithComponentValues","variables":{"iri":"https://culture.ld.admin.ch/sfa/StateAccounts_Office/1","sourceType":"sparql","sourceUrl":"https://int.lindas.admin.ch/query","locale":"en"}}