{"data":{"dataCubeByIri":{"iri":"https://environment.ld.admin.ch/foen/UBD003002/5","title":"Red Lists (latest survey)","publisher":"Bundesamt für Umwelt BAFU","identifier":"UBD003002","workExamples":["https://ld.admin.ch/application/visualize","b3159_genid2de52916d96cf94390a4938649fb9df4702dQRbuJL6lBTRKOwzb4583","b3159_genid2de52916d96cf94390a4938649fb9df4702dQRbuJL6lBTRKOwzb4584"],"creator":{"iri":"https://register.ld.admin.ch/opendataswiss/org/bundesamt-fur-umwelt-bafu","__typename":"DataCubeOrganization"},"landingPage":"https://www.bafu.admin.ch/bafu/de/home/themen/biodiversitaet/fachinformationen/zustand-der-biodiversitaet-in-der-schweiz/zustand-der-artenvielfalt-in-der-schweiz.html","dimensions":[{"iri":"https://environment.ld.admin.ch/foen/UBD003002/yearissue","label":"Year","description":null,"isNumerical":false,"isKeyDimension":false,"order":8,"values":[{"value":"1994","label":"1994"},{"value":"2021","label":"2021"}],"unit":"a","related":[],"hierarchy":null,"timeUnit":"Year","timeFormat":"%Y","__typename":"TemporalDimension"},{"iri":"https://environment.ld.admin.ch/foen/UBD003002/artengruppe","label":"Species group","description":null,"isNumerical":false,"isKeyDimension":true,"order":1,"values":[{"value":"https://environment.ld.admin.ch/foen/UBD003002/ArtenGruppe/AMPH","label":"Amphibians (2021)","identifier":"AMPH"},{"value":"https://environment.ld.admin.ch/foen/UBD003002/ArtenGruppe/APID","label":"Bees (1994)","identifier":"APID"},{"value":"https://environment.ld.admin.ch/foen/UBD003002/ArtenGruppe/AVES","label":"Breeding birds (2021)","identifier":"AVES"},{"value":"https://environment.ld.admin.ch/foen/UBD003002/ArtenGruppe/BIVA","label":"Bivalves (2012)","identifier":"BIVA"},{"value":"https://environment.ld.admin.ch/foen/UBD003002/ArtenGruppe/BRYO","label":"Bryophytes (2021)","identifier":"BRYO"},{"value":"https://environment.ld.admin.ch/foen/UBD003002/ArtenGruppe/CHAR","label":"Stoneworts (2012)","identifier":"CHAR"},{"value":"https://environment.ld.admin.ch/foen/UBD003002/ArtenGruppe/CHIR","label":"Bats (2014)","identifier":"CHIR"},{"value":"https://environment.ld.admin.ch/foen/UBD003002/ArtenGruppe/CICA","label":"Cicadas (2021)","identifier":"CICA"},{"value":"https://environment.ld.admin.ch/foen/UBD003002/ArtenGruppe/COCA","label":"Beetles Carabidae (1994)","identifier":"COCA"},{"value":"https://environment.ld.admin.ch/foen/UBD003002/ArtenGruppe/COHY","label":"Aquatic beetles Adefagians (1994)","identifier":"COHY"},{"value":"https://environment.ld.admin.ch/foen/UBD003002/ArtenGruppe/COSA","label":"Coleoptera Buprestides, Cerambicides, Cetonides, Lucanides (2016)","identifier":"COSA"},{"value":"https://environment.ld.admin.ch/foen/UBD003002/ArtenGruppe/DECA","label":"Crayfishes (2021)","identifier":"DECA"},{"value":"https://environment.ld.admin.ch/foen/UBD003002/ArtenGruppe/EPHE","label":"Mayflies (2012)","identifier":"EPHE"},{"value":"https://environment.ld.admin.ch/foen/UBD003002/ArtenGruppe/FORM","label":"Ants (1994)","identifier":"FORM"},{"value":"https://environment.ld.admin.ch/foen/UBD003002/ArtenGruppe/FUNG","label":"Macromycetes (2007)","identifier":"FUNG"},{"value":"https://environment.ld.admin.ch/foen/UBD003002/ArtenGruppe/GAST","label":"Gasteropodi (2012)","identifier":"GAST"},{"value":"https://environment.ld.admin.ch/foen/UBD003002/ArtenGruppe/LEPZ","label":"Diurnal Butterflies and Zigene (2014)","identifier":"LEPZ"},{"value":"https://environment.ld.admin.ch/foen/UBD003002/ArtenGruppe/LICE","label":"Epiphytic lichens (2002)","identifier":"LICE"},{"value":"https://environment.ld.admin.ch/foen/UBD003002/ArtenGruppe/LICH","label":"Lichens (2002)","identifier":"LICH"},{"value":"https://environment.ld.admin.ch/foen/UBD003002/ArtenGruppe/LICT","label":"Soil lichens (2002)","identifier":"LICT"},{"value":"https://environment.ld.admin.ch/foen/UBD003002/ArtenGruppe/MAMM","label":"Mammals, without bats (2021)","identifier":"MAMM"},{"value":"https://environment.ld.admin.ch/foen/UBD003002/ArtenGruppe/MOLL","label":"Molluscs (2012)","identifier":"MOLL"},{"value":"https://environment.ld.admin.ch/foen/UBD003002/ArtenGruppe/NEUR","label":"Neuropterans (1994)","identifier":"NEUR"},{"value":"https://environment.ld.admin.ch/foen/UBD003002/ArtenGruppe/ODON","label":"Dragonflies (2021)","identifier":"ODON"},{"value":"https://environment.ld.admin.ch/foen/UBD003002/ArtenGruppe/ORTH","label":"Ortopterans (2007)","identifier":"ORTH"},{"value":"https://environment.ld.admin.ch/foen/UBD003002/ArtenGruppe/PISC","label":"Fishes and cyclostomes (2021)","identifier":"PISC"},{"value":"https://environment.ld.admin.ch/foen/UBD003002/ArtenGruppe/PLEC","label":"Stoneflies (2012)","identifier":"PLEC"},{"value":"https://environment.ld.admin.ch/foen/UBD003002/ArtenGruppe/PTER","label":"Ferns (2016)","identifier":"PTER"},{"value":"https://environment.ld.admin.ch/foen/UBD003002/ArtenGruppe/REPT","label":"Reptiles (2021)","identifier":"REPT"},{"value":"https://environment.ld.admin.ch/foen/UBD003002/ArtenGruppe/SPER","label":"Flowering plants (2016)","identifier":"SPER"},{"value":"https://environment.ld.admin.ch/foen/UBD003002/ArtenGruppe/TIPU","label":"Diptera Tipulids (1994)","identifier":"TIPU"},{"value":"https://environment.ld.admin.ch/foen/UBD003002/ArtenGruppe/TRAC","label":"Vascular plants (2016)","identifier":"TRAC"},{"value":"https://environment.ld.admin.ch/foen/UBD003002/ArtenGruppe/TRIC","label":"Caddisflies (2012)","identifier":"TRIC"}],"unit":null,"related":[],"hierarchy":null,"__typename":"NominalDimension"},{"iri":"https://environment.ld.admin.ch/foen/UBD003002/status","label":"Status","description":null,"isNumerical":false,"isKeyDimension":true,"order":2,"values":[{"value":"https://environment.ld.admin.ch/foen/UBD003002/Status/DD","label":"Data deficient","position":0,"identifier":"DD"},{"value":"https://environment.ld.admin.ch/foen/UBD003002/Status/LC","label":"Least concern","position":1,"identifier":"LC"},{"value":"https://environment.ld.admin.ch/foen/UBD003002/Status/NT","label":"Near threatened","position":2,"identifier":"NT"},{"value":"https://environment.ld.admin.ch/foen/UBD003002/Status/VU","label":"Vulnerable","position":3,"identifier":"VU"},{"value":"https://environment.ld.admin.ch/foen/UBD003002/Status/EN","label":"Endangered","position":4,"identifier":"EN"},{"value":"https://environment.ld.admin.ch/foen/UBD003002/Status/CR","label":"Critically endangered","position":5,"identifier":"CR"},{"value":"https://environment.ld.admin.ch/foen/UBD003002/Status/RE","label":"Regionally extinct","position":6,"identifier":"RE"},{"value":"https://environment.ld.admin.ch/foen/UBD003002/Status/EX","label":"Extinct in the world","position":7,"identifier":"EX"}],"unit":null,"related":[],"hierarchy":null,"__typename":"OrdinalDimension"},{"iri":"https://environment.ld.admin.ch/foen/UBD003002/taxon","label":"Taxon","description":null,"isNumerical":false,"isKeyDimension":false,"order":7,"values":[{"value":"https://environment.ld.admin.ch/foen/UBD003002/Taxon/Amphibia","label":"Amphibia","identifier":"Amphibia"},{"value":"https://environment.ld.admin.ch/foen/UBD003002/Taxon/Apidae","label":"Apidae","identifier":"Apidae"},{"value":"https://environment.ld.admin.ch/foen/UBD003002/Taxon/Ascomycetes%2C%20Basidiomycetes","label":"Ascomycetes, Basidiomycetes","identifier":"Ascomycetes, Basidiomycetes"},{"value":"https://environment.ld.admin.ch/foen/UBD003002/Taxon/Aves","label":"Aves","identifier":"Aves"},{"value":"https://environment.ld.admin.ch/foen/UBD003002/Taxon/Bivalvia","label":"Bivalvia","identifier":"Bivalvia"},{"value":"https://environment.ld.admin.ch/foen/UBD003002/Taxon/Buprestidae%2C%20Cerambycidae%2C%20Cetoniidae%2C%20Lucanidae","label":"Buprestidae, Cerambycidae, Cetoniidae, Lucanidae","identifier":"Buprestidae, Cerambycidae, Cetoniidae, Lucanidae"},{"value":"https://environment.ld.admin.ch/foen/UBD003002/Taxon/Carabidae","label":"Carabidae","identifier":"Carabidae"},{"value":"https://environment.ld.admin.ch/foen/UBD003002/Taxon/Characeae","label":"Characeae","identifier":"Characeae"},{"value":"https://environment.ld.admin.ch/foen/UBD003002/Taxon/Chiroptera","label":"Chiroptera","identifier":"Chiroptera"},{"value":"https://environment.ld.admin.ch/foen/UBD003002/Taxon/Cicadidae","label":"Cicadidae","identifier":"Cicadidae"},{"value":"https://environment.ld.admin.ch/foen/UBD003002/Taxon/Decapoda","label":"Decapoda","identifier":"Decapoda"},{"value":"https://environment.ld.admin.ch/foen/UBD003002/Taxon/Ephemeroptera","label":"Ephemeroptera","identifier":"Ephemeroptera"},{"value":"https://environment.ld.admin.ch/foen/UBD003002/Taxon/Formicidae","label":"Formicidae","identifier":"Formicidae"},{"value":"https://environment.ld.admin.ch/foen/UBD003002/Taxon/Gastropoda","label":"Gastropoda","identifier":"Gastropoda"},{"value":"https://environment.ld.admin.ch/foen/UBD003002/Taxon/Hepaticae%2C%20Musci%2C%20Anthocerotae","label":"Hepaticae, Musci, Anthocerotae","identifier":"Hepaticae, Musci, Anthocerotae"},{"value":"https://environment.ld.admin.ch/foen/UBD003002/Taxon/Hydradephaga","label":"Hydradephaga","identifier":"Hydradephaga"},{"value":"https://environment.ld.admin.ch/foen/UBD003002/Taxon/Lepidoptera%2C%20Rhopalocera%2C%20Zygaenidae","label":"Lepidoptera, Rhopalocera, Zygaenidae","identifier":"Lepidoptera, Rhopalocera, Zygaenidae"},{"value":"https://environment.ld.admin.ch/foen/UBD003002/Taxon/Lichenes","label":"Lichenes","identifier":"Lichenes"},{"value":"https://environment.ld.admin.ch/foen/UBD003002/Taxon/Mammalia","label":"Mammalia","identifier":"Mammalia"},{"value":"https://environment.ld.admin.ch/foen/UBD003002/Taxon/Mollusca","label":"Mollusca","identifier":"Mollusca"},{"value":"https://environment.ld.admin.ch/foen/UBD003002/Taxon/Neuropteroidea%2C%20Raphidioptera%2C%20Megaloptera%2C%20Neuroptera","label":"Neuropteroidea, Raphidioptera, Megaloptera, Neuroptera","identifier":"Neuropteroidea, Raphidioptera, Megaloptera, Neuroptera"},{"value":"https://environment.ld.admin.ch/foen/UBD003002/Taxon/Odonata","label":"Odonata","identifier":"Odonata"},{"value":"https://environment.ld.admin.ch/foen/UBD003002/Taxon/Orthoptera","label":"Orthoptera","identifier":"Orthoptera"},{"value":"https://environment.ld.admin.ch/foen/UBD003002/Taxon/Pisces%2C%20Cyclostomata%2C%20Petromyzontidae","label":"Pisces, Cyclostomata, Petromyzontidae","identifier":"Pisces, Cyclostomata, Petromyzontidae"},{"value":"https://environment.ld.admin.ch/foen/UBD003002/Taxon/Plecoptera","label":"Plecoptera","identifier":"Plecoptera"},{"value":"https://environment.ld.admin.ch/foen/UBD003002/Taxon/Pteridophyta","label":"Pteridophyta","identifier":"Pteridophyta"},{"value":"https://environment.ld.admin.ch/foen/UBD003002/Taxon/Reptilia","label":"Reptilia","identifier":"Reptilia"},{"value":"https://environment.ld.admin.ch/foen/UBD003002/Taxon/Spermatophyta%2C%20Dicotyledones%2C%20Monocotyledones%2C%20Gymnosperma","label":"Spermatophyta, Dicotyledones, Monocotyledones, Gymnosperma","identifier":"Spermatophyta, Dicotyledones, Monocotyledones, Gymnosperma"},{"value":"https://environment.ld.admin.ch/foen/UBD003002/Taxon/Tipulidae","label":"Tipulidae","identifier":"Tipulidae"},{"value":"https://environment.ld.admin.ch/foen/UBD003002/Taxon/Tracheophyta","label":"Tracheophyta","identifier":"Tracheophyta"},{"value":"https://environment.ld.admin.ch/foen/UBD003002/Taxon/Trichoptera","label":"Trichoptera","identifier":"Trichoptera"}],"unit":null,"related":[],"hierarchy":null,"__typename":"NominalDimension"},{"iri":"https://environment.ld.admin.ch/foen/UBD003002/class","label":"Class","description":null,"isNumerical":false,"isKeyDimension":false,"order":6,"values":[{"value":"https://environment.ld.admin.ch/foen/UBD003002/Taxonomy_Class/Amphibia","label":"Amphibia","identifier":"Amphibia"},{"value":"https://environment.ld.admin.ch/foen/UBD003002/Taxonomy_Class/Ascolichenes%2C%20Basidiolichenes","label":"Ascolichenes, Basidiolichenes","identifier":"Ascolichenes, Basidiolichenes"},{"value":"https://environment.ld.admin.ch/foen/UBD003002/Taxonomy_Class/Aves","label":"Aves","identifier":"Aves"},{"value":"https://environment.ld.admin.ch/foen/UBD003002/Taxonomy_Class/Bivalvia","label":"Bivalvia","identifier":"Bivalvia"},{"value":"https://environment.ld.admin.ch/foen/UBD003002/Taxonomy_Class/Bivalvia%2C%20Gastropoda","label":"Bivalvia, Gastropoda","identifier":"Bivalvia, Gastropoda"},{"value":"https://environment.ld.admin.ch/foen/UBD003002/Taxonomy_Class/Charophyceae","label":"Charophyceae","identifier":"Charophyceae"},{"value":"https://environment.ld.admin.ch/foen/UBD003002/Taxonomy_Class/Discomycetes%2C%20Gasteromycetes%2C%20Hymenomycetes%2C%20Pyrenomycetes","label":"Discomycetes, Gasteromycetes, Hymenomycetes, Pyrenomycetes","identifier":"Discomycetes, Gasteromycetes, Hymenomycetes, Pyrenomycetes"},{"value":"https://environment.ld.admin.ch/foen/UBD003002/Taxonomy_Class/Gastropoda","label":"Gastropoda","identifier":"Gastropoda"},{"value":"https://environment.ld.admin.ch/foen/UBD003002/Taxonomy_Class/Insecta","label":"Insecta","identifier":"Insecta"},{"value":"https://environment.ld.admin.ch/foen/UBD003002/Taxonomy_Class/Malacostraca","label":"Malacostraca","identifier":"Malacostraca"},{"value":"https://environment.ld.admin.ch/foen/UBD003002/Taxonomy_Class/Mammalia","label":"Mammalia","identifier":"Mammalia"},{"value":"https://environment.ld.admin.ch/foen/UBD003002/Taxonomy_Class/Marchantiophyta%2C%20Bryophyta%2C%20Anthocerotophyta","label":"Marchantiophyta, Bryophyta, Anthocerotophyta","identifier":"Marchantiophyta, Bryophyta, Anthocerotophyta"},{"value":"https://environment.ld.admin.ch/foen/UBD003002/Taxonomy_Class/Osteichthyes%2C%20Cephalaspidomorphi","label":"Osteichthyes, Cephalaspidomorphi","identifier":"Osteichthyes, Cephalaspidomorphi"},{"value":"https://environment.ld.admin.ch/foen/UBD003002/Taxonomy_Class/Pteridophyta","label":"Pteridophyta","identifier":"Pteridophyta"},{"value":"https://environment.ld.admin.ch/foen/UBD003002/Taxonomy_Class/Pteridophyta%2C%20Spermatophyta","label":"Pteridophyta, Spermatophyta","identifier":"Pteridophyta, Spermatophyta"},{"value":"https://environment.ld.admin.ch/foen/UBD003002/Taxonomy_Class/Reptilia","label":"Reptilia","identifier":"Reptilia"},{"value":"https://environment.ld.admin.ch/foen/UBD003002/Taxonomy_Class/Spermatophyta","label":"Spermatophyta","identifier":"Spermatophyta"}],"unit":null,"related":[],"hierarchy":null,"__typename":"NominalDimension"},{"iri":"https://environment.ld.admin.ch/foen/UBD003002/phylum","label":"Phylum","description":null,"isNumerical":false,"isKeyDimension":false,"order":5,"values":[{"value":"https://environment.ld.admin.ch/foen/UBD003002/Taxonomy_Phylum/Arthropoda","label":"Arthropoda","identifier":"Arthropoda"},{"value":"https://environment.ld.admin.ch/foen/UBD003002/Taxonomy_Phylum/Ascomycota%2C%20Basidiomycota","label":"Ascomycota, Basidiomycota","identifier":"Ascomycota, Basidiomycota"},{"value":"https://environment.ld.admin.ch/foen/UBD003002/Taxonomy_Phylum/Bryophyta","label":"Bryophyta","identifier":"Bryophyta"},{"value":"https://environment.ld.admin.ch/foen/UBD003002/Taxonomy_Phylum/Charophyta","label":"Charophyta","identifier":"Charophyta"},{"value":"https://environment.ld.admin.ch/foen/UBD003002/Taxonomy_Phylum/Mollusca","label":"Mollusca","identifier":"Mollusca"},{"value":"https://environment.ld.admin.ch/foen/UBD003002/Taxonomy_Phylum/Tracheophyta","label":"Tracheophyta","identifier":"Tracheophyta"},{"value":"https://environment.ld.admin.ch/foen/UBD003002/Taxonomy_Phylum/Vertebrata","label":"Vertebrata","identifier":"Vertebrata"}],"unit":null,"related":[],"hierarchy":null,"__typename":"NominalDimension"},{"iri":"https://environment.ld.admin.ch/foen/UBD003002/kingdom","label":"Kingdom","description":null,"isNumerical":false,"isKeyDimension":false,"order":4,"values":[{"value":"https://environment.ld.admin.ch/foen/UBD003002/Taxonomy_Kingdom/Animalia","label":"Animalia","identifier":"Animalia"},{"value":"https://environment.ld.admin.ch/foen/UBD003002/Taxonomy_Kingdom/Fungi","label":"Fungi","identifier":"Fungi"},{"value":"https://environment.ld.admin.ch/foen/UBD003002/Taxonomy_Kingdom/Plantae","label":"Plantae","identifier":"Plantae"}],"unit":null,"related":[],"hierarchy":null,"__typename":"NominalDimension"}],"measures":[{"iri":"https://environment.ld.admin.ch/foen/UBD003002/value","label":"Number of species","description":null,"isNumerical":true,"isKeyDimension":false,"order":3,"values":[{"value":11,"label":"11"},{"value":2004,"label":"2004"}],"unit":"#","related":[],"hierarchy":null,"isCurrency":false,"currencyExponent":0,"resolution":0,"__typename":"NumericalMeasure"}],"__typename":"DataCube"}},"extensions":{"queries":[{"startTime":1666286137300,"endTime":1666286137430,"text":"#pragma describe.strategy cbd\n#pragma join.hash off\n\n\nPREFIX unit: <http://qudt.org/vocab/unit/>\nPREFIX rdfs: <http://www.w3.org/2000/01/rdf-schema#>\nPREFIX qudt: <http://qudt.org/schema/qudt/>\n\nSELECT DISTINCT ?iri ?label ?isCurrency ?currencyExponent ?isCurrency\n\nWHERE {\n\n        values ?iri {\n          unit:YR\nunit:NUM\n        }\n\n        OPTIONAL { ?iri rdfs:label ?rdfsLabel }\n        OPTIONAL { ?iri  qudt:symbol  ?symbol }\n        OPTIONAL { ?iri  qudt:ucumCode  ?ucumCode }\n        OPTIONAL { ?iri  qudt:expression  ?expression }\n\n        OPTIONAL { ?iri ?isCurrency qudt:CurrencyUnit }\n        OPTIONAL { ?iri qudt:currencyExponent ?currencyExponent }\n\n        BIND(str(coalesce(str(?symbol), str(?ucumCode), str(?expression), str(?rdfsLabel), \"?\")) AS ?label)\n        \n        FILTER ( lang(?rdfsLabel) = \"en\" )\n      \n}\n\n\n\n"},{"startTime":1666286137304,"endTime":1666286137449,"text":"#pragma describe.strategy cbd\n#pragma join.hash off\n\n\nPREFIX unit: <http://qudt.org/vocab/unit/>\nPREFIX rdfs: <http://www.w3.org/2000/01/rdf-schema#>\nPREFIX qudt: <http://qudt.org/schema/qudt/>\n\nSELECT DISTINCT ?iri ?label ?isCurrency ?currencyExponent ?isCurrency\n\nWHERE {\n\n        values ?iri {\n          unit:YR\nunit:NUM\n        }\n\n        OPTIONAL { ?iri rdfs:label ?rdfsLabel }\n        OPTIONAL { ?iri  qudt:symbol  ?symbol }\n        OPTIONAL { ?iri  qudt:ucumCode  ?ucumCode }\n        OPTIONAL { ?iri  qudt:expression  ?expression }\n\n        OPTIONAL { ?iri ?isCurrency qudt:CurrencyUnit }\n        OPTIONAL { ?iri qudt:currencyExponent ?currencyExponent }\n\n        BIND(str(coalesce(str(?symbol), str(?ucumCode), str(?expression), str(?rdfsLabel), \"?\")) AS ?label)\n        \n        FILTER ( lang(?rdfsLabel) = \"en\" )\n      \n}\n\n\n\n"},{"startTime":1666286137432,"endTime":1666286137624,"text":"#pragma describe.strategy cbd\n#pragma join.hash off\n\n\nPREFIX sh: <http://www.w3.org/ns/shacl#>\nPREFIX schema: <http://schema.org/>\n\nSELECT ?cube\n\nWHERE {\n\n  ?cube <https://cube.link/observationConstraint> ?shape.\n  ?shape ?prop ?dimension.\n  ?dimension sh:path <https://environment.ld.admin.ch/foen/UBD003002/yearissue>.\n  \n  FILTER NOT EXISTS { ?cube schema:expires ?any . }\n  \n}\n\n\n\n"},{"startTime":1666286137436,"endTime":1666286137627,"text":"#pragma describe.strategy cbd\n#pragma join.hash off\n\n\nPREFIX sh: <http://www.w3.org/ns/shacl#>\nPREFIX schema: <http://schema.org/>\n\nSELECT ?cube\n\nWHERE {\n\n  ?cube <https://cube.link/observationConstraint> ?shape.\n  ?shape ?prop ?dimension.\n  ?dimension sh:path <https://environment.ld.admin.ch/foen/UBD003002/kingdom>.\n  \n  FILTER NOT EXISTS { ?cube schema:expires ?any . }\n  \n}\n\n\n\n"},{"startTime":1666286137434,"endTime":1666286137631,"text":"#pragma describe.strategy cbd\n#pragma join.hash off\n\n\nPREFIX sh: <http://www.w3.org/ns/shacl#>\nPREFIX schema: <http://schema.org/>\n\nSELECT ?cube\n\nWHERE {\n\n  ?cube <https://cube.link/observationConstraint> ?shape.\n  ?shape ?prop ?dimension.\n  ?dimension sh:path <https://environment.ld.admin.ch/foen/UBD003002/taxon>.\n  \n  FILTER NOT EXISTS { ?cube schema:expires ?any . }\n  \n}\n\n\n\n"},{"startTime":1666286137433,"endTime":1666286137632,"text":"#pragma describe.strategy cbd\n#pragma join.hash off\n\n\nPREFIX sh: <http://www.w3.org/ns/shacl#>\nPREFIX schema: <http://schema.org/>\n\nSELECT ?cube\n\nWHERE {\n\n  ?cube <https://cube.link/observationConstraint> ?shape.\n  ?shape ?prop ?dimension.\n  ?dimension sh:path <https://environment.ld.admin.ch/foen/UBD003002/artengruppe>.\n  \n  FILTER NOT EXISTS { ?cube schema:expires ?any . }\n  \n}\n\n\n\n"},{"startTime":1666286137435,"endTime":1666286137643,"text":"#pragma describe.strategy cbd\n#pragma join.hash off\n\n\nPREFIX sh: <http://www.w3.org/ns/shacl#>\nPREFIX schema: <http://schema.org/>\n\nSELECT ?cube\n\nWHERE {\n\n  ?cube <https://cube.link/observationConstraint> ?shape.\n  ?shape ?prop ?dimension.\n  ?dimension sh:path <https://environment.ld.admin.ch/foen/UBD003002/phylum>.\n  \n  FILTER NOT EXISTS { ?cube schema:expires ?any . }\n  \n}\n\n\n\n"},{"startTime":1666286137434,"endTime":1666286137648,"text":"#pragma describe.strategy cbd\n#pragma join.hash off\n\n\nPREFIX sh: <http://www.w3.org/ns/shacl#>\nPREFIX schema: <http://schema.org/>\n\nSELECT ?cube\n\nWHERE {\n\n  ?cube <https://cube.link/observationConstraint> ?shape.\n  ?shape ?prop ?dimension.\n  ?dimension sh:path <https://environment.ld.admin.ch/foen/UBD003002/status>.\n  \n  FILTER NOT EXISTS { ?cube schema:expires ?any . }\n  \n}\n\n\n\n"},{"startTime":1666286137439,"endTime":1666286137651,"text":"#pragma describe.strategy cbd\n#pragma join.hash off\n\n\nPREFIX schema: <http://schema.org/>\n\nSELECT DISTINCT ?iri ?identifier\n?position\n?color\n\nWHERE {\n\n      values ?iri {\n        <https://environment.ld.admin.ch/foen/UBD003002/5/ArtenGruppe/AMPH>\n<https://environment.ld.admin.ch/foen/UBD003002/5/ArtenGruppe/APID>\n<https://environment.ld.admin.ch/foen/UBD003002/5/ArtenGruppe/AVES>\n<https://environment.ld.admin.ch/foen/UBD003002/5/ArtenGruppe/BIVA>\n<https://environment.ld.admin.ch/foen/UBD003002/5/ArtenGruppe/BRYO>\n<https://environment.ld.admin.ch/foen/UBD003002/5/ArtenGruppe/CHAR>\n<https://environment.ld.admin.ch/foen/UBD003002/5/ArtenGruppe/CHIR>\n<https://environment.ld.admin.ch/foen/UBD003002/5/ArtenGruppe/CICA>\n<https://environment.ld.admin.ch/foen/UBD003002/5/ArtenGruppe/COCA>\n<https://environment.ld.admin.ch/foen/UBD003002/5/ArtenGruppe/COHY>\n<https://environment.ld.admin.ch/foen/UBD003002/5/ArtenGruppe/COSA>\n<https://environment.ld.admin.ch/foen/UBD003002/5/ArtenGruppe/DECA>\n<https://environment.ld.admin.ch/foen/UBD003002/5/ArtenGruppe/EPHE>\n<https://environment.ld.admin.ch/foen/UBD003002/5/ArtenGruppe/FORM>\n<https://environment.ld.admin.ch/foen/UBD003002/5/ArtenGruppe/FUNG>\n<https://environment.ld.admin.ch/foen/UBD003002/5/ArtenGruppe/GAST>\n<https://environment.ld.admin.ch/foen/UBD003002/5/ArtenGruppe/LEPZ>\n<https://environment.ld.admin.ch/foen/UBD003002/5/ArtenGruppe/LICE>\n<https://environment.ld.admin.ch/foen/UBD003002/5/ArtenGruppe/LICH>\n<https://environment.ld.admin.ch/foen/UBD003002/5/ArtenGruppe/LICT>\n<https://environment.ld.admin.ch/foen/UBD003002/5/ArtenGruppe/MAMM>\n<https://environment.ld.admin.ch/foen/UBD003002/5/ArtenGruppe/MOLL>\n<https://environment.ld.admin.ch/foen/UBD003002/5/ArtenGruppe/NEUR>\n<https://environment.ld.admin.ch/foen/UBD003002/5/ArtenGruppe/ODON>\n<https://environment.ld.admin.ch/foen/UBD003002/5/ArtenGruppe/ORTH>\n<https://environment.ld.admin.ch/foen/UBD003002/5/ArtenGruppe/PISC>\n<https://environment.ld.admin.ch/foen/UBD003002/5/ArtenGruppe/PLEC>\n<https://environment.ld.admin.ch/foen/UBD003002/5/ArtenGruppe/PTER>\n<https://environment.ld.admin.ch/foen/UBD003002/5/ArtenGruppe/REPT>\n<https://environment.ld.admin.ch/foen/UBD003002/5/ArtenGruppe/SPER>\n<https://environment.ld.admin.ch/foen/UBD003002/5/ArtenGruppe/TIPU>\n<https://environment.ld.admin.ch/foen/UBD003002/5/ArtenGruppe/TRAC>\n<https://environment.ld.admin.ch/foen/UBD003002/5/ArtenGruppe/TRIC>\n      }\n\n      OPTIONAL { ?iri schema:identifier ?identifier. }\nOPTIONAL { ?iri schema:color ?color. }\n    \n}\n\n\n\n"},{"startTime":1666286137435,"endTime":1666286137651,"text":"#pragma describe.strategy cbd\n#pragma join.hash off\n\n\nPREFIX sh: <http://www.w3.org/ns/shacl#>\nPREFIX schema: <http://schema.org/>\n\nSELECT ?cube\n\nWHERE {\n\n  ?cube <https://cube.link/observationConstraint> ?shape.\n  ?shape ?prop ?dimension.\n  ?dimension sh:path <https://environment.ld.admin.ch/foen/UBD003002/class>.\n  \n  FILTER NOT EXISTS { ?cube schema:expires ?any . }\n  \n}\n\n\n\n"},{"startTime":1666286137441,"endTime":1666286137654,"text":"#pragma describe.strategy cbd\n#pragma join.hash off\n\n\nPREFIX schema: <http://schema.org/>\n\nSELECT DISTINCT ?iri ?sameAs\n\nWHERE {\n\n    values ?iri {\n      <https://environment.ld.admin.ch/foen/UBD003002/5/ArtenGruppe/AMPH>\n<https://environment.ld.admin.ch/foen/UBD003002/5/ArtenGruppe/APID>\n<https://environment.ld.admin.ch/foen/UBD003002/5/ArtenGruppe/AVES>\n<https://environment.ld.admin.ch/foen/UBD003002/5/ArtenGruppe/BIVA>\n<https://environment.ld.admin.ch/foen/UBD003002/5/ArtenGruppe/BRYO>\n<https://environment.ld.admin.ch/foen/UBD003002/5/ArtenGruppe/CHAR>\n<https://environment.ld.admin.ch/foen/UBD003002/5/ArtenGruppe/CHIR>\n<https://environment.ld.admin.ch/foen/UBD003002/5/ArtenGruppe/CICA>\n<https://environment.ld.admin.ch/foen/UBD003002/5/ArtenGruppe/COCA>\n<https://environment.ld.admin.ch/foen/UBD003002/5/ArtenGruppe/COHY>\n<https://environment.ld.admin.ch/foen/UBD003002/5/ArtenGruppe/COSA>\n<https://environment.ld.admin.ch/foen/UBD003002/5/ArtenGruppe/DECA>\n<https://environment.ld.admin.ch/foen/UBD003002/5/ArtenGruppe/EPHE>\n<https://environment.ld.admin.ch/foen/UBD003002/5/ArtenGruppe/FORM>\n<https://environment.ld.admin.ch/foen/UBD003002/5/ArtenGruppe/FUNG>\n<https://environment.ld.admin.ch/foen/UBD003002/5/ArtenGruppe/GAST>\n<https://environment.ld.admin.ch/foen/UBD003002/5/ArtenGruppe/LEPZ>\n<https://environment.ld.admin.ch/foen/UBD003002/5/ArtenGruppe/LICE>\n<https://environment.ld.admin.ch/foen/UBD003002/5/ArtenGruppe/LICH>\n<https://environment.ld.admin.ch/foen/UBD003002/5/ArtenGruppe/LICT>\n<https://environment.ld.admin.ch/foen/UBD003002/5/ArtenGruppe/MAMM>\n<https://environment.ld.admin.ch/foen/UBD003002/5/ArtenGruppe/MOLL>\n<https://environment.ld.admin.ch/foen/UBD003002/5/ArtenGruppe/NEUR>\n<https://environment.ld.admin.ch/foen/UBD003002/5/ArtenGruppe/ODON>\n<https://environment.ld.admin.ch/foen/UBD003002/5/ArtenGruppe/ORTH>\n<https://environment.ld.admin.ch/foen/UBD003002/5/ArtenGruppe/PISC>\n<https://environment.ld.admin.ch/foen/UBD003002/5/ArtenGruppe/PLEC>\n<https://environment.ld.admin.ch/foen/UBD003002/5/ArtenGruppe/PTER>\n<https://environment.ld.admin.ch/foen/UBD003002/5/ArtenGruppe/REPT>\n<https://environment.ld.admin.ch/foen/UBD003002/5/ArtenGruppe/SPER>\n<https://environment.ld.admin.ch/foen/UBD003002/5/ArtenGruppe/TIPU>\n<https://environment.ld.admin.ch/foen/UBD003002/5/ArtenGruppe/TRAC>\n<https://environment.ld.admin.ch/foen/UBD003002/5/ArtenGruppe/TRIC>\n    }\n    ?iri schema:sameAs ?sameAs .\n  \n}\n\n\n\n"},{"startTime":1666286137450,"endTime":1666286137688,"text":"#pragma describe.strategy cbd\n#pragma join.hash off\n\n\nPREFIX sh: <http://www.w3.org/ns/shacl#>\nPREFIX schema: <http://schema.org/>\n\nSELECT ?cube\n\nWHERE {\n\n  ?cube <https://cube.link/observationConstraint> ?shape.\n  ?shape ?prop ?dimension.\n  ?dimension sh:path <https://environment.ld.admin.ch/foen/UBD003002/value>.\n  \n  FILTER NOT EXISTS { ?cube schema:expires ?any . }\n  \n}\n\n\n\n"},{"startTime":1666286137438,"endTime":1666286137696,"text":"#pragma describe.strategy cbd\n#pragma join.hash off\n\n\nPREFIX schema: <http://schema.org/>\n\nSELECT DISTINCT ?iri ?label\n\nWHERE {\n\n      values ?iri {\n        <https://environment.ld.admin.ch/foen/UBD003002/5/ArtenGruppe/AMPH>\n<https://environment.ld.admin.ch/foen/UBD003002/5/ArtenGruppe/APID>\n<https://environment.ld.admin.ch/foen/UBD003002/5/ArtenGruppe/AVES>\n<https://environment.ld.admin.ch/foen/UBD003002/5/ArtenGruppe/BIVA>\n<https://environment.ld.admin.ch/foen/UBD003002/5/ArtenGruppe/BRYO>\n<https://environment.ld.admin.ch/foen/UBD003002/5/ArtenGruppe/CHAR>\n<https://environment.ld.admin.ch/foen/UBD003002/5/ArtenGruppe/CHIR>\n<https://environment.ld.admin.ch/foen/UBD003002/5/ArtenGruppe/CICA>\n<https://environment.ld.admin.ch/foen/UBD003002/5/ArtenGruppe/COCA>\n<https://environment.ld.admin.ch/foen/UBD003002/5/ArtenGruppe/COHY>\n<https://environment.ld.admin.ch/foen/UBD003002/5/ArtenGruppe/COSA>\n<https://environment.ld.admin.ch/foen/UBD003002/5/ArtenGruppe/DECA>\n<https://environment.ld.admin.ch/foen/UBD003002/5/ArtenGruppe/EPHE>\n<https://environment.ld.admin.ch/foen/UBD003002/5/ArtenGruppe/FORM>\n<https://environment.ld.admin.ch/foen/UBD003002/5/ArtenGruppe/FUNG>\n<https://environment.ld.admin.ch/foen/UBD003002/5/ArtenGruppe/GAST>\n<https://environment.ld.admin.ch/foen/UBD003002/5/ArtenGruppe/LEPZ>\n<https://environment.ld.admin.ch/foen/UBD003002/5/ArtenGruppe/LICE>\n<https://environment.ld.admin.ch/foen/UBD003002/5/ArtenGruppe/LICH>\n<https://environment.ld.admin.ch/foen/UBD003002/5/ArtenGruppe/LICT>\n<https://environment.ld.admin.ch/foen/UBD003002/5/ArtenGruppe/MAMM>\n<https://environment.ld.admin.ch/foen/UBD003002/5/ArtenGruppe/MOLL>\n<https://environment.ld.admin.ch/foen/UBD003002/5/ArtenGruppe/NEUR>\n<https://environment.ld.admin.ch/foen/UBD003002/5/ArtenGruppe/ODON>\n<https://environment.ld.admin.ch/foen/UBD003002/5/ArtenGruppe/ORTH>\n<https://environment.ld.admin.ch/foen/UBD003002/5/ArtenGruppe/PISC>\n<https://environment.ld.admin.ch/foen/UBD003002/5/ArtenGruppe/PLEC>\n<https://environment.ld.admin.ch/foen/UBD003002/5/ArtenGruppe/PTER>\n<https://environment.ld.admin.ch/foen/UBD003002/5/ArtenGruppe/REPT>\n<https://environment.ld.admin.ch/foen/UBD003002/5/ArtenGruppe/SPER>\n<https://environment.ld.admin.ch/foen/UBD003002/5/ArtenGruppe/TIPU>\n<https://environment.ld.admin.ch/foen/UBD003002/5/ArtenGruppe/TRAC>\n<https://environment.ld.admin.ch/foen/UBD003002/5/ArtenGruppe/TRIC>\n      }\n      OPTIONAL {\n    ?iri schema:name ?label_en\n    FILTER (LANGMATCHES(LANG(?label_en), \"en\"))\n  }\nOPTIONAL {\n    ?iri schema:name ?label_de\n    FILTER (LANGMATCHES(LANG(?label_de), \"de\"))\n  }\nOPTIONAL {\n    ?iri schema:name ?label_fr\n    FILTER (LANGMATCHES(LANG(?label_fr), \"fr\"))\n  }\nOPTIONAL {\n    ?iri schema:name ?label_it\n    FILTER (LANGMATCHES(LANG(?label_it), \"it\"))\n  }\nOPTIONAL {\n    ?iri schema:name ?label_\n    FILTER ((LANG(?label_) = \"\"))\n  }\n  BIND(COALESCE(?label_en,?label_de,?label_fr,?label_it,?label_) as ?label)\n  \n    \n}\n\n\n\n"},{"startTime":1666286137697,"endTime":1666286138085,"text":"#pragma describe.strategy cbd\n#pragma join.hash off\n\n\nPREFIX schema: <http://schema.org/>\n\nSELECT DISTINCT ?iri ?label\n\nWHERE {\n\n      values ?iri {\n        <https://environment.ld.admin.ch/foen/UBD003002/5/Status/EX>\n<https://environment.ld.admin.ch/foen/UBD003002/5/Status/RE>\n<https://environment.ld.admin.ch/foen/UBD003002/5/Status/CR>\n<https://environment.ld.admin.ch/foen/UBD003002/5/Status/EN>\n<https://environment.ld.admin.ch/foen/UBD003002/5/Status/VU>\n<https://environment.ld.admin.ch/foen/UBD003002/5/Status/NT>\n<https://environment.ld.admin.ch/foen/UBD003002/5/Status/LC>\n<https://environment.ld.admin.ch/foen/UBD003002/5/Status/DD>\n      }\n      OPTIONAL {\n    ?iri schema:name ?label_en\n    FILTER (LANGMATCHES(LANG(?label_en), \"en\"))\n  }\nOPTIONAL {\n    ?iri schema:name ?label_de\n    FILTER (LANGMATCHES(LANG(?label_de), \"de\"))\n  }\nOPTIONAL {\n    ?iri schema:name ?label_fr\n    FILTER (LANGMATCHES(LANG(?label_fr), \"fr\"))\n  }\nOPTIONAL {\n    ?iri schema:name ?label_it\n    FILTER (LANGMATCHES(LANG(?label_it), \"it\"))\n  }\nOPTIONAL {\n    ?iri schema:name ?label_\n    FILTER ((LANG(?label_) = \"\"))\n  }\n  BIND(COALESCE(?label_en,?label_de,?label_fr,?label_it,?label_) as ?label)\n  \n    \n}\n\n\n\n"},{"startTime":1666286137698,"endTime":1666286138085,"text":"#pragma describe.strategy cbd\n#pragma join.hash off\n\n\nPREFIX schema: <http://schema.org/>\n\nSELECT DISTINCT ?iri ?identifier\n?position\n?color\n\nWHERE {\n\n      values ?iri {\n        <https://environment.ld.admin.ch/foen/UBD003002/5/Status/EX>\n<https://environment.ld.admin.ch/foen/UBD003002/5/Status/RE>\n<https://environment.ld.admin.ch/foen/UBD003002/5/Status/CR>\n<https://environment.ld.admin.ch/foen/UBD003002/5/Status/EN>\n<https://environment.ld.admin.ch/foen/UBD003002/5/Status/VU>\n<https://environment.ld.admin.ch/foen/UBD003002/5/Status/NT>\n<https://environment.ld.admin.ch/foen/UBD003002/5/Status/LC>\n<https://environment.ld.admin.ch/foen/UBD003002/5/Status/DD>\n      }\n\n      OPTIONAL { ?iri schema:identifier ?identifier. }\nOPTIONAL { ?iri schema:position ?position. }\nOPTIONAL { ?iri schema:color ?color. }\n    \n}\n\n\n\n"},{"startTime":1666286137699,"endTime":1666286138085,"text":"#pragma describe.strategy cbd\n#pragma join.hash off\n\n\nPREFIX schema: <http://schema.org/>\n\nSELECT DISTINCT ?iri ?sameAs\n\nWHERE {\n\n    values ?iri {\n      <https://environment.ld.admin.ch/foen/UBD003002/5/Status/EX>\n<https://environment.ld.admin.ch/foen/UBD003002/5/Status/RE>\n<https://environment.ld.admin.ch/foen/UBD003002/5/Status/CR>\n<https://environment.ld.admin.ch/foen/UBD003002/5/Status/EN>\n<https://environment.ld.admin.ch/foen/UBD003002/5/Status/VU>\n<https://environment.ld.admin.ch/foen/UBD003002/5/Status/NT>\n<https://environment.ld.admin.ch/foen/UBD003002/5/Status/LC>\n<https://environment.ld.admin.ch/foen/UBD003002/5/Status/DD>\n    }\n    ?iri schema:sameAs ?sameAs .\n  \n}\n\n\n\n"},{"startTime":1666286138088,"endTime":1666286141100,"text":"#pragma describe.strategy cbd\n#pragma join.hash off\n\n\nPREFIX schema: <http://schema.org/>\n\nSELECT DISTINCT ?iri ?label\n\nWHERE {\n\n      values ?iri {\n        <https://environment.ld.admin.ch/foen/UBD003002/5/Taxon/Amphibia>\n<https://environment.ld.admin.ch/foen/UBD003002/5/Taxon/Apidae>\n<https://environment.ld.admin.ch/foen/UBD003002/5/Taxon/Aves>\n<https://environment.ld.admin.ch/foen/UBD003002/5/Taxon/Bivalvia>\n<https://environment.ld.admin.ch/foen/UBD003002/5/Taxon/Hepaticae%2C%20Musci%2C%20Anthocerotae>\n<https://environment.ld.admin.ch/foen/UBD003002/5/Taxon/Characeae>\n<https://environment.ld.admin.ch/foen/UBD003002/5/Taxon/Chiroptera>\n<https://environment.ld.admin.ch/foen/UBD003002/5/Taxon/Cicadidae>\n<https://environment.ld.admin.ch/foen/UBD003002/5/Taxon/Carabidae>\n<https://environment.ld.admin.ch/foen/UBD003002/5/Taxon/Hydradephaga>\n<https://environment.ld.admin.ch/foen/UBD003002/5/Taxon/Buprestidae%2C%20Cerambycidae%2C%20Cetoniidae%2C%20Lucanidae>\n<https://environment.ld.admin.ch/foen/UBD003002/5/Taxon/Decapoda>\n<https://environment.ld.admin.ch/foen/UBD003002/5/Taxon/Ephemeroptera>\n<https://environment.ld.admin.ch/foen/UBD003002/5/Taxon/Formicidae>\n<https://environment.ld.admin.ch/foen/UBD003002/5/Taxon/Ascomycetes%2C%20Basidiomycetes>\n<https://environment.ld.admin.ch/foen/UBD003002/5/Taxon/Gastropoda>\n<https://environment.ld.admin.ch/foen/UBD003002/5/Taxon/Lepidoptera%2C%20Rhopalocera%2C%20Zygaenidae>\n<https://environment.ld.admin.ch/foen/UBD003002/5/Taxon/Lichenes>\n<https://environment.ld.admin.ch/foen/UBD003002/5/Taxon/Mammalia>\n<https://environment.ld.admin.ch/foen/UBD003002/5/Taxon/Mollusca>\n<https://environment.ld.admin.ch/foen/UBD003002/5/Taxon/Neuropteroidea%2C%20Raphidioptera%2C%20Megaloptera%2C%20Neuroptera>\n<https://environment.ld.admin.ch/foen/UBD003002/5/Taxon/Odonata>\n<https://environment.ld.admin.ch/foen/UBD003002/5/Taxon/Orthoptera>\n<https://environment.ld.admin.ch/foen/UBD003002/5/Taxon/Pisces%2C%20Cyclostomata%2C%20Petromyzontidae>\n<https://environment.ld.admin.ch/foen/UBD003002/5/Taxon/Plecoptera>\n<https://environment.ld.admin.ch/foen/UBD003002/5/Taxon/Pteridophyta>\n<https://environment.ld.admin.ch/foen/UBD003002/5/Taxon/Reptilia>\n<https://environment.ld.admin.ch/foen/UBD003002/5/Taxon/Spermatophyta%2C%20Dicotyledones%2C%20Monocotyledones%2C%20Gymnosperma>\n<https://environment.ld.admin.ch/foen/UBD003002/5/Taxon/Tipulidae>\n<https://environment.ld.admin.ch/foen/UBD003002/5/Taxon/Tracheophyta>\n<https://environment.ld.admin.ch/foen/UBD003002/5/Taxon/Trichoptera>\n      }\n      OPTIONAL {\n    ?iri schema:name ?label_en\n    FILTER (LANGMATCHES(LANG(?label_en), \"en\"))\n  }\nOPTIONAL {\n    ?iri schema:name ?label_de\n    FILTER (LANGMATCHES(LANG(?label_de), \"de\"))\n  }\nOPTIONAL {\n    ?iri schema:name ?label_fr\n    FILTER (LANGMATCHES(LANG(?label_fr), \"fr\"))\n  }\nOPTIONAL {\n    ?iri schema:name ?label_it\n    FILTER (LANGMATCHES(LANG(?label_it), \"it\"))\n  }\nOPTIONAL {\n    ?iri schema:name ?label_\n    FILTER ((LANG(?label_) = \"\"))\n  }\n  BIND(COALESCE(?label_en,?label_de,?label_fr,?label_it,?label_) as ?label)\n  \n    \n}\n\n\n\n"},{"startTime":1666286138090,"endTime":1666286141147,"text":"#pragma describe.strategy cbd\n#pragma join.hash off\n\n\nPREFIX schema: <http://schema.org/>\n\nSELECT DISTINCT ?iri ?sameAs\n\nWHERE {\n\n    values ?iri {\n      <https://environment.ld.admin.ch/foen/UBD003002/5/Taxon/Amphibia>\n<https://environment.ld.admin.ch/foen/UBD003002/5/Taxon/Apidae>\n<https://environment.ld.admin.ch/foen/UBD003002/5/Taxon/Aves>\n<https://environment.ld.admin.ch/foen/UBD003002/5/Taxon/Bivalvia>\n<https://environment.ld.admin.ch/foen/UBD003002/5/Taxon/Hepaticae%2C%20Musci%2C%20Anthocerotae>\n<https://environment.ld.admin.ch/foen/UBD003002/5/Taxon/Characeae>\n<https://environment.ld.admin.ch/foen/UBD003002/5/Taxon/Chiroptera>\n<https://environment.ld.admin.ch/foen/UBD003002/5/Taxon/Cicadidae>\n<https://environment.ld.admin.ch/foen/UBD003002/5/Taxon/Carabidae>\n<https://environment.ld.admin.ch/foen/UBD003002/5/Taxon/Hydradephaga>\n<https://environment.ld.admin.ch/foen/UBD003002/5/Taxon/Buprestidae%2C%20Cerambycidae%2C%20Cetoniidae%2C%20Lucanidae>\n<https://environment.ld.admin.ch/foen/UBD003002/5/Taxon/Decapoda>\n<https://environment.ld.admin.ch/foen/UBD003002/5/Taxon/Ephemeroptera>\n<https://environment.ld.admin.ch/foen/UBD003002/5/Taxon/Formicidae>\n<https://environment.ld.admin.ch/foen/UBD003002/5/Taxon/Ascomycetes%2C%20Basidiomycetes>\n<https://environment.ld.admin.ch/foen/UBD003002/5/Taxon/Gastropoda>\n<https://environment.ld.admin.ch/foen/UBD003002/5/Taxon/Lepidoptera%2C%20Rhopalocera%2C%20Zygaenidae>\n<https://environment.ld.admin.ch/foen/UBD003002/5/Taxon/Lichenes>\n<https://environment.ld.admin.ch/foen/UBD003002/5/Taxon/Mammalia>\n<https://environment.ld.admin.ch/foen/UBD003002/5/Taxon/Mollusca>\n<https://environment.ld.admin.ch/foen/UBD003002/5/Taxon/Neuropteroidea%2C%20Raphidioptera%2C%20Megaloptera%2C%20Neuroptera>\n<https://environment.ld.admin.ch/foen/UBD003002/5/Taxon/Odonata>\n<https://environment.ld.admin.ch/foen/UBD003002/5/Taxon/Orthoptera>\n<https://environment.ld.admin.ch/foen/UBD003002/5/Taxon/Pisces%2C%20Cyclostomata%2C%20Petromyzontidae>\n<https://environment.ld.admin.ch/foen/UBD003002/5/Taxon/Plecoptera>\n<https://environment.ld.admin.ch/foen/UBD003002/5/Taxon/Pteridophyta>\n<https://environment.ld.admin.ch/foen/UBD003002/5/Taxon/Reptilia>\n<https://environment.ld.admin.ch/foen/UBD003002/5/Taxon/Spermatophyta%2C%20Dicotyledones%2C%20Monocotyledones%2C%20Gymnosperma>\n<https://environment.ld.admin.ch/foen/UBD003002/5/Taxon/Tipulidae>\n<https://environment.ld.admin.ch/foen/UBD003002/5/Taxon/Tracheophyta>\n<https://environment.ld.admin.ch/foen/UBD003002/5/Taxon/Trichoptera>\n    }\n    ?iri schema:sameAs ?sameAs .\n  \n}\n\n\n\n"},{"startTime":1666286138089,"endTime":1666286141149,"text":"#pragma describe.strategy cbd\n#pragma join.hash off\n\n\nPREFIX schema: <http://schema.org/>\n\nSELECT DISTINCT ?iri ?identifier\n?position\n?color\n\nWHERE {\n\n      values ?iri {\n        <https://environment.ld.admin.ch/foen/UBD003002/5/Taxon/Amphibia>\n<https://environment.ld.admin.ch/foen/UBD003002/5/Taxon/Apidae>\n<https://environment.ld.admin.ch/foen/UBD003002/5/Taxon/Aves>\n<https://environment.ld.admin.ch/foen/UBD003002/5/Taxon/Bivalvia>\n<https://environment.ld.admin.ch/foen/UBD003002/5/Taxon/Hepaticae%2C%20Musci%2C%20Anthocerotae>\n<https://environment.ld.admin.ch/foen/UBD003002/5/Taxon/Characeae>\n<https://environment.ld.admin.ch/foen/UBD003002/5/Taxon/Chiroptera>\n<https://environment.ld.admin.ch/foen/UBD003002/5/Taxon/Cicadidae>\n<https://environment.ld.admin.ch/foen/UBD003002/5/Taxon/Carabidae>\n<https://environment.ld.admin.ch/foen/UBD003002/5/Taxon/Hydradephaga>\n<https://environment.ld.admin.ch/foen/UBD003002/5/Taxon/Buprestidae%2C%20Cerambycidae%2C%20Cetoniidae%2C%20Lucanidae>\n<https://environment.ld.admin.ch/foen/UBD003002/5/Taxon/Decapoda>\n<https://environment.ld.admin.ch/foen/UBD003002/5/Taxon/Ephemeroptera>\n<https://environment.ld.admin.ch/foen/UBD003002/5/Taxon/Formicidae>\n<https://environment.ld.admin.ch/foen/UBD003002/5/Taxon/Ascomycetes%2C%20Basidiomycetes>\n<https://environment.ld.admin.ch/foen/UBD003002/5/Taxon/Gastropoda>\n<https://environment.ld.admin.ch/foen/UBD003002/5/Taxon/Lepidoptera%2C%20Rhopalocera%2C%20Zygaenidae>\n<https://environment.ld.admin.ch/foen/UBD003002/5/Taxon/Lichenes>\n<https://environment.ld.admin.ch/foen/UBD003002/5/Taxon/Mammalia>\n<https://environment.ld.admin.ch/foen/UBD003002/5/Taxon/Mollusca>\n<https://environment.ld.admin.ch/foen/UBD003002/5/Taxon/Neuropteroidea%2C%20Raphidioptera%2C%20Megaloptera%2C%20Neuroptera>\n<https://environment.ld.admin.ch/foen/UBD003002/5/Taxon/Odonata>\n<https://environment.ld.admin.ch/foen/UBD003002/5/Taxon/Orthoptera>\n<https://environment.ld.admin.ch/foen/UBD003002/5/Taxon/Pisces%2C%20Cyclostomata%2C%20Petromyzontidae>\n<https://environment.ld.admin.ch/foen/UBD003002/5/Taxon/Plecoptera>\n<https://environment.ld.admin.ch/foen/UBD003002/5/Taxon/Pteridophyta>\n<https://environment.ld.admin.ch/foen/UBD003002/5/Taxon/Reptilia>\n<https://environment.ld.admin.ch/foen/UBD003002/5/Taxon/Spermatophyta%2C%20Dicotyledones%2C%20Monocotyledones%2C%20Gymnosperma>\n<https://environment.ld.admin.ch/foen/UBD003002/5/Taxon/Tipulidae>\n<https://environment.ld.admin.ch/foen/UBD003002/5/Taxon/Tracheophyta>\n<https://environment.ld.admin.ch/foen/UBD003002/5/Taxon/Trichoptera>\n      }\n\n      OPTIONAL { ?iri schema:identifier ?identifier. }\nOPTIONAL { ?iri schema:color ?color. }\n    \n}\n\n\n\n"},{"startTime":1666286141152,"endTime":1666286141324,"text":"#pragma describe.strategy cbd\n#pragma join.hash off\n\n\nPREFIX schema: <http://schema.org/>\n\nSELECT DISTINCT ?iri ?identifier\n?position\n?color\n\nWHERE {\n\n      values ?iri {\n        <https://environment.ld.admin.ch/foen/UBD003002/5/Taxonomy_Class/Amphibia>\n<https://environment.ld.admin.ch/foen/UBD003002/5/Taxonomy_Class/Insecta>\n<https://environment.ld.admin.ch/foen/UBD003002/5/Taxonomy_Class/Aves>\n<https://environment.ld.admin.ch/foen/UBD003002/5/Taxonomy_Class/Bivalvia>\n<https://environment.ld.admin.ch/foen/UBD003002/5/Taxonomy_Class/Marchantiophyta%2C%20Bryophyta%2C%20Anthocerotophyta>\n<https://environment.ld.admin.ch/foen/UBD003002/5/Taxonomy_Class/Charophyceae>\n<https://environment.ld.admin.ch/foen/UBD003002/5/Taxonomy_Class/Mammalia>\n<https://environment.ld.admin.ch/foen/UBD003002/5/Taxonomy_Class/Malacostraca>\n<https://environment.ld.admin.ch/foen/UBD003002/5/Taxonomy_Class/Discomycetes%2C%20Gasteromycetes%2C%20Hymenomycetes%2C%20Pyrenomycetes>\n<https://environment.ld.admin.ch/foen/UBD003002/5/Taxonomy_Class/Gastropoda>\n<https://environment.ld.admin.ch/foen/UBD003002/5/Taxonomy_Class/Ascolichenes%2C%20Basidiolichenes>\n<https://environment.ld.admin.ch/foen/UBD003002/5/Taxonomy_Class/Bivalvia%2C%20Gastropoda>\n<https://environment.ld.admin.ch/foen/UBD003002/5/Taxonomy_Class/Osteichthyes%2C%20Cephalaspidomorphi>\n<https://environment.ld.admin.ch/foen/UBD003002/5/Taxonomy_Class/Pteridophyta>\n<https://environment.ld.admin.ch/foen/UBD003002/5/Taxonomy_Class/Reptilia>\n<https://environment.ld.admin.ch/foen/UBD003002/5/Taxonomy_Class/Spermatophyta>\n<https://environment.ld.admin.ch/foen/UBD003002/5/Taxonomy_Class/Pteridophyta%2C%20Spermatophyta>\n      }\n\n      OPTIONAL { ?iri schema:identifier ?identifier. }\nOPTIONAL { ?iri schema:color ?color. }\n    \n}\n\n\n\n"},{"startTime":1666286141151,"endTime":1666286141327,"text":"#pragma describe.strategy cbd\n#pragma join.hash off\n\n\nPREFIX schema: <http://schema.org/>\n\nSELECT DISTINCT ?iri ?label\n\nWHERE {\n\n      values ?iri {\n        <https://environment.ld.admin.ch/foen/UBD003002/5/Taxonomy_Class/Amphibia>\n<https://environment.ld.admin.ch/foen/UBD003002/5/Taxonomy_Class/Insecta>\n<https://environment.ld.admin.ch/foen/UBD003002/5/Taxonomy_Class/Aves>\n<https://environment.ld.admin.ch/foen/UBD003002/5/Taxonomy_Class/Bivalvia>\n<https://environment.ld.admin.ch/foen/UBD003002/5/Taxonomy_Class/Marchantiophyta%2C%20Bryophyta%2C%20Anthocerotophyta>\n<https://environment.ld.admin.ch/foen/UBD003002/5/Taxonomy_Class/Charophyceae>\n<https://environment.ld.admin.ch/foen/UBD003002/5/Taxonomy_Class/Mammalia>\n<https://environment.ld.admin.ch/foen/UBD003002/5/Taxonomy_Class/Malacostraca>\n<https://environment.ld.admin.ch/foen/UBD003002/5/Taxonomy_Class/Discomycetes%2C%20Gasteromycetes%2C%20Hymenomycetes%2C%20Pyrenomycetes>\n<https://environment.ld.admin.ch/foen/UBD003002/5/Taxonomy_Class/Gastropoda>\n<https://environment.ld.admin.ch/foen/UBD003002/5/Taxonomy_Class/Ascolichenes%2C%20Basidiolichenes>\n<https://environment.ld.admin.ch/foen/UBD003002/5/Taxonomy_Class/Bivalvia%2C%20Gastropoda>\n<https://environment.ld.admin.ch/foen/UBD003002/5/Taxonomy_Class/Osteichthyes%2C%20Cephalaspidomorphi>\n<https://environment.ld.admin.ch/foen/UBD003002/5/Taxonomy_Class/Pteridophyta>\n<https://environment.ld.admin.ch/foen/UBD003002/5/Taxonomy_Class/Reptilia>\n<https://environment.ld.admin.ch/foen/UBD003002/5/Taxonomy_Class/Spermatophyta>\n<https://environment.ld.admin.ch/foen/UBD003002/5/Taxonomy_Class/Pteridophyta%2C%20Spermatophyta>\n      }\n      OPTIONAL {\n    ?iri schema:name ?label_en\n    FILTER (LANGMATCHES(LANG(?label_en), \"en\"))\n  }\nOPTIONAL {\n    ?iri schema:name ?label_de\n    FILTER (LANGMATCHES(LANG(?label_de), \"de\"))\n  }\nOPTIONAL {\n    ?iri schema:name ?label_fr\n    FILTER (LANGMATCHES(LANG(?label_fr), \"fr\"))\n  }\nOPTIONAL {\n    ?iri schema:name ?label_it\n    FILTER (LANGMATCHES(LANG(?label_it), \"it\"))\n  }\nOPTIONAL {\n    ?iri schema:name ?label_\n    FILTER ((LANG(?label_) = \"\"))\n  }\n  BIND(COALESCE(?label_en,?label_de,?label_fr,?label_it,?label_) as ?label)\n  \n    \n}\n\n\n\n"},{"startTime":1666286141153,"endTime":1666286141648,"text":"#pragma describe.strategy cbd\n#pragma join.hash off\n\n\nPREFIX schema: <http://schema.org/>\n\nSELECT DISTINCT ?iri ?sameAs\n\nWHERE {\n\n    values ?iri {\n      <https://environment.ld.admin.ch/foen/UBD003002/5/Taxonomy_Class/Amphibia>\n<https://environment.ld.admin.ch/foen/UBD003002/5/Taxonomy_Class/Insecta>\n<https://environment.ld.admin.ch/foen/UBD003002/5/Taxonomy_Class/Aves>\n<https://environment.ld.admin.ch/foen/UBD003002/5/Taxonomy_Class/Bivalvia>\n<https://environment.ld.admin.ch/foen/UBD003002/5/Taxonomy_Class/Marchantiophyta%2C%20Bryophyta%2C%20Anthocerotophyta>\n<https://environment.ld.admin.ch/foen/UBD003002/5/Taxonomy_Class/Charophyceae>\n<https://environment.ld.admin.ch/foen/UBD003002/5/Taxonomy_Class/Mammalia>\n<https://environment.ld.admin.ch/foen/UBD003002/5/Taxonomy_Class/Malacostraca>\n<https://environment.ld.admin.ch/foen/UBD003002/5/Taxonomy_Class/Discomycetes%2C%20Gasteromycetes%2C%20Hymenomycetes%2C%20Pyrenomycetes>\n<https://environment.ld.admin.ch/foen/UBD003002/5/Taxonomy_Class/Gastropoda>\n<https://environment.ld.admin.ch/foen/UBD003002/5/Taxonomy_Class/Ascolichenes%2C%20Basidiolichenes>\n<https://environment.ld.admin.ch/foen/UBD003002/5/Taxonomy_Class/Bivalvia%2C%20Gastropoda>\n<https://environment.ld.admin.ch/foen/UBD003002/5/Taxonomy_Class/Osteichthyes%2C%20Cephalaspidomorphi>\n<https://environment.ld.admin.ch/foen/UBD003002/5/Taxonomy_Class/Pteridophyta>\n<https://environment.ld.admin.ch/foen/UBD003002/5/Taxonomy_Class/Reptilia>\n<https://environment.ld.admin.ch/foen/UBD003002/5/Taxonomy_Class/Spermatophyta>\n<https://environment.ld.admin.ch/foen/UBD003002/5/Taxonomy_Class/Pteridophyta%2C%20Spermatophyta>\n    }\n    ?iri schema:sameAs ?sameAs .\n  \n}\n\n\n\n"},{"startTime":1666286141650,"endTime":1666286141751,"text":"#pragma describe.strategy cbd\n#pragma join.hash off\n\n\nPREFIX schema: <http://schema.org/>\n\nSELECT DISTINCT ?iri ?identifier\n?position\n?color\n\nWHERE {\n\n      values ?iri {\n        <https://environment.ld.admin.ch/foen/UBD003002/5/Taxonomy_Phylum/Vertebrata>\n<https://environment.ld.admin.ch/foen/UBD003002/5/Taxonomy_Phylum/Arthropoda>\n<https://environment.ld.admin.ch/foen/UBD003002/5/Taxonomy_Phylum/Mollusca>\n<https://environment.ld.admin.ch/foen/UBD003002/5/Taxonomy_Phylum/Bryophyta>\n<https://environment.ld.admin.ch/foen/UBD003002/5/Taxonomy_Phylum/Charophyta>\n<https://environment.ld.admin.ch/foen/UBD003002/5/Taxonomy_Phylum/Ascomycota%2C%20Basidiomycota>\n<https://environment.ld.admin.ch/foen/UBD003002/5/Taxonomy_Phylum/Tracheophyta>\n      }\n\n      OPTIONAL { ?iri schema:identifier ?identifier. }\nOPTIONAL { ?iri schema:color ?color. }\n    \n}\n\n\n\n"},{"startTime":1666286141649,"endTime":1666286141753,"text":"#pragma describe.strategy cbd\n#pragma join.hash off\n\n\nPREFIX schema: <http://schema.org/>\n\nSELECT DISTINCT ?iri ?label\n\nWHERE {\n\n      values ?iri {\n        <https://environment.ld.admin.ch/foen/UBD003002/5/Taxonomy_Phylum/Vertebrata>\n<https://environment.ld.admin.ch/foen/UBD003002/5/Taxonomy_Phylum/Arthropoda>\n<https://environment.ld.admin.ch/foen/UBD003002/5/Taxonomy_Phylum/Mollusca>\n<https://environment.ld.admin.ch/foen/UBD003002/5/Taxonomy_Phylum/Bryophyta>\n<https://environment.ld.admin.ch/foen/UBD003002/5/Taxonomy_Phylum/Charophyta>\n<https://environment.ld.admin.ch/foen/UBD003002/5/Taxonomy_Phylum/Ascomycota%2C%20Basidiomycota>\n<https://environment.ld.admin.ch/foen/UBD003002/5/Taxonomy_Phylum/Tracheophyta>\n      }\n      OPTIONAL {\n    ?iri schema:name ?label_en\n    FILTER (LANGMATCHES(LANG(?label_en), \"en\"))\n  }\nOPTIONAL {\n    ?iri schema:name ?label_de\n    FILTER (LANGMATCHES(LANG(?label_de), \"de\"))\n  }\nOPTIONAL {\n    ?iri schema:name ?label_fr\n    FILTER (LANGMATCHES(LANG(?label_fr), \"fr\"))\n  }\nOPTIONAL {\n    ?iri schema:name ?label_it\n    FILTER (LANGMATCHES(LANG(?label_it), \"it\"))\n  }\nOPTIONAL {\n    ?iri schema:name ?label_\n    FILTER ((LANG(?label_) = \"\"))\n  }\n  BIND(COALESCE(?label_en,?label_de,?label_fr,?label_it,?label_) as ?label)\n  \n    \n}\n\n\n\n"},{"startTime":1666286141651,"endTime":1666286141757,"text":"#pragma describe.strategy cbd\n#pragma join.hash off\n\n\nPREFIX schema: <http://schema.org/>\n\nSELECT DISTINCT ?iri ?sameAs\n\nWHERE {\n\n    values ?iri {\n      <https://environment.ld.admin.ch/foen/UBD003002/5/Taxonomy_Phylum/Vertebrata>\n<https://environment.ld.admin.ch/foen/UBD003002/5/Taxonomy_Phylum/Arthropoda>\n<https://environment.ld.admin.ch/foen/UBD003002/5/Taxonomy_Phylum/Mollusca>\n<https://environment.ld.admin.ch/foen/UBD003002/5/Taxonomy_Phylum/Bryophyta>\n<https://environment.ld.admin.ch/foen/UBD003002/5/Taxonomy_Phylum/Charophyta>\n<https://environment.ld.admin.ch/foen/UBD003002/5/Taxonomy_Phylum/Ascomycota%2C%20Basidiomycota>\n<https://environment.ld.admin.ch/foen/UBD003002/5/Taxonomy_Phylum/Tracheophyta>\n    }\n    ?iri schema:sameAs ?sameAs .\n  \n}\n\n\n\n"},{"startTime":1666286141757,"endTime":1666286141890,"text":"#pragma describe.strategy cbd\n#pragma join.hash off\n\n\nPREFIX schema: <http://schema.org/>\n\nSELECT DISTINCT ?iri ?label\n\nWHERE {\n\n      values ?iri {\n        <https://environment.ld.admin.ch/foen/UBD003002/5/Taxonomy_Kingdom/Animalia>\n<https://environment.ld.admin.ch/foen/UBD003002/5/Taxonomy_Kingdom/Plantae>\n<https://environment.ld.admin.ch/foen/UBD003002/5/Taxonomy_Kingdom/Fungi>\n      }\n      OPTIONAL {\n    ?iri schema:name ?label_en\n    FILTER (LANGMATCHES(LANG(?label_en), \"en\"))\n  }\nOPTIONAL {\n    ?iri schema:name ?label_de\n    FILTER (LANGMATCHES(LANG(?label_de), \"de\"))\n  }\nOPTIONAL {\n    ?iri schema:name ?label_fr\n    FILTER (LANGMATCHES(LANG(?label_fr), \"fr\"))\n  }\nOPTIONAL {\n    ?iri schema:name ?label_it\n    FILTER (LANGMATCHES(LANG(?label_it), \"it\"))\n  }\nOPTIONAL {\n    ?iri schema:name ?label_\n    FILTER ((LANG(?label_) = \"\"))\n  }\n  BIND(COALESCE(?label_en,?label_de,?label_fr,?label_it,?label_) as ?label)\n  \n    \n}\n\n\n\n"},{"startTime":1666286141758,"endTime":1666286141893,"text":"#pragma describe.strategy cbd\n#pragma join.hash off\n\n\nPREFIX schema: <http://schema.org/>\n\nSELECT DISTINCT ?iri ?identifier\n?position\n?color\n\nWHERE {\n\n      values ?iri {\n        <https://environment.ld.admin.ch/foen/UBD003002/5/Taxonomy_Kingdom/Animalia>\n<https://environment.ld.admin.ch/foen/UBD003002/5/Taxonomy_Kingdom/Plantae>\n<https://environment.ld.admin.ch/foen/UBD003002/5/Taxonomy_Kingdom/Fungi>\n      }\n\n      OPTIONAL { ?iri schema:identifier ?identifier. }\nOPTIONAL { ?iri schema:color ?color. }\n    \n}\n\n\n\n"},{"startTime":1666286141759,"endTime":1666286141903,"text":"#pragma describe.strategy cbd\n#pragma join.hash off\n\n\nPREFIX schema: <http://schema.org/>\n\nSELECT DISTINCT ?iri ?sameAs\n\nWHERE {\n\n    values ?iri {\n      <https://environment.ld.admin.ch/foen/UBD003002/5/Taxonomy_Kingdom/Animalia>\n<https://environment.ld.admin.ch/foen/UBD003002/5/Taxonomy_Kingdom/Plantae>\n<https://environment.ld.admin.ch/foen/UBD003002/5/Taxonomy_Kingdom/Fungi>\n    }\n    ?iri schema:sameAs ?sameAs .\n  \n}\n\n\n\n"}],"timings":{"children":{"dataCubeByIri":{"children":{"dimensions":{"children":{"0":{"children":{"values":{"children":{},"start":1666286137431,"end":1666286141903},"hierarchy":{"children":{},"start":1666286137431,"end":1666286141906}}},"1":{"children":{"values":{"children":{},"start":1666286137432,"end":1666286141903},"hierarchy":{"children":{},"start":1666286137432,"end":1666286142493}}},"2":{"children":{"values":{"children":{},"start":1666286137432,"end":1666286141903},"hierarchy":{"children":{},"start":1666286137432,"end":1666286142839}}},"3":{"children":{"values":{"children":{},"start":1666286137432,"end":1666286141903},"hierarchy":{"children":{},"start":1666286137432,"end":1666286142232}}},"4":{"children":{"values":{"children":{},"start":1666286137432,"end":1666286141903},"hierarchy":{"children":{},"start":1666286137432,"end":1666286142726}}},"5":{"children":{"hierarchy":{"children":{},"start":1666286137432,"end":1666286141405},"values":{"children":{},"start":1666286137432,"end":1666286141903}}},"6":{"children":{"values":{"children":{},"start":1666286137432,"end":1666286141903},"hierarchy":{"children":{},"start":1666286137432,"end":1666286142378}}}},"start":1666286137298,"end":1666286137431},"measures":{"children":{"0":{"children":{"values":{"children":{},"start":1666286137450,"end":1666286137451},"hierarchy":{"children":{},"start":1666286137450,"end":1666286144146}}}}}},"start":1666286136904,"end":1666286137298}}}}}
