{"query":"query DataCubeComponents($sourceType: String!, $sourceUrl: String!, $locale: String!, $cubeFilter: DataCubeComponentFilter!) {\n  dataCubeComponents(\n    sourceType: $sourceType\n    sourceUrl: $sourceUrl\n    locale: $locale\n    cubeFilter: $cubeFilter\n  )\n}\n","operationName":"DataCubeComponents","variables":{"locale":"en","sourceType":"sparql","sourceUrl":"https://int.lindas.admin.ch/query","cubeFilter":{"iri":"https://environment.ld.admin.ch/foen/UBD003002/5","componentIris":["https://environment.ld.admin.ch/foen/UBD003002/artengruppe","https://environment.ld.admin.ch/foen/UBD003002/status","https://environment.ld.admin.ch/foen/UBD003002/value"],"loadValues":true}}}