{"data":{"dataCubeByIri":{"iri":"https://environment.ld.admin.ch/foen/UBD003002/5","identifier":"UBD003002","title":"Red Lists (latest survey)","description":"Red lists are scientific expert reports that assess the degree of threat to native species. In Switzerland, these lists are drawn up by specialists commissioned by the FOEN. They exist for 33 species groups.","publisher":"Bundesamt für Umwelt BAFU","version":"5","workExamples":["https://ld.admin.ch/application/visualize","b3160_genid2de52916d96cf94390a4938649fb9df4702dQRbuJL6lBTRKOwzb4583","b3160_genid2de52916d96cf94390a4938649fb9df4702dQRbuJL6lBTRKOwzb4584"],"contactName":"Abteilung Biodiversität und Landschaft","contactEmail":"aoel@bafu.admin.ch","landingPage":"https://www.bafu.admin.ch/bafu/de/home/themen/biodiversitaet/fachinformationen/zustand-der-biodiversitaet-in-der-schweiz/zustand-der-artenvielfalt-in-der-schweiz.html","expires":null,"datePublished":"2022-02-15","dateModified":"2022-05-23T08:55:01.848Z","publicationStatus":"DRAFT","themes":[{"iri":"https://register.ld.admin.ch/opendataswiss/category/territory","label":"Territory and environment","__typename":"DataCubeTheme"}],"creator":{"iri":"https://register.ld.admin.ch/opendataswiss/org/bundesamt-fur-umwelt-bafu","label":"Federal Office for the Environment FOEN","__typename":"DataCubeOrganization"},"__typename":"DataCube"}},"extensions":{"queries":[{"startTime":1666286137326,"endTime":1666286137449,"text":"#pragma describe.strategy cbd\n#pragma join.hash off\n\n\nPREFIX schema: <http://schema.org/>\n\nSELECT *\n\nWHERE {\n\n    graph   <https://lindas.admin.ch/sfa/opendataswiss> {\n      ?theme a schema:DefinedTerm ;\n        schema:inDefinedTermSet <https://register.ld.admin.ch/opendataswiss/category>; \n        OPTIONAL {\n    ?theme schema:name ?name_en\n    FILTER (LANGMATCHES(LANG(?name_en), \"en\"))\n  }\nOPTIONAL {\n    ?theme schema:name ?name_de\n    FILTER (LANGMATCHES(LANG(?name_de), \"de\"))\n  }\nOPTIONAL {\n    ?theme schema:name ?name_fr\n    FILTER (LANGMATCHES(LANG(?name_fr), \"fr\"))\n  }\nOPTIONAL {\n    ?theme schema:name ?name_it\n    FILTER (LANGMATCHES(LANG(?name_it), \"it\"))\n  }\nOPTIONAL {\n    ?theme schema:name ?name_\n    FILTER ((LANG(?name_) = \"\"))\n  }\n  BIND(COALESCE(?name_en,?name_de,?name_fr,?name_it,?name_) as ?name)\n  \n    }\n}\n\n\n\n"},{"startTime":1666286137327,"endTime":1666286137458,"text":"#pragma describe.strategy cbd\n#pragma join.hash off\n\n\nPREFIX schema: <http://schema.org/>\n\nSELECT *\n\nWHERE {\n\n    graph   <https://lindas.admin.ch/sfa/opendataswiss> {\n      ?theme a schema:Organization ;\n      OPTIONAL {\n    ?theme schema:name ?name_en\n    FILTER (LANGMATCHES(LANG(?name_en), \"en\"))\n  }\nOPTIONAL {\n    ?theme schema:name ?name_de\n    FILTER (LANGMATCHES(LANG(?name_de), \"de\"))\n  }\nOPTIONAL {\n    ?theme schema:name ?name_fr\n    FILTER (LANGMATCHES(LANG(?name_fr), \"fr\"))\n  }\nOPTIONAL {\n    ?theme schema:name ?name_it\n    FILTER (LANGMATCHES(LANG(?name_it), \"it\"))\n  }\nOPTIONAL {\n    ?theme schema:name ?name_\n    FILTER ((LANG(?name_) = \"\"))\n  }\n  BIND(COALESCE(?name_en,?name_de,?name_fr,?name_it,?name_) as ?name)\n  \n    }\n}\n\n\n\n"}],"timings":{"children":{"dataCubeByIri":{"children":{"themes":{"children":{"0":{"children":{"label":{"children":{},"start":1666286137326,"end":1666286137449}}}}},"creator":{"children":{"label":{"children":{},"start":1666286137326,"end":1666286137458}}}},"start":1666286136909,"end":1666286137325}}}}}
