{"data":{"dataCubeComponents":{"dimensions":[{"__typename":"NominalDimension","cubeIri":"https://environment.ld.admin.ch/foen/UBD003002/5","iri":"https://environment.ld.admin.ch/foen/UBD003002/artengruppe","label":"Species group","scaleType":"Nominal","order":1,"isNumerical":false,"isKeyDimension":true,"values":[],"related":[],"hierarchy":null},{"__typename":"OrdinalDimension","cubeIri":"https://environment.ld.admin.ch/foen/UBD003002/5","iri":"https://environment.ld.admin.ch/foen/UBD003002/status","label":"Status","scaleType":"Ordinal","order":2,"isNumerical":false,"isKeyDimension":true,"values":[],"related":[],"hierarchy":null}],"measures":[{"__typename":"NumericalMeasure","isCurrency":false,"isDecimal":false,"resolution":0,"cubeIri":"https://environment.ld.admin.ch/foen/UBD003002/5","iri":"https://environment.ld.admin.ch/foen/UBD003002/value","label":"Number of species","unit":"#","scaleType":"Interval","dataType":"http://www.w3.org/2001/XMLSchema#int","order":3,"isNumerical":true,"isKeyDimension":false,"values":[],"related":[]}]}}}
