{"data":{"dataCubeByIri":{"iri":"https://environment.ld.admin.ch/foen/UBD003002/5","title":"Red Lists (latest survey)","description":"Red lists are scientific expert reports that assess the degree of threat to native species. In Switzerland, these lists are drawn up by specialists commissioned by the FOEN. They exist for 33 species groups.","dimensions":[{"iri":"https://environment.ld.admin.ch/foen/UBD003002/yearissue","label":"Year","description":null,"isNumerical":false,"isKeyDimension":false,"order":8,"values":[{"value":"1994","label":"1994"},{"value":"2021","label":"2021"}],"unit":"a","related":[],"hierarchy":null,"timeUnit":"Year","timeFormat":"%Y","__typename":"TemporalDimension"},{"iri":"https://environment.ld.admin.ch/foen/UBD003002/artengruppe","label":"Species group","description":null,"isNumerical":false,"isKeyDimension":true,"order":1,"values":[{"value":"https://environment.ld.admin.ch/foen/UBD003002/ArtenGruppe/AMPH","label":"Amphibians (2021)","identifier":"AMPH"},{"value":"https://environment.ld.admin.ch/foen/UBD003002/ArtenGruppe/APID","label":"Bees (1994)","identifier":"APID"},{"value":"https://environment.ld.admin.ch/foen/UBD003002/ArtenGruppe/AVES","label":"Breeding birds (2021)","identifier":"AVES"},{"value":"https://environment.ld.admin.ch/foen/UBD003002/ArtenGruppe/BIVA","label":"Bivalves (2012)","identifier":"BIVA"},{"value":"https://environment.ld.admin.ch/foen/UBD003002/ArtenGruppe/BRYO","label":"Bryophytes (2021)","identifier":"BRYO"},{"value":"https://environment.ld.admin.ch/foen/UBD003002/ArtenGruppe/CHAR","label":"Stoneworts (2012)","identifier":"CHAR"},{"value":"https://environment.ld.admin.ch/foen/UBD003002/ArtenGruppe/CHIR","label":"Bats (2014)","identifier":"CHIR"},{"value":"https://environment.ld.admin.ch/foen/UBD003002/ArtenGruppe/CICA","label":"Cicadas (2021)","identifier":"CICA"},{"value":"https://environment.ld.admin.ch/foen/UBD003002/ArtenGruppe/COCA","label":"Beetles Carabidae (1994)","identifier":"COCA"},{"value":"https://environment.ld.admin.ch/foen/UBD003002/ArtenGruppe/COHY","label":"Aquatic beetles Adefagians (1994)","identifier":"COHY"},{"value":"https://environment.ld.admin.ch/foen/UBD003002/ArtenGruppe/COSA","label":"Coleoptera Buprestides, Cerambicides, Cetonides, Lucanides (2016)","identifier":"COSA"},{"value":"https://environment.ld.admin.ch/foen/UBD003002/ArtenGruppe/DECA","label":"Crayfishes (2021)","identifier":"DECA"},{"value":"https://environment.ld.admin.ch/foen/UBD003002/ArtenGruppe/EPHE","label":"Mayflies (2012)","identifier":"EPHE"},{"value":"https://environment.ld.admin.ch/foen/UBD003002/ArtenGruppe/FORM","label":"Ants (1994)","identifier":"FORM"},{"value":"https://environment.ld.admin.ch/foen/UBD003002/ArtenGruppe/FUNG","label":"Macromycetes (2007)","identifier":"FUNG"},{"value":"https://environment.ld.admin.ch/foen/UBD003002/ArtenGruppe/GAST","label":"Gasteropodi (2012)","identifier":"GAST"},{"value":"https://environment.ld.admin.ch/foen/UBD003002/ArtenGruppe/LEPZ","label":"Diurnal Butterflies and Zigene (2014)","identifier":"LEPZ"},{"value":"https://environment.ld.admin.ch/foen/UBD003002/ArtenGruppe/LICE","label":"Epiphytic lichens (2002)","identifier":"LICE"},{"value":"https://environment.ld.admin.ch/foen/UBD003002/ArtenGruppe/LICH","label":"Lichens (2002)","identifier":"LICH"},{"value":"https://environment.ld.admin.ch/foen/UBD003002/ArtenGruppe/LICT","label":"Soil lichens (2002)","identifier":"LICT"},{"value":"https://environment.ld.admin.ch/foen/UBD003002/ArtenGruppe/MAMM","label":"Mammals, without bats (2021)","identifier":"MAMM"},{"value":"https://environment.ld.admin.ch/foen/UBD003002/ArtenGruppe/MOLL","label":"Molluscs (2012)","identifier":"MOLL"},{"value":"https://environment.ld.admin.ch/foen/UBD003002/ArtenGruppe/NEUR","label":"Neuropterans (1994)","identifier":"NEUR"},{"value":"https://environment.ld.admin.ch/foen/UBD003002/ArtenGruppe/ODON","label":"Dragonflies (2021)","identifier":"ODON"},{"value":"https://environment.ld.admin.ch/foen/UBD003002/ArtenGruppe/ORTH","label":"Ortopterans (2007)","identifier":"ORTH"},{"value":"https://environment.ld.admin.ch/foen/UBD003002/ArtenGruppe/PISC","label":"Fishes and cyclostomes (2021)","identifier":"PISC"},{"value":"https://environment.ld.admin.ch/foen/UBD003002/ArtenGruppe/PLEC","label":"Stoneflies (2012)","identifier":"PLEC"},{"value":"https://environment.ld.admin.ch/foen/UBD003002/ArtenGruppe/PTER","label":"Ferns (2016)","identifier":"PTER"},{"value":"https://environment.ld.admin.ch/foen/UBD003002/ArtenGruppe/REPT","label":"Reptiles (2021)","identifier":"REPT"},{"value":"https://environment.ld.admin.ch/foen/UBD003002/ArtenGruppe/SPER","label":"Flowering plants (2016)","identifier":"SPER"},{"value":"https://environment.ld.admin.ch/foen/UBD003002/ArtenGruppe/TIPU","label":"Diptera Tipulids (1994)","identifier":"TIPU"},{"value":"https://environment.ld.admin.ch/foen/UBD003002/ArtenGruppe/TRAC","label":"Vascular plants (2016)","identifier":"TRAC"},{"value":"https://environment.ld.admin.ch/foen/UBD003002/ArtenGruppe/TRIC","label":"Caddisflies (2012)","identifier":"TRIC"}],"unit":null,"related":[],"hierarchy":null,"__typename":"NominalDimension"},{"iri":"https://environment.ld.admin.ch/foen/UBD003002/status","label":"Status","description":null,"isNumerical":false,"isKeyDimension":true,"order":2,"values":[{"value":"https://environment.ld.admin.ch/foen/UBD003002/Status/DD","label":"Data deficient","position":0,"identifier":"DD"},{"value":"https://environment.ld.admin.ch/foen/UBD003002/Status/LC","label":"Least concern","position":1,"identifier":"LC"},{"value":"https://environment.ld.admin.ch/foen/UBD003002/Status/NT","label":"Near threatened","position":2,"identifier":"NT"},{"value":"https://environment.ld.admin.ch/foen/UBD003002/Status/VU","label":"Vulnerable","position":3,"identifier":"VU"},{"value":"https://environment.ld.admin.ch/foen/UBD003002/Status/EN","label":"Endangered","position":4,"identifier":"EN"},{"value":"https://environment.ld.admin.ch/foen/UBD003002/Status/CR","label":"Critically endangered","position":5,"identifier":"CR"},{"value":"https://environment.ld.admin.ch/foen/UBD003002/Status/RE","label":"Regionally extinct","position":6,"identifier":"RE"},{"value":"https://environment.ld.admin.ch/foen/UBD003002/Status/EX","label":"Extinct in the world","position":7,"identifier":"EX"}],"unit":null,"related":[],"hierarchy":null,"__typename":"OrdinalDimension"},{"iri":"https://environment.ld.admin.ch/foen/UBD003002/taxon","label":"Taxon","description":null,"isNumerical":false,"isKeyDimension":false,"order":7,"values":[{"value":"https://environment.ld.admin.ch/foen/UBD003002/Taxon/Amphibia","label":"Amphibia","identifier":"Amphibia"},{"value":"https://environment.ld.admin.ch/foen/UBD003002/Taxon/Apidae","label":"Apidae","identifier":"Apidae"},{"value":"https://environment.ld.admin.ch/foen/UBD003002/Taxon/Ascomycetes%2C%20Basidiomycetes","label":"Ascomycetes, Basidiomycetes","identifier":"Ascomycetes, Basidiomycetes"},{"value":"https://environment.ld.admin.ch/foen/UBD003002/Taxon/Aves","label":"Aves","identifier":"Aves"},{"value":"https://environment.ld.admin.ch/foen/UBD003002/Taxon/Bivalvia","label":"Bivalvia","identifier":"Bivalvia"},{"value":"https://environment.ld.admin.ch/foen/UBD003002/Taxon/Buprestidae%2C%20Cerambycidae%2C%20Cetoniidae%2C%20Lucanidae","label":"Buprestidae, Cerambycidae, Cetoniidae, Lucanidae","identifier":"Buprestidae, Cerambycidae, Cetoniidae, Lucanidae"},{"value":"https://environment.ld.admin.ch/foen/UBD003002/Taxon/Carabidae","label":"Carabidae","identifier":"Carabidae"},{"value":"https://environment.ld.admin.ch/foen/UBD003002/Taxon/Characeae","label":"Characeae","identifier":"Characeae"},{"value":"https://environment.ld.admin.ch/foen/UBD003002/Taxon/Chiroptera","label":"Chiroptera","identifier":"Chiroptera"},{"value":"https://environment.ld.admin.ch/foen/UBD003002/Taxon/Cicadidae","label":"Cicadidae","identifier":"Cicadidae"},{"value":"https://environment.ld.admin.ch/foen/UBD003002/Taxon/Decapoda","label":"Decapoda","identifier":"Decapoda"},{"value":"https://environment.ld.admin.ch/foen/UBD003002/Taxon/Ephemeroptera","label":"Ephemeroptera","identifier":"Ephemeroptera"},{"value":"https://environment.ld.admin.ch/foen/UBD003002/Taxon/Formicidae","label":"Formicidae","identifier":"Formicidae"},{"value":"https://environment.ld.admin.ch/foen/UBD003002/Taxon/Gastropoda","label":"Gastropoda","identifier":"Gastropoda"},{"value":"https://environment.ld.admin.ch/foen/UBD003002/Taxon/Hepaticae%2C%20Musci%2C%20Anthocerotae","label":"Hepaticae, Musci, Anthocerotae","identifier":"Hepaticae, Musci, Anthocerotae"},{"value":"https://environment.ld.admin.ch/foen/UBD003002/Taxon/Hydradephaga","label":"Hydradephaga","identifier":"Hydradephaga"},{"value":"https://environment.ld.admin.ch/foen/UBD003002/Taxon/Lepidoptera%2C%20Rhopalocera%2C%20Zygaenidae","label":"Lepidoptera, Rhopalocera, Zygaenidae","identifier":"Lepidoptera, Rhopalocera, Zygaenidae"},{"value":"https://environment.ld.admin.ch/foen/UBD003002/Taxon/Lichenes","label":"Lichenes","identifier":"Lichenes"},{"value":"https://environment.ld.admin.ch/foen/UBD003002/Taxon/Mammalia","label":"Mammalia","identifier":"Mammalia"},{"value":"https://environment.ld.admin.ch/foen/UBD003002/Taxon/Mollusca","label":"Mollusca","identifier":"Mollusca"},{"value":"https://environment.ld.admin.ch/foen/UBD003002/Taxon/Neuropteroidea%2C%20Raphidioptera%2C%20Megaloptera%2C%20Neuroptera","label":"Neuropteroidea, Raphidioptera, Megaloptera, Neuroptera","identifier":"Neuropteroidea, Raphidioptera, Megaloptera, Neuroptera"},{"value":"https://environment.ld.admin.ch/foen/UBD003002/Taxon/Odonata","label":"Odonata","identifier":"Odonata"},{"value":"https://environment.ld.admin.ch/foen/UBD003002/Taxon/Orthoptera","label":"Orthoptera","identifier":"Orthoptera"},{"value":"https://environment.ld.admin.ch/foen/UBD003002/Taxon/Pisces%2C%20Cyclostomata%2C%20Petromyzontidae","label":"Pisces, Cyclostomata, Petromyzontidae","identifier":"Pisces, Cyclostomata, Petromyzontidae"},{"value":"https://environment.ld.admin.ch/foen/UBD003002/Taxon/Plecoptera","label":"Plecoptera","identifier":"Plecoptera"},{"value":"https://environment.ld.admin.ch/foen/UBD003002/Taxon/Pteridophyta","label":"Pteridophyta","identifier":"Pteridophyta"},{"value":"https://environment.ld.admin.ch/foen/UBD003002/Taxon/Reptilia","label":"Reptilia","identifier":"Reptilia"},{"value":"https://environment.ld.admin.ch/foen/UBD003002/Taxon/Spermatophyta%2C%20Dicotyledones%2C%20Monocotyledones%2C%20Gymnosperma","label":"Spermatophyta, Dicotyledones, Monocotyledones, Gymnosperma","identifier":"Spermatophyta, Dicotyledones, Monocotyledones, Gymnosperma"},{"value":"https://environment.ld.admin.ch/foen/UBD003002/Taxon/Tipulidae","label":"Tipulidae","identifier":"Tipulidae"},{"value":"https://environment.ld.admin.ch/foen/UBD003002/Taxon/Tracheophyta","label":"Tracheophyta","identifier":"Tracheophyta"},{"value":"https://environment.ld.admin.ch/foen/UBD003002/Taxon/Trichoptera","label":"Trichoptera","identifier":"Trichoptera"}],"unit":null,"related":[],"hierarchy":null,"__typename":"NominalDimension"},{"iri":"https://environment.ld.admin.ch/foen/UBD003002/class","label":"Class","description":null,"isNumerical":false,"isKeyDimension":false,"order":6,"values":[{"value":"https://environment.ld.admin.ch/foen/UBD003002/Taxonomy_Class/Amphibia","label":"Amphibia","identifier":"Amphibia"},{"value":"https://environment.ld.admin.ch/foen/UBD003002/Taxonomy_Class/Ascolichenes%2C%20Basidiolichenes","label":"Ascolichenes, Basidiolichenes","identifier":"Ascolichenes, Basidiolichenes"},{"value":"https://environment.ld.admin.ch/foen/UBD003002/Taxonomy_Class/Aves","label":"Aves","identifier":"Aves"},{"value":"https://environment.ld.admin.ch/foen/UBD003002/Taxonomy_Class/Bivalvia","label":"Bivalvia","identifier":"Bivalvia"},{"value":"https://environment.ld.admin.ch/foen/UBD003002/Taxonomy_Class/Bivalvia%2C%20Gastropoda","label":"Bivalvia, Gastropoda","identifier":"Bivalvia, Gastropoda"},{"value":"https://environment.ld.admin.ch/foen/UBD003002/Taxonomy_Class/Charophyceae","label":"Charophyceae","identifier":"Charophyceae"},{"value":"https://environment.ld.admin.ch/foen/UBD003002/Taxonomy_Class/Discomycetes%2C%20Gasteromycetes%2C%20Hymenomycetes%2C%20Pyrenomycetes","label":"Discomycetes, Gasteromycetes, Hymenomycetes, Pyrenomycetes","identifier":"Discomycetes, Gasteromycetes, Hymenomycetes, Pyrenomycetes"},{"value":"https://environment.ld.admin.ch/foen/UBD003002/Taxonomy_Class/Gastropoda","label":"Gastropoda","identifier":"Gastropoda"},{"value":"https://environment.ld.admin.ch/foen/UBD003002/Taxonomy_Class/Insecta","label":"Insecta","identifier":"Insecta"},{"value":"https://environment.ld.admin.ch/foen/UBD003002/Taxonomy_Class/Malacostraca","label":"Malacostraca","identifier":"Malacostraca"},{"value":"https://environment.ld.admin.ch/foen/UBD003002/Taxonomy_Class/Mammalia","label":"Mammalia","identifier":"Mammalia"},{"value":"https://environment.ld.admin.ch/foen/UBD003002/Taxonomy_Class/Marchantiophyta%2C%20Bryophyta%2C%20Anthocerotophyta","label":"Marchantiophyta, Bryophyta, Anthocerotophyta","identifier":"Marchantiophyta, Bryophyta, Anthocerotophyta"},{"value":"https://environment.ld.admin.ch/foen/UBD003002/Taxonomy_Class/Osteichthyes%2C%20Cephalaspidomorphi","label":"Osteichthyes, Cephalaspidomorphi","identifier":"Osteichthyes, Cephalaspidomorphi"},{"value":"https://environment.ld.admin.ch/foen/UBD003002/Taxonomy_Class/Pteridophyta","label":"Pteridophyta","identifier":"Pteridophyta"},{"value":"https://environment.ld.admin.ch/foen/UBD003002/Taxonomy_Class/Pteridophyta%2C%20Spermatophyta","label":"Pteridophyta, Spermatophyta","identifier":"Pteridophyta, Spermatophyta"},{"value":"https://environment.ld.admin.ch/foen/UBD003002/Taxonomy_Class/Reptilia","label":"Reptilia","identifier":"Reptilia"},{"value":"https://environment.ld.admin.ch/foen/UBD003002/Taxonomy_Class/Spermatophyta","label":"Spermatophyta","identifier":"Spermatophyta"}],"unit":null,"related":[],"hierarchy":null,"__typename":"NominalDimension"},{"iri":"https://environment.ld.admin.ch/foen/UBD003002/phylum","label":"Phylum","description":null,"isNumerical":false,"isKeyDimension":false,"order":5,"values":[{"value":"https://environment.ld.admin.ch/foen/UBD003002/Taxonomy_Phylum/Arthropoda","label":"Arthropoda","identifier":"Arthropoda"},{"value":"https://environment.ld.admin.ch/foen/UBD003002/Taxonomy_Phylum/Ascomycota%2C%20Basidiomycota","label":"Ascomycota, Basidiomycota","identifier":"Ascomycota, Basidiomycota"},{"value":"https://environment.ld.admin.ch/foen/UBD003002/Taxonomy_Phylum/Bryophyta","label":"Bryophyta","identifier":"Bryophyta"},{"value":"https://environment.ld.admin.ch/foen/UBD003002/Taxonomy_Phylum/Charophyta","label":"Charophyta","identifier":"Charophyta"},{"value":"https://environment.ld.admin.ch/foen/UBD003002/Taxonomy_Phylum/Mollusca","label":"Mollusca","identifier":"Mollusca"},{"value":"https://environment.ld.admin.ch/foen/UBD003002/Taxonomy_Phylum/Tracheophyta","label":"Tracheophyta","identifier":"Tracheophyta"},{"value":"https://environment.ld.admin.ch/foen/UBD003002/Taxonomy_Phylum/Vertebrata","label":"Vertebrata","identifier":"Vertebrata"}],"unit":null,"related":[],"hierarchy":null,"__typename":"NominalDimension"},{"iri":"https://environment.ld.admin.ch/foen/UBD003002/kingdom","label":"Kingdom","description":null,"isNumerical":false,"isKeyDimension":false,"order":4,"values":[{"value":"https://environment.ld.admin.ch/foen/UBD003002/Taxonomy_Kingdom/Animalia","label":"Animalia","identifier":"Animalia"},{"value":"https://environment.ld.admin.ch/foen/UBD003002/Taxonomy_Kingdom/Fungi","label":"Fungi","identifier":"Fungi"},{"value":"https://environment.ld.admin.ch/foen/UBD003002/Taxonomy_Kingdom/Plantae","label":"Plantae","identifier":"Plantae"}],"unit":null,"related":[],"hierarchy":null,"__typename":"NominalDimension"}],"measures":[{"iri":"https://environment.ld.admin.ch/foen/UBD003002/value","label":"Number of species","description":null,"isNumerical":true,"isKeyDimension":false,"order":3,"values":[{"value":11,"label":"11"},{"value":2004,"label":"2004"}],"unit":"#","related":[],"hierarchy":null,"isCurrency":false,"currencyExponent":0,"resolution":0,"__typename":"NumericalMeasure"}],"observations":{"data":[{"https://environment.ld.admin.ch/foen/UBD003002/yearissue":"2021","https://environment.ld.admin.ch/foen/UBD003002/value":"0","https://environment.ld.admin.ch/foen/UBD003002/artengruppe":"Amphibians (2021)","https://environment.ld.admin.ch/foen/UBD003002/status":"Extinct in the world","https://environment.ld.admin.ch/foen/UBD003002/taxon":"Amphibia","https://environment.ld.admin.ch/foen/UBD003002/class":"Amphibia","https://environment.ld.admin.ch/foen/UBD003002/phylum":"Vertebrata","https://environment.ld.admin.ch/foen/UBD003002/kingdom":"Animalia"},{"https://environment.ld.admin.ch/foen/UBD003002/yearissue":"2021","https://environment.ld.admin.ch/foen/UBD003002/value":"0","https://environment.ld.admin.ch/foen/UBD003002/artengruppe":"Amphibians (2021)","https://environment.ld.admin.ch/foen/UBD003002/status":"Near threatened","https://environment.ld.admin.ch/foen/UBD003002/taxon":"Amphibia","https://environment.ld.admin.ch/foen/UBD003002/class":"Amphibia","https://environment.ld.admin.ch/foen/UBD003002/phylum":"Vertebrata","https://environment.ld.admin.ch/foen/UBD003002/kingdom":"Animalia"},{"https://environment.ld.admin.ch/foen/UBD003002/yearissue":"2021","https://environment.ld.admin.ch/foen/UBD003002/value":"1","https://environment.ld.admin.ch/foen/UBD003002/artengruppe":"Amphibians (2021)","https://environment.ld.admin.ch/foen/UBD003002/status":"Regionally extinct","https://environment.ld.admin.ch/foen/UBD003002/taxon":"Amphibia","https://environment.ld.admin.ch/foen/UBD003002/class":"Amphibia","https://environment.ld.admin.ch/foen/UBD003002/phylum":"Vertebrata","https://environment.ld.admin.ch/foen/UBD003002/kingdom":"Animalia"},{"https://environment.ld.admin.ch/foen/UBD003002/yearissue":"2021","https://environment.ld.admin.ch/foen/UBD003002/value":"2","https://environment.ld.admin.ch/foen/UBD003002/artengruppe":"Amphibians (2021)","https://environment.ld.admin.ch/foen/UBD003002/status":"Data deficient","https://environment.ld.admin.ch/foen/UBD003002/taxon":"Amphibia","https://environment.ld.admin.ch/foen/UBD003002/class":"Amphibia","https://environment.ld.admin.ch/foen/UBD003002/phylum":"Vertebrata","https://environment.ld.admin.ch/foen/UBD003002/kingdom":"Animalia"},{"https://environment.ld.admin.ch/foen/UBD003002/yearissue":"2021","https://environment.ld.admin.ch/foen/UBD003002/value":"4","https://environment.ld.admin.ch/foen/UBD003002/artengruppe":"Amphibians (2021)","https://environment.ld.admin.ch/foen/UBD003002/status":"Least concern","https://environment.ld.admin.ch/foen/UBD003002/taxon":"Amphibia","https://environment.ld.admin.ch/foen/UBD003002/class":"Amphibia","https://environment.ld.admin.ch/foen/UBD003002/phylum":"Vertebrata","https://environment.ld.admin.ch/foen/UBD003002/kingdom":"Animalia"},{"https://environment.ld.admin.ch/foen/UBD003002/yearissue":"2021","https://environment.ld.admin.ch/foen/UBD003002/value":"6","https://environment.ld.admin.ch/foen/UBD003002/artengruppe":"Amphibians (2021)","https://environment.ld.admin.ch/foen/UBD003002/status":"Endangered","https://environment.ld.admin.ch/foen/UBD003002/taxon":"Amphibia","https://environment.ld.admin.ch/foen/UBD003002/class":"Amphibia","https://environment.ld.admin.ch/foen/UBD003002/phylum":"Vertebrata","https://environment.ld.admin.ch/foen/UBD003002/kingdom":"Animalia"},{"https://environment.ld.admin.ch/foen/UBD003002/yearissue":"2021","https://environment.ld.admin.ch/foen/UBD003002/value":"0","https://environment.ld.admin.ch/foen/UBD003002/artengruppe":"Amphibians (2021)","https://environment.ld.admin.ch/foen/UBD003002/status":"Critically endangered","https://environment.ld.admin.ch/foen/UBD003002/taxon":"Amphibia","https://environment.ld.admin.ch/foen/UBD003002/class":"Amphibia","https://environment.ld.admin.ch/foen/UBD003002/phylum":"Vertebrata","https://environment.ld.admin.ch/foen/UBD003002/kingdom":"Animalia"},{"https://environment.ld.admin.ch/foen/UBD003002/yearissue":"2021","https://environment.ld.admin.ch/foen/UBD003002/value":"8","https://environment.ld.admin.ch/foen/UBD003002/artengruppe":"Amphibians (2021)","https://environment.ld.admin.ch/foen/UBD003002/status":"Vulnerable","https://environment.ld.admin.ch/foen/UBD003002/taxon":"Amphibia","https://environment.ld.admin.ch/foen/UBD003002/class":"Amphibia","https://environment.ld.admin.ch/foen/UBD003002/phylum":"Vertebrata","https://environment.ld.admin.ch/foen/UBD003002/kingdom":"Animalia"}],"sparqlEditorUrl":"https://int.lindas.admin.ch/sparql/#query=SELECT%20DISTINCT%20%3Fdimension0%20%3Fdimension1%20%3Fdimension2%20%3Fdimension3%20%3Fdimension4%20%3Fdimension5%20%3Fdimension6%20%3Fdimension7%20%3Fdimension8%20%3Fdimension9%20%3Fdimension10%20%3Fdimension11%20%3Fdimension12%20%3Fdimension13%20WHERE%20%7B%0A%20%20%3Chttps%3A%2F%2Fenvironment.ld.admin.ch%2Ffoen%2FUBD003002%2F5%3E%20%3Chttps%3A%2F%2Fcube.link%2FobservationSet%3E%20%3FobservationSet0%20.%0A%20%20%3FobservationSet0%20%3Chttps%3A%2F%2Fcube.link%2Fobservation%3E%20%3Fsource0%20.%0A%20%20%3Fsource0%20%3Chttps%3A%2F%2Fenvironment.ld.admin.ch%2Ffoen%2FUBD003002%2Fyearissue%3E%20%3Fdimension0%20.%0A%20%20%3Fsource0%20%3Chttps%3A%2F%2Fenvironment.ld.admin.ch%2Ffoen%2FUBD003002%2Fvalue%3E%20%3Fdimension1%20.%0A%20%20%3Fsource0%20%3Chttps%3A%2F%2Fenvironment.ld.admin.ch%2Ffoen%2FUBD003002%2Fartengruppe%3E%20%3Fdimension2%20.%0A%20%20%3Fsource0%20%3Chttps%3A%2F%2Fenvironment.ld.admin.ch%2Ffoen%2FUBD003002%2Fstatus%3E%20%3Fdimension3%20.%0A%20%20%3Fsource0%20%3Chttps%3A%2F%2Fenvironment.ld.admin.ch%2Ffoen%2FUBD003002%2Ftaxon%3E%20%3Fdimension4%20.%0A%20%20%3Fsource0%20%3Chttps%3A%2F%2Fenvironment.ld.admin.ch%2Ffoen%2FUBD003002%2Fclass%3E%20%3Fdimension5%20.%0A%20%20%3Fsource0%20%3Chttps%3A%2F%2Fenvironment.ld.admin.ch%2Ffoen%2FUBD003002%2Fphylum%3E%20%3Fdimension6%20.%0A%20%20%3Fsource0%20%3Chttps%3A%2F%2Fenvironment.ld.admin.ch%2Ffoen%2FUBD003002%2Fkingdom%3E%20%3Fdimension7%20.%0A%20%20%3Fdimension2%20%3Chttp%3A%2F%2Fschema.org%2FsameAs%3E%20%3Fdimension14%20.%0A%20%20FILTER%20(%0A%20%20%20%20(%3Fdimension14%20%3D%20%3Chttps%3A%2F%2Fenvironment.ld.admin.ch%2Ffoen%2FUBD003002%2FArtenGruppe%2FAMPH%3E)%0A%20%20)%0A%20%20OPTIONAL%20%7B%0A%20%20%20%20%3Fdimension2%20%3Chttp%3A%2F%2Fschema.org%2Fname%3E%20%3Fdimension8_0%20.%0A%20%20%20%20FILTER%20(%0A%20%20%20%20%20%20LANGMATCHES(LANG(%3Fdimension8_0)%2C%20%22en%22)%0A%20%20%20%20)%0A%20%20%7D%0A%20%20OPTIONAL%20%7B%0A%20%20%20%20%3Fdimension2%20%3Chttp%3A%2F%2Fschema.org%2Fname%3E%20%3Fdimension8_1%20.%0A%20%20%20%20FILTER%20(%0A%20%20%20%20%20%20LANGMATCHES(LANG(%3Fdimension8_1)%2C%20%22de%22)%0A%20%20%20%20)%0A%20%20%7D%0A%20%20OPTIONAL%20%7B%0A%20%20%20%20%3Fdimension2%20%3Chttp%3A%2F%2Fschema.org%2Fname%3E%20%3Fdimension8_2%20.%0A%20%20%20%20FILTER%20(%0A%20%20%20%20%20%20LANGMATCHES(LANG(%3Fdimension8_2)%2C%20%22fr%22)%0A%20%20%20%20)%0A%20%20%7D%0A%20%20OPTIONAL%20%7B%0A%20%20%20%20%3Fdimension2%20%3Chttp%3A%2F%2Fschema.org%2Fname%3E%20%3Fdimension8_3%20.%0A%20%20%20%20FILTER%20(%0A%20%20%20%20%20%20LANGMATCHES(LANG(%3Fdimension8_3)%2C%20%22it%22)%0A%20%20%20%20)%0A%20%20%7D%0A%20%20OPTIONAL%20%7B%0A%20%20%20%20%3Fdimension2%20%3Chttp%3A%2F%2Fschema.org%2Fname%3E%20%3Fdimension8_4%20.%0A%20%20%20%20FILTER%20(%0A%20%20%20%20%20%20(LANG(%3Fdimension8_4)%20%3D%20%22%22)%0A%20%20%20%20)%0A%20%20%7D%0A%20%20BIND(COALESCE(%3Fdimension8_0%2C%20%3Fdimension8_1%2C%20%3Fdimension8_2%2C%20%3Fdimension8_3%2C%20%3Fdimension8_4)%20AS%20%3Fdimension8)%0A%20%20OPTIONAL%20%7B%0A%20%20%20%20%3Fdimension3%20%3Chttp%3A%2F%2Fschema.org%2Fname%3E%20%3Fdimension9_0%20.%0A%20%20%20%20FILTER%20(%0A%20%20%20%20%20%20LANGMATCHES(LANG(%3Fdimension9_0)%2C%20%22en%22)%0A%20%20%20%20)%0A%20%20%7D%0A%20%20OPTIONAL%20%7B%0A%20%20%20%20%3Fdimension3%20%3Chttp%3A%2F%2Fschema.org%2Fname%3E%20%3Fdimension9_1%20.%0A%20%20%20%20FILTER%20(%0A%20%20%20%20%20%20LANGMATCHES(LANG(%3Fdimension9_1)%2C%20%22de%22)%0A%20%20%20%20)%0A%20%20%7D%0A%20%20OPTIONAL%20%7B%0A%20%20%20%20%3Fdimension3%20%3Chttp%3A%2F%2Fschema.org%2Fname%3E%20%3Fdimension9_2%20.%0A%20%20%20%20FILTER%20(%0A%20%20%20%20%20%20LANGMATCHES(LANG(%3Fdimension9_2)%2C%20%22fr%22)%0A%20%20%20%20)%0A%20%20%7D%0A%20%20OPTIONAL%20%7B%0A%20%20%20%20%3Fdimension3%20%3Chttp%3A%2F%2Fschema.org%2Fname%3E%20%3Fdimension9_3%20.%0A%20%20%20%20FILTER%20(%0A%20%20%20%20%20%20LANGMATCHES(LANG(%3Fdimension9_3)%2C%20%22it%22)%0A%20%20%20%20)%0A%20%20%7D%0A%20%20OPTIONAL%20%7B%0A%20%20%20%20%3Fdimension3%20%3Chttp%3A%2F%2Fschema.org%2Fname%3E%20%3Fdimension9_4%20.%0A%20%20%20%20FILTER%20(%0A%20%20%20%20%20%20(LANG(%3Fdimension9_4)%20%3D%20%22%22)%0A%20%20%20%20)%0A%20%20%7D%0A%20%20BIND(COALESCE(%3Fdimension9_0%2C%20%3Fdimension9_1%2C%20%3Fdimension9_2%2C%20%3Fdimension9_3%2C%20%3Fdimension9_4)%20AS%20%3Fdimension9)%0A%20%20OPTIONAL%20%7B%0A%20%20%20%20%3Fdimension4%20%3Chttp%3A%2F%2Fschema.org%2Fname%3E%20%3Fdimension10_0%20.%0A%20%20%20%20FILTER%20(%0A%20%20%20%20%20%20LANGMATCHES(LANG(%3Fdimension10_0)%2C%20%22en%22)%0A%20%20%20%20)%0A%20%20%7D%0A%20%20OPTIONAL%20%7B%0A%20%20%20%20%3Fdimension4%20%3Chttp%3A%2F%2Fschema.org%2Fname%3E%20%3Fdimension10_1%20.%0A%20%20%20%20FILTER%20(%0A%20%20%20%20%20%20LANGMATCHES(LANG(%3Fdimension10_1)%2C%20%22de%22)%0A%20%20%20%20)%0A%20%20%7D%0A%20%20OPTIONAL%20%7B%0A%20%20%20%20%3Fdimension4%20%3Chttp%3A%2F%2Fschema.org%2Fname%3E%20%3Fdimension10_2%20.%0A%20%20%20%20FILTER%20(%0A%20%20%20%20%20%20LANGMATCHES(LANG(%3Fdimension10_2)%2C%20%22fr%22)%0A%20%20%20%20)%0A%20%20%7D%0A%20%20OPTIONAL%20%7B%0A%20%20%20%20%3Fdimension4%20%3Chttp%3A%2F%2Fschema.org%2Fname%3E%20%3Fdimension10_3%20.%0A%20%20%20%20FILTER%20(%0A%20%20%20%20%20%20LANGMATCHES(LANG(%3Fdimension10_3)%2C%20%22it%22)%0A%20%20%20%20)%0A%20%20%7D%0A%20%20OPTIONAL%20%7B%0A%20%20%20%20%3Fdimension4%20%3Chttp%3A%2F%2Fschema.org%2Fname%3E%20%3Fdimension10_4%20.%0A%20%20%20%20FILTER%20(%0A%20%20%20%20%20%20(LANG(%3Fdimension10_4)%20%3D%20%22%22)%0A%20%20%20%20)%0A%20%20%7D%0A%20%20BIND(COALESCE(%3Fdimension10_0%2C%20%3Fdimension10_1%2C%20%3Fdimension10_2%2C%20%3Fdimension10_3%2C%20%3Fdimension10_4)%20AS%20%3Fdimension10)%0A%20%20OPTIONAL%20%7B%0A%20%20%20%20%3Fdimension5%20%3Chttp%3A%2F%2Fschema.org%2Fname%3E%20%3Fdimension11_0%20.%0A%20%20%20%20FILTER%20(%0A%20%20%20%20%20%20LANGMATCHES(LANG(%3Fdimension11_0)%2C%20%22en%22)%0A%20%20%20%20)%0A%20%20%7D%0A%20%20OPTIONAL%20%7B%0A%20%20%20%20%3Fdimension5%20%3Chttp%3A%2F%2Fschema.org%2Fname%3E%20%3Fdimension11_1%20.%0A%20%20%20%20FILTER%20(%0A%20%20%20%20%20%20LANGMATCHES(LANG(%3Fdimension11_1)%2C%20%22de%22)%0A%20%20%20%20)%0A%20%20%7D%0A%20%20OPTIONAL%20%7B%0A%20%20%20%20%3Fdimension5%20%3Chttp%3A%2F%2Fschema.org%2Fname%3E%20%3Fdimension11_2%20.%0A%20%20%20%20FILTER%20(%0A%20%20%20%20%20%20LANGMATCHES(LANG(%3Fdimension11_2)%2C%20%22fr%22)%0A%20%20%20%20)%0A%20%20%7D%0A%20%20OPTIONAL%20%7B%0A%20%20%20%20%3Fdimension5%20%3Chttp%3A%2F%2Fschema.org%2Fname%3E%20%3Fdimension11_3%20.%0A%20%20%20%20FILTER%20(%0A%20%20%20%20%20%20LANGMATCHES(LANG(%3Fdimension11_3)%2C%20%22it%22)%0A%20%20%20%20)%0A%20%20%7D%0A%20%20OPTIONAL%20%7B%0A%20%20%20%20%3Fdimension5%20%3Chttp%3A%2F%2Fschema.org%2Fname%3E%20%3Fdimension11_4%20.%0A%20%20%20%20FILTER%20(%0A%20%20%20%20%20%20(LANG(%3Fdimension11_4)%20%3D%20%22%22)%0A%20%20%20%20)%0A%20%20%7D%0A%20%20BIND(COALESCE(%3Fdimension11_0%2C%20%3Fdimension11_1%2C%20%3Fdimension11_2%2C%20%3Fdimension11_3%2C%20%3Fdimension11_4)%20AS%20%3Fdimension11)%0A%20%20OPTIONAL%20%7B%0A%20%20%20%20%3Fdimension6%20%3Chttp%3A%2F%2Fschema.org%2Fname%3E%20%3Fdimension12_0%20.%0A%20%20%20%20FILTER%20(%0A%20%20%20%20%20%20LANGMATCHES(LANG(%3Fdimension12_0)%2C%20%22en%22)%0A%20%20%20%20)%0A%20%20%7D%0A%20%20OPTIONAL%20%7B%0A%20%20%20%20%3Fdimension6%20%3Chttp%3A%2F%2Fschema.org%2Fname%3E%20%3Fdimension12_1%20.%0A%20%20%20%20FILTER%20(%0A%20%20%20%20%20%20LANGMATCHES(LANG(%3Fdimension12_1)%2C%20%22de%22)%0A%20%20%20%20)%0A%20%20%7D%0A%20%20OPTIONAL%20%7B%0A%20%20%20%20%3Fdimension6%20%3Chttp%3A%2F%2Fschema.org%2Fname%3E%20%3Fdimension12_2%20.%0A%20%20%20%20FILTER%20(%0A%20%20%20%20%20%20LANGMATCHES(LANG(%3Fdimension12_2)%2C%20%22fr%22)%0A%20%20%20%20)%0A%20%20%7D%0A%20%20OPTIONAL%20%7B%0A%20%20%20%20%3Fdimension6%20%3Chttp%3A%2F%2Fschema.org%2Fname%3E%20%3Fdimension12_3%20.%0A%20%20%20%20FILTER%20(%0A%20%20%20%20%20%20LANGMATCHES(LANG(%3Fdimension12_3)%2C%20%22it%22)%0A%20%20%20%20)%0A%20%20%7D%0A%20%20OPTIONAL%20%7B%0A%20%20%20%20%3Fdimension6%20%3Chttp%3A%2F%2Fschema.org%2Fname%3E%20%3Fdimension12_4%20.%0A%20%20%20%20FILTER%20(%0A%20%20%20%20%20%20(LANG(%3Fdimension12_4)%20%3D%20%22%22)%0A%20%20%20%20)%0A%20%20%7D%0A%20%20BIND(COALESCE(%3Fdimension12_0%2C%20%3Fdimension12_1%2C%20%3Fdimension12_2%2C%20%3Fdimension12_3%2C%20%3Fdimension12_4)%20AS%20%3Fdimension12)%0A%20%20OPTIONAL%20%7B%0A%20%20%20%20%3Fdimension7%20%3Chttp%3A%2F%2Fschema.org%2Fname%3E%20%3Fdimension13_0%20.%0A%20%20%20%20FILTER%20(%0A%20%20%20%20%20%20LANGMATCHES(LANG(%3Fdimension13_0)%2C%20%22en%22)%0A%20%20%20%20)%0A%20%20%7D%0A%20%20OPTIONAL%20%7B%0A%20%20%20%20%3Fdimension7%20%3Chttp%3A%2F%2Fschema.org%2Fname%3E%20%3Fdimension13_1%20.%0A%20%20%20%20FILTER%20(%0A%20%20%20%20%20%20LANGMATCHES(LANG(%3Fdimension13_1)%2C%20%22de%22)%0A%20%20%20%20)%0A%20%20%7D%0A%20%20OPTIONAL%20%7B%0A%20%20%20%20%3Fdimension7%20%3Chttp%3A%2F%2Fschema.org%2Fname%3E%20%3Fdimension13_2%20.%0A%20%20%20%20FILTER%20(%0A%20%20%20%20%20%20LANGMATCHES(LANG(%3Fdimension13_2)%2C%20%22fr%22)%0A%20%20%20%20)%0A%20%20%7D%0A%20%20OPTIONAL%20%7B%0A%20%20%20%20%3Fdimension7%20%3Chttp%3A%2F%2Fschema.org%2Fname%3E%20%3Fdimension13_3%20.%0A%20%20%20%20FILTER%20(%0A%20%20%20%20%20%20LANGMATCHES(LANG(%3Fdimension13_3)%2C%20%22it%22)%0A%20%20%20%20)%0A%20%20%7D%0A%20%20OPTIONAL%20%7B%0A%20%20%20%20%3Fdimension7%20%3Chttp%3A%2F%2Fschema.org%2Fname%3E%20%3Fdimension13_4%20.%0A%20%20%20%20FILTER%20(%0A%20%20%20%20%20%20(LANG(%3Fdimension13_4)%20%3D%20%22%22)%0A%20%20%20%20)%0A%20%20%7D%0A%20%20BIND(COALESCE(%3Fdimension13_0%2C%20%3Fdimension13_1%2C%20%3Fdimension13_2%2C%20%3Fdimension13_3%2C%20%3Fdimension13_4)%20AS%20%3Fdimension13)%0A%7D%0AGROUP%20BY%20%3Fdimension0%20%3Fdimension1%20%3Fdimension2%20%3Fdimension3%20%3Fdimension4%20%3Fdimension5%20%3Fdimension6%20%3Fdimension7%20%3Fdimension8%20%3Fdimension9%20%3Fdimension10%20%3Fdimension11%20%3Fdimension12%20%3Fdimension13&requestMethod=POST","__typename":"ObservationsQuery"},"__typename":"DataCube"}},"extensions":{"queries":[{"startTime":1666286137336,"endTime":1666286137458,"text":"#pragma describe.strategy cbd\n#pragma join.hash off\n\n\nPREFIX unit: <http://qudt.org/vocab/unit/>\nPREFIX rdfs: <http://www.w3.org/2000/01/rdf-schema#>\nPREFIX qudt: <http://qudt.org/schema/qudt/>\n\nSELECT DISTINCT ?iri ?label ?isCurrency ?currencyExponent ?isCurrency\n\nWHERE {\n\n        values ?iri {\n          unit:YR\nunit:NUM\n        }\n\n        OPTIONAL { ?iri rdfs:label ?rdfsLabel }\n        OPTIONAL { ?iri  qudt:symbol  ?symbol }\n        OPTIONAL { ?iri  qudt:ucumCode  ?ucumCode }\n        OPTIONAL { ?iri  qudt:expression  ?expression }\n\n        OPTIONAL { ?iri ?isCurrency qudt:CurrencyUnit }\n        OPTIONAL { ?iri qudt:currencyExponent ?currencyExponent }\n\n        BIND(str(coalesce(str(?symbol), str(?ucumCode), str(?expression), str(?rdfsLabel), \"?\")) AS ?label)\n        \n        FILTER ( lang(?rdfsLabel) = \"en\" )\n      \n}\n\n\n\n"},{"startTime":1666286137355,"endTime":1666286137478,"text":"#pragma describe.strategy cbd\n#pragma join.hash off\n\n\nPREFIX unit: <http://qudt.org/vocab/unit/>\nPREFIX rdfs: <http://www.w3.org/2000/01/rdf-schema#>\nPREFIX qudt: <http://qudt.org/schema/qudt/>\n\nSELECT DISTINCT ?iri ?label ?isCurrency ?currencyExponent ?isCurrency\n\nWHERE {\n\n        values ?iri {\n          unit:YR\nunit:NUM\n        }\n\n        OPTIONAL { ?iri rdfs:label ?rdfsLabel }\n        OPTIONAL { ?iri  qudt:symbol  ?symbol }\n        OPTIONAL { ?iri  qudt:ucumCode  ?ucumCode }\n        OPTIONAL { ?iri  qudt:expression  ?expression }\n\n        OPTIONAL { ?iri ?isCurrency qudt:CurrencyUnit }\n        OPTIONAL { ?iri qudt:currencyExponent ?currencyExponent }\n\n        BIND(str(coalesce(str(?symbol), str(?ucumCode), str(?expression), str(?rdfsLabel), \"?\")) AS ?label)\n        \n        FILTER ( lang(?rdfsLabel) = \"en\" )\n      \n}\n\n\n\n"},{"startTime":1666286137338,"endTime":1666286137521,"text":"#pragma describe.strategy cbd\n#pragma join.hash off\n\n\nPREFIX unit: <http://qudt.org/vocab/unit/>\nPREFIX rdfs: <http://www.w3.org/2000/01/rdf-schema#>\nPREFIX qudt: <http://qudt.org/schema/qudt/>\n\nSELECT DISTINCT ?iri ?label ?isCurrency ?currencyExponent ?isCurrency\n\nWHERE {\n\n        values ?iri {\n          unit:YR\nunit:NUM\n        }\n\n        OPTIONAL { ?iri rdfs:label ?rdfsLabel }\n        OPTIONAL { ?iri  qudt:symbol  ?symbol }\n        OPTIONAL { ?iri  qudt:ucumCode  ?ucumCode }\n        OPTIONAL { ?iri  qudt:expression  ?expression }\n\n        OPTIONAL { ?iri ?isCurrency qudt:CurrencyUnit }\n        OPTIONAL { ?iri qudt:currencyExponent ?currencyExponent }\n\n        BIND(str(coalesce(str(?symbol), str(?ucumCode), str(?expression), str(?rdfsLabel), \"?\")) AS ?label)\n        \n        FILTER ( lang(?rdfsLabel) = \"en\" )\n      \n}\n\n\n\n"},{"startTime":1666286137460,"endTime":1666286137690,"text":"#pragma describe.strategy cbd\n#pragma join.hash off\n\n\nPREFIX sh: <http://www.w3.org/ns/shacl#>\nPREFIX schema: <http://schema.org/>\n\nSELECT ?cube\n\nWHERE {\n\n  ?cube <https://cube.link/observationConstraint> ?shape.\n  ?shape ?prop ?dimension.\n  ?dimension sh:path <https://environment.ld.admin.ch/foen/UBD003002/yearissue>.\n  \n  FILTER NOT EXISTS { ?cube schema:expires ?any . }\n  \n}\n\n\n\n"},{"startTime":1666286137460,"endTime":1666286137691,"text":"#pragma describe.strategy cbd\n#pragma join.hash off\n\n\nPREFIX sh: <http://www.w3.org/ns/shacl#>\nPREFIX schema: <http://schema.org/>\n\nSELECT ?cube\n\nWHERE {\n\n  ?cube <https://cube.link/observationConstraint> ?shape.\n  ?shape ?prop ?dimension.\n  ?dimension sh:path <https://environment.ld.admin.ch/foen/UBD003002/artengruppe>.\n  \n  FILTER NOT EXISTS { ?cube schema:expires ?any . }\n  \n}\n\n\n\n"},{"startTime":1666286137461,"endTime":1666286137693,"text":"#pragma describe.strategy cbd\n#pragma join.hash off\n\n\nPREFIX sh: <http://www.w3.org/ns/shacl#>\nPREFIX schema: <http://schema.org/>\n\nSELECT ?cube\n\nWHERE {\n\n  ?cube <https://cube.link/observationConstraint> ?shape.\n  ?shape ?prop ?dimension.\n  ?dimension sh:path <https://environment.ld.admin.ch/foen/UBD003002/status>.\n  \n  FILTER NOT EXISTS { ?cube schema:expires ?any . }\n  \n}\n\n\n\n"},{"startTime":1666286137462,"endTime":1666286137702,"text":"#pragma describe.strategy cbd\n#pragma join.hash off\n\n\nPREFIX sh: <http://www.w3.org/ns/shacl#>\nPREFIX schema: <http://schema.org/>\n\nSELECT ?cube\n\nWHERE {\n\n  ?cube <https://cube.link/observationConstraint> ?shape.\n  ?shape ?prop ?dimension.\n  ?dimension sh:path <https://environment.ld.admin.ch/foen/UBD003002/phylum>.\n  \n  FILTER NOT EXISTS { ?cube schema:expires ?any . }\n  \n}\n\n\n\n"},{"startTime":1666286137461,"endTime":1666286137705,"text":"#pragma describe.strategy cbd\n#pragma join.hash off\n\n\nPREFIX sh: <http://www.w3.org/ns/shacl#>\nPREFIX schema: <http://schema.org/>\n\nSELECT ?cube\n\nWHERE {\n\n  ?cube <https://cube.link/observationConstraint> ?shape.\n  ?shape ?prop ?dimension.\n  ?dimension sh:path <https://environment.ld.admin.ch/foen/UBD003002/taxon>.\n  \n  FILTER NOT EXISTS { ?cube schema:expires ?any . }\n  \n}\n\n\n\n"},{"startTime":1666286137463,"endTime":1666286137709,"text":"#pragma describe.strategy cbd\n#pragma join.hash off\n\n\nSELECT DISTINCT ?value\n\nWHERE {\n\n    <https://environment.ld.admin.ch/foen/UBD003002/5> <https://cube.link/observationSet> ?observationSet .\n    ?observationSet <https://cube.link/observation> ?observation .\n    ?observation <https://environment.ld.admin.ch/foen/UBD003002/artengruppe> ?value .\n    \n  \n}\n\n\n\n"},{"startTime":1666286137462,"endTime":1666286137713,"text":"#pragma describe.strategy cbd\n#pragma join.hash off\n\n\nPREFIX sh: <http://www.w3.org/ns/shacl#>\nPREFIX schema: <http://schema.org/>\n\nSELECT ?cube\n\nWHERE {\n\n  ?cube <https://cube.link/observationConstraint> ?shape.\n  ?shape ?prop ?dimension.\n  ?dimension sh:path <https://environment.ld.admin.ch/foen/UBD003002/class>.\n  \n  FILTER NOT EXISTS { ?cube schema:expires ?any . }\n  \n}\n\n\n\n"},{"startTime":1666286137463,"endTime":1666286137718,"text":"#pragma describe.strategy cbd\n#pragma join.hash off\n\n\nPREFIX sh: <http://www.w3.org/ns/shacl#>\nPREFIX schema: <http://schema.org/>\n\nSELECT ?cube\n\nWHERE {\n\n  ?cube <https://cube.link/observationConstraint> ?shape.\n  ?shape ?prop ?dimension.\n  ?dimension sh:path <https://environment.ld.admin.ch/foen/UBD003002/kingdom>.\n  \n  FILTER NOT EXISTS { ?cube schema:expires ?any . }\n  \n}\n\n\n\n"},{"startTime":1666286137524,"endTime":1666286137811,"text":"#pragma describe.strategy cbd\n#pragma join.hash off\n\n\nPREFIX sh: <http://www.w3.org/ns/shacl#>\nPREFIX schema: <http://schema.org/>\n\nSELECT ?cube\n\nWHERE {\n\n  ?cube <https://cube.link/observationConstraint> ?shape.\n  ?shape ?prop ?dimension.\n  ?dimension sh:path <https://environment.ld.admin.ch/foen/UBD003002/value>.\n  \n  FILTER NOT EXISTS { ?cube schema:expires ?any . }\n  \n}\n\n\n\n"},{"startTime":1666286137711,"endTime":1666286138177,"text":"#pragma describe.strategy cbd\n#pragma join.hash off\n\n\nPREFIX schema: <http://schema.org/>\n\nSELECT DISTINCT ?iri ?identifier\n?position\n?color\n\nWHERE {\n\n      values ?iri {\n        <https://environment.ld.admin.ch/foen/UBD003002/5/ArtenGruppe/AMPH>\n<https://environment.ld.admin.ch/foen/UBD003002/5/ArtenGruppe/APID>\n<https://environment.ld.admin.ch/foen/UBD003002/5/ArtenGruppe/AVES>\n<https://environment.ld.admin.ch/foen/UBD003002/5/ArtenGruppe/BIVA>\n<https://environment.ld.admin.ch/foen/UBD003002/5/ArtenGruppe/BRYO>\n<https://environment.ld.admin.ch/foen/UBD003002/5/ArtenGruppe/CHAR>\n<https://environment.ld.admin.ch/foen/UBD003002/5/ArtenGruppe/CHIR>\n<https://environment.ld.admin.ch/foen/UBD003002/5/ArtenGruppe/CICA>\n<https://environment.ld.admin.ch/foen/UBD003002/5/ArtenGruppe/COCA>\n<https://environment.ld.admin.ch/foen/UBD003002/5/ArtenGruppe/COHY>\n<https://environment.ld.admin.ch/foen/UBD003002/5/ArtenGruppe/COSA>\n<https://environment.ld.admin.ch/foen/UBD003002/5/ArtenGruppe/DECA>\n<https://environment.ld.admin.ch/foen/UBD003002/5/ArtenGruppe/EPHE>\n<https://environment.ld.admin.ch/foen/UBD003002/5/ArtenGruppe/FORM>\n<https://environment.ld.admin.ch/foen/UBD003002/5/ArtenGruppe/FUNG>\n<https://environment.ld.admin.ch/foen/UBD003002/5/ArtenGruppe/GAST>\n<https://environment.ld.admin.ch/foen/UBD003002/5/ArtenGruppe/LEPZ>\n<https://environment.ld.admin.ch/foen/UBD003002/5/ArtenGruppe/LICE>\n<https://environment.ld.admin.ch/foen/UBD003002/5/ArtenGruppe/LICH>\n<https://environment.ld.admin.ch/foen/UBD003002/5/ArtenGruppe/LICT>\n<https://environment.ld.admin.ch/foen/UBD003002/5/ArtenGruppe/MAMM>\n<https://environment.ld.admin.ch/foen/UBD003002/5/ArtenGruppe/MOLL>\n<https://environment.ld.admin.ch/foen/UBD003002/5/ArtenGruppe/NEUR>\n<https://environment.ld.admin.ch/foen/UBD003002/5/ArtenGruppe/ODON>\n<https://environment.ld.admin.ch/foen/UBD003002/5/ArtenGruppe/ORTH>\n<https://environment.ld.admin.ch/foen/UBD003002/5/ArtenGruppe/PISC>\n<https://environment.ld.admin.ch/foen/UBD003002/5/ArtenGruppe/PLEC>\n<https://environment.ld.admin.ch/foen/UBD003002/5/ArtenGruppe/REPT>\n<https://environment.ld.admin.ch/foen/UBD003002/5/ArtenGruppe/SPER>\n<https://environment.ld.admin.ch/foen/UBD003002/5/ArtenGruppe/TIPU>\n<https://environment.ld.admin.ch/foen/UBD003002/5/ArtenGruppe/TRAC>\n<https://environment.ld.admin.ch/foen/UBD003002/5/ArtenGruppe/TRIC>\n<https://environment.ld.admin.ch/foen/UBD003002/5/ArtenGruppe/PTER>\n      }\n\n      OPTIONAL { ?iri schema:identifier ?identifier. }\nOPTIONAL { ?iri schema:color ?color. }\n    \n}\n\n\n\n"},{"startTime":1666286137710,"endTime":1666286138179,"text":"#pragma describe.strategy cbd\n#pragma join.hash off\n\n\nPREFIX schema: <http://schema.org/>\n\nSELECT DISTINCT ?iri ?label\n\nWHERE {\n\n      values ?iri {\n        <https://environment.ld.admin.ch/foen/UBD003002/5/ArtenGruppe/AMPH>\n<https://environment.ld.admin.ch/foen/UBD003002/5/ArtenGruppe/APID>\n<https://environment.ld.admin.ch/foen/UBD003002/5/ArtenGruppe/AVES>\n<https://environment.ld.admin.ch/foen/UBD003002/5/ArtenGruppe/BIVA>\n<https://environment.ld.admin.ch/foen/UBD003002/5/ArtenGruppe/BRYO>\n<https://environment.ld.admin.ch/foen/UBD003002/5/ArtenGruppe/CHAR>\n<https://environment.ld.admin.ch/foen/UBD003002/5/ArtenGruppe/CHIR>\n<https://environment.ld.admin.ch/foen/UBD003002/5/ArtenGruppe/CICA>\n<https://environment.ld.admin.ch/foen/UBD003002/5/ArtenGruppe/COCA>\n<https://environment.ld.admin.ch/foen/UBD003002/5/ArtenGruppe/COHY>\n<https://environment.ld.admin.ch/foen/UBD003002/5/ArtenGruppe/COSA>\n<https://environment.ld.admin.ch/foen/UBD003002/5/ArtenGruppe/DECA>\n<https://environment.ld.admin.ch/foen/UBD003002/5/ArtenGruppe/EPHE>\n<https://environment.ld.admin.ch/foen/UBD003002/5/ArtenGruppe/FORM>\n<https://environment.ld.admin.ch/foen/UBD003002/5/ArtenGruppe/FUNG>\n<https://environment.ld.admin.ch/foen/UBD003002/5/ArtenGruppe/GAST>\n<https://environment.ld.admin.ch/foen/UBD003002/5/ArtenGruppe/LEPZ>\n<https://environment.ld.admin.ch/foen/UBD003002/5/ArtenGruppe/LICE>\n<https://environment.ld.admin.ch/foen/UBD003002/5/ArtenGruppe/LICH>\n<https://environment.ld.admin.ch/foen/UBD003002/5/ArtenGruppe/LICT>\n<https://environment.ld.admin.ch/foen/UBD003002/5/ArtenGruppe/MAMM>\n<https://environment.ld.admin.ch/foen/UBD003002/5/ArtenGruppe/MOLL>\n<https://environment.ld.admin.ch/foen/UBD003002/5/ArtenGruppe/NEUR>\n<https://environment.ld.admin.ch/foen/UBD003002/5/ArtenGruppe/ODON>\n<https://environment.ld.admin.ch/foen/UBD003002/5/ArtenGruppe/ORTH>\n<https://environment.ld.admin.ch/foen/UBD003002/5/ArtenGruppe/PISC>\n<https://environment.ld.admin.ch/foen/UBD003002/5/ArtenGruppe/PLEC>\n<https://environment.ld.admin.ch/foen/UBD003002/5/ArtenGruppe/REPT>\n<https://environment.ld.admin.ch/foen/UBD003002/5/ArtenGruppe/SPER>\n<https://environment.ld.admin.ch/foen/UBD003002/5/ArtenGruppe/TIPU>\n<https://environment.ld.admin.ch/foen/UBD003002/5/ArtenGruppe/TRAC>\n<https://environment.ld.admin.ch/foen/UBD003002/5/ArtenGruppe/TRIC>\n<https://environment.ld.admin.ch/foen/UBD003002/5/ArtenGruppe/PTER>\n      }\n      OPTIONAL {\n    ?iri schema:name ?label_en\n    FILTER (LANGMATCHES(LANG(?label_en), \"en\"))\n  }\nOPTIONAL {\n    ?iri schema:name ?label_de\n    FILTER (LANGMATCHES(LANG(?label_de), \"de\"))\n  }\nOPTIONAL {\n    ?iri schema:name ?label_fr\n    FILTER (LANGMATCHES(LANG(?label_fr), \"fr\"))\n  }\nOPTIONAL {\n    ?iri schema:name ?label_it\n    FILTER (LANGMATCHES(LANG(?label_it), \"it\"))\n  }\nOPTIONAL {\n    ?iri schema:name ?label_\n    FILTER ((LANG(?label_) = \"\"))\n  }\n  BIND(COALESCE(?label_en,?label_de,?label_fr,?label_it,?label_) as ?label)\n  \n    \n}\n\n\n\n"},{"startTime":1666286137712,"endTime":1666286138184,"text":"#pragma describe.strategy cbd\n#pragma join.hash off\n\n\nPREFIX schema: <http://schema.org/>\n\nSELECT DISTINCT ?iri ?sameAs\n\nWHERE {\n\n    values ?iri {\n      <https://environment.ld.admin.ch/foen/UBD003002/5/ArtenGruppe/AMPH>\n<https://environment.ld.admin.ch/foen/UBD003002/5/ArtenGruppe/APID>\n<https://environment.ld.admin.ch/foen/UBD003002/5/ArtenGruppe/AVES>\n<https://environment.ld.admin.ch/foen/UBD003002/5/ArtenGruppe/BIVA>\n<https://environment.ld.admin.ch/foen/UBD003002/5/ArtenGruppe/BRYO>\n<https://environment.ld.admin.ch/foen/UBD003002/5/ArtenGruppe/CHAR>\n<https://environment.ld.admin.ch/foen/UBD003002/5/ArtenGruppe/CHIR>\n<https://environment.ld.admin.ch/foen/UBD003002/5/ArtenGruppe/CICA>\n<https://environment.ld.admin.ch/foen/UBD003002/5/ArtenGruppe/COCA>\n<https://environment.ld.admin.ch/foen/UBD003002/5/ArtenGruppe/COHY>\n<https://environment.ld.admin.ch/foen/UBD003002/5/ArtenGruppe/COSA>\n<https://environment.ld.admin.ch/foen/UBD003002/5/ArtenGruppe/DECA>\n<https://environment.ld.admin.ch/foen/UBD003002/5/ArtenGruppe/EPHE>\n<https://environment.ld.admin.ch/foen/UBD003002/5/ArtenGruppe/FORM>\n<https://environment.ld.admin.ch/foen/UBD003002/5/ArtenGruppe/FUNG>\n<https://environment.ld.admin.ch/foen/UBD003002/5/ArtenGruppe/GAST>\n<https://environment.ld.admin.ch/foen/UBD003002/5/ArtenGruppe/LEPZ>\n<https://environment.ld.admin.ch/foen/UBD003002/5/ArtenGruppe/LICE>\n<https://environment.ld.admin.ch/foen/UBD003002/5/ArtenGruppe/LICH>\n<https://environment.ld.admin.ch/foen/UBD003002/5/ArtenGruppe/LICT>\n<https://environment.ld.admin.ch/foen/UBD003002/5/ArtenGruppe/MAMM>\n<https://environment.ld.admin.ch/foen/UBD003002/5/ArtenGruppe/MOLL>\n<https://environment.ld.admin.ch/foen/UBD003002/5/ArtenGruppe/NEUR>\n<https://environment.ld.admin.ch/foen/UBD003002/5/ArtenGruppe/ODON>\n<https://environment.ld.admin.ch/foen/UBD003002/5/ArtenGruppe/ORTH>\n<https://environment.ld.admin.ch/foen/UBD003002/5/ArtenGruppe/PISC>\n<https://environment.ld.admin.ch/foen/UBD003002/5/ArtenGruppe/PLEC>\n<https://environment.ld.admin.ch/foen/UBD003002/5/ArtenGruppe/REPT>\n<https://environment.ld.admin.ch/foen/UBD003002/5/ArtenGruppe/SPER>\n<https://environment.ld.admin.ch/foen/UBD003002/5/ArtenGruppe/TIPU>\n<https://environment.ld.admin.ch/foen/UBD003002/5/ArtenGruppe/TRAC>\n<https://environment.ld.admin.ch/foen/UBD003002/5/ArtenGruppe/TRIC>\n<https://environment.ld.admin.ch/foen/UBD003002/5/ArtenGruppe/PTER>\n    }\n    ?iri schema:sameAs ?sameAs .\n  \n}\n\n\n\n"},{"startTime":1666286138185,"endTime":1666286140907,"text":"#pragma describe.strategy cbd\n#pragma join.hash off\n\n\nSELECT DISTINCT ?value\n\nWHERE {\n\n    <https://environment.ld.admin.ch/foen/UBD003002/5> <https://cube.link/observationSet> ?observationSet .\n    ?observationSet <https://cube.link/observation> ?observation .\n    ?observation <https://environment.ld.admin.ch/foen/UBD003002/status> ?value .\n    \n  \n}\n\n\n\n"},{"startTime":1666286140908,"endTime":1666286141005,"text":"#pragma describe.strategy cbd\n#pragma join.hash off\n\n\nPREFIX schema: <http://schema.org/>\n\nSELECT DISTINCT ?iri ?label\n\nWHERE {\n\n      values ?iri {\n        <https://environment.ld.admin.ch/foen/UBD003002/5/Status/EX>\n<https://environment.ld.admin.ch/foen/UBD003002/5/Status/RE>\n<https://environment.ld.admin.ch/foen/UBD003002/5/Status/CR>\n<https://environment.ld.admin.ch/foen/UBD003002/5/Status/EN>\n<https://environment.ld.admin.ch/foen/UBD003002/5/Status/VU>\n<https://environment.ld.admin.ch/foen/UBD003002/5/Status/NT>\n<https://environment.ld.admin.ch/foen/UBD003002/5/Status/LC>\n<https://environment.ld.admin.ch/foen/UBD003002/5/Status/DD>\n      }\n      OPTIONAL {\n    ?iri schema:name ?label_en\n    FILTER (LANGMATCHES(LANG(?label_en), \"en\"))\n  }\nOPTIONAL {\n    ?iri schema:name ?label_de\n    FILTER (LANGMATCHES(LANG(?label_de), \"de\"))\n  }\nOPTIONAL {\n    ?iri schema:name ?label_fr\n    FILTER (LANGMATCHES(LANG(?label_fr), \"fr\"))\n  }\nOPTIONAL {\n    ?iri schema:name ?label_it\n    FILTER (LANGMATCHES(LANG(?label_it), \"it\"))\n  }\nOPTIONAL {\n    ?iri schema:name ?label_\n    FILTER ((LANG(?label_) = \"\"))\n  }\n  BIND(COALESCE(?label_en,?label_de,?label_fr,?label_it,?label_) as ?label)\n  \n    \n}\n\n\n\n"},{"startTime":1666286140911,"endTime":1666286141020,"text":"#pragma describe.strategy cbd\n#pragma join.hash off\n\n\nPREFIX schema: <http://schema.org/>\n\nSELECT DISTINCT ?iri ?sameAs\n\nWHERE {\n\n    values ?iri {\n      <https://environment.ld.admin.ch/foen/UBD003002/5/Status/EX>\n<https://environment.ld.admin.ch/foen/UBD003002/5/Status/RE>\n<https://environment.ld.admin.ch/foen/UBD003002/5/Status/CR>\n<https://environment.ld.admin.ch/foen/UBD003002/5/Status/EN>\n<https://environment.ld.admin.ch/foen/UBD003002/5/Status/VU>\n<https://environment.ld.admin.ch/foen/UBD003002/5/Status/NT>\n<https://environment.ld.admin.ch/foen/UBD003002/5/Status/LC>\n<https://environment.ld.admin.ch/foen/UBD003002/5/Status/DD>\n    }\n    ?iri schema:sameAs ?sameAs .\n  \n}\n\n\n\n"},{"startTime":1666286140910,"endTime":1666286141024,"text":"#pragma describe.strategy cbd\n#pragma join.hash off\n\n\nPREFIX schema: <http://schema.org/>\n\nSELECT DISTINCT ?iri ?identifier\n?position\n?color\n\nWHERE {\n\n      values ?iri {\n        <https://environment.ld.admin.ch/foen/UBD003002/5/Status/EX>\n<https://environment.ld.admin.ch/foen/UBD003002/5/Status/RE>\n<https://environment.ld.admin.ch/foen/UBD003002/5/Status/CR>\n<https://environment.ld.admin.ch/foen/UBD003002/5/Status/EN>\n<https://environment.ld.admin.ch/foen/UBD003002/5/Status/VU>\n<https://environment.ld.admin.ch/foen/UBD003002/5/Status/NT>\n<https://environment.ld.admin.ch/foen/UBD003002/5/Status/LC>\n<https://environment.ld.admin.ch/foen/UBD003002/5/Status/DD>\n      }\n\n      OPTIONAL { ?iri schema:identifier ?identifier. }\nOPTIONAL { ?iri schema:position ?position. }\nOPTIONAL { ?iri schema:color ?color. }\n    \n}\n\n\n\n"},{"startTime":1666286141024,"endTime":1666286141126,"text":"#pragma describe.strategy cbd\n#pragma join.hash off\n\n\nSELECT DISTINCT ?value\n\nWHERE {\n\n    <https://environment.ld.admin.ch/foen/UBD003002/5> <https://cube.link/observationSet> ?observationSet .\n    ?observationSet <https://cube.link/observation> ?observation .\n    ?observation <https://environment.ld.admin.ch/foen/UBD003002/taxon> ?value .\n    \n  \n}\n\n\n\n"},{"startTime":1666286141127,"endTime":1666286141350,"text":"#pragma describe.strategy cbd\n#pragma join.hash off\n\n\nPREFIX schema: <http://schema.org/>\n\nSELECT DISTINCT ?iri ?label\n\nWHERE {\n\n      values ?iri {\n        <https://environment.ld.admin.ch/foen/UBD003002/5/Taxon/Amphibia>\n<https://environment.ld.admin.ch/foen/UBD003002/5/Taxon/Apidae>\n<https://environment.ld.admin.ch/foen/UBD003002/5/Taxon/Aves>\n<https://environment.ld.admin.ch/foen/UBD003002/5/Taxon/Bivalvia>\n<https://environment.ld.admin.ch/foen/UBD003002/5/Taxon/Hepaticae%2C%20Musci%2C%20Anthocerotae>\n<https://environment.ld.admin.ch/foen/UBD003002/5/Taxon/Characeae>\n<https://environment.ld.admin.ch/foen/UBD003002/5/Taxon/Chiroptera>\n<https://environment.ld.admin.ch/foen/UBD003002/5/Taxon/Cicadidae>\n<https://environment.ld.admin.ch/foen/UBD003002/5/Taxon/Carabidae>\n<https://environment.ld.admin.ch/foen/UBD003002/5/Taxon/Hydradephaga>\n<https://environment.ld.admin.ch/foen/UBD003002/5/Taxon/Buprestidae%2C%20Cerambycidae%2C%20Cetoniidae%2C%20Lucanidae>\n<https://environment.ld.admin.ch/foen/UBD003002/5/Taxon/Decapoda>\n<https://environment.ld.admin.ch/foen/UBD003002/5/Taxon/Ephemeroptera>\n<https://environment.ld.admin.ch/foen/UBD003002/5/Taxon/Formicidae>\n<https://environment.ld.admin.ch/foen/UBD003002/5/Taxon/Ascomycetes%2C%20Basidiomycetes>\n<https://environment.ld.admin.ch/foen/UBD003002/5/Taxon/Gastropoda>\n<https://environment.ld.admin.ch/foen/UBD003002/5/Taxon/Lepidoptera%2C%20Rhopalocera%2C%20Zygaenidae>\n<https://environment.ld.admin.ch/foen/UBD003002/5/Taxon/Lichenes>\n<https://environment.ld.admin.ch/foen/UBD003002/5/Taxon/Mammalia>\n<https://environment.ld.admin.ch/foen/UBD003002/5/Taxon/Mollusca>\n<https://environment.ld.admin.ch/foen/UBD003002/5/Taxon/Neuropteroidea%2C%20Raphidioptera%2C%20Megaloptera%2C%20Neuroptera>\n<https://environment.ld.admin.ch/foen/UBD003002/5/Taxon/Odonata>\n<https://environment.ld.admin.ch/foen/UBD003002/5/Taxon/Orthoptera>\n<https://environment.ld.admin.ch/foen/UBD003002/5/Taxon/Pisces%2C%20Cyclostomata%2C%20Petromyzontidae>\n<https://environment.ld.admin.ch/foen/UBD003002/5/Taxon/Plecoptera>\n<https://environment.ld.admin.ch/foen/UBD003002/5/Taxon/Reptilia>\n<https://environment.ld.admin.ch/foen/UBD003002/5/Taxon/Spermatophyta%2C%20Dicotyledones%2C%20Monocotyledones%2C%20Gymnosperma>\n<https://environment.ld.admin.ch/foen/UBD003002/5/Taxon/Tipulidae>\n<https://environment.ld.admin.ch/foen/UBD003002/5/Taxon/Tracheophyta>\n<https://environment.ld.admin.ch/foen/UBD003002/5/Taxon/Trichoptera>\n<https://environment.ld.admin.ch/foen/UBD003002/5/Taxon/Pteridophyta>\n      }\n      OPTIONAL {\n    ?iri schema:name ?label_en\n    FILTER (LANGMATCHES(LANG(?label_en), \"en\"))\n  }\nOPTIONAL {\n    ?iri schema:name ?label_de\n    FILTER (LANGMATCHES(LANG(?label_de), \"de\"))\n  }\nOPTIONAL {\n    ?iri schema:name ?label_fr\n    FILTER (LANGMATCHES(LANG(?label_fr), \"fr\"))\n  }\nOPTIONAL {\n    ?iri schema:name ?label_it\n    FILTER (LANGMATCHES(LANG(?label_it), \"it\"))\n  }\nOPTIONAL {\n    ?iri schema:name ?label_\n    FILTER ((LANG(?label_) = \"\"))\n  }\n  BIND(COALESCE(?label_en,?label_de,?label_fr,?label_it,?label_) as ?label)\n  \n    \n}\n\n\n\n"},{"startTime":1666286141134,"endTime":1666286141350,"text":"#pragma describe.strategy cbd\n#pragma join.hash off\n\n\nPREFIX schema: <http://schema.org/>\n\nSELECT DISTINCT ?iri ?sameAs\n\nWHERE {\n\n    values ?iri {\n      <https://environment.ld.admin.ch/foen/UBD003002/5/Taxon/Amphibia>\n<https://environment.ld.admin.ch/foen/UBD003002/5/Taxon/Apidae>\n<https://environment.ld.admin.ch/foen/UBD003002/5/Taxon/Aves>\n<https://environment.ld.admin.ch/foen/UBD003002/5/Taxon/Bivalvia>\n<https://environment.ld.admin.ch/foen/UBD003002/5/Taxon/Hepaticae%2C%20Musci%2C%20Anthocerotae>\n<https://environment.ld.admin.ch/foen/UBD003002/5/Taxon/Characeae>\n<https://environment.ld.admin.ch/foen/UBD003002/5/Taxon/Chiroptera>\n<https://environment.ld.admin.ch/foen/UBD003002/5/Taxon/Cicadidae>\n<https://environment.ld.admin.ch/foen/UBD003002/5/Taxon/Carabidae>\n<https://environment.ld.admin.ch/foen/UBD003002/5/Taxon/Hydradephaga>\n<https://environment.ld.admin.ch/foen/UBD003002/5/Taxon/Buprestidae%2C%20Cerambycidae%2C%20Cetoniidae%2C%20Lucanidae>\n<https://environment.ld.admin.ch/foen/UBD003002/5/Taxon/Decapoda>\n<https://environment.ld.admin.ch/foen/UBD003002/5/Taxon/Ephemeroptera>\n<https://environment.ld.admin.ch/foen/UBD003002/5/Taxon/Formicidae>\n<https://environment.ld.admin.ch/foen/UBD003002/5/Taxon/Ascomycetes%2C%20Basidiomycetes>\n<https://environment.ld.admin.ch/foen/UBD003002/5/Taxon/Gastropoda>\n<https://environment.ld.admin.ch/foen/UBD003002/5/Taxon/Lepidoptera%2C%20Rhopalocera%2C%20Zygaenidae>\n<https://environment.ld.admin.ch/foen/UBD003002/5/Taxon/Lichenes>\n<https://environment.ld.admin.ch/foen/UBD003002/5/Taxon/Mammalia>\n<https://environment.ld.admin.ch/foen/UBD003002/5/Taxon/Mollusca>\n<https://environment.ld.admin.ch/foen/UBD003002/5/Taxon/Neuropteroidea%2C%20Raphidioptera%2C%20Megaloptera%2C%20Neuroptera>\n<https://environment.ld.admin.ch/foen/UBD003002/5/Taxon/Odonata>\n<https://environment.ld.admin.ch/foen/UBD003002/5/Taxon/Orthoptera>\n<https://environment.ld.admin.ch/foen/UBD003002/5/Taxon/Pisces%2C%20Cyclostomata%2C%20Petromyzontidae>\n<https://environment.ld.admin.ch/foen/UBD003002/5/Taxon/Plecoptera>\n<https://environment.ld.admin.ch/foen/UBD003002/5/Taxon/Reptilia>\n<https://environment.ld.admin.ch/foen/UBD003002/5/Taxon/Spermatophyta%2C%20Dicotyledones%2C%20Monocotyledones%2C%20Gymnosperma>\n<https://environment.ld.admin.ch/foen/UBD003002/5/Taxon/Tipulidae>\n<https://environment.ld.admin.ch/foen/UBD003002/5/Taxon/Tracheophyta>\n<https://environment.ld.admin.ch/foen/UBD003002/5/Taxon/Trichoptera>\n<https://environment.ld.admin.ch/foen/UBD003002/5/Taxon/Pteridophyta>\n    }\n    ?iri schema:sameAs ?sameAs .\n  \n}\n\n\n\n"},{"startTime":1666286141132,"endTime":1666286141350,"text":"#pragma describe.strategy cbd\n#pragma join.hash off\n\n\nPREFIX schema: <http://schema.org/>\n\nSELECT DISTINCT ?iri ?identifier\n?position\n?color\n\nWHERE {\n\n      values ?iri {\n        <https://environment.ld.admin.ch/foen/UBD003002/5/Taxon/Amphibia>\n<https://environment.ld.admin.ch/foen/UBD003002/5/Taxon/Apidae>\n<https://environment.ld.admin.ch/foen/UBD003002/5/Taxon/Aves>\n<https://environment.ld.admin.ch/foen/UBD003002/5/Taxon/Bivalvia>\n<https://environment.ld.admin.ch/foen/UBD003002/5/Taxon/Hepaticae%2C%20Musci%2C%20Anthocerotae>\n<https://environment.ld.admin.ch/foen/UBD003002/5/Taxon/Characeae>\n<https://environment.ld.admin.ch/foen/UBD003002/5/Taxon/Chiroptera>\n<https://environment.ld.admin.ch/foen/UBD003002/5/Taxon/Cicadidae>\n<https://environment.ld.admin.ch/foen/UBD003002/5/Taxon/Carabidae>\n<https://environment.ld.admin.ch/foen/UBD003002/5/Taxon/Hydradephaga>\n<https://environment.ld.admin.ch/foen/UBD003002/5/Taxon/Buprestidae%2C%20Cerambycidae%2C%20Cetoniidae%2C%20Lucanidae>\n<https://environment.ld.admin.ch/foen/UBD003002/5/Taxon/Decapoda>\n<https://environment.ld.admin.ch/foen/UBD003002/5/Taxon/Ephemeroptera>\n<https://environment.ld.admin.ch/foen/UBD003002/5/Taxon/Formicidae>\n<https://environment.ld.admin.ch/foen/UBD003002/5/Taxon/Ascomycetes%2C%20Basidiomycetes>\n<https://environment.ld.admin.ch/foen/UBD003002/5/Taxon/Gastropoda>\n<https://environment.ld.admin.ch/foen/UBD003002/5/Taxon/Lepidoptera%2C%20Rhopalocera%2C%20Zygaenidae>\n<https://environment.ld.admin.ch/foen/UBD003002/5/Taxon/Lichenes>\n<https://environment.ld.admin.ch/foen/UBD003002/5/Taxon/Mammalia>\n<https://environment.ld.admin.ch/foen/UBD003002/5/Taxon/Mollusca>\n<https://environment.ld.admin.ch/foen/UBD003002/5/Taxon/Neuropteroidea%2C%20Raphidioptera%2C%20Megaloptera%2C%20Neuroptera>\n<https://environment.ld.admin.ch/foen/UBD003002/5/Taxon/Odonata>\n<https://environment.ld.admin.ch/foen/UBD003002/5/Taxon/Orthoptera>\n<https://environment.ld.admin.ch/foen/UBD003002/5/Taxon/Pisces%2C%20Cyclostomata%2C%20Petromyzontidae>\n<https://environment.ld.admin.ch/foen/UBD003002/5/Taxon/Plecoptera>\n<https://environment.ld.admin.ch/foen/UBD003002/5/Taxon/Reptilia>\n<https://environment.ld.admin.ch/foen/UBD003002/5/Taxon/Spermatophyta%2C%20Dicotyledones%2C%20Monocotyledones%2C%20Gymnosperma>\n<https://environment.ld.admin.ch/foen/UBD003002/5/Taxon/Tipulidae>\n<https://environment.ld.admin.ch/foen/UBD003002/5/Taxon/Tracheophyta>\n<https://environment.ld.admin.ch/foen/UBD003002/5/Taxon/Trichoptera>\n<https://environment.ld.admin.ch/foen/UBD003002/5/Taxon/Pteridophyta>\n      }\n\n      OPTIONAL { ?iri schema:identifier ?identifier. }\nOPTIONAL { ?iri schema:color ?color. }\n    \n}\n\n\n\n"},{"startTime":1666286141350,"endTime":1666286141436,"text":"#pragma describe.strategy cbd\n#pragma join.hash off\n\n\nSELECT DISTINCT ?value\n\nWHERE {\n\n    <https://environment.ld.admin.ch/foen/UBD003002/5> <https://cube.link/observationSet> ?observationSet .\n    ?observationSet <https://cube.link/observation> ?observation .\n    ?observation <https://environment.ld.admin.ch/foen/UBD003002/class> ?value .\n    \n  \n}\n\n\n\n"},{"startTime":1666286141438,"endTime":1666286141551,"text":"#pragma describe.strategy cbd\n#pragma join.hash off\n\n\nPREFIX schema: <http://schema.org/>\n\nSELECT DISTINCT ?iri ?identifier\n?position\n?color\n\nWHERE {\n\n      values ?iri {\n        <https://environment.ld.admin.ch/foen/UBD003002/5/Taxonomy_Class/Amphibia>\n<https://environment.ld.admin.ch/foen/UBD003002/5/Taxonomy_Class/Insecta>\n<https://environment.ld.admin.ch/foen/UBD003002/5/Taxonomy_Class/Aves>\n<https://environment.ld.admin.ch/foen/UBD003002/5/Taxonomy_Class/Bivalvia>\n<https://environment.ld.admin.ch/foen/UBD003002/5/Taxonomy_Class/Marchantiophyta%2C%20Bryophyta%2C%20Anthocerotophyta>\n<https://environment.ld.admin.ch/foen/UBD003002/5/Taxonomy_Class/Charophyceae>\n<https://environment.ld.admin.ch/foen/UBD003002/5/Taxonomy_Class/Mammalia>\n<https://environment.ld.admin.ch/foen/UBD003002/5/Taxonomy_Class/Malacostraca>\n<https://environment.ld.admin.ch/foen/UBD003002/5/Taxonomy_Class/Discomycetes%2C%20Gasteromycetes%2C%20Hymenomycetes%2C%20Pyrenomycetes>\n<https://environment.ld.admin.ch/foen/UBD003002/5/Taxonomy_Class/Gastropoda>\n<https://environment.ld.admin.ch/foen/UBD003002/5/Taxonomy_Class/Ascolichenes%2C%20Basidiolichenes>\n<https://environment.ld.admin.ch/foen/UBD003002/5/Taxonomy_Class/Bivalvia%2C%20Gastropoda>\n<https://environment.ld.admin.ch/foen/UBD003002/5/Taxonomy_Class/Osteichthyes%2C%20Cephalaspidomorphi>\n<https://environment.ld.admin.ch/foen/UBD003002/5/Taxonomy_Class/Reptilia>\n<https://environment.ld.admin.ch/foen/UBD003002/5/Taxonomy_Class/Spermatophyta>\n<https://environment.ld.admin.ch/foen/UBD003002/5/Taxonomy_Class/Pteridophyta%2C%20Spermatophyta>\n<https://environment.ld.admin.ch/foen/UBD003002/5/Taxonomy_Class/Pteridophyta>\n      }\n\n      OPTIONAL { ?iri schema:identifier ?identifier. }\nOPTIONAL { ?iri schema:color ?color. }\n    \n}\n\n\n\n"},{"startTime":1666286141439,"endTime":1666286141556,"text":"#pragma describe.strategy cbd\n#pragma join.hash off\n\n\nPREFIX schema: <http://schema.org/>\n\nSELECT DISTINCT ?iri ?sameAs\n\nWHERE {\n\n    values ?iri {\n      <https://environment.ld.admin.ch/foen/UBD003002/5/Taxonomy_Class/Amphibia>\n<https://environment.ld.admin.ch/foen/UBD003002/5/Taxonomy_Class/Insecta>\n<https://environment.ld.admin.ch/foen/UBD003002/5/Taxonomy_Class/Aves>\n<https://environment.ld.admin.ch/foen/UBD003002/5/Taxonomy_Class/Bivalvia>\n<https://environment.ld.admin.ch/foen/UBD003002/5/Taxonomy_Class/Marchantiophyta%2C%20Bryophyta%2C%20Anthocerotophyta>\n<https://environment.ld.admin.ch/foen/UBD003002/5/Taxonomy_Class/Charophyceae>\n<https://environment.ld.admin.ch/foen/UBD003002/5/Taxonomy_Class/Mammalia>\n<https://environment.ld.admin.ch/foen/UBD003002/5/Taxonomy_Class/Malacostraca>\n<https://environment.ld.admin.ch/foen/UBD003002/5/Taxonomy_Class/Discomycetes%2C%20Gasteromycetes%2C%20Hymenomycetes%2C%20Pyrenomycetes>\n<https://environment.ld.admin.ch/foen/UBD003002/5/Taxonomy_Class/Gastropoda>\n<https://environment.ld.admin.ch/foen/UBD003002/5/Taxonomy_Class/Ascolichenes%2C%20Basidiolichenes>\n<https://environment.ld.admin.ch/foen/UBD003002/5/Taxonomy_Class/Bivalvia%2C%20Gastropoda>\n<https://environment.ld.admin.ch/foen/UBD003002/5/Taxonomy_Class/Osteichthyes%2C%20Cephalaspidomorphi>\n<https://environment.ld.admin.ch/foen/UBD003002/5/Taxonomy_Class/Reptilia>\n<https://environment.ld.admin.ch/foen/UBD003002/5/Taxonomy_Class/Spermatophyta>\n<https://environment.ld.admin.ch/foen/UBD003002/5/Taxonomy_Class/Pteridophyta%2C%20Spermatophyta>\n<https://environment.ld.admin.ch/foen/UBD003002/5/Taxonomy_Class/Pteridophyta>\n    }\n    ?iri schema:sameAs ?sameAs .\n  \n}\n\n\n\n"},{"startTime":1666286141437,"endTime":1666286141557,"text":"#pragma describe.strategy cbd\n#pragma join.hash off\n\n\nPREFIX schema: <http://schema.org/>\n\nSELECT DISTINCT ?iri ?label\n\nWHERE {\n\n      values ?iri {\n        <https://environment.ld.admin.ch/foen/UBD003002/5/Taxonomy_Class/Amphibia>\n<https://environment.ld.admin.ch/foen/UBD003002/5/Taxonomy_Class/Insecta>\n<https://environment.ld.admin.ch/foen/UBD003002/5/Taxonomy_Class/Aves>\n<https://environment.ld.admin.ch/foen/UBD003002/5/Taxonomy_Class/Bivalvia>\n<https://environment.ld.admin.ch/foen/UBD003002/5/Taxonomy_Class/Marchantiophyta%2C%20Bryophyta%2C%20Anthocerotophyta>\n<https://environment.ld.admin.ch/foen/UBD003002/5/Taxonomy_Class/Charophyceae>\n<https://environment.ld.admin.ch/foen/UBD003002/5/Taxonomy_Class/Mammalia>\n<https://environment.ld.admin.ch/foen/UBD003002/5/Taxonomy_Class/Malacostraca>\n<https://environment.ld.admin.ch/foen/UBD003002/5/Taxonomy_Class/Discomycetes%2C%20Gasteromycetes%2C%20Hymenomycetes%2C%20Pyrenomycetes>\n<https://environment.ld.admin.ch/foen/UBD003002/5/Taxonomy_Class/Gastropoda>\n<https://environment.ld.admin.ch/foen/UBD003002/5/Taxonomy_Class/Ascolichenes%2C%20Basidiolichenes>\n<https://environment.ld.admin.ch/foen/UBD003002/5/Taxonomy_Class/Bivalvia%2C%20Gastropoda>\n<https://environment.ld.admin.ch/foen/UBD003002/5/Taxonomy_Class/Osteichthyes%2C%20Cephalaspidomorphi>\n<https://environment.ld.admin.ch/foen/UBD003002/5/Taxonomy_Class/Reptilia>\n<https://environment.ld.admin.ch/foen/UBD003002/5/Taxonomy_Class/Spermatophyta>\n<https://environment.ld.admin.ch/foen/UBD003002/5/Taxonomy_Class/Pteridophyta%2C%20Spermatophyta>\n<https://environment.ld.admin.ch/foen/UBD003002/5/Taxonomy_Class/Pteridophyta>\n      }\n      OPTIONAL {\n    ?iri schema:name ?label_en\n    FILTER (LANGMATCHES(LANG(?label_en), \"en\"))\n  }\nOPTIONAL {\n    ?iri schema:name ?label_de\n    FILTER (LANGMATCHES(LANG(?label_de), \"de\"))\n  }\nOPTIONAL {\n    ?iri schema:name ?label_fr\n    FILTER (LANGMATCHES(LANG(?label_fr), \"fr\"))\n  }\nOPTIONAL {\n    ?iri schema:name ?label_it\n    FILTER (LANGMATCHES(LANG(?label_it), \"it\"))\n  }\nOPTIONAL {\n    ?iri schema:name ?label_\n    FILTER ((LANG(?label_) = \"\"))\n  }\n  BIND(COALESCE(?label_en,?label_de,?label_fr,?label_it,?label_) as ?label)\n  \n    \n}\n\n\n\n"},{"startTime":1666286141557,"endTime":1666286141654,"text":"#pragma describe.strategy cbd\n#pragma join.hash off\n\n\nSELECT DISTINCT ?value\n\nWHERE {\n\n    <https://environment.ld.admin.ch/foen/UBD003002/5> <https://cube.link/observationSet> ?observationSet .\n    ?observationSet <https://cube.link/observation> ?observation .\n    ?observation <https://environment.ld.admin.ch/foen/UBD003002/phylum> ?value .\n    \n  \n}\n\n\n\n"},{"startTime":1666286141656,"endTime":1666286141755,"text":"#pragma describe.strategy cbd\n#pragma join.hash off\n\n\nPREFIX schema: <http://schema.org/>\n\nSELECT DISTINCT ?iri ?identifier\n?position\n?color\n\nWHERE {\n\n      values ?iri {\n        <https://environment.ld.admin.ch/foen/UBD003002/5/Taxonomy_Phylum/Vertebrata>\n<https://environment.ld.admin.ch/foen/UBD003002/5/Taxonomy_Phylum/Arthropoda>\n<https://environment.ld.admin.ch/foen/UBD003002/5/Taxonomy_Phylum/Mollusca>\n<https://environment.ld.admin.ch/foen/UBD003002/5/Taxonomy_Phylum/Bryophyta>\n<https://environment.ld.admin.ch/foen/UBD003002/5/Taxonomy_Phylum/Charophyta>\n<https://environment.ld.admin.ch/foen/UBD003002/5/Taxonomy_Phylum/Ascomycota%2C%20Basidiomycota>\n<https://environment.ld.admin.ch/foen/UBD003002/5/Taxonomy_Phylum/Tracheophyta>\n      }\n\n      OPTIONAL { ?iri schema:identifier ?identifier. }\nOPTIONAL { ?iri schema:color ?color. }\n    \n}\n\n\n\n"},{"startTime":1666286141655,"endTime":1666286141760,"text":"#pragma describe.strategy cbd\n#pragma join.hash off\n\n\nPREFIX schema: <http://schema.org/>\n\nSELECT DISTINCT ?iri ?label\n\nWHERE {\n\n      values ?iri {\n        <https://environment.ld.admin.ch/foen/UBD003002/5/Taxonomy_Phylum/Vertebrata>\n<https://environment.ld.admin.ch/foen/UBD003002/5/Taxonomy_Phylum/Arthropoda>\n<https://environment.ld.admin.ch/foen/UBD003002/5/Taxonomy_Phylum/Mollusca>\n<https://environment.ld.admin.ch/foen/UBD003002/5/Taxonomy_Phylum/Bryophyta>\n<https://environment.ld.admin.ch/foen/UBD003002/5/Taxonomy_Phylum/Charophyta>\n<https://environment.ld.admin.ch/foen/UBD003002/5/Taxonomy_Phylum/Ascomycota%2C%20Basidiomycota>\n<https://environment.ld.admin.ch/foen/UBD003002/5/Taxonomy_Phylum/Tracheophyta>\n      }\n      OPTIONAL {\n    ?iri schema:name ?label_en\n    FILTER (LANGMATCHES(LANG(?label_en), \"en\"))\n  }\nOPTIONAL {\n    ?iri schema:name ?label_de\n    FILTER (LANGMATCHES(LANG(?label_de), \"de\"))\n  }\nOPTIONAL {\n    ?iri schema:name ?label_fr\n    FILTER (LANGMATCHES(LANG(?label_fr), \"fr\"))\n  }\nOPTIONAL {\n    ?iri schema:name ?label_it\n    FILTER (LANGMATCHES(LANG(?label_it), \"it\"))\n  }\nOPTIONAL {\n    ?iri schema:name ?label_\n    FILTER ((LANG(?label_) = \"\"))\n  }\n  BIND(COALESCE(?label_en,?label_de,?label_fr,?label_it,?label_) as ?label)\n  \n    \n}\n\n\n\n"},{"startTime":1666286141657,"endTime":1666286141763,"text":"#pragma describe.strategy cbd\n#pragma join.hash off\n\n\nPREFIX schema: <http://schema.org/>\n\nSELECT DISTINCT ?iri ?sameAs\n\nWHERE {\n\n    values ?iri {\n      <https://environment.ld.admin.ch/foen/UBD003002/5/Taxonomy_Phylum/Vertebrata>\n<https://environment.ld.admin.ch/foen/UBD003002/5/Taxonomy_Phylum/Arthropoda>\n<https://environment.ld.admin.ch/foen/UBD003002/5/Taxonomy_Phylum/Mollusca>\n<https://environment.ld.admin.ch/foen/UBD003002/5/Taxonomy_Phylum/Bryophyta>\n<https://environment.ld.admin.ch/foen/UBD003002/5/Taxonomy_Phylum/Charophyta>\n<https://environment.ld.admin.ch/foen/UBD003002/5/Taxonomy_Phylum/Ascomycota%2C%20Basidiomycota>\n<https://environment.ld.admin.ch/foen/UBD003002/5/Taxonomy_Phylum/Tracheophyta>\n    }\n    ?iri schema:sameAs ?sameAs .\n  \n}\n\n\n\n"},{"startTime":1666286141763,"endTime":1666286141891,"text":"#pragma describe.strategy cbd\n#pragma join.hash off\n\n\nSELECT DISTINCT ?value\n\nWHERE {\n\n    <https://environment.ld.admin.ch/foen/UBD003002/5> <https://cube.link/observationSet> ?observationSet .\n    ?observationSet <https://cube.link/observation> ?observation .\n    ?observation <https://environment.ld.admin.ch/foen/UBD003002/kingdom> ?value .\n    \n  \n}\n\n\n\n"},{"startTime":1666286141891,"endTime":1666286141990,"text":"#pragma describe.strategy cbd\n#pragma join.hash off\n\n\nPREFIX schema: <http://schema.org/>\n\nSELECT DISTINCT ?iri ?label\n\nWHERE {\n\n      values ?iri {\n        <https://environment.ld.admin.ch/foen/UBD003002/5/Taxonomy_Kingdom/Animalia>\n<https://environment.ld.admin.ch/foen/UBD003002/5/Taxonomy_Kingdom/Plantae>\n<https://environment.ld.admin.ch/foen/UBD003002/5/Taxonomy_Kingdom/Fungi>\n      }\n      OPTIONAL {\n    ?iri schema:name ?label_en\n    FILTER (LANGMATCHES(LANG(?label_en), \"en\"))\n  }\nOPTIONAL {\n    ?iri schema:name ?label_de\n    FILTER (LANGMATCHES(LANG(?label_de), \"de\"))\n  }\nOPTIONAL {\n    ?iri schema:name ?label_fr\n    FILTER (LANGMATCHES(LANG(?label_fr), \"fr\"))\n  }\nOPTIONAL {\n    ?iri schema:name ?label_it\n    FILTER (LANGMATCHES(LANG(?label_it), \"it\"))\n  }\nOPTIONAL {\n    ?iri schema:name ?label_\n    FILTER ((LANG(?label_) = \"\"))\n  }\n  BIND(COALESCE(?label_en,?label_de,?label_fr,?label_it,?label_) as ?label)\n  \n    \n}\n\n\n\n"},{"startTime":1666286141892,"endTime":1666286141990,"text":"#pragma describe.strategy cbd\n#pragma join.hash off\n\n\nPREFIX schema: <http://schema.org/>\n\nSELECT DISTINCT ?iri ?identifier\n?position\n?color\n\nWHERE {\n\n      values ?iri {\n        <https://environment.ld.admin.ch/foen/UBD003002/5/Taxonomy_Kingdom/Animalia>\n<https://environment.ld.admin.ch/foen/UBD003002/5/Taxonomy_Kingdom/Plantae>\n<https://environment.ld.admin.ch/foen/UBD003002/5/Taxonomy_Kingdom/Fungi>\n      }\n\n      OPTIONAL { ?iri schema:identifier ?identifier. }\nOPTIONAL { ?iri schema:color ?color. }\n    \n}\n\n\n\n"},{"startTime":1666286141893,"endTime":1666286141997,"text":"#pragma describe.strategy cbd\n#pragma join.hash off\n\n\nPREFIX schema: <http://schema.org/>\n\nSELECT DISTINCT ?iri ?sameAs\n\nWHERE {\n\n    values ?iri {\n      <https://environment.ld.admin.ch/foen/UBD003002/5/Taxonomy_Kingdom/Animalia>\n<https://environment.ld.admin.ch/foen/UBD003002/5/Taxonomy_Kingdom/Plantae>\n<https://environment.ld.admin.ch/foen/UBD003002/5/Taxonomy_Kingdom/Fungi>\n    }\n    ?iri schema:sameAs ?sameAs .\n  \n}\n\n\n\n"}],"timings":{"children":{"dataCubeByIri":{"children":{"dimensions":{"children":{"0":{"children":{"hierarchy":{"children":{},"start":1666286137459,"end":1666286141654},"values":{"children":{},"start":1666286137459,"end":1666286141997}}},"1":{"children":{"hierarchy":{"children":{},"start":1666286137459,"end":1666286141344},"values":{"children":{},"start":1666286137459,"end":1666286141997}}},"2":{"children":{"hierarchy":{"children":{},"start":1666286137459,"end":1666286141717},"values":{"children":{},"start":1666286137459,"end":1666286141997}}},"3":{"children":{"hierarchy":{"children":{},"start":1666286137459,"end":1666286141606},"values":{"children":{},"start":1666286137459,"end":1666286141997}}},"4":{"children":{"values":{"children":{},"start":1666286137459,"end":1666286141997},"hierarchy":{"children":{},"start":1666286137459,"end":1666286144090}}},"5":{"children":{"hierarchy":{"children":{},"start":1666286137460,"end":1666286141479},"values":{"children":{},"start":1666286137460,"end":1666286141997}}},"6":{"children":{"hierarchy":{"children":{},"start":1666286137460,"end":1666286140976},"values":{"children":{},"start":1666286137460,"end":1666286141997}}}},"start":1666286137335,"end":1666286137459},"measures":{"children":{"0":{"children":{"values":{"children":{},"start":1666286137524,"end":1666286137525},"hierarchy":{"children":{},"start":1666286137524,"end":1666286140929}}}}},"observations":{"children":{"data":{"children":{},"start":1666286137806,"end":1666286137806},"sparqlEditorUrl":{"children":{},"start":1666286137806,"end":1666286137806}},"start":1666286137335,"end":1666286137806}},"start":1666286136907,"end":1666286137335}}}}}
