{"data":{"dataCubeComponents":{"dimensions":[{"__typename":"TemporalDimension","timeFormat":"%Y","timeUnit":"Year","cubeIri":"https://environment.ld.admin.ch/foen/palmer-penguins/18","iri":"https://environment.ld.admin.ch/foen/palmer-penguins/year","label":"Year","scaleType":"Interval","dataType":"http://www.w3.org/2001/XMLSchema#gYear","isNumerical":false,"isKeyDimension":true,"values":[],"related":[],"hierarchy":null},{"__typename":"NominalDimension","cubeIri":"https://environment.ld.admin.ch/foen/palmer-penguins/18","iri":"https://environment.ld.admin.ch/foen/palmer-penguins/islands","label":"Island","scaleType":"Nominal","isNumerical":false,"isKeyDimension":true,"values":[],"related":[],"hierarchy":null},{"__typename":"NominalDimension","cubeIri":"https://environment.ld.admin.ch/foen/palmer-penguins/18","iri":"https://environment.ld.admin.ch/foen/palmer-penguins/species","label":"Species","scaleType":"Nominal","isNumerical":false,"isKeyDimension":true,"values":[],"related":[],"hierarchy":null},{"__typename":"NominalDimension","cubeIri":"https://environment.ld.admin.ch/foen/palmer-penguins/18","iri":"https://environment.ld.admin.ch/foen/palmer-penguins/sex","label":"Sex","scaleType":"Nominal","dataType":"http://www.w3.org/2001/XMLSchema#string","isNumerical":false,"isKeyDimension":true,"values":[],"related":[],"hierarchy":null}],"measures":[{"__typename":"NumericalMeasure","isCurrency":false,"isDecimal":true,"cubeIri":"https://environment.ld.admin.ch/foen/palmer-penguins/18","iri":"https://environment.ld.admin.ch/foen/palmer-penguins/billlengthmm","label":"Mean bill length","unit":"mm","scaleType":"Ratio","dataType":"http://www.w3.org/2001/XMLSchema#decimal","isNumerical":true,"isKeyDimension":false,"values":[],"related":[]},{"__typename":"NumericalMeasure","isCurrency":false,"isDecimal":true,"cubeIri":"https://environment.ld.admin.ch/foen/palmer-penguins/18","iri":"https://environment.ld.admin.ch/foen/palmer-penguins/billdepthmm","label":"Mean bill depth","unit":"mm","scaleType":"Ratio","dataType":"http://www.w3.org/2001/XMLSchema#decimal","isNumerical":true,"isKeyDimension":false,"values":[],"related":[]}]}}}
