{"data":{"dataCubeObservations":{"data":[{"https://environment.ld.admin.ch/foen/palmer-penguins/billlengthmm":"37.85555555555556","https://environment.ld.admin.ch/foen/palmer-penguins/billdepthmm":"17.84444444444444","https://environment.ld.admin.ch/foen/palmer-penguins/year":"2007","https://environment.ld.admin.ch/foen/palmer-penguins/islands":"Dream","https://environment.ld.admin.ch/foen/palmer-penguins/species":"Adelie","https://environment.ld.admin.ch/foen/palmer-penguins/sex":"female"},{"https://environment.ld.admin.ch/foen/palmer-penguins/billlengthmm":"37.48","https://environment.ld.admin.ch/foen/palmer-penguins/billdepthmm":"18.58","https://environment.ld.admin.ch/foen/palmer-penguins/year":"2007","https://environment.ld.admin.ch/foen/palmer-penguins/islands":"Biscoe","https://environment.ld.admin.ch/foen/palmer-penguins/species":"Adelie","https://environment.ld.admin.ch/foen/palmer-penguins/sex":"female"},{"https://environment.ld.admin.ch/foen/palmer-penguins/billlengthmm":"38.275","https://environment.ld.admin.ch/foen/palmer-penguins/billdepthmm":"18.1625","https://environment.ld.admin.ch/foen/palmer-penguins/year":"2007","https://environment.ld.admin.ch/foen/palmer-penguins/islands":"Torgersen","https://environment.ld.admin.ch/foen/palmer-penguins/species":"Adelie","https://environment.ld.admin.ch/foen/palmer-penguins/sex":"female"}],"sparqlEditorUrl":"https://int.lindas.admin.ch/sparql#query=SELECT%20DISTINCT%20%3Fdimension0%20%3Fdimension1%20%3Fdimension2%20%3Fdimension3%20%3Fdimension4%20%3Fdimension5%20%3Fdimension6%20%3Fdimension7%20WHERE%20%7B%0A%20%20%3Chttps%3A%2F%2Fenvironment.ld.admin.ch%2Ffoen%2Fpalmer-penguins%2F18%3E%20%3Chttps%3A%2F%2Fcube.link%2FobservationSet%3E%20%3FobservationSet0%20.%0A%20%20%3FobservationSet0%20%3Chttps%3A%2F%2Fcube.link%2Fobservation%3E%20%3Fsource0%20.%0A%20%20%3Fsource0%20%3Chttps%3A%2F%2Fenvironment.ld.admin.ch%2Ffoen%2Fpalmer-penguins%2Fbilllengthmm%3E%20%3Fdimension0%20.%0A%20%20%3Fsource0%20%3Chttps%3A%2F%2Fenvironment.ld.admin.ch%2Ffoen%2Fpalmer-penguins%2Fbilldepthmm%3E%20%3Fdimension1%20.%0A%20%20%3Fsource0%20%3Chttps%3A%2F%2Fenvironment.ld.admin.ch%2Ffoen%2Fpalmer-penguins%2Fyear%3E%20%3Fdimension2%20.%0A%20%20%3Fsource0%20%3Chttps%3A%2F%2Fenvironment.ld.admin.ch%2Ffoen%2Fpalmer-penguins%2Fislands%3E%20%3Fdimension3%20.%0A%20%20%3Fsource0%20%3Chttps%3A%2F%2Fenvironment.ld.admin.ch%2Ffoen%2Fpalmer-penguins%2Fspecies%3E%20%3Fdimension4%20.%0A%20%20%3Fsource0%20%3Chttps%3A%2F%2Fenvironment.ld.admin.ch%2Ffoen%2Fpalmer-penguins%2Fsex%3E%20%3Fdimension5%20.%0A%20%20%3Fdimension4%20%3Chttp%3A%2F%2Fschema.org%2FsameAs%3E%20%3Fdimension8%20.%0A%20%20FILTER%20(%0A%20%20%20%20(%3Fdimension8%20%3D%20%3Chttps%3A%2F%2Fenvironment.ld.admin.ch%2Ffoen%2Fpalmer-penguins%2Fspecies%2FAdelie%3E)%0A%20%20)%0A%20%20FILTER%20(%0A%20%20%20%20(%3Fdimension5%20%3D%20%22female%22)%0A%20%20)%0A%20%20FILTER%20(%0A%20%20%20%20(%3Fdimension2%20%3D%20%222007%22%5E%5E%3Chttp%3A%2F%2Fwww.w3.org%2F2001%2FXMLSchema%23gYear%3E)%0A%20%20)%0A%20%20OPTIONAL%20%7B%0A%20%20%20%20%3Fdimension3%20%3Chttp%3A%2F%2Fschema.org%2Fname%3E%20%3Fdimension6_0%20.%0A%20%20%20%20FILTER%20(%0A%20%20%20%20%20%20LANGMATCHES(LANG(%3Fdimension6_0)%2C%20%22en%22)%0A%20%20%20%20)%0A%20%20%7D%0A%20%20OPTIONAL%20%7B%0A%20%20%20%20%3Fdimension3%20%3Chttp%3A%2F%2Fschema.org%2Fname%3E%20%3Fdimension6_1%20.%0A%20%20%20%20FILTER%20(%0A%20%20%20%20%20%20LANGMATCHES(LANG(%3Fdimension6_1)%2C%20%22de%22)%0A%20%20%20%20)%0A%20%20%7D%0A%20%20OPTIONAL%20%7B%0A%20%20%20%20%3Fdimension3%20%3Chttp%3A%2F%2Fschema.org%2Fname%3E%20%3Fdimension6_2%20.%0A%20%20%20%20FILTER%20(%0A%20%20%20%20%20%20LANGMATCHES(LANG(%3Fdimension6_2)%2C%20%22fr%22)%0A%20%20%20%20)%0A%20%20%7D%0A%20%20OPTIONAL%20%7B%0A%20%20%20%20%3Fdimension3%20%3Chttp%3A%2F%2Fschema.org%2Fname%3E%20%3Fdimension6_3%20.%0A%20%20%20%20FILTER%20(%0A%20%20%20%20%20%20LANGMATCHES(LANG(%3Fdimension6_3)%2C%20%22it%22)%0A%20%20%20%20)%0A%20%20%7D%0A%20%20OPTIONAL%20%7B%0A%20%20%20%20%3Fdimension3%20%3Chttp%3A%2F%2Fschema.org%2Fname%3E%20%3Fdimension6_4%20.%0A%20%20%20%20FILTER%20(%0A%20%20%20%20%20%20(LANG(%3Fdimension6_4)%20%3D%20%22%22)%0A%20%20%20%20)%0A%20%20%7D%0A%20%20BIND(COALESCE(%3Fdimension6_0%2C%20%3Fdimension6_1%2C%20%3Fdimension6_2%2C%20%3Fdimension6_3%2C%20%3Fdimension6_4)%20AS%20%3Fdimension6)%0A%20%20OPTIONAL%20%7B%0A%20%20%20%20%3Fdimension4%20%3Chttp%3A%2F%2Fschema.org%2Fname%3E%20%3Fdimension7_0%20.%0A%20%20%20%20FILTER%20(%0A%20%20%20%20%20%20LANGMATCHES(LANG(%3Fdimension7_0)%2C%20%22en%22)%0A%20%20%20%20)%0A%20%20%7D%0A%20%20OPTIONAL%20%7B%0A%20%20%20%20%3Fdimension4%20%3Chttp%3A%2F%2Fschema.org%2Fname%3E%20%3Fdimension7_1%20.%0A%20%20%20%20FILTER%20(%0A%20%20%20%20%20%20LANGMATCHES(LANG(%3Fdimension7_1)%2C%20%22de%22)%0A%20%20%20%20)%0A%20%20%7D%0A%20%20OPTIONAL%20%7B%0A%20%20%20%20%3Fdimension4%20%3Chttp%3A%2F%2Fschema.org%2Fname%3E%20%3Fdimension7_2%20.%0A%20%20%20%20FILTER%20(%0A%20%20%20%20%20%20LANGMATCHES(LANG(%3Fdimension7_2)%2C%20%22fr%22)%0A%20%20%20%20)%0A%20%20%7D%0A%20%20OPTIONAL%20%7B%0A%20%20%20%20%3Fdimension4%20%3Chttp%3A%2F%2Fschema.org%2Fname%3E%20%3Fdimension7_3%20.%0A%20%20%20%20FILTER%20(%0A%20%20%20%20%20%20LANGMATCHES(LANG(%3Fdimension7_3)%2C%20%22it%22)%0A%20%20%20%20)%0A%20%20%7D%0A%20%20OPTIONAL%20%7B%0A%20%20%20%20%3Fdimension4%20%3Chttp%3A%2F%2Fschema.org%2Fname%3E%20%3Fdimension7_4%20.%0A%20%20%20%20FILTER%20(%0A%20%20%20%20%20%20(LANG(%3Fdimension7_4)%20%3D%20%22%22)%0A%20%20%20%20)%0A%20%20%7D%0A%20%20BIND(COALESCE(%3Fdimension7_0%2C%20%3Fdimension7_1%2C%20%3Fdimension7_2%2C%20%3Fdimension7_3%2C%20%3Fdimension7_4)%20AS%20%3Fdimension7)%0A%7D%0AGROUP%20BY%20%3Fdimension0%20%3Fdimension1%20%3Fdimension2%20%3Fdimension3%20%3Fdimension4%20%3Fdimension5%20%3Fdimension6%20%3Fdimension7&requestMethod=POST"}}}
