{"query":"query DataCubeObservations($sourceType: String!, $sourceUrl: String!, $locale: String!, $cubeFilter: DataCubeObservationFilter!) {\n  dataCubeObservations(\n    sourceType: $sourceType\n    sourceUrl: $sourceUrl\n    locale: $locale\n    cubeFilter: $cubeFilter\n  )\n}\n","operationName":"DataCubeObservations","variables":{"locale":"en","sourceType":"sparql","sourceUrl":"https://int.lindas.admin.ch/query","cubeFilter":{"iri":"https://environment.ld.admin.ch/foen/palmer-penguins/18","componentIris":["https://environment.ld.admin.ch/foen/palmer-penguins/billdepthmm","https://environment.ld.admin.ch/foen/palmer-penguins/billlengthmm","https://environment.ld.admin.ch/foen/palmer-penguins/islands","https://environment.ld.admin.ch/foen/palmer-penguins/sex","https://environment.ld.admin.ch/foen/palmer-penguins/species","https://environment.ld.admin.ch/foen/palmer-penguins/year"],"filters":{"https://environment.ld.admin.ch/foen/palmer-penguins/species":{"type":"single","value":"https://environment.ld.admin.ch/foen/palmer-penguins/species/Adelie"},"https://environment.ld.admin.ch/foen/palmer-penguins/sex":{"type":"single","value":"female"},"https://environment.ld.admin.ch/foen/palmer-penguins/year":{"type":"single","value":"2007"}}}}}