{"query":"query DataCubeObservations($iri: String!, $sourceType: String!, $sourceUrl: String!, $locale: String!, $componentIris: [String!], $filters: Filters, $latest: Boolean, $limit: Int) {\n  dataCubeByIri(\n    iri: $iri\n    sourceType: $sourceType\n    sourceUrl: $sourceUrl\n    locale: $locale\n    latest: $latest\n  ) {\n    observations(\n      sourceType: $sourceType\n      sourceUrl: $sourceUrl\n      componentIris: $componentIris\n      filters: $filters\n      limit: $limit\n    ) {\n      data\n      sparqlEditorUrl\n      __typename\n    }\n    __typename\n  }\n}\n","operationName":"DataCubeObservations","variables":{"iri":"https://environment.ld.admin.ch/foen/nfi/nfi_C-98/cube/2023-1","sourceType":"sparql","sourceUrl":"https://int.lindas.admin.ch/query","locale":"en","componentIris":["https://environment.ld.admin.ch/foen/nfi/unitOfReference","https://environment.ld.admin.ch/foen/nfi/Topic/3r","https://environment.ld.admin.ch/foen/nfi/Topic/3","https://environment.ld.admin.ch/foen/nfi/classificationUnit","https://environment.ld.admin.ch/foen/nfi/inventory","https://environment.ld.admin.ch/foen/nfi/evaluationType","https://environment.ld.admin.ch/foen/nfi/grid","https://environment.ld.admin.ch/foen/nfi/unitOfEvaluation"],"filters":{"https://environment.ld.admin.ch/foen/nfi/classificationUnit":{"type":"single","value":"https://environment.ld.admin.ch/foen/nfi/ClassificationUnit/98/Total"},"https://environment.ld.admin.ch/foen/nfi/inventory":{"type":"single","value":"https://environment.ld.admin.ch/foen/nfi/Inventory/250"},"https://environment.ld.admin.ch/foen/nfi/evaluationType":{"type":"single","value":"https://environment.ld.admin.ch/foen/nfi/EvaluationType/1"},"https://environment.ld.admin.ch/foen/nfi/grid":{"type":"single","value":"https://environment.ld.admin.ch/foen/nfi/Grid/410"},"https://environment.ld.admin.ch/foen/nfi/unitOfEvaluation":{"type":"single","value":"https://environment.ld.admin.ch/foen/nfi/UnitOfEvaluation/2382"}}}}