{"data":{"dataCubeByIri":{"dimensions":[{"iri":"https://environment.ld.admin.ch/foen/nfi/unitOfEvaluation","label":"Evaluation area","description":"Part of an area or/and individuals that fulfill certain criteria and for which conclusions should be drawn (NFI definition). Accessible forest without shrub forest: Zugehörigkeit zum zugänglichen Wald ohne Gebüschwald. Unter der jeweiligen Inventurnummer gehören jene Punkte des terrestrischen Netzes zum \"zugänglichen Wald ohne Gebüschwald\", welche terrestrisch begehbar waren und dem \"Wald ohne Gebüschwald\" zugeordnet wurden. Im internationalen Reporting werden diese als \"forest available for wood supply\" ausgewiesen. Accessible forest without shrub forest NFI1/NFI2/NFI3/NFI4/NFI5: Zugehörigkeit zum gemeinsam zugänglichen Wald ohne Gebüschwald in den Inventuren nach Methoden LFI1 bis LFI5.","isNumerical":false,"isKeyDimension":true,"dataType":null,"order":3,"values":[{"value":"https://environment.ld.admin.ch/foen/nfi/UnitOfEvaluation/2382","label":"Accessible forest without shrub forest NFI1-NFI5","description":"Wald, der in den fünf Inventuren LFI1 (1983-1985), LFI2 (1993-1995), LFI3 (2004-2006), LFI4 (2009-2017) und LFI5 (2018-2026) zu weniger als zwei Dritteln mit Sträuchern bedeckt war und zu Fuss aufgesucht werden konnte.","identifier":2382},{"value":"https://environment.ld.admin.ch/foen/nfi/UnitOfEvaluation/434","label":"Accessible forest without shrub forest","description":"Wald, der zu weniger als zwei Dritteln mit Sträuchern bedeckt ist und zu Fuss aufgesucht werden kann.","identifier":434}],"unit":null,"related":[],"__typename":"NominalDimension"},{"iri":"https://environment.ld.admin.ch/foen/nfi/classificationUnit","label":"Classification","description":"Tree status: Angabe, ob ein Baum steht oder liegt und lebend oder tot ist.","isNumerical":false,"isKeyDimension":true,"dataType":null,"order":2,"values":[{"value":"https://environment.ld.admin.ch/foen/nfi/ClassificationUnit/98/1","label":"Standing dead","identifier":1},{"value":"https://environment.ld.admin.ch/foen/nfi/ClassificationUnit/98/10","label":"Lying dead","identifier":10},{"value":"https://environment.ld.admin.ch/foen/nfi/ClassificationUnit/98/11","label":"Lying live","identifier":11},{"value":"https://environment.ld.admin.ch/foen/nfi/ClassificationUnit/98/2","label":"Standing live","identifier":2},{"value":"https://environment.ld.admin.ch/foen/nfi/ClassificationUnit/98/Total","label":"Tree status","identifier":0}],"unit":null,"related":[],"__typename":"NominalDimension"},{"iri":"https://environment.ld.admin.ch/foen/nfi/inventory","label":"Inventory","description":"NFI2: 1993/95, NFI3: 2004/06, NFI4: 2009/17, NFI5: 2018/26","isNumerical":false,"isKeyDimension":true,"dataType":null,"order":0,"values":[{"value":"https://environment.ld.admin.ch/foen/nfi/Inventory/250","label":"NFI2"},{"value":"https://environment.ld.admin.ch/foen/nfi/Inventory/350","label":"NFI3"},{"value":"https://environment.ld.admin.ch/foen/nfi/Inventory/450","label":"NFI4","description":"Auswertung der Inventur im Nafidas\nDie Inventur LFI4 ist noch nicht abgeschlossen: Revierumfragedaten fehlen ab 2014. Details siehe unter 'Weitere Informationen zum Herunterladen'.\n\nRohdaten\nDie Plotdaten stammen aus der Tabelle LFI.WA unter den Rohdaten-INVNR: 4010,4012 (Jahre 2009A/B), 4020,4030,4040,4050,4060,4070,4080,4090 (Jahre 2010 bis 2017).\nDie Rohdaten der Erschliessungserhebung liegen im Tabellenschema LFISTR.\nDie 1. Revierumfrage begann Ende 2013 und dauerte bis Anfang 2014. Die Rohdaten stammen aus der Tabelle LFI.UMFRAGE unter der INVNR=4510 für den gesamten Aufnahmezeitraum 2009 bis 2013. Die 2. Revierumfrage wird erst 2018 unter der INVNR=4520 stattfinden.  \n\nMethode der Feldaufnahme\nDie Feldaufnahmedaten werden nach Methode LFI4 mit der Software Maira erfasst.\n\nLFI-Tarifprobebäume\nIn den Jahren 2009, 2010 und 2011 liegen aufgrund der fehlerhaften Criterion-Messungen keine verlässlichen Rohdaten des D7 vor, insbesondere bei dicken Bäumen. Für weitergehende Berechnungen wurde der D7 in der Auswertungstabelle LFA.BAA daher mit einer Korrektur versehen, damit der Wert verwendet werden kann. Ab und mit Aufnahmejahr 2012 des LFI4 wurde der D7 wieder mit der Kluppe gemessen und kann daher direkt aus den Rohdaten in die Auswertungstabelle LFA.BAA übernommen werden.\nAb Aufnahmejahr 2015 erfolgte eine Anpassung der Auswahlmethode der Tarifprobebäume.\n\nLuftbildinterpretation: Ableitung LBWNWENT\nIm Luftbild wurde nur auf dem aktuellen terrestrischen 1.4km-Netz interpretiert. Die Rohdaten stehen in der Tabelle lbi.lbaufn unter den Inventurnummern (4010,4020,4030,4040,4050,4060,4070,4080,4090). In der Tabelle LFA.LBAUFNA ist unter der INVNR=450 des LFI4 jedoch ein 500m-Netz eingetragen, somit haben die meisten Einträge für die Ableitung LBWNWENT fehlende Werte.\nDie verwendeten Luftbilddaten zur DS-Stratifizierung stammen ausschliesslich aus dem 500m-Netz des LFI3. Seit Mitte 2017 wird für alle LFI-Inventuren ein neueres Verfahren zur DS-Stratifizierung im 100 x 100m Netz verwendet, das auf Daten der Tabelle LFA.Strata beruht.\n\nKombinierter Waldentscheid: Ableitung KOMWALDENT\nPriorität 1 hat der terrestrische WNWENT des LFI4. Falls der terrestrische WNWENT des LFI4 den Codewert Nichtwald, Normalwald, Gebüschwald hat, wird dieser übernommen.\nIn Priorität 2 gibt es keine Angaben zum terrestrischen Waldentscheid, deshalb wird falls vorhanden (Nichtwald, Normalwald, Gebüschwald) - der Luftbildentscheid LBWNWENT des LFI4 verwendet.\nIn Priorität 3 wird der KOMBWALDENT aus dem LFI3 verwendet. Damit wird erreicht, dass zumindest auf dem terrestrischen Netz LFI4 immer eine Zuordnung zu Nichtwald, Normalwald oder Gebüschwald vorliegt. Somit ergibt sich, dass der KOMBWALDENT zwar zu dem im Vergleich zum Netz N4 dichteren 500m-Luftbild-Netz Werte besitzt, die aber aus dem KOMBWALDENT des LFI3 stammen. Dennoch verbleiben im 500m-Luftbildnetz des LFI4 einige Probeflächen, die nach wie vor im Luftbild als \"nicht bestimmbar\" zum Teil seit LFI3 eingestuft sind.\n\nLuftbildvorgaben Gebüschwald und Wald ohne Gebüschwald\nGebüschwald wird im vollen Umfang erfasst. Es existieren im KOMBWALDENT keine Gebüschwald-Punkte im Netz N4, die terrestrisch nicht besucht wurden, wobei Probeflächen aber auch unzugänglich sein können.\nEbenfalls existieren keine Punkte 'Wald ohne Gebüschwald' im Netz N4, die terrestrisch nicht besucht wurden, wobei auch hier Probeflächen unzugänglich sein können.\nDamit sind die Daten bezüglich Luftbildvorgaben und terrestrischer Feldaufnahme immer konsistent.\n\nNetze\nNicht alle Netze sind via Nafidas durch den Benutzer auswählbar, die im Prinzip zur Auswertung verwendet werden könnten. Die nicht auswählbaren Netze (z.B. N500, N4P12 und einige der Jahresnetze N4P1 bis N4P9) müssen für Spezialauswertungen in der Oracle-Datenbank manuell abgefragt werden."},{"value":"https://environment.ld.admin.ch/foen/nfi/Inventory/550","label":"NFI5","description":"Laufende Inventur: Zur Zeit nur Daten der Aufnahmejahre 2018 bis 2022 verfügbar, Auswertungen sind max. nur auf dem Netz N4P12345 möglich.\n\n-- Jahresdaten: interne Scripte\nselect t.*, t.rowid from ADAUTOCALC t;\nselect t.*, t.rowid from ADinv t WHERE INVNR IN (550,450550,350900,900);\nselect t.*, t.rowid from ADtabfill t where invnr in (550,450550,350900,900);\nselect t.*, t.rowid from ADSASDOK t order by validdt desc;\nselect t.*, t.rowid from ADINV t where invnr in (450550,550,900,350900);\nselect t.*, t.rowid from lfa.ADAPPPARA t where invnr in (450550,550,350900,900);\nselect t.varnr,t.col,a.invnr,a.sortnrabl,t.tabnr,\na.ownercont,a.ownerexec,t.desclong as Allgemein,a.desclongabl AS INV_Comment,a.cont from ADVAR t, ADABL a\nwhere a.varnr=t.varnr and a.invnr in (550,450550,900,350900)\norder by a.invnr,a.sortnrabl,a.varnr;"}],"unit":null,"related":[],"__typename":"OrdinalDimension"},{"iri":"https://environment.ld.admin.ch/foen/nfi/evaluationType","label":"Evaluation type","description":null,"isNumerical":false,"isKeyDimension":true,"dataType":null,"order":101,"values":[{"value":"https://environment.ld.admin.ch/foen/nfi/EvaluationType/1","label":"State"}],"unit":null,"related":[],"__typename":"NominalDimension"},{"iri":"https://environment.ld.admin.ch/foen/nfi/grid","label":"Grid","description":null,"isNumerical":false,"isKeyDimension":true,"dataType":null,"order":100,"values":[{"value":"https://environment.ld.admin.ch/foen/nfi/Grid/410","label":"1.4 x 1.4 km grid","description":"Stichprobennetz des LFI mit einer Maschenweite von 1,4 km. Beim 1,4-km-Netz handelt es sich um das gemeinsame Netz aller bisherigen terrestrischen Inventuren, weshalb es auch als Basisnetz bezeichnet wird.","identifier":410}],"unit":null,"related":[],"__typename":"NominalDimension"}],"measures":[],"__typename":"DataCube"}}}
