{"query":"query GeoShapesByDimensionIri($dataCubeIri: String!, $dimensionIri: String!, $sourceType: String!, $sourceUrl: String!, $locale: String!, $latest: Boolean) {\n  dataCubeByIri(\n    iri: $dataCubeIri\n    sourceType: $sourceType\n    sourceUrl: $sourceUrl\n    locale: $locale\n    latest: $latest\n  ) {\n    dimensionByIri(\n      iri: $dimensionIri\n      sourceType: $sourceType\n      sourceUrl: $sourceUrl\n    ) {\n      ... on GeoShapesDimension {\n        geoShapes\n        __typename\n      }\n      __typename\n    }\n    __typename\n  }\n}\n","operationName":"GeoShapesByDimensionIri","variables":{"dataCubeIri":"https://environment.ld.admin.ch/foen/nfi/nfi_C-98/cube/2023-1","sourceType":"sparql","sourceUrl":"https://int.lindas.admin.ch/query","dimensionIri":"https://environment.ld.admin.ch/foen/nfi/unitOfReference","locale":"en"}}