{"data":{"dataCubeByIri":{"iri":"https://environment.ld.admin.ch/foen/nfi/nfi_C-98/cube/2023-1","identifier":"nfi_C-98","title":"NFI: Topics by tree status","description":"The National Forest Inventory (NFI) is a periodic survey of condition and development of the Swiss forest. It is produced in close cooperation between the Federal Office for the Environment (FOEN) and the Swiss Federal Institute for Forest, Snow and Landscape Research (WSL). This record contains information about: total wood volume (stemwood), total wood volume (stemwood) per forest area, total stem number and total stem number per forest area","publisher":"Bundesamt für Umwelt BAFU","version":"2023.1","workExamples":["https://ld.admin.ch/application/opendataswiss","https://ld.admin.ch/application/visualize","b4403_anon2dgenid2d529a388ad58e4886aaf0d7df56145cfe2d12","b4403_anon2dgenid2d529a388ad58e4886aaf0d7df56145cfe2d13"],"contactName":"Schweizerisches Landesforstinventar. Eidgenössische Forschungsanstalt WSL","contactEmail":"lfiweb@wsl.ch","landingPage":"https://www.lfi.ch","expires":null,"datePublished":"2023-06-14","dateModified":"2023-06-14","publicationStatus":"PUBLISHED","themes":[{"iri":"https://register.ld.admin.ch/opendataswiss/category/agriculture","label":"Agriculture, forestry","__typename":"DataCubeTheme"},{"iri":"https://register.ld.admin.ch/opendataswiss/category/territory","label":"Territory and environment","__typename":"DataCubeTheme"}],"creator":{"iri":"https://register.ld.admin.ch/opendataswiss/org/bundesamt-fur-umwelt-bafu","label":"Federal Office for the Environment FOEN","__typename":"DataCubeOrganization"},"__typename":"DataCube"}}}
