{"query":"query Components($iri: String!, $sourceType: String!, $sourceUrl: String!, $locale: String!, $latest: Boolean, $filters: Filters, $componentIris: [String!]) {\n  dataCubeByIri(\n    iri: $iri\n    sourceType: $sourceType\n    sourceUrl: $sourceUrl\n    locale: $locale\n    latest: $latest\n  ) {\n    dimensions(\n      sourceType: $sourceType\n      sourceUrl: $sourceUrl\n      componentIris: $componentIris\n    ) {\n      ...dimensionMetadata\n      __typename\n    }\n    measures(\n      sourceType: $sourceType\n      sourceUrl: $sourceUrl\n      componentIris: $componentIris\n    ) {\n      ...dimensionMetadata\n      __typename\n    }\n    __typename\n  }\n}\n\nfragment dimensionMetadata on Dimension {\n  iri\n  label\n  description\n  isNumerical\n  isKeyDimension\n  dataType\n  order\n  values(sourceType: $sourceType, sourceUrl: $sourceUrl, filters: $filters)\n  unit\n  related {\n    iri\n    type\n    __typename\n  }\n  ... on TemporalDimension {\n    timeUnit\n    timeFormat\n    __typename\n  }\n  ... on NumericalMeasure {\n    isCurrency\n    currencyExponent\n    resolution\n    isDecimal\n    __typename\n  }\n}\n","operationName":"Components","variables":{"iri":"https://environment.ld.admin.ch/foen/nfi/nfi_C-98/cube/2023-1","sourceType":"sparql","sourceUrl":"https://int.lindas.admin.ch/query","locale":"en","componentIris":["https://environment.ld.admin.ch/foen/nfi/classificationUnit","https://environment.ld.admin.ch/foen/nfi/inventory","https://environment.ld.admin.ch/foen/nfi/evaluationType","https://environment.ld.admin.ch/foen/nfi/grid","https://environment.ld.admin.ch/foen/nfi/unitOfEvaluation"]}}