{"data":{"dataCubeByIri":{"observations":{"data":[{"https://environment.ld.admin.ch/foen/nfi/Topic/3r":"582.0","https://environment.ld.admin.ch/foen/nfi/unitOfEvaluation":"Accessible forest without shrub forest NFI1-NFI5","https://environment.ld.admin.ch/foen/nfi/unitOfReference/__iri__":"https://ld.admin.ch/canton/15","https://environment.ld.admin.ch/foen/nfi/unitOfReference":"Appenzell Ausserrhoden","https://environment.ld.admin.ch/foen/nfi/Topic/SE3r":"14.0","https://environment.ld.admin.ch/foen/nfi/classificationUnit/__iri__":"https://environment.ld.admin.ch/foen/nfi/ClassificationUnit/98/Total","https://environment.ld.admin.ch/foen/nfi/classificationUnit":"Tree status","https://environment.ld.admin.ch/foen/nfi/inventory":"NFI2","https://environment.ld.admin.ch/foen/nfi/Topic/SE3":"24.0","https://environment.ld.admin.ch/foen/nfi/Topic/3":"5124732.0","https://environment.ld.admin.ch/foen/nfi/evaluationType":"State","https://environment.ld.admin.ch/foen/nfi/grid":"1.4 x 1.4 km grid"},{"https://environment.ld.admin.ch/foen/nfi/Topic/3r":"430.0","https://environment.ld.admin.ch/foen/nfi/unitOfEvaluation":"Accessible forest without shrub forest NFI1-NFI5","https://environment.ld.admin.ch/foen/nfi/unitOfReference/__iri__":"https://ld.admin.ch/dimension/bgdi/biota/protectionforestregions/5","https://environment.ld.admin.ch/foen/nfi/unitOfReference":"Southeastern Alps","https://environment.ld.admin.ch/foen/nfi/Topic/SE3r":"4.0","https://environment.ld.admin.ch/foen/nfi/classificationUnit/__iri__":"https://environment.ld.admin.ch/foen/nfi/ClassificationUnit/98/Total","https://environment.ld.admin.ch/foen/nfi/classificationUnit":"Tree status","https://environment.ld.admin.ch/foen/nfi/inventory":"NFI2","https://environment.ld.admin.ch/foen/nfi/Topic/SE3":"6.0","https://environment.ld.admin.ch/foen/nfi/Topic/3":"51332369.0","https://environment.ld.admin.ch/foen/nfi/evaluationType":"State","https://environment.ld.admin.ch/foen/nfi/grid":"1.4 x 1.4 km grid"},{"https://environment.ld.admin.ch/foen/nfi/Topic/3r":"476.0","https://environment.ld.admin.ch/foen/nfi/unitOfEvaluation":"Accessible forest without shrub forest NFI1-NFI5","https://environment.ld.admin.ch/foen/nfi/unitOfReference/__iri__":"https://ld.admin.ch/dimension/bgdi/biota/productionregions/1","https://environment.ld.admin.ch/foen/nfi/unitOfReference":"Jura","https://environment.ld.admin.ch/foen/nfi/Topic/SE3r":"3.0","https://environment.ld.admin.ch/foen/nfi/classificationUnit/__iri__":"https://environment.ld.admin.ch/foen/nfi/ClassificationUnit/98/Total","https://environment.ld.admin.ch/foen/nfi/classificationUnit":"Tree status","https://environment.ld.admin.ch/foen/nfi/inventory":"NFI2","https://environment.ld.admin.ch/foen/nfi/Topic/SE3":"3.0","https://environment.ld.admin.ch/foen/nfi/Topic/3":"90206415.0","https://environment.ld.admin.ch/foen/nfi/evaluationType":"State","https://environment.ld.admin.ch/foen/nfi/grid":"1.4 x 1.4 km grid"},{"https://environment.ld.admin.ch/foen/nfi/Topic/3r":"517.0","https://environment.ld.admin.ch/foen/nfi/unitOfEvaluation":"Accessible forest without shrub forest NFI1-NFI5","https://environment.ld.admin.ch/foen/nfi/unitOfReference/__iri__":"https://ld.admin.ch/canton/6","https://environment.ld.admin.ch/foen/nfi/unitOfReference":"Obwalden","https://environment.ld.admin.ch/foen/nfi/Topic/SE3r":"11.0","https://environment.ld.admin.ch/foen/nfi/classificationUnit/__iri__":"https://environment.ld.admin.ch/foen/nfi/ClassificationUnit/98/Total","https://environment.ld.admin.ch/foen/nfi/classificationUnit":"Tree status","https://environment.ld.admin.ch/foen/nfi/inventory":"NFI2","https://environment.ld.admin.ch/foen/nfi/Topic/SE3":"17.0","https://environment.ld.admin.ch/foen/nfi/Topic/3":"9354807.0","https://environment.ld.admin.ch/foen/nfi/evaluationType":"State","https://environment.ld.admin.ch/foen/nfi/grid":"1.4 x 1.4 km grid"},{"https://environment.ld.admin.ch/foen/nfi/Topic/3r":"511.0","https://environment.ld.admin.ch/foen/nfi/unitOfEvaluation":"Accessible forest without shrub forest NFI1-NFI5","https://environment.ld.admin.ch/foen/nfi/unitOfReference/__iri__":"https://ld.admin.ch/dimension/bgdi/biota/protectionforestregions/2","https://environment.ld.admin.ch/foen/nfi/unitOfReference":"Northwestern Alps","https://environment.ld.admin.ch/foen/nfi/Topic/SE3r":"3.0","https://environment.ld.admin.ch/foen/nfi/classificationUnit/__iri__":"https://environment.ld.admin.ch/foen/nfi/ClassificationUnit/98/Total","https://environment.ld.admin.ch/foen/nfi/classificationUnit":"Tree status","https://environment.ld.admin.ch/foen/nfi/inventory":"NFI2","https://environment.ld.admin.ch/foen/nfi/Topic/SE3":"4.0","https://environment.ld.admin.ch/foen/nfi/Topic/3":"95039000.0","https://environment.ld.admin.ch/foen/nfi/evaluationType":"State","https://environment.ld.admin.ch/foen/nfi/grid":"1.4 x 1.4 km grid"},{"https://environment.ld.admin.ch/foen/nfi/Topic/3r":"604.0","https://environment.ld.admin.ch/foen/nfi/unitOfEvaluation":"Accessible forest without shrub forest NFI1-NFI5","https://environment.ld.admin.ch/foen/nfi/unitOfReference/__iri__":"https://ld.admin.ch/dimension/bgdi/biota/economicregions/6","https://environment.ld.admin.ch/foen/nfi/unitOfReference":"Western Pre-Alps","https://environment.ld.admin.ch/foen/nfi/Topic/SE3r":"7.0","https://environment.ld.admin.ch/foen/nfi/classificationUnit/__iri__":"https://environment.ld.admin.ch/foen/nfi/ClassificationUnit/98/Total","https://environment.ld.admin.ch/foen/nfi/classificationUnit":"Tree status","https://environment.ld.admin.ch/foen/nfi/inventory":"NFI2","https://environment.ld.admin.ch/foen/nfi/Topic/SE3":"11.0","https://environment.ld.admin.ch/foen/nfi/Topic/3":"23057999.0","https://environment.ld.admin.ch/foen/nfi/evaluationType":"State","https://environment.ld.admin.ch/foen/nfi/grid":"1.4 x 1.4 km grid"},{"https://environment.ld.admin.ch/foen/nfi/Topic/3r":"524.0","https://environment.ld.admin.ch/foen/nfi/unitOfEvaluation":"Accessible forest without shrub forest NFI1-NFI5","https://environment.ld.admin.ch/foen/nfi/unitOfReference/__iri__":"https://ld.admin.ch/dimension/bgdi/biota/economicregions/3","https://environment.ld.admin.ch/foen/nfi/unitOfReference":"Western Plateau","https://environment.ld.admin.ch/foen/nfi/Topic/SE3r":"6.0","https://environment.ld.admin.ch/foen/nfi/classificationUnit/__iri__":"https://environment.ld.admin.ch/foen/nfi/ClassificationUnit/98/Total","https://environment.ld.admin.ch/foen/nfi/classificationUnit":"Tree status","https://environment.ld.admin.ch/foen/nfi/inventory":"NFI2","https://environment.ld.admin.ch/foen/nfi/Topic/SE3":"10.0","https://environment.ld.admin.ch/foen/nfi/Topic/3":"20911636.0","https://environment.ld.admin.ch/foen/nfi/evaluationType":"State","https://environment.ld.admin.ch/foen/nfi/grid":"1.4 x 1.4 km grid"},{"https://environment.ld.admin.ch/foen/nfi/Topic/3r":"463.0","https://environment.ld.admin.ch/foen/nfi/unitOfEvaluation":"Accessible forest without shrub forest NFI1-NFI5","https://environment.ld.admin.ch/foen/nfi/unitOfReference/__iri__":"https://ld.admin.ch/canton/22","https://environment.ld.admin.ch/foen/nfi/unitOfReference":"Vaud","https://environment.ld.admin.ch/foen/nfi/Topic/SE3r":"5.0","https://environment.ld.admin.ch/foen/nfi/classificationUnit/__iri__":"https://environment.ld.admin.ch/foen/nfi/ClassificationUnit/98/Total","https://environment.ld.admin.ch/foen/nfi/classificationUnit":"Tree status","https://environment.ld.admin.ch/foen/nfi/inventory":"NFI2","https://environment.ld.admin.ch/foen/nfi/Topic/SE3":"8.0","https://environment.ld.admin.ch/foen/nfi/Topic/3":"39565159.0","https://environment.ld.admin.ch/foen/nfi/evaluationType":"State","https://environment.ld.admin.ch/foen/nfi/grid":"1.4 x 1.4 km grid"},{"https://environment.ld.admin.ch/foen/nfi/Topic/3r":"680.0","https://environment.ld.admin.ch/foen/nfi/unitOfEvaluation":"Accessible forest without shrub forest NFI1-NFI5","https://environment.ld.admin.ch/foen/nfi/unitOfReference/__iri__":"https://ld.admin.ch/canton/7","https://environment.ld.admin.ch/foen/nfi/unitOfReference":"Nidwalden","https://environment.ld.admin.ch/foen/nfi/Topic/SE3r":"16.0","https://environment.ld.admin.ch/foen/nfi/classificationUnit/__iri__":"https://environment.ld.admin.ch/foen/nfi/ClassificationUnit/98/Total","https://environment.ld.admin.ch/foen/nfi/classificationUnit":"Tree status","https://environment.ld.admin.ch/foen/nfi/inventory":"NFI2","https://environment.ld.admin.ch/foen/nfi/Topic/SE3":"30.0","https://environment.ld.admin.ch/foen/nfi/Topic/3":"4079351.0","https://environment.ld.admin.ch/foen/nfi/evaluationType":"State","https://environment.ld.admin.ch/foen/nfi/grid":"1.4 x 1.4 km grid"},{"https://environment.ld.admin.ch/foen/nfi/Topic/3r":"391.0","https://environment.ld.admin.ch/foen/nfi/unitOfEvaluation":"Accessible forest without shrub forest NFI1-NFI5","https://environment.ld.admin.ch/foen/nfi/unitOfReference/__iri__":"https://ld.admin.ch/canton/19","https://environment.ld.admin.ch/foen/nfi/unitOfReference":"Aargau","https://environment.ld.admin.ch/foen/nfi/Topic/SE3r":"7.0","https://environment.ld.admin.ch/foen/nfi/classificationUnit/__iri__":"https://environment.ld.admin.ch/foen/nfi/ClassificationUnit/98/Total","https://environment.ld.admin.ch/foen/nfi/classificationUnit":"Tree status","https://environment.ld.admin.ch/foen/nfi/inventory":"NFI2","https://environment.ld.admin.ch/foen/nfi/Topic/SE3":"11.0","https://environment.ld.admin.ch/foen/nfi/Topic/3":"16265063.0","https://environment.ld.admin.ch/foen/nfi/evaluationType":"State","https://environment.ld.admin.ch/foen/nfi/grid":"1.4 x 1.4 km grid"},{"https://environment.ld.admin.ch/foen/nfi/Topic/3r":"431.0","https://environment.ld.admin.ch/foen/nfi/unitOfEvaluation":"Accessible forest without shrub forest NFI1-NFI5","https://environment.ld.admin.ch/foen/nfi/unitOfReference/__iri__":"https://ld.admin.ch/dimension/bgdi/biota/economicregions/5","https://environment.ld.admin.ch/foen/nfi/unitOfReference":"Eastern Plateau","https://environment.ld.admin.ch/foen/nfi/Topic/SE3r":"4.0","https://environment.ld.admin.ch/foen/nfi/classificationUnit/__iri__":"https://environment.ld.admin.ch/foen/nfi/ClassificationUnit/98/Total","https://environment.ld.admin.ch/foen/nfi/classificationUnit":"Tree status","https://environment.ld.admin.ch/foen/nfi/inventory":"NFI2","https://environment.ld.admin.ch/foen/nfi/Topic/SE3":"6.0","https://environment.ld.admin.ch/foen/nfi/Topic/3":"45382470.0","https://environment.ld.admin.ch/foen/nfi/evaluationType":"State","https://environment.ld.admin.ch/foen/nfi/grid":"1.4 x 1.4 km grid"},{"https://environment.ld.admin.ch/foen/nfi/Topic/3r":"553.0","https://environment.ld.admin.ch/foen/nfi/unitOfEvaluation":"Accessible forest without shrub forest NFI1-NFI5","https://environment.ld.admin.ch/foen/nfi/unitOfReference/__iri__":"https://ld.admin.ch/canton/8","https://environment.ld.admin.ch/foen/nfi/unitOfReference":"Glarus","https://environment.ld.admin.ch/foen/nfi/Topic/SE3r":"14.0","https://environment.ld.admin.ch/foen/nfi/classificationUnit/__iri__":"https://environment.ld.admin.ch/foen/nfi/ClassificationUnit/98/Total","https://environment.ld.admin.ch/foen/nfi/classificationUnit":"Tree status","https://environment.ld.admin.ch/foen/nfi/inventory":"NFI2","https://environment.ld.admin.ch/foen/nfi/Topic/SE3":"21.0","https://environment.ld.admin.ch/foen/nfi/Topic/3":"7694712.0","https://environment.ld.admin.ch/foen/nfi/evaluationType":"State","https://environment.ld.admin.ch/foen/nfi/grid":"1.4 x 1.4 km grid"},{"https://environment.ld.admin.ch/foen/nfi/Topic/3r":"453.0","https://environment.ld.admin.ch/foen/nfi/unitOfEvaluation":"Accessible forest without shrub forest NFI1-NFI5","https://environment.ld.admin.ch/foen/nfi/unitOfReference/__iri__":"https://ld.admin.ch/dimension/bgdi/biota/cantonregions/13","https://environment.ld.admin.ch/foen/nfi/unitOfReference":"both Basel","https://environment.ld.admin.ch/foen/nfi/Topic/SE3r":"10.0","https://environment.ld.admin.ch/foen/nfi/classificationUnit/__iri__":"https://environment.ld.admin.ch/foen/nfi/ClassificationUnit/98/Total","https://environment.ld.admin.ch/foen/nfi/classificationUnit":"Tree status","https://environment.ld.admin.ch/foen/nfi/inventory":"NFI2","https://environment.ld.admin.ch/foen/nfi/Topic/SE3":"17.0","https://environment.ld.admin.ch/foen/nfi/Topic/3":"7441350.0","https://environment.ld.admin.ch/foen/nfi/evaluationType":"State","https://environment.ld.admin.ch/foen/nfi/grid":"1.4 x 1.4 km grid"},{"https://environment.ld.admin.ch/foen/nfi/Topic/3r":"487.0","https://environment.ld.admin.ch/foen/nfi/unitOfEvaluation":"Accessible forest without shrub forest NFI1-NFI5","https://environment.ld.admin.ch/foen/nfi/unitOfReference/__iri__":"https://ld.admin.ch/canton/5","https://environment.ld.admin.ch/foen/nfi/unitOfReference":"Schwyz","https://environment.ld.admin.ch/foen/nfi/Topic/SE3r":"10.0","https://environment.ld.admin.ch/foen/nfi/classificationUnit/__iri__":"https://environment.ld.admin.ch/foen/nfi/ClassificationUnit/98/Total","https://environment.ld.admin.ch/foen/nfi/classificationUnit":"Tree status","https://environment.ld.admin.ch/foen/nfi/inventory":"NFI2","https://environment.ld.admin.ch/foen/nfi/Topic/SE3":"15.0","https://environment.ld.admin.ch/foen/nfi/Topic/3":"11991270.0","https://environment.ld.admin.ch/foen/nfi/evaluationType":"State","https://environment.ld.admin.ch/foen/nfi/grid":"1.4 x 1.4 km grid"},{"https://environment.ld.admin.ch/foen/nfi/Topic/3r":"494.0","https://environment.ld.admin.ch/foen/nfi/unitOfEvaluation":"Accessible forest without shrub forest NFI1-NFI5","https://environment.ld.admin.ch/foen/nfi/unitOfReference/__iri__":"https://ld.admin.ch/dimension/bgdi/biota/economicregions/14","https://environment.ld.admin.ch/foen/nfi/unitOfReference":"Southern Alps","https://environment.ld.admin.ch/foen/nfi/Topic/SE3r":"4.0","https://environment.ld.admin.ch/foen/nfi/classificationUnit/__iri__":"https://environment.ld.admin.ch/foen/nfi/ClassificationUnit/98/Total","https://environment.ld.admin.ch/foen/nfi/classificationUnit":"Tree status","https://environment.ld.admin.ch/foen/nfi/inventory":"NFI2","https://environment.ld.admin.ch/foen/nfi/Topic/SE3":"5.0","https://environment.ld.admin.ch/foen/nfi/Topic/3":"59604098.0","https://environment.ld.admin.ch/foen/nfi/evaluationType":"State","https://environment.ld.admin.ch/foen/nfi/grid":"1.4 x 1.4 km grid"},{"https://environment.ld.admin.ch/foen/nfi/Topic/3r":"430.0","https://environment.ld.admin.ch/foen/nfi/unitOfEvaluation":"Accessible forest without shrub forest NFI1-NFI5","https://environment.ld.admin.ch/foen/nfi/unitOfReference/__iri__":"https://ld.admin.ch/dimension/bgdi/biota/economicregions/13","https://environment.ld.admin.ch/foen/nfi/unitOfReference":"Southeastern Alps","https://environment.ld.admin.ch/foen/nfi/Topic/SE3r":"4.0","https://environment.ld.admin.ch/foen/nfi/classificationUnit/__iri__":"https://environment.ld.admin.ch/foen/nfi/ClassificationUnit/98/Total","https://environment.ld.admin.ch/foen/nfi/classificationUnit":"Tree status","https://environment.ld.admin.ch/foen/nfi/inventory":"NFI2","https://environment.ld.admin.ch/foen/nfi/Topic/SE3":"6.0","https://environment.ld.admin.ch/foen/nfi/Topic/3":"51332369.0","https://environment.ld.admin.ch/foen/nfi/evaluationType":"State","https://environment.ld.admin.ch/foen/nfi/grid":"1.4 x 1.4 km grid"},{"https://environment.ld.admin.ch/foen/nfi/Topic/3r":"408.0","https://environment.ld.admin.ch/foen/nfi/unitOfEvaluation":"Accessible forest without shrub forest NFI1-NFI5","https://environment.ld.admin.ch/foen/nfi/unitOfReference/__iri__":"https://ld.admin.ch/canton/24","https://environment.ld.admin.ch/foen/nfi/unitOfReference":"Neuchâtel","https://environment.ld.admin.ch/foen/nfi/Topic/SE3r":"7.0","https://environment.ld.admin.ch/foen/nfi/classificationUnit/__iri__":"https://environment.ld.admin.ch/foen/nfi/ClassificationUnit/98/Total","https://environment.ld.admin.ch/foen/nfi/classificationUnit":"Tree status","https://environment.ld.admin.ch/foen/nfi/inventory":"NFI2","https://environment.ld.admin.ch/foen/nfi/Topic/SE3":"12.0","https://environment.ld.admin.ch/foen/nfi/Topic/3":"12636826.0","https://environment.ld.admin.ch/foen/nfi/evaluationType":"State","https://environment.ld.admin.ch/foen/nfi/grid":"1.4 x 1.4 km grid"},{"https://environment.ld.admin.ch/foen/nfi/Topic/3r":"434.0","https://environment.ld.admin.ch/foen/nfi/unitOfEvaluation":"Accessible forest without shrub forest NFI1-NFI5","https://environment.ld.admin.ch/foen/nfi/unitOfReference/__iri__":"https://ld.admin.ch/canton/18","https://environment.ld.admin.ch/foen/nfi/unitOfReference":"Grisons","https://environment.ld.admin.ch/foen/nfi/Topic/SE3r":"4.0","https://environment.ld.admin.ch/foen/nfi/classificationUnit/__iri__":"https://environment.ld.admin.ch/foen/nfi/ClassificationUnit/98/Total","https://environment.ld.admin.ch/foen/nfi/classificationUnit":"Tree status","https://environment.ld.admin.ch/foen/nfi/inventory":"NFI2","https://environment.ld.admin.ch/foen/nfi/Topic/SE3":"6.0","https://environment.ld.admin.ch/foen/nfi/Topic/3":"62227189.0","https://environment.ld.admin.ch/foen/nfi/evaluationType":"State","https://environment.ld.admin.ch/foen/nfi/grid":"1.4 x 1.4 km grid"},{"https://environment.ld.admin.ch/foen/nfi/Topic/3r":"505.0","https://environment.ld.admin.ch/foen/nfi/unitOfEvaluation":"Accessible forest without shrub forest NFI1-NFI5","https://environment.ld.admin.ch/foen/nfi/unitOfReference/__iri__":"https://ld.admin.ch/canton/21","https://environment.ld.admin.ch/foen/nfi/unitOfReference":"Ticino","https://environment.ld.admin.ch/foen/nfi/Topic/SE3r":"4.0","https://environment.ld.admin.ch/foen/nfi/classificationUnit/__iri__":"https://environment.ld.admin.ch/foen/nfi/ClassificationUnit/98/Total","https://environment.ld.admin.ch/foen/nfi/classificationUnit":"Tree status","https://environment.ld.admin.ch/foen/nfi/inventory":"NFI2","https://environment.ld.admin.ch/foen/nfi/Topic/SE3":"6.0","https://environment.ld.admin.ch/foen/nfi/Topic/3":"48709278.0","https://environment.ld.admin.ch/foen/nfi/evaluationType":"State","https://environment.ld.admin.ch/foen/nfi/grid":"1.4 x 1.4 km grid"},{"https://environment.ld.admin.ch/foen/nfi/Topic/3r":"531.0","https://environment.ld.admin.ch/foen/nfi/unitOfEvaluation":"Accessible forest without shrub forest NFI1-NFI5","https://environment.ld.admin.ch/foen/nfi/unitOfReference/__iri__":"https://ld.admin.ch/canton/17","https://environment.ld.admin.ch/foen/nfi/unitOfReference":"St Gallen","https://environment.ld.admin.ch/foen/nfi/Topic/SE3r":"6.0","https://environment.ld.admin.ch/foen/nfi/classificationUnit/__iri__":"https://environment.ld.admin.ch/foen/nfi/ClassificationUnit/98/Total","https://environment.ld.admin.ch/foen/nfi/classificationUnit":"Tree status","https://environment.ld.admin.ch/foen/nfi/inventory":"NFI2","https://environment.ld.admin.ch/foen/nfi/Topic/SE3":"10.0","https://environment.ld.admin.ch/foen/nfi/Topic/3":"25568445.0","https://environment.ld.admin.ch/foen/nfi/evaluationType":"State","https://environment.ld.admin.ch/foen/nfi/grid":"1.4 x 1.4 km grid"},{"https://environment.ld.admin.ch/foen/nfi/Topic/3r":"588.0","https://environment.ld.admin.ch/foen/nfi/unitOfEvaluation":"Accessible forest without shrub forest NFI1-NFI5","https://environment.ld.admin.ch/foen/nfi/unitOfReference/__iri__":"https://ld.admin.ch/canton/10","https://environment.ld.admin.ch/foen/nfi/unitOfReference":"Fribourg","https://environment.ld.admin.ch/foen/nfi/Topic/SE3r":"6.0","https://environment.ld.admin.ch/foen/nfi/classificationUnit/__iri__":"https://environment.ld.admin.ch/foen/nfi/ClassificationUnit/98/Total","https://environment.ld.admin.ch/foen/nfi/classificationUnit":"Tree status","https://environment.ld.admin.ch/foen/nfi/inventory":"NFI2","https://environment.ld.admin.ch/foen/nfi/Topic/SE3":"11.0","https://environment.ld.admin.ch/foen/nfi/Topic/3":"22528424.0","https://environment.ld.admin.ch/foen/nfi/evaluationType":"State","https://environment.ld.admin.ch/foen/nfi/grid":"1.4 x 1.4 km grid"},{"https://environment.ld.admin.ch/foen/nfi/Topic/3r":"420.0","https://environment.ld.admin.ch/foen/nfi/unitOfEvaluation":"Accessible forest without shrub forest NFI1-NFI5","https://environment.ld.admin.ch/foen/nfi/unitOfReference/__iri__":"https://ld.admin.ch/canton/1","https://environment.ld.admin.ch/foen/nfi/unitOfReference":"Zurich","https://environment.ld.admin.ch/foen/nfi/Topic/SE3r":"6.0","https://environment.ld.admin.ch/foen/nfi/classificationUnit/__iri__":"https://environment.ld.admin.ch/foen/nfi/ClassificationUnit/98/Total","https://environment.ld.admin.ch/foen/nfi/classificationUnit":"Tree status","https://environment.ld.admin.ch/foen/nfi/inventory":"NFI2","https://environment.ld.admin.ch/foen/nfi/Topic/SE3":"10.0","https://environment.ld.admin.ch/foen/nfi/Topic/3":"20624567.0","https://environment.ld.admin.ch/foen/nfi/evaluationType":"State","https://environment.ld.admin.ch/foen/nfi/grid":"1.4 x 1.4 km grid"},{"https://environment.ld.admin.ch/foen/nfi/Topic/3r":"488.0","https://environment.ld.admin.ch/foen/nfi/unitOfEvaluation":"Accessible forest without shrub forest NFI1-NFI5","https://environment.ld.admin.ch/foen/nfi/unitOfReference/__iri__":"https://ld.admin.ch/canton/20","https://environment.ld.admin.ch/foen/nfi/unitOfReference":"Thurgau","https://environment.ld.admin.ch/foen/nfi/Topic/SE3r":"9.0","https://environment.ld.admin.ch/foen/nfi/classificationUnit/__iri__":"https://environment.ld.admin.ch/foen/nfi/ClassificationUnit/98/Total","https://environment.ld.admin.ch/foen/nfi/classificationUnit":"Tree status","https://environment.ld.admin.ch/foen/nfi/inventory":"NFI2","https://environment.ld.admin.ch/foen/nfi/Topic/SE3":"14.0","https://environment.ld.admin.ch/foen/nfi/Topic/3":"11742123.0","https://environment.ld.admin.ch/foen/nfi/evaluationType":"State","https://environment.ld.admin.ch/foen/nfi/grid":"1.4 x 1.4 km grid"},{"https://environment.ld.admin.ch/foen/nfi/Topic/3r":"494.0","https://environment.ld.admin.ch/foen/nfi/unitOfEvaluation":"Accessible forest without shrub forest NFI1-NFI5","https://environment.ld.admin.ch/foen/nfi/unitOfReference/__iri__":"https://ld.admin.ch/dimension/bgdi/biota/productionregions/5","https://environment.ld.admin.ch/foen/nfi/unitOfReference":"Southern Alps","https://environment.ld.admin.ch/foen/nfi/Topic/SE3r":"4.0","https://environment.ld.admin.ch/foen/nfi/classificationUnit/__iri__":"https://environment.ld.admin.ch/foen/nfi/ClassificationUnit/98/Total","https://environment.ld.admin.ch/foen/nfi/classificationUnit":"Tree status","https://environment.ld.admin.ch/foen/nfi/inventory":"NFI2","https://environment.ld.admin.ch/foen/nfi/Topic/SE3":"5.0","https://environment.ld.admin.ch/foen/nfi/Topic/3":"59604098.0","https://environment.ld.admin.ch/foen/nfi/evaluationType":"State","https://environment.ld.admin.ch/foen/nfi/grid":"1.4 x 1.4 km grid"},{"https://environment.ld.admin.ch/foen/nfi/Topic/3r":"480.0","https://environment.ld.admin.ch/foen/nfi/unitOfEvaluation":"Accessible forest without shrub forest NFI1-NFI5","https://environment.ld.admin.ch/foen/nfi/unitOfReference/__iri__":"https://ld.admin.ch/canton/2","https://environment.ld.admin.ch/foen/nfi/unitOfReference":"Bern","https://environment.ld.admin.ch/foen/nfi/Topic/SE3r":"3.0","https://environment.ld.admin.ch/foen/nfi/classificationUnit/__iri__":"https://environment.ld.admin.ch/foen/nfi/ClassificationUnit/98/Total","https://environment.ld.admin.ch/foen/nfi/classificationUnit":"Tree status","https://environment.ld.admin.ch/foen/nfi/inventory":"NFI2","https://environment.ld.admin.ch/foen/nfi/Topic/SE3":"5.0","https://environment.ld.admin.ch/foen/nfi/Topic/3":"79736592.0","https://environment.ld.admin.ch/foen/nfi/evaluationType":"State","https://environment.ld.admin.ch/foen/nfi/grid":"1.4 x 1.4 km grid"},{"https://environment.ld.admin.ch/foen/nfi/Topic/3r":"458.0","https://environment.ld.admin.ch/foen/nfi/unitOfEvaluation":"Accessible forest without shrub forest NFI1-NFI5","https://environment.ld.admin.ch/foen/nfi/unitOfReference/__iri__":"https://ld.admin.ch/dimension/bgdi/biota/productionregions/2","https://environment.ld.admin.ch/foen/nfi/unitOfReference":"Plateau","https://environment.ld.admin.ch/foen/nfi/Topic/SE3r":"3.0","https://environment.ld.admin.ch/foen/nfi/classificationUnit/__iri__":"https://environment.ld.admin.ch/foen/nfi/ClassificationUnit/98/Total","https://environment.ld.admin.ch/foen/nfi/classificationUnit":"Tree status","https://environment.ld.admin.ch/foen/nfi/inventory":"NFI2","https://environment.ld.admin.ch/foen/nfi/Topic/SE3":"3.0","https://environment.ld.admin.ch/foen/nfi/Topic/3":"101121184.0","https://environment.ld.admin.ch/foen/nfi/evaluationType":"State","https://environment.ld.admin.ch/foen/nfi/grid":"1.4 x 1.4 km grid"},{"https://environment.ld.admin.ch/foen/nfi/Topic/3r":"504.0","https://environment.ld.admin.ch/foen/nfi/unitOfEvaluation":"Accessible forest without shrub forest NFI1-NFI5","https://environment.ld.admin.ch/foen/nfi/unitOfReference/__iri__":"https://ld.admin.ch/canton/14","https://environment.ld.admin.ch/foen/nfi/unitOfReference":"Schaffhausen","https://environment.ld.admin.ch/foen/nfi/Topic/SE3r":"10.0","https://environment.ld.admin.ch/foen/nfi/classificationUnit/__iri__":"https://environment.ld.admin.ch/foen/nfi/ClassificationUnit/98/Total","https://environment.ld.admin.ch/foen/nfi/classificationUnit":"Tree status","https://environment.ld.admin.ch/foen/nfi/inventory":"NFI2","https://environment.ld.admin.ch/foen/nfi/Topic/SE3":"19.0","https://environment.ld.admin.ch/foen/nfi/Topic/3":"6287430.0","https://environment.ld.admin.ch/foen/nfi/evaluationType":"State","https://environment.ld.admin.ch/foen/nfi/grid":"1.4 x 1.4 km grid"},{"https://environment.ld.admin.ch/foen/nfi/Topic/3r":"512.0","https://environment.ld.admin.ch/foen/nfi/unitOfEvaluation":"Accessible forest without shrub forest NFI1-NFI5","https://environment.ld.admin.ch/foen/nfi/unitOfReference/__iri__":"https://ld.admin.ch/dimension/bgdi/biota/economicregions/7","https://environment.ld.admin.ch/foen/nfi/unitOfReference":"Central Pre-Alps","https://environment.ld.admin.ch/foen/nfi/Topic/SE3r":"4.0","https://environment.ld.admin.ch/foen/nfi/classificationUnit/__iri__":"https://environment.ld.admin.ch/foen/nfi/ClassificationUnit/98/Total","https://environment.ld.admin.ch/foen/nfi/classificationUnit":"Tree status","https://environment.ld.admin.ch/foen/nfi/inventory":"NFI2","https://environment.ld.admin.ch/foen/nfi/Topic/SE3":"6.0","https://environment.ld.admin.ch/foen/nfi/Topic/3":"48447376.0","https://environment.ld.admin.ch/foen/nfi/evaluationType":"State","https://environment.ld.admin.ch/foen/nfi/grid":"1.4 x 1.4 km grid"},{"https://environment.ld.admin.ch/foen/nfi/Topic/3r":"513.0","https://environment.ld.admin.ch/foen/nfi/unitOfEvaluation":"Accessible forest without shrub forest NFI1-NFI5","https://environment.ld.admin.ch/foen/nfi/unitOfReference/__iri__":"https://ld.admin.ch/dimension/bgdi/biota/economicregions/11","https://environment.ld.admin.ch/foen/nfi/unitOfReference":"Northeastern Alps","https://environment.ld.admin.ch/foen/nfi/Topic/SE3r":"10.0","https://environment.ld.admin.ch/foen/nfi/classificationUnit/__iri__":"https://environment.ld.admin.ch/foen/nfi/ClassificationUnit/98/Total","https://environment.ld.admin.ch/foen/nfi/classificationUnit":"Tree status","https://environment.ld.admin.ch/foen/nfi/inventory":"NFI2","https://environment.ld.admin.ch/foen/nfi/Topic/SE3":"14.0","https://environment.ld.admin.ch/foen/nfi/Topic/3":"13841771.0","https://environment.ld.admin.ch/foen/nfi/evaluationType":"State","https://environment.ld.admin.ch/foen/nfi/grid":"1.4 x 1.4 km grid"},{"https://environment.ld.admin.ch/foen/nfi/Topic/3r":"867.0","https://environment.ld.admin.ch/foen/nfi/unitOfEvaluation":"Accessible forest without shrub forest NFI1-NFI5","https://environment.ld.admin.ch/foen/nfi/unitOfReference/__iri__":"https://ld.admin.ch/canton/25","https://environment.ld.admin.ch/foen/nfi/unitOfReference":"Geneva","https://environment.ld.admin.ch/foen/nfi/Topic/SE3r":"15.0","https://environment.ld.admin.ch/foen/nfi/classificationUnit/__iri__":"https://environment.ld.admin.ch/foen/nfi/ClassificationUnit/98/Total","https://environment.ld.admin.ch/foen/nfi/classificationUnit":"Tree status","https://environment.ld.admin.ch/foen/nfi/inventory":"NFI2","https://environment.ld.admin.ch/foen/nfi/Topic/SE3":"48.0","https://environment.ld.admin.ch/foen/nfi/Topic/3":"1534983.0","https://environment.ld.admin.ch/foen/nfi/evaluationType":"State","https://environment.ld.admin.ch/foen/nfi/grid":"1.4 x 1.4 km grid"},{"https://environment.ld.admin.ch/foen/nfi/Topic/3r":"462.0","https://environment.ld.admin.ch/foen/nfi/unitOfEvaluation":"Accessible forest without shrub forest NFI1-NFI5","https://environment.ld.admin.ch/foen/nfi/unitOfReference/__iri__":"https://ld.admin.ch/dimension/bgdi/biota/productionregions/4","https://environment.ld.admin.ch/foen/nfi/unitOfReference":"Alps","https://environment.ld.admin.ch/foen/nfi/Topic/SE3r":"2.0","https://environment.ld.admin.ch/foen/nfi/classificationUnit/__iri__":"https://environment.ld.admin.ch/foen/nfi/ClassificationUnit/98/Total","https://environment.ld.admin.ch/foen/nfi/classificationUnit":"Tree status","https://environment.ld.admin.ch/foen/nfi/inventory":"NFI2","https://environment.ld.admin.ch/foen/nfi/Topic/SE3":"3.0","https://environment.ld.admin.ch/foen/nfi/Topic/3":"146555170.0","https://environment.ld.admin.ch/foen/nfi/evaluationType":"State","https://environment.ld.admin.ch/foen/nfi/grid":"1.4 x 1.4 km grid"},{"https://environment.ld.admin.ch/foen/nfi/Topic/3r":"472.0","https://environment.ld.admin.ch/foen/nfi/unitOfEvaluation":"Accessible forest without shrub forest NFI1-NFI5","https://environment.ld.admin.ch/foen/nfi/unitOfReference/__iri__":"https://ld.admin.ch/canton/11","https://environment.ld.admin.ch/foen/nfi/unitOfReference":"Solothurn","https://environment.ld.admin.ch/foen/nfi/Topic/SE3r":"7.0","https://environment.ld.admin.ch/foen/nfi/classificationUnit/__iri__":"https://environment.ld.admin.ch/foen/nfi/ClassificationUnit/98/Total","https://environment.ld.admin.ch/foen/nfi/classificationUnit":"Tree status","https://environment.ld.admin.ch/foen/nfi/inventory":"NFI2","https://environment.ld.admin.ch/foen/nfi/Topic/SE3":"12.0","https://environment.ld.admin.ch/foen/nfi/Topic/3":"13666358.0","https://environment.ld.admin.ch/foen/nfi/evaluationType":"State","https://environment.ld.admin.ch/foen/nfi/grid":"1.4 x 1.4 km grid"},{"https://environment.ld.admin.ch/foen/nfi/Topic/3r":"541.0","https://environment.ld.admin.ch/foen/nfi/unitOfEvaluation":"Accessible forest without shrub forest NFI1-NFI5","https://environment.ld.admin.ch/foen/nfi/unitOfReference/__iri__":"https://ld.admin.ch/dimension/bgdi/biota/productionregions/3","https://environment.ld.admin.ch/foen/nfi/unitOfReference":"Pre-Alps","https://environment.ld.admin.ch/foen/nfi/Topic/SE3r":"3.0","https://environment.ld.admin.ch/foen/nfi/classificationUnit/__iri__":"https://environment.ld.admin.ch/foen/nfi/ClassificationUnit/98/Total","https://environment.ld.admin.ch/foen/nfi/classificationUnit":"Tree status","https://environment.ld.admin.ch/foen/nfi/inventory":"NFI2","https://environment.ld.admin.ch/foen/nfi/Topic/SE3":"3.0","https://environment.ld.admin.ch/foen/nfi/Topic/3":"108896404.0","https://environment.ld.admin.ch/foen/nfi/evaluationType":"State","https://environment.ld.admin.ch/foen/nfi/grid":"1.4 x 1.4 km grid"},{"https://environment.ld.admin.ch/foen/nfi/Topic/3r":"521.0","https://environment.ld.admin.ch/foen/nfi/unitOfEvaluation":"Accessible forest without shrub forest NFI1-NFI5","https://environment.ld.admin.ch/foen/nfi/unitOfReference/__iri__":"https://ld.admin.ch/canton/26","https://environment.ld.admin.ch/foen/nfi/unitOfReference":"Jura","https://environment.ld.admin.ch/foen/nfi/Topic/SE3r":"7.0","https://environment.ld.admin.ch/foen/nfi/classificationUnit/__iri__":"https://environment.ld.admin.ch/foen/nfi/ClassificationUnit/98/Total","https://environment.ld.admin.ch/foen/nfi/classificationUnit":"Tree status","https://environment.ld.admin.ch/foen/nfi/inventory":"NFI2","https://environment.ld.admin.ch/foen/nfi/Topic/SE3":"12.0","https://environment.ld.admin.ch/foen/nfi/Topic/3":"15600026.0","https://environment.ld.admin.ch/foen/nfi/evaluationType":"State","https://environment.ld.admin.ch/foen/nfi/grid":"1.4 x 1.4 km grid"},{"https://environment.ld.admin.ch/foen/nfi/Topic/3r":"483.0","https://environment.ld.admin.ch/foen/nfi/unitOfEvaluation":"Accessible forest without shrub forest NFI1-NFI5","https://environment.ld.admin.ch/foen/nfi/unitOfReference/__iri__":"https://ld.admin.ch/country/CHE","https://environment.ld.admin.ch/foen/nfi/unitOfReference":"Switzerland","https://environment.ld.admin.ch/foen/nfi/Topic/SE3r":"1.0","https://environment.ld.admin.ch/foen/nfi/classificationUnit/__iri__":"https://environment.ld.admin.ch/foen/nfi/ClassificationUnit/98/Total","https://environment.ld.admin.ch/foen/nfi/classificationUnit":"Tree status","https://environment.ld.admin.ch/foen/nfi/inventory":"NFI2","https://environment.ld.admin.ch/foen/nfi/Topic/SE3":"1.0","https://environment.ld.admin.ch/foen/nfi/Topic/3":"506383272.0","https://environment.ld.admin.ch/foen/nfi/evaluationType":"State","https://environment.ld.admin.ch/foen/nfi/grid":"1.4 x 1.4 km grid"},{"https://environment.ld.admin.ch/foen/nfi/Topic/3r":"480.0","https://environment.ld.admin.ch/foen/nfi/unitOfEvaluation":"Accessible forest without shrub forest NFI1-NFI5","https://environment.ld.admin.ch/foen/nfi/unitOfReference/__iri__":"https://ld.admin.ch/dimension/bgdi/biota/protectionforestregions/4","https://environment.ld.admin.ch/foen/nfi/unitOfReference":"Southwestern Alps","https://environment.ld.admin.ch/foen/nfi/Topic/SE3r":"5.0","https://environment.ld.admin.ch/foen/nfi/classificationUnit/__iri__":"https://environment.ld.admin.ch/foen/nfi/ClassificationUnit/98/Total","https://environment.ld.admin.ch/foen/nfi/classificationUnit":"Tree status","https://environment.ld.admin.ch/foen/nfi/inventory":"NFI2","https://environment.ld.admin.ch/foen/nfi/Topic/SE3":"7.0","https://environment.ld.admin.ch/foen/nfi/Topic/3":"45746473.0","https://environment.ld.admin.ch/foen/nfi/evaluationType":"State","https://environment.ld.admin.ch/foen/nfi/grid":"1.4 x 1.4 km grid"},{"https://environment.ld.admin.ch/foen/nfi/Topic/3r":"466.0","https://environment.ld.admin.ch/foen/nfi/unitOfEvaluation":"Accessible forest without shrub forest NFI1-NFI5","https://environment.ld.admin.ch/foen/nfi/unitOfReference/__iri__":"https://ld.admin.ch/dimension/bgdi/biota/protectionforestregions/1","https://environment.ld.admin.ch/foen/nfi/unitOfReference":"Jura + Plateau","https://environment.ld.admin.ch/foen/nfi/Topic/SE3r":"2.0","https://environment.ld.admin.ch/foen/nfi/classificationUnit/__iri__":"https://environment.ld.admin.ch/foen/nfi/ClassificationUnit/98/Total","https://environment.ld.admin.ch/foen/nfi/classificationUnit":"Tree status","https://environment.ld.admin.ch/foen/nfi/inventory":"NFI2","https://environment.ld.admin.ch/foen/nfi/Topic/SE3":"2.0","https://environment.ld.admin.ch/foen/nfi/Topic/3":"191327599.0","https://environment.ld.admin.ch/foen/nfi/evaluationType":"State","https://environment.ld.admin.ch/foen/nfi/grid":"1.4 x 1.4 km grid"},{"https://environment.ld.admin.ch/foen/nfi/Topic/3r":"529.0","https://environment.ld.admin.ch/foen/nfi/unitOfEvaluation":"Accessible forest without shrub forest NFI1-NFI5","https://environment.ld.admin.ch/foen/nfi/unitOfReference/__iri__":"https://ld.admin.ch/canton/16","https://environment.ld.admin.ch/foen/nfi/unitOfReference":"Appenzell Innerrhoden","https://environment.ld.admin.ch/foen/nfi/Topic/SE3r":"17.0","https://environment.ld.admin.ch/foen/nfi/classificationUnit/__iri__":"https://environment.ld.admin.ch/foen/nfi/ClassificationUnit/98/Total","https://environment.ld.admin.ch/foen/nfi/classificationUnit":"Tree status","https://environment.ld.admin.ch/foen/nfi/inventory":"NFI2","https://environment.ld.admin.ch/foen/nfi/Topic/SE3":"30.0","https://environment.ld.admin.ch/foen/nfi/Topic/3":"2678106.0","https://environment.ld.admin.ch/foen/nfi/evaluationType":"State","https://environment.ld.admin.ch/foen/nfi/grid":"1.4 x 1.4 km grid"},{"https://environment.ld.admin.ch/foen/nfi/Topic/3r":"480.0","https://environment.ld.admin.ch/foen/nfi/unitOfEvaluation":"Accessible forest without shrub forest NFI1-NFI5","https://environment.ld.admin.ch/foen/nfi/unitOfReference/__iri__":"https://ld.admin.ch/dimension/bgdi/biota/economicregions/12","https://environment.ld.admin.ch/foen/nfi/unitOfReference":"Southwestern Alps","https://environment.ld.admin.ch/foen/nfi/Topic/SE3r":"5.0","https://environment.ld.admin.ch/foen/nfi/classificationUnit/__iri__":"https://environment.ld.admin.ch/foen/nfi/ClassificationUnit/98/Total","https://environment.ld.admin.ch/foen/nfi/classificationUnit":"Tree status","https://environment.ld.admin.ch/foen/nfi/inventory":"NFI2","https://environment.ld.admin.ch/foen/nfi/Topic/SE3":"7.0","https://environment.ld.admin.ch/foen/nfi/Topic/3":"45746473.0","https://environment.ld.admin.ch/foen/nfi/evaluationType":"State","https://environment.ld.admin.ch/foen/nfi/grid":"1.4 x 1.4 km grid"},{"https://environment.ld.admin.ch/foen/nfi/Topic/3r":"594.0","https://environment.ld.admin.ch/foen/nfi/unitOfEvaluation":"Accessible forest without shrub forest NFI1-NFI5","https://environment.ld.admin.ch/foen/nfi/unitOfReference/__iri__":"https://ld.admin.ch/canton/4","https://environment.ld.admin.ch/foen/nfi/unitOfReference":"Uri","https://environment.ld.admin.ch/foen/nfi/Topic/SE3r":"9.0","https://environment.ld.admin.ch/foen/nfi/classificationUnit/__iri__":"https://environment.ld.admin.ch/foen/nfi/ClassificationUnit/98/Total","https://environment.ld.admin.ch/foen/nfi/classificationUnit":"Tree status","https://environment.ld.admin.ch/foen/nfi/inventory":"NFI2","https://environment.ld.admin.ch/foen/nfi/Topic/SE3":"17.0","https://environment.ld.admin.ch/foen/nfi/Topic/3":"8949723.0","https://environment.ld.admin.ch/foen/nfi/evaluationType":"State","https://environment.ld.admin.ch/foen/nfi/grid":"1.4 x 1.4 km grid"},{"https://environment.ld.admin.ch/foen/nfi/Topic/3r":"442.0","https://environment.ld.admin.ch/foen/nfi/unitOfEvaluation":"Accessible forest without shrub forest NFI1-NFI5","https://environment.ld.admin.ch/foen/nfi/unitOfReference/__iri__":"https://ld.admin.ch/dimension/bgdi/biota/economicregions/9","https://environment.ld.admin.ch/foen/nfi/unitOfReference":"Northwestern Alps","https://environment.ld.admin.ch/foen/nfi/Topic/SE3r":"6.0","https://environment.ld.admin.ch/foen/nfi/classificationUnit/__iri__":"https://environment.ld.admin.ch/foen/nfi/ClassificationUnit/98/Total","https://environment.ld.admin.ch/foen/nfi/classificationUnit":"Tree status","https://environment.ld.admin.ch/foen/nfi/inventory":"NFI2","https://environment.ld.admin.ch/foen/nfi/Topic/SE3":"9.0","https://environment.ld.admin.ch/foen/nfi/Topic/3":"23533625.0","https://environment.ld.admin.ch/foen/nfi/evaluationType":"State","https://environment.ld.admin.ch/foen/nfi/grid":"1.4 x 1.4 km grid"},{"https://environment.ld.admin.ch/foen/nfi/Topic/3r":"468.0","https://environment.ld.admin.ch/foen/nfi/unitOfEvaluation":"Accessible forest without shrub forest NFI1-NFI5","https://environment.ld.admin.ch/foen/nfi/unitOfReference/__iri__":"https://ld.admin.ch/canton/9","https://environment.ld.admin.ch/foen/nfi/unitOfReference":"Zug","https://environment.ld.admin.ch/foen/nfi/Topic/SE3r":"19.0","https://environment.ld.admin.ch/foen/nfi/classificationUnit/__iri__":"https://environment.ld.admin.ch/foen/nfi/ClassificationUnit/98/Total","https://environment.ld.admin.ch/foen/nfi/classificationUnit":"Tree status","https://environment.ld.admin.ch/foen/nfi/inventory":"NFI2","https://environment.ld.admin.ch/foen/nfi/Topic/SE3":"33.0","https://environment.ld.admin.ch/foen/nfi/Topic/3":"2213433.0","https://environment.ld.admin.ch/foen/nfi/evaluationType":"State","https://environment.ld.admin.ch/foen/nfi/grid":"1.4 x 1.4 km grid"},{"https://environment.ld.admin.ch/foen/nfi/Topic/3r":"545.0","https://environment.ld.admin.ch/foen/nfi/unitOfEvaluation":"Accessible forest without shrub forest NFI1-NFI5","https://environment.ld.admin.ch/foen/nfi/unitOfReference/__iri__":"https://ld.admin.ch/dimension/bgdi/biota/economicregions/8","https://environment.ld.admin.ch/foen/nfi/unitOfReference":"Eastern Pre-Alps","https://environment.ld.admin.ch/foen/nfi/Topic/SE3r":"5.0","https://environment.ld.admin.ch/foen/nfi/classificationUnit/__iri__":"https://environment.ld.admin.ch/foen/nfi/ClassificationUnit/98/Total","https://environment.ld.admin.ch/foen/nfi/classificationUnit":"Tree status","https://environment.ld.admin.ch/foen/nfi/inventory":"NFI2","https://environment.ld.admin.ch/foen/nfi/Topic/SE3":"8.0","https://environment.ld.admin.ch/foen/nfi/Topic/3":"37391029.0","https://environment.ld.admin.ch/foen/nfi/evaluationType":"State","https://environment.ld.admin.ch/foen/nfi/grid":"1.4 x 1.4 km grid"},{"https://environment.ld.admin.ch/foen/nfi/Topic/3r":"545.0","https://environment.ld.admin.ch/foen/nfi/unitOfEvaluation":"Accessible forest without shrub forest NFI1-NFI5","https://environment.ld.admin.ch/foen/nfi/unitOfReference/__iri__":"https://ld.admin.ch/dimension/bgdi/biota/economicregions/10","https://environment.ld.admin.ch/foen/nfi/unitOfReference":"Central Alps","https://environment.ld.admin.ch/foen/nfi/Topic/SE3r":"8.0","https://environment.ld.admin.ch/foen/nfi/classificationUnit/__iri__":"https://environment.ld.admin.ch/foen/nfi/ClassificationUnit/98/Total","https://environment.ld.admin.ch/foen/nfi/classificationUnit":"Tree status","https://environment.ld.admin.ch/foen/nfi/inventory":"NFI2","https://environment.ld.admin.ch/foen/nfi/Topic/SE3":"14.0","https://environment.ld.admin.ch/foen/nfi/Topic/3":"12100932.0","https://environment.ld.admin.ch/foen/nfi/evaluationType":"State","https://environment.ld.admin.ch/foen/nfi/grid":"1.4 x 1.4 km grid"},{"https://environment.ld.admin.ch/foen/nfi/Topic/3r":"446.0","https://environment.ld.admin.ch/foen/nfi/unitOfEvaluation":"Accessible forest without shrub forest NFI1-NFI5","https://environment.ld.admin.ch/foen/nfi/unitOfReference/__iri__":"https://ld.admin.ch/dimension/bgdi/biota/economicregions/2","https://environment.ld.admin.ch/foen/nfi/unitOfReference":"Eastern Jura","https://environment.ld.admin.ch/foen/nfi/Topic/SE3r":"6.0","https://environment.ld.admin.ch/foen/nfi/classificationUnit/__iri__":"https://environment.ld.admin.ch/foen/nfi/ClassificationUnit/98/Total","https://environment.ld.admin.ch/foen/nfi/classificationUnit":"Tree status","https://environment.ld.admin.ch/foen/nfi/inventory":"NFI2","https://environment.ld.admin.ch/foen/nfi/Topic/SE3":"10.0","https://environment.ld.admin.ch/foen/nfi/Topic/3":"18558573.0","https://environment.ld.admin.ch/foen/nfi/evaluationType":"State","https://environment.ld.admin.ch/foen/nfi/grid":"1.4 x 1.4 km grid"},{"https://environment.ld.admin.ch/foen/nfi/Topic/3r":"538.0","https://environment.ld.admin.ch/foen/nfi/unitOfEvaluation":"Accessible forest without shrub forest NFI1-NFI5","https://environment.ld.admin.ch/foen/nfi/unitOfReference/__iri__":"https://ld.admin.ch/dimension/bgdi/biota/protectionforestregions/3","https://environment.ld.admin.ch/foen/nfi/unitOfReference":"Northeastern Alps","https://environment.ld.admin.ch/foen/nfi/Topic/SE3r":"4.0","https://environment.ld.admin.ch/foen/nfi/classificationUnit/__iri__":"https://environment.ld.admin.ch/foen/nfi/ClassificationUnit/98/Total","https://environment.ld.admin.ch/foen/nfi/classificationUnit":"Tree status","https://environment.ld.admin.ch/foen/nfi/inventory":"NFI2","https://environment.ld.admin.ch/foen/nfi/Topic/SE3":"6.0","https://environment.ld.admin.ch/foen/nfi/Topic/3":"63333732.0","https://environment.ld.admin.ch/foen/nfi/evaluationType":"State","https://environment.ld.admin.ch/foen/nfi/grid":"1.4 x 1.4 km grid"},{"https://environment.ld.admin.ch/foen/nfi/Topic/3r":"494.0","https://environment.ld.admin.ch/foen/nfi/unitOfEvaluation":"Accessible forest without shrub forest NFI1-NFI5","https://environment.ld.admin.ch/foen/nfi/unitOfReference/__iri__":"https://ld.admin.ch/dimension/bgdi/biota/protectionforestregions/6","https://environment.ld.admin.ch/foen/nfi/unitOfReference":"Southern Alps","https://environment.ld.admin.ch/foen/nfi/Topic/SE3r":"4.0","https://environment.ld.admin.ch/foen/nfi/classificationUnit/__iri__":"https://environment.ld.admin.ch/foen/nfi/ClassificationUnit/98/Total","https://environment.ld.admin.ch/foen/nfi/classificationUnit":"Tree status","https://environment.ld.admin.ch/foen/nfi/inventory":"NFI2","https://environment.ld.admin.ch/foen/nfi/Topic/SE3":"5.0","https://environment.ld.admin.ch/foen/nfi/Topic/3":"59604098.0","https://environment.ld.admin.ch/foen/nfi/evaluationType":"State","https://environment.ld.admin.ch/foen/nfi/grid":"1.4 x 1.4 km grid"},{"https://environment.ld.admin.ch/foen/nfi/Topic/3r":"485.0","https://environment.ld.admin.ch/foen/nfi/unitOfEvaluation":"Accessible forest without shrub forest NFI1-NFI5","https://environment.ld.admin.ch/foen/nfi/unitOfReference/__iri__":"https://ld.admin.ch/dimension/bgdi/biota/economicregions/1","https://environment.ld.admin.ch/foen/nfi/unitOfReference":"Western Jura","https://environment.ld.admin.ch/foen/nfi/Topic/SE3r":"3.0","https://environment.ld.admin.ch/foen/nfi/classificationUnit/__iri__":"https://environment.ld.admin.ch/foen/nfi/ClassificationUnit/98/Total","https://environment.ld.admin.ch/foen/nfi/classificationUnit":"Tree status","https://environment.ld.admin.ch/foen/nfi/inventory":"NFI2","https://environment.ld.admin.ch/foen/nfi/Topic/SE3":"4.0","https://environment.ld.admin.ch/foen/nfi/Topic/3":"71647842.0","https://environment.ld.admin.ch/foen/nfi/evaluationType":"State","https://environment.ld.admin.ch/foen/nfi/grid":"1.4 x 1.4 km grid"},{"https://environment.ld.admin.ch/foen/nfi/Topic/3r":"549.0","https://environment.ld.admin.ch/foen/nfi/unitOfEvaluation":"Accessible forest without shrub forest NFI1-NFI5","https://environment.ld.admin.ch/foen/nfi/unitOfReference/__iri__":"https://ld.admin.ch/canton/3","https://environment.ld.admin.ch/foen/nfi/unitOfReference":"Lucerne","https://environment.ld.admin.ch/foen/nfi/Topic/SE3r":"5.0","https://environment.ld.admin.ch/foen/nfi/classificationUnit/__iri__":"https://environment.ld.admin.ch/foen/nfi/ClassificationUnit/98/Total","https://environment.ld.admin.ch/foen/nfi/classificationUnit":"Tree status","https://environment.ld.admin.ch/foen/nfi/inventory":"NFI2","https://environment.ld.admin.ch/foen/nfi/Topic/SE3":"10.0","https://environment.ld.admin.ch/foen/nfi/Topic/3":"24416850.0","https://environment.ld.admin.ch/foen/nfi/evaluationType":"State","https://environment.ld.admin.ch/foen/nfi/grid":"1.4 x 1.4 km grid"},{"https://environment.ld.admin.ch/foen/nfi/Topic/3r":"460.0","https://environment.ld.admin.ch/foen/nfi/unitOfEvaluation":"Accessible forest without shrub forest NFI1-NFI5","https://environment.ld.admin.ch/foen/nfi/unitOfReference/__iri__":"https://ld.admin.ch/dimension/bgdi/biota/economicregions/4","https://environment.ld.admin.ch/foen/nfi/unitOfReference":"Central Plateau","https://environment.ld.admin.ch/foen/nfi/Topic/SE3r":"4.0","https://environment.ld.admin.ch/foen/nfi/classificationUnit/__iri__":"https://environment.ld.admin.ch/foen/nfi/ClassificationUnit/98/Total","https://environment.ld.admin.ch/foen/nfi/classificationUnit":"Tree status","https://environment.ld.admin.ch/foen/nfi/inventory":"NFI2","https://environment.ld.admin.ch/foen/nfi/Topic/SE3":"7.0","https://environment.ld.admin.ch/foen/nfi/Topic/3":"34827078.0","https://environment.ld.admin.ch/foen/nfi/evaluationType":"State","https://environment.ld.admin.ch/foen/nfi/grid":"1.4 x 1.4 km grid"},{"https://environment.ld.admin.ch/foen/nfi/Topic/3r":"480.0","https://environment.ld.admin.ch/foen/nfi/unitOfEvaluation":"Accessible forest without shrub forest NFI1-NFI5","https://environment.ld.admin.ch/foen/nfi/unitOfReference/__iri__":"https://ld.admin.ch/canton/23","https://environment.ld.admin.ch/foen/nfi/unitOfReference":"Valais","https://environment.ld.admin.ch/foen/nfi/Topic/SE3r":"5.0","https://environment.ld.admin.ch/foen/nfi/classificationUnit/__iri__":"https://environment.ld.admin.ch/foen/nfi/ClassificationUnit/98/Total","https://environment.ld.admin.ch/foen/nfi/classificationUnit":"Tree status","https://environment.ld.admin.ch/foen/nfi/inventory":"NFI2","https://environment.ld.admin.ch/foen/nfi/Topic/SE3":"7.0","https://environment.ld.admin.ch/foen/nfi/Topic/3":"45746473.0","https://environment.ld.admin.ch/foen/nfi/evaluationType":"State","https://environment.ld.admin.ch/foen/nfi/grid":"1.4 x 1.4 km grid"}],"sparqlEditorUrl":"https://int.lindas.admin.ch/sparql#query=SELECT%20DISTINCT%20%3Fdimension0%20%3Fdimension1%20%3Fdimension2%20%3Fdimension3%20%3Fdimension4%20%3Fdimension5%20%3Fdimension6%20%3Fdimension7%20%3Fdimension8%20%3Fdimension9%20%3Fdimension10%20%3Fdimension11%20%3Fdimension12%20%3Fdimension13%20%3Fdimension14%20%3Fdimension15%20WHERE%20%7B%0A%20%20%3Chttps%3A%2F%2Fenvironment.ld.admin.ch%2Ffoen%2Fnfi%2Fnfi_C-98%2Fcube%2F2023-1%3E%20%3Chttps%3A%2F%2Fcube.link%2FobservationSet%3E%20%3FobservationSet0%20.%0A%20%20%3FobservationSet0%20%3Chttps%3A%2F%2Fcube.link%2Fobservation%3E%20%3Fsource0%20.%0A%20%20%3Fsource0%20%3Chttps%3A%2F%2Fenvironment.ld.admin.ch%2Ffoen%2Fnfi%2FTopic%2F3r%3E%20%3Fdimension0%20.%0A%20%20%3Fsource0%20%3Chttps%3A%2F%2Fenvironment.ld.admin.ch%2Ffoen%2Fnfi%2FunitOfEvaluation%3E%20%3Fdimension1%20.%0A%20%20%3Fsource0%20%3Chttps%3A%2F%2Fenvironment.ld.admin.ch%2Ffoen%2Fnfi%2FunitOfReference%3E%20%3Fdimension2%20.%0A%20%20%3Fsource0%20%3Chttps%3A%2F%2Fenvironment.ld.admin.ch%2Ffoen%2Fnfi%2FTopic%2FSE3r%3E%20%3Fdimension3%20.%0A%20%20%3Fsource0%20%3Chttps%3A%2F%2Fenvironment.ld.admin.ch%2Ffoen%2Fnfi%2FclassificationUnit%3E%20%3Fdimension4%20.%0A%20%20%3Fsource0%20%3Chttps%3A%2F%2Fenvironment.ld.admin.ch%2Ffoen%2Fnfi%2Finventory%3E%20%3Fdimension5%20.%0A%20%20%3Fsource0%20%3Chttps%3A%2F%2Fenvironment.ld.admin.ch%2Ffoen%2Fnfi%2FTopic%2FSE3%3E%20%3Fdimension6%20.%0A%20%20%3Fsource0%20%3Chttps%3A%2F%2Fenvironment.ld.admin.ch%2Ffoen%2Fnfi%2FTopic%2F3%3E%20%3Fdimension7%20.%0A%20%20%3Fsource0%20%3Chttps%3A%2F%2Fenvironment.ld.admin.ch%2Ffoen%2Fnfi%2FevaluationType%3E%20%3Fdimension8%20.%0A%20%20%3Fsource0%20%3Chttps%3A%2F%2Fenvironment.ld.admin.ch%2Ffoen%2Fnfi%2Fgrid%3E%20%3Fdimension9%20.%0A%20%20FILTER%20(%0A%20%20%20%20(%3Fdimension4%20%3D%20%3Chttps%3A%2F%2Fenvironment.ld.admin.ch%2Ffoen%2Fnfi%2FClassificationUnit%2F98%2FTotal%3E)%0A%20%20)%0A%20%20FILTER%20(%0A%20%20%20%20(%3Fdimension5%20%3D%20%3Chttps%3A%2F%2Fenvironment.ld.admin.ch%2Ffoen%2Fnfi%2FInventory%2F250%3E)%0A%20%20)%0A%20%20FILTER%20(%0A%20%20%20%20(%3Fdimension8%20%3D%20%3Chttps%3A%2F%2Fenvironment.ld.admin.ch%2Ffoen%2Fnfi%2FEvaluationType%2F1%3E)%0A%20%20)%0A%20%20FILTER%20(%0A%20%20%20%20(%3Fdimension9%20%3D%20%3Chttps%3A%2F%2Fenvironment.ld.admin.ch%2Ffoen%2Fnfi%2FGrid%2F410%3E)%0A%20%20)%0A%20%20FILTER%20(%0A%20%20%20%20(%3Fdimension1%20%3D%20%3Chttps%3A%2F%2Fenvironment.ld.admin.ch%2Ffoen%2Fnfi%2FUnitOfEvaluation%2F2382%3E)%0A%20%20)%0A%20%20OPTIONAL%20%7B%0A%20%20%20%20%3Fdimension1%20%3Chttp%3A%2F%2Fschema.org%2Fname%3E%20%3Fdimension10_0%20.%0A%20%20%20%20FILTER%20(%0A%20%20%20%20%20%20LANGMATCHES(LANG(%3Fdimension10_0)%2C%20%22en%22)%0A%20%20%20%20)%0A%20%20%7D%0A%20%20OPTIONAL%20%7B%0A%20%20%20%20%3Fdimension1%20%3Chttp%3A%2F%2Fschema.org%2Fname%3E%20%3Fdimension10_1%20.%0A%20%20%20%20FILTER%20(%0A%20%20%20%20%20%20LANGMATCHES(LANG(%3Fdimension10_1)%2C%20%22de%22)%0A%20%20%20%20)%0A%20%20%7D%0A%20%20OPTIONAL%20%7B%0A%20%20%20%20%3Fdimension1%20%3Chttp%3A%2F%2Fschema.org%2Fname%3E%20%3Fdimension10_2%20.%0A%20%20%20%20FILTER%20(%0A%20%20%20%20%20%20LANGMATCHES(LANG(%3Fdimension10_2)%2C%20%22fr%22)%0A%20%20%20%20)%0A%20%20%7D%0A%20%20OPTIONAL%20%7B%0A%20%20%20%20%3Fdimension1%20%3Chttp%3A%2F%2Fschema.org%2Fname%3E%20%3Fdimension10_3%20.%0A%20%20%20%20FILTER%20(%0A%20%20%20%20%20%20LANGMATCHES(LANG(%3Fdimension10_3)%2C%20%22it%22)%0A%20%20%20%20)%0A%20%20%7D%0A%20%20OPTIONAL%20%7B%0A%20%20%20%20%3Fdimension1%20%3Chttp%3A%2F%2Fschema.org%2Fname%3E%20%3Fdimension10_4%20.%0A%20%20%20%20FILTER%20(%0A%20%20%20%20%20%20(LANG(%3Fdimension10_4)%20%3D%20%22%22)%0A%20%20%20%20)%0A%20%20%7D%0A%20%20BIND(COALESCE(%3Fdimension10_0%2C%20%3Fdimension10_1%2C%20%3Fdimension10_2%2C%20%3Fdimension10_3%2C%20%3Fdimension10_4)%20AS%20%3Fdimension10)%0A%20%20OPTIONAL%20%7B%0A%20%20%20%20%3Fdimension2%20%3Chttp%3A%2F%2Fschema.org%2Fname%3E%20%3Fdimension11_0%20.%0A%20%20%20%20FILTER%20(%0A%20%20%20%20%20%20LANGMATCHES(LANG(%3Fdimension11_0)%2C%20%22en%22)%0A%20%20%20%20)%0A%20%20%7D%0A%20%20OPTIONAL%20%7B%0A%20%20%20%20%3Fdimension2%20%3Chttp%3A%2F%2Fschema.org%2Fname%3E%20%3Fdimension11_1%20.%0A%20%20%20%20FILTER%20(%0A%20%20%20%20%20%20LANGMATCHES(LANG(%3Fdimension11_1)%2C%20%22de%22)%0A%20%20%20%20)%0A%20%20%7D%0A%20%20OPTIONAL%20%7B%0A%20%20%20%20%3Fdimension2%20%3Chttp%3A%2F%2Fschema.org%2Fname%3E%20%3Fdimension11_2%20.%0A%20%20%20%20FILTER%20(%0A%20%20%20%20%20%20LANGMATCHES(LANG(%3Fdimension11_2)%2C%20%22fr%22)%0A%20%20%20%20)%0A%20%20%7D%0A%20%20OPTIONAL%20%7B%0A%20%20%20%20%3Fdimension2%20%3Chttp%3A%2F%2Fschema.org%2Fname%3E%20%3Fdimension11_3%20.%0A%20%20%20%20FILTER%20(%0A%20%20%20%20%20%20LANGMATCHES(LANG(%3Fdimension11_3)%2C%20%22it%22)%0A%20%20%20%20)%0A%20%20%7D%0A%20%20OPTIONAL%20%7B%0A%20%20%20%20%3Fdimension2%20%3Chttp%3A%2F%2Fschema.org%2Fname%3E%20%3Fdimension11_4%20.%0A%20%20%20%20FILTER%20(%0A%20%20%20%20%20%20(LANG(%3Fdimension11_4)%20%3D%20%22%22)%0A%20%20%20%20)%0A%20%20%7D%0A%20%20BIND(COALESCE(%3Fdimension11_0%2C%20%3Fdimension11_1%2C%20%3Fdimension11_2%2C%20%3Fdimension11_3%2C%20%3Fdimension11_4)%20AS%20%3Fdimension11)%0A%20%20OPTIONAL%20%7B%0A%20%20%20%20%3Fdimension4%20%3Chttp%3A%2F%2Fschema.org%2Fname%3E%20%3Fdimension12_0%20.%0A%20%20%20%20FILTER%20(%0A%20%20%20%20%20%20LANGMATCHES(LANG(%3Fdimension12_0)%2C%20%22en%22)%0A%20%20%20%20)%0A%20%20%7D%0A%20%20OPTIONAL%20%7B%0A%20%20%20%20%3Fdimension4%20%3Chttp%3A%2F%2Fschema.org%2Fname%3E%20%3Fdimension12_1%20.%0A%20%20%20%20FILTER%20(%0A%20%20%20%20%20%20LANGMATCHES(LANG(%3Fdimension12_1)%2C%20%22de%22)%0A%20%20%20%20)%0A%20%20%7D%0A%20%20OPTIONAL%20%7B%0A%20%20%20%20%3Fdimension4%20%3Chttp%3A%2F%2Fschema.org%2Fname%3E%20%3Fdimension12_2%20.%0A%20%20%20%20FILTER%20(%0A%20%20%20%20%20%20LANGMATCHES(LANG(%3Fdimension12_2)%2C%20%22fr%22)%0A%20%20%20%20)%0A%20%20%7D%0A%20%20OPTIONAL%20%7B%0A%20%20%20%20%3Fdimension4%20%3Chttp%3A%2F%2Fschema.org%2Fname%3E%20%3Fdimension12_3%20.%0A%20%20%20%20FILTER%20(%0A%20%20%20%20%20%20LANGMATCHES(LANG(%3Fdimension12_3)%2C%20%22it%22)%0A%20%20%20%20)%0A%20%20%7D%0A%20%20OPTIONAL%20%7B%0A%20%20%20%20%3Fdimension4%20%3Chttp%3A%2F%2Fschema.org%2Fname%3E%20%3Fdimension12_4%20.%0A%20%20%20%20FILTER%20(%0A%20%20%20%20%20%20(LANG(%3Fdimension12_4)%20%3D%20%22%22)%0A%20%20%20%20)%0A%20%20%7D%0A%20%20BIND(COALESCE(%3Fdimension12_0%2C%20%3Fdimension12_1%2C%20%3Fdimension12_2%2C%20%3Fdimension12_3%2C%20%3Fdimension12_4)%20AS%20%3Fdimension12)%0A%20%20OPTIONAL%20%7B%0A%20%20%20%20%3Fdimension5%20%3Chttp%3A%2F%2Fschema.org%2Fname%3E%20%3Fdimension13_0%20.%0A%20%20%20%20FILTER%20(%0A%20%20%20%20%20%20LANGMATCHES(LANG(%3Fdimension13_0)%2C%20%22en%22)%0A%20%20%20%20)%0A%20%20%7D%0A%20%20OPTIONAL%20%7B%0A%20%20%20%20%3Fdimension5%20%3Chttp%3A%2F%2Fschema.org%2Fname%3E%20%3Fdimension13_1%20.%0A%20%20%20%20FILTER%20(%0A%20%20%20%20%20%20LANGMATCHES(LANG(%3Fdimension13_1)%2C%20%22de%22)%0A%20%20%20%20)%0A%20%20%7D%0A%20%20OPTIONAL%20%7B%0A%20%20%20%20%3Fdimension5%20%3Chttp%3A%2F%2Fschema.org%2Fname%3E%20%3Fdimension13_2%20.%0A%20%20%20%20FILTER%20(%0A%20%20%20%20%20%20LANGMATCHES(LANG(%3Fdimension13_2)%2C%20%22fr%22)%0A%20%20%20%20)%0A%20%20%7D%0A%20%20OPTIONAL%20%7B%0A%20%20%20%20%3Fdimension5%20%3Chttp%3A%2F%2Fschema.org%2Fname%3E%20%3Fdimension13_3%20.%0A%20%20%20%20FILTER%20(%0A%20%20%20%20%20%20LANGMATCHES(LANG(%3Fdimension13_3)%2C%20%22it%22)%0A%20%20%20%20)%0A%20%20%7D%0A%20%20OPTIONAL%20%7B%0A%20%20%20%20%3Fdimension5%20%3Chttp%3A%2F%2Fschema.org%2Fname%3E%20%3Fdimension13_4%20.%0A%20%20%20%20FILTER%20(%0A%20%20%20%20%20%20(LANG(%3Fdimension13_4)%20%3D%20%22%22)%0A%20%20%20%20)%0A%20%20%7D%0A%20%20BIND(COALESCE(%3Fdimension13_0%2C%20%3Fdimension13_1%2C%20%3Fdimension13_2%2C%20%3Fdimension13_3%2C%20%3Fdimension13_4)%20AS%20%3Fdimension13)%0A%20%20OPTIONAL%20%7B%0A%20%20%20%20%3Fdimension8%20%3Chttp%3A%2F%2Fschema.org%2Fname%3E%20%3Fdimension14_0%20.%0A%20%20%20%20FILTER%20(%0A%20%20%20%20%20%20LANGMATCHES(LANG(%3Fdimension14_0)%2C%20%22en%22)%0A%20%20%20%20)%0A%20%20%7D%0A%20%20OPTIONAL%20%7B%0A%20%20%20%20%3Fdimension8%20%3Chttp%3A%2F%2Fschema.org%2Fname%3E%20%3Fdimension14_1%20.%0A%20%20%20%20FILTER%20(%0A%20%20%20%20%20%20LANGMATCHES(LANG(%3Fdimension14_1)%2C%20%22de%22)%0A%20%20%20%20)%0A%20%20%7D%0A%20%20OPTIONAL%20%7B%0A%20%20%20%20%3Fdimension8%20%3Chttp%3A%2F%2Fschema.org%2Fname%3E%20%3Fdimension14_2%20.%0A%20%20%20%20FILTER%20(%0A%20%20%20%20%20%20LANGMATCHES(LANG(%3Fdimension14_2)%2C%20%22fr%22)%0A%20%20%20%20)%0A%20%20%7D%0A%20%20OPTIONAL%20%7B%0A%20%20%20%20%3Fdimension8%20%3Chttp%3A%2F%2Fschema.org%2Fname%3E%20%3Fdimension14_3%20.%0A%20%20%20%20FILTER%20(%0A%20%20%20%20%20%20LANGMATCHES(LANG(%3Fdimension14_3)%2C%20%22it%22)%0A%20%20%20%20)%0A%20%20%7D%0A%20%20OPTIONAL%20%7B%0A%20%20%20%20%3Fdimension8%20%3Chttp%3A%2F%2Fschema.org%2Fname%3E%20%3Fdimension14_4%20.%0A%20%20%20%20FILTER%20(%0A%20%20%20%20%20%20(LANG(%3Fdimension14_4)%20%3D%20%22%22)%0A%20%20%20%20)%0A%20%20%7D%0A%20%20BIND(COALESCE(%3Fdimension14_0%2C%20%3Fdimension14_1%2C%20%3Fdimension14_2%2C%20%3Fdimension14_3%2C%20%3Fdimension14_4)%20AS%20%3Fdimension14)%0A%20%20OPTIONAL%20%7B%0A%20%20%20%20%3Fdimension9%20%3Chttp%3A%2F%2Fschema.org%2Fname%3E%20%3Fdimension15_0%20.%0A%20%20%20%20FILTER%20(%0A%20%20%20%20%20%20LANGMATCHES(LANG(%3Fdimension15_0)%2C%20%22en%22)%0A%20%20%20%20)%0A%20%20%7D%0A%20%20OPTIONAL%20%7B%0A%20%20%20%20%3Fdimension9%20%3Chttp%3A%2F%2Fschema.org%2Fname%3E%20%3Fdimension15_1%20.%0A%20%20%20%20FILTER%20(%0A%20%20%20%20%20%20LANGMATCHES(LANG(%3Fdimension15_1)%2C%20%22de%22)%0A%20%20%20%20)%0A%20%20%7D%0A%20%20OPTIONAL%20%7B%0A%20%20%20%20%3Fdimension9%20%3Chttp%3A%2F%2Fschema.org%2Fname%3E%20%3Fdimension15_2%20.%0A%20%20%20%20FILTER%20(%0A%20%20%20%20%20%20LANGMATCHES(LANG(%3Fdimension15_2)%2C%20%22fr%22)%0A%20%20%20%20)%0A%20%20%7D%0A%20%20OPTIONAL%20%7B%0A%20%20%20%20%3Fdimension9%20%3Chttp%3A%2F%2Fschema.org%2Fname%3E%20%3Fdimension15_3%20.%0A%20%20%20%20FILTER%20(%0A%20%20%20%20%20%20LANGMATCHES(LANG(%3Fdimension15_3)%2C%20%22it%22)%0A%20%20%20%20)%0A%20%20%7D%0A%20%20OPTIONAL%20%7B%0A%20%20%20%20%3Fdimension9%20%3Chttp%3A%2F%2Fschema.org%2Fname%3E%20%3Fdimension15_4%20.%0A%20%20%20%20FILTER%20(%0A%20%20%20%20%20%20(LANG(%3Fdimension15_4)%20%3D%20%22%22)%0A%20%20%20%20)%0A%20%20%7D%0A%20%20BIND(COALESCE(%3Fdimension15_0%2C%20%3Fdimension15_1%2C%20%3Fdimension15_2%2C%20%3Fdimension15_3%2C%20%3Fdimension15_4)%20AS%20%3Fdimension15)%0A%7D%0AGROUP%20BY%20%3Fdimension0%20%3Fdimension1%20%3Fdimension2%20%3Fdimension3%20%3Fdimension4%20%3Fdimension5%20%3Fdimension6%20%3Fdimension7%20%3Fdimension8%20%3Fdimension9%20%3Fdimension10%20%3Fdimension11%20%3Fdimension12%20%3Fdimension13%20%3Fdimension14%20%3Fdimension15&requestMethod=POST","__typename":"ObservationsQuery"},"__typename":"DataCube"}}}
