{"data":{"dataCubeMetadata":{"iri":"https://environment.ld.admin.ch/foen/palmer-penguins/18","identifier":"palmer-penguins","title":"Palmer Penguins","description":"The goal of palmerpenguins is to provide a great dataset for data exploration & visualization, as an alternative to iris.","version":"18","datePublished":"2021-10-13","dateModified":"2022-05-21T16:13:34.796Z","publicationStatus":"DRAFT","themes":[{"iri":"https://register.ld.admin.ch/opendataswiss/category/education","label":"Education and science"}],"creator":{"iri":"https://register.ld.admin.ch/opendataswiss/org/bundesamt-fur-umwelt-bafu","label":"Federal Office for the Environment FOEN"},"versionHistory":"https://environment.ld.admin.ch/foen/palmer-penguins","contactPoint":{"email":"jeremy@interactivethings.com","name":"Jeremy Stucki"},"landingPage":"https://observablehq.com/d/5ae1afc7dfa96432","workExamples":["https://ld.admin.ch/application/visualize","genid-7fa03fb52b474733abc93da591fe9394-Tio6bGUQ8DNayUbb682","genid-7fa03fb52b474733abc93da591fe9394-Tio6bGUQ8DNayUbb683"]}}}
