{"data":{"dataCubeComponents":{"dimensions":[{"__typename":"TemporalDimension","timeFormat":"%Y","timeUnit":"Year","cubeIri":"https://environment.ld.admin.ch/foen/palmer-penguins/18","iri":"https://environment.ld.admin.ch/foen/palmer-penguins/year","label":"Year","scaleType":"Interval","dataType":"http://www.w3.org/2001/XMLSchema#gYear","isNumerical":false,"isKeyDimension":true,"values":[{"value":"2007","label":"2007"},{"value":"2008","label":"2008"},{"value":"2009","label":"2009"}],"related":[],"hierarchy":null},{"__typename":"NominalDimension","cubeIri":"https://environment.ld.admin.ch/foen/palmer-penguins/18","iri":"https://environment.ld.admin.ch/foen/palmer-penguins/islands","label":"Island","scaleType":"Nominal","isNumerical":false,"isKeyDimension":true,"values":[{"value":"https://environment.ld.admin.ch/foen/palmer-penguins/islands/Biscoe","label":"Biscoe"},{"value":"https://environment.ld.admin.ch/foen/palmer-penguins/islands/Dream","label":"Dream"},{"value":"https://environment.ld.admin.ch/foen/palmer-penguins/islands/Torgersen","label":"Torgersen"}],"related":[],"hierarchy":null},{"__typename":"NominalDimension","cubeIri":"https://environment.ld.admin.ch/foen/palmer-penguins/18","iri":"https://environment.ld.admin.ch/foen/palmer-penguins/species","label":"Species","scaleType":"Nominal","isNumerical":false,"isKeyDimension":true,"values":[{"value":"https://environment.ld.admin.ch/foen/palmer-penguins/species/Adelie","label":"Adelie"},{"value":"https://environment.ld.admin.ch/foen/palmer-penguins/species/Chinstrap","label":"Chinstrap"},{"value":"https://environment.ld.admin.ch/foen/palmer-penguins/species/Gentoo","label":"Gentoo"}],"related":[],"hierarchy":null},{"__typename":"NominalDimension","cubeIri":"https://environment.ld.admin.ch/foen/palmer-penguins/18","iri":"https://environment.ld.admin.ch/foen/palmer-penguins/sex","label":"Sex","scaleType":"Nominal","dataType":"http://www.w3.org/2001/XMLSchema#string","isNumerical":false,"isKeyDimension":true,"values":[{"value":"NA","label":"NA"},{"value":"female","label":"female"},{"value":"male","label":"male"}],"related":[],"hierarchy":null}],"measures":[{"__typename":"NumericalMeasure","isCurrency":false,"isDecimal":true,"cubeIri":"https://environment.ld.admin.ch/foen/palmer-penguins/18","iri":"https://environment.ld.admin.ch/foen/palmer-penguins/billlengthmm","label":"Mean bill length","unit":"mm","scaleType":"Ratio","dataType":"http://www.w3.org/2001/XMLSchema#decimal","isNumerical":true,"isKeyDimension":false,"values":[{"value":36.275,"label":"36.275"},{"value":51.4,"label":"51.4"}],"related":[]},{"__typename":"NumericalMeasure","isCurrency":false,"isDecimal":true,"cubeIri":"https://environment.ld.admin.ch/foen/palmer-penguins/18","iri":"https://environment.ld.admin.ch/foen/palmer-penguins/billdepthmm","label":"Mean bill depth","unit":"mm","scaleType":"Ratio","dataType":"http://www.w3.org/2001/XMLSchema#decimal","isNumerical":true,"isKeyDimension":false,"values":[{"value":13.993749999999999,"label":"13.993749999999999"},{"value":20.485714285714284,"label":"20.485714285714284"}],"related":[]}]}}}
