{"query":"query PossibleFilters($iri: String!, $sourceType: String!, $sourceUrl: String!, $filters: SingleFilters!) {\n  possibleFilters(\n    iri: $iri\n    sourceType: $sourceType\n    sourceUrl: $sourceUrl\n    filters: $filters\n  ) {\n    iri\n    type\n    value\n    __typename\n  }\n}\n","operationName":"PossibleFilters","variables":{"iri":"https://environment.ld.admin.ch/foen/palmer-penguins/18","sourceType":"sparql","sourceUrl":"https://int.lindas.admin.ch/query","filters":{"https://environment.ld.admin.ch/foen/palmer-penguins/species":{"type":"single","value":"https://environment.ld.admin.ch/foen/palmer-penguins/species/Adelie"},"https://environment.ld.admin.ch/foen/palmer-penguins/sex":{"type":"single","value":"female"},"https://environment.ld.admin.ch/foen/palmer-penguins/year":{"type":"single","value":"2007"}},"filterKey":"https://environment.ld.admin.ch/foen/palmer-penguins/species, https://environment.ld.admin.ch/foen/palmer-penguins/sex, https://environment.ld.admin.ch/foen/palmer-penguins/year"}}