{"data":{"searchCubes":[{"highlightedTitle":"Qualité des eaux de baignade","highlightedDescription":"Les relevés de la qualité des eaux de baignade permettent d’évaluer la qualité hygiénique des eaux à l’aide des indicateurs que sont E. coli et les entérocoques intestinaux. Les informations fournies servent à déterminer l’efficacité des mesures de protection des eaux, notamment si les stations d’épuration remplissent leur fonction. ","cube":{"iri":"https://environment.ld.admin.ch/foen/ubd01041prod/4","title":"Qualité des eaux de baignade","description":"Les relevés de la qualité des eaux de baignade permettent d’évaluer la qualité hygiénique des eaux à l’aide des indicateurs que sont E. coli et les entérocoques intestinaux. Les informations fournies servent à déterminer l’efficacité des mesures de protection des eaux, notamment si les stations d’épuration remplissent leur fonction. ","publicationStatus":"PUBLISHED","datePublished":"2024-02-15","creator":{"iri":"https://register.ld.admin.ch/opendataswiss/org/bundesamt-fur-umwelt-bafu","label":"Office fédéral de l'environnement OFEV"},"themes":[{"iri":"https://register.ld.admin.ch/opendataswiss/category/territory","label":"Territoire et environnement"}],"subthemes":[{"iri":"https://register.ld.admin.ch/foen/theme/15","label":"Eaux"}],"dimensions":[]},"__typename":"SearchCubeResult"}]}}
