{"data":{"searchCubes":[{"highlightedTitle":"Qualità delle acque di balneazione","highlightedDescription":"I rilevamenti per la determinazione della qualità delle acque di balneazione valutano la qualità igienica delle acque in base all’E. coli e agli enterococchi intestinali. Forniscono informazioni sull’incisività delle misure di protezione delle acque, in particolare sull’efficienza degli impianti di depurazione delle acque di scarico. ","cube":{"iri":"https://environment.ld.admin.ch/foen/ubd01041prod/4","title":"Qualità delle acque di balneazione","description":"I rilevamenti per la determinazione della qualità delle acque di balneazione valutano la qualità igienica delle acque in base all’E. coli e agli enterococchi intestinali. Forniscono informazioni sull’incisività delle misure di protezione delle acque, in particolare sull’efficienza degli impianti di depurazione delle acque di scarico. ","publicationStatus":"PUBLISHED","datePublished":"2024-02-15","creator":{"iri":"https://register.ld.admin.ch/opendataswiss/org/bundesamt-fur-umwelt-bafu","label":"Ufficio federale dell'ambiente UFAM"},"themes":[{"iri":"https://register.ld.admin.ch/opendataswiss/category/territory","label":"Territorio e ambiente"}],"subthemes":[{"iri":"https://register.ld.admin.ch/foen/theme/15","label":"Acque"}],"dimensions":[]},"__typename":"SearchCubeResult"}]}}
