{"data":{"allTermsets":[{"count":37,"termset":{"__typename":"Termset","iri":"https://ld.admin.ch/dimension/canton","label":"Cantons"},"__typename":"TermsetCount"},{"count":1,"termset":{"__typename":"Termset","iri":"https://ld.admin.ch/dimension/municipality","label":"Municipalities"},"__typename":"TermsetCount"},{"count":1,"termset":{"__typename":"Termset","iri":"https://ld.admin.ch/cube/dimension/el01","label":"Heavy Metal"},"__typename":"TermsetCount"},{"count":33,"termset":{"__typename":"Termset","iri":"https://ld.admin.ch/dimension/bgdi/biota/protectionforestregions","label":"Protection forest regions NFI"},"__typename":"TermsetCount"},{"count":33,"termset":{"__typename":"Termset","iri":"https://ld.admin.ch/dimension/bgdi/biota/economicregions","label":"Economic regions NFI"},"__typename":"TermsetCount"},{"count":33,"termset":{"__typename":"Termset","iri":"https://ld.admin.ch/dimension/bgdi/biota/productionregions","label":"Produktionsregionen LFI"},"__typename":"TermsetCount"},{"count":35,"termset":{"__typename":"Termset","iri":"https://ld.admin.ch/dimension/country","label":"Countries"},"__typename":"TermsetCount"},{"count":2,"termset":{"__typename":"Termset","iri":"https://ld.admin.ch/cube/dimension/cofog","label":"Classification of the functions of government (COFOG)"},"__typename":"TermsetCount"},{"count":1,"termset":{"__typename":"Termset","iri":"https://environment.ld.admin.ch/vocabulary/ghg_emission_sectors_co2_ordinance","label":"Greenhouse gas emission sectors according to the CO2 Ordinance"},"__typename":"TermsetCount"},{"count":1,"termset":{"__typename":"Termset","iri":"https://ld.admin.ch/cube/dimension/pol01air","label":"Pollutants"},"__typename":"TermsetCount"},{"count":1,"termset":{"__typename":"Termset","iri":"https://ld.admin.ch/cube/dimension/testdimension","label":"Pollutants groups"},"__typename":"TermsetCount"},{"count":2,"termset":{"__typename":"Termset","iri":"https://ld.admin.ch/dimension/bgdi/biota/forestfirewarningregions","label":"Forest fire warning regions"},"__typename":"TermsetCount"},{"count":33,"termset":{"__typename":"Termset","iri":"https://ld.admin.ch/dimension/bgdi/biota/cantonregions","label":"Cantons NFI"},"__typename":"TermsetCount"},{"count":2,"termset":{"__typename":"Termset","iri":"https://ld.admin.ch/cube/dimension/ownership","label":"Ownership"},"__typename":"TermsetCount"},{"count":2,"termset":{"__typename":"Termset","iri":"https://ld.admin.ch/cube/dimension/conifersAndBroadleaves","label":"Conifers and broadleaves"},"__typename":"TermsetCount"}]}}
