{"data":{"searchCubes":[{"highlightedTitle":"Bathing <b>water</b> quality","highlightedDescription":"The assessment of bathing <b>water</b>s is made on the basis of hygienic quality using E.coli and intestinal enterococci. They provide indications on the effectiveness of <b>water</b> protection measures and in particular the extent to which waste <b>water</b> treatment plants are fulfilling their function.","cube":{"iri":"https://environment.ld.admin.ch/foen/ubd01041prod/4","title":"Bathing water quality","description":"The assessment of bathing waters is made on the basis of hygienic quality using E.coli and intestinal enterococci. They provide indications on the effectiveness of water protection measures and in particular the extent to which waste water treatment plants are fulfilling their function.","publicationStatus":"PUBLISHED","datePublished":"2024-02-15","creator":{"iri":"https://register.ld.admin.ch/opendataswiss/org/bundesamt-fur-umwelt-bafu","label":"Federal Office for the Environment FOEN"},"themes":[{"iri":"https://register.ld.admin.ch/opendataswiss/category/territory","label":"Territory and environment"}],"subthemes":[{"iri":"https://register.ld.admin.ch/foen/theme/15","label":"Water"}],"dimensions":[]},"__typename":"SearchCubeResult"}]}}
