{"data":{"searchCubes":[{"highlightedTitle":"Qualität der Badegewässer","highlightedDescription":"Die Erhebungen zur Badegewässerqualität beurteilen die hygienische Qualität der Gewässer anhand der E.Coli und intestinalen Enterokokken. Sie geben Hinweise darauf, wie gut Gewässerschutzmassnahmen greifen, und insbesondere wieweit die Abwasserreinigungsanlagen ihre Funktion erfüllen. ","cube":{"iri":"https://environment.ld.admin.ch/foen/ubd01041prod/4","title":"Qualität der Badegewässer","description":"Die Erhebungen zur Badegewässerqualität beurteilen die hygienische Qualität der Gewässer anhand der E.Coli und intestinalen Enterokokken. Sie geben Hinweise darauf, wie gut Gewässerschutzmassnahmen greifen, und insbesondere wieweit die Abwasserreinigungsanlagen ihre Funktion erfüllen. ","publicationStatus":"PUBLISHED","datePublished":"2024-02-15","creator":{"iri":"https://register.ld.admin.ch/opendataswiss/org/bundesamt-fur-umwelt-bafu","label":"Bundesamt für Umwelt BAFU"},"themes":[{"iri":"https://register.ld.admin.ch/opendataswiss/category/territory","label":"Raum und Umwelt"}],"subthemes":[{"iri":"https://register.ld.admin.ch/foen/theme/15","label":"Wasser"}],"dimensions":[]},"__typename":"SearchCubeResult"}]}}
