{"data":{"dataCubeComponents":{"dimensions":[{"__typename":"GeoShapesDimension","cubeIri":"https://environment.ld.admin.ch/foen/gefahren-waldbrand-praeventionsmassnahmen-kantone/1","iri":"https://environment.ld.admin.ch/foen/gefahren-waldbrand-praeventionsmassnahmen-kantone/region","label":"Warning region","scaleType":"Nominal","isNumerical":false,"isKeyDimension":true,"values":[],"related":[],"hierarchy":null},{"__typename":"TemporalDimension","timeFormat":"%Y-%m-%dT%H:%M:%S","timeUnit":"Second","cubeIri":"https://environment.ld.admin.ch/foen/gefahren-waldbrand-praeventionsmassnahmen-kantone/1","iri":"http://schema.org/validFrom","label":"Active since","scaleType":"Interval","dataType":"http://www.w3.org/2001/XMLSchema#dateTime","isNumerical":false,"isKeyDimension":false,"values":[],"related":[],"hierarchy":null},{"__typename":"NominalDimension","cubeIri":"https://environment.ld.admin.ch/foen/gefahren-waldbrand-praeventionsmassnahmen-kantone/1","iri":"https://environment.ld.admin.ch/foen/gefahren-waldbrand-praeventionsmassnahmen-kantone/canton","label":"Canton","scaleType":"Nominal","isNumerical":false,"isKeyDimension":false,"values":[],"related":[],"hierarchy":null}],"measures":[{"__typename":"OrdinalMeasure","isCurrency":false,"isDecimal":false,"cubeIri":"https://environment.ld.admin.ch/foen/gefahren-waldbrand-praeventionsmassnahmen-kantone/1","iri":"https://environment.ld.admin.ch/foen/gefahren-waldbrand-praeventionsmassnahmen-kantone/level","label":"Measure","scaleType":"Ordinal","isNumerical":false,"isKeyDimension":false,"values":[],"related":[]}]}}}
