{"data":{"dataCubeComponents":{"dimensions":[{"__typename":"TemporalOrdinalDimension","cubeIri":"https://environment.ld.admin.ch/foen/nfi/nfi_C-1029/cube/2023-3","iri":"https://environment.ld.admin.ch/foen/nfi/inventory","label":"Inventory","description":"NFI1: 1983/85, NFI2: 1993/95, NFI3: 2004/06, NFI4: 2009/17, NFI5: 2018/26","scaleType":"Ordinal","order":0,"isNumerical":false,"isKeyDimension":true,"values":[{"value":"https://environment.ld.admin.ch/foen/nfi/Inventory/150","label":"NFI1"},{"value":"https://environment.ld.admin.ch/foen/nfi/Inventory/250","label":"NFI2"},{"value":"https://environment.ld.admin.ch/foen/nfi/Inventory/350","label":"NFI3"},{"value":"https://environment.ld.admin.ch/foen/nfi/Inventory/450","label":"NFI4","description":"Auswertung der Inventur im Nafidas\nDie Inventur LFI4 ist noch nicht abgeschlossen: Revierumfragedaten fehlen ab 2014. Details siehe unter 'Weitere Informationen zum Herunterladen'.\n\nRohdaten\nDie Plotdaten stammen aus der Tabelle LFI.WA unter den Rohdaten-INVNR: 4010,4012 (Jahre 2009A/B), 4020,4030,4040,4050,4060,4070,4080,4090 (Jahre 2010 bis 2017).\nDie Rohdaten der Erschliessungserhebung liegen im Tabellenschema LFISTR.\nDie 1. Revierumfrage begann Ende 2013 und dauerte bis Anfang 2014. Die Rohdaten stammen aus der Tabelle LFI.UMFRAGE unter der INVNR=4510 für den gesamten Aufnahmezeitraum 2009 bis 2013. Die 2. Revierumfrage wird erst 2018 unter der INVNR=4520 stattfinden.  \n\nMethode der Feldaufnahme\nDie Feldaufnahmedaten werden nach Methode LFI4 mit der Software Maira erfasst.\n\nLFI-Tarifprobebäume\nIn den Jahren 2009, 2010 und 2011 liegen aufgrund der fehlerhaften Criterion-Messungen keine verlässlichen Rohdaten des D7 vor, insbesondere bei dicken Bäumen. Für weitergehende Berechnungen wurde der D7 in der Auswertungstabelle LFA.BAA daher mit einer Korrektur versehen, damit der Wert verwendet werden kann. Ab und mit Aufnahmejahr 2012 des LFI4 wurde der D7 wieder mit der Kluppe gemessen und kann daher direkt aus den Rohdaten in die Auswertungstabelle LFA.BAA übernommen werden.\nAb Aufnahmejahr 2015 erfolgte eine Anpassung der Auswahlmethode der Tarifprobebäume.\n\nLuftbildinterpretation: Ableitung LBWNWENT\nIm Luftbild wurde nur auf dem aktuellen terrestrischen 1.4km-Netz interpretiert. Die Rohdaten stehen in der Tabelle lbi.lbaufn unter den Inventurnummern (4010,4020,4030,4040,4050,4060,4070,4080,4090). In der Tabelle LFA.LBAUFNA ist unter der INVNR=450 des LFI4 jedoch ein 500m-Netz eingetragen, somit haben die meisten Einträge für die Ableitung LBWNWENT fehlende Werte.\nDie verwendeten Luftbilddaten zur DS-Stratifizierung stammen ausschliesslich aus dem 500m-Netz des LFI3. Seit Mitte 2017 wird für alle LFI-Inventuren ein neueres Verfahren zur DS-Stratifizierung im 100 x 100m Netz verwendet, das auf Daten der Tabelle LFA.Strata beruht.\n\nKombinierter Waldentscheid: Ableitung KOMWALDENT\nPriorität 1 hat der terrestrische WNWENT des LFI4. Falls der terrestrische WNWENT des LFI4 den Codewert Nichtwald, Normalwald, Gebüschwald hat, wird dieser übernommen.\nIn Priorität 2 gibt es keine Angaben zum terrestrischen Waldentscheid, deshalb wird falls vorhanden (Nichtwald, Normalwald, Gebüschwald) - der Luftbildentscheid LBWNWENT des LFI4 verwendet.\nIn Priorität 3 wird der KOMBWALDENT aus dem LFI3 verwendet. Damit wird erreicht, dass zumindest auf dem terrestrischen Netz LFI4 immer eine Zuordnung zu Nichtwald, Normalwald oder Gebüschwald vorliegt. Somit ergibt sich, dass der KOMBWALDENT zwar zu dem im Vergleich zum Netz N4 dichteren 500m-Luftbild-Netz Werte besitzt, die aber aus dem KOMBWALDENT des LFI3 stammen. Dennoch verbleiben im 500m-Luftbildnetz des LFI4 einige Probeflächen, die nach wie vor im Luftbild als \"nicht bestimmbar\" zum Teil seit LFI3 eingestuft sind.\n\nLuftbildvorgaben Gebüschwald und Wald ohne Gebüschwald\nGebüschwald wird im vollen Umfang erfasst. Es existieren im KOMBWALDENT keine Gebüschwald-Punkte im Netz N4, die terrestrisch nicht besucht wurden, wobei Probeflächen aber auch unzugänglich sein können.\nEbenfalls existieren keine Punkte 'Wald ohne Gebüschwald' im Netz N4, die terrestrisch nicht besucht wurden, wobei auch hier Probeflächen unzugänglich sein können.\nDamit sind die Daten bezüglich Luftbildvorgaben und terrestrischer Feldaufnahme immer konsistent.\n\nNetze\nNicht alle Netze sind via Nafidas durch den Benutzer auswählbar, die im Prinzip zur Auswertung verwendet werden könnten. Die nicht auswählbaren Netze (z.B. N500, N4P12 und einige der Jahresnetze N4P1 bis N4P9) müssen für Spezialauswertungen in der Oracle-Datenbank manuell abgefragt werden."},{"value":"https://environment.ld.admin.ch/foen/nfi/Inventory/550","label":"NFI5","description":"Laufende Inventur: Zur Zeit nur Daten der Aufnahmejahre 2018 bis 2022 verfügbar, Auswertungen sind max. nur auf dem Netz N4P12345 möglich.\n\n-- Jahresdaten: interne Scripte\nselect t.*, t.rowid from ADAUTOCALC t;\nselect t.*, t.rowid from ADinv t WHERE INVNR IN (550,450550,350900,900);\nselect t.*, t.rowid from ADtabfill t where invnr in (550,450550,350900,900);\nselect t.*, t.rowid from ADSASDOK t order by validdt desc;\nselect t.*, t.rowid from ADINV t where invnr in (450550,550,900,350900);\nselect t.*, t.rowid from lfa.ADAPPPARA t where invnr in (450550,550,350900,900);\nselect t.varnr,t.col,a.invnr,a.sortnrabl,t.tabnr,\na.ownercont,a.ownerexec,t.desclong as Allgemein,a.desclongabl AS INV_Comment,a.cont from ADVAR t, ADABL a\nwhere a.varnr=t.varnr and a.invnr in (550,450550,900,350900)\norder by a.invnr,a.sortnrabl,a.varnr;"}],"related":[],"hierarchy":null},{"__typename":"GeoShapesDimension","cubeIri":"https://environment.ld.admin.ch/foen/nfi/nfi_C-1029/cube/2023-3","iri":"https://environment.ld.admin.ch/foen/nfi/unitOfReference","label":"Region","description":"Canton: Die Kantone sind politische Regionen mit auch eigenen Waldgesetzen. Die beiden Halbkantone Basel-Landschaft (BL) und Basel-Stadt (BS) werden im LFI aus statistischen Gründen zu einem Kanton zusammengefasst. Production region: Die Produktionsregionen sind Regionen mit ähnlichen forstlichen Wuchs- und Produktionsbedingungen, erstellt durch das damalige Bundesamt für Forstwesen für die forstliche Statistik lange vor dem ersten LFI (1983-85). Die Regionenzugehörigkeit wurde definiert über die damaligen Gemeindegrenzen nach unbekannten Kriterien. Das LFI arbeitet sei jeher mit diesen unveränderten Perimetern mit einer winzigen kleinen Ausnahme am Genfersee.In der heutigen Forststatistik (Bundesamt für Statistik, BFS) hat der Begriff Produktionsregionen in «Forstzonen» gewechselt. Diese Regionen werden vom BFS unterhalten und dabei fanden Änderungen statt. Dabei wurde vermehrt auf die Lage des Waldes innerhalb einer Gemeinde Rücksicht genommen. Für einige Gemeinden entlang des Jurabogens bedeutet dies beispielsweise, dass sie neu der Forstzone «Jura» angehören und nicht wie bisher (Produktionsregionen) dem Mittelland. Das LFI hat die alten Perimeter beibehalten, die sich heute mit diversen neuen Gemeindegrenzen nicht mehr decken. Economic region: Die Wirtschaftsregionen bilden eine Unterteilung der forstlichen Produktionsregionen nach wirtschaftlichen und geographischen Gesichtspunkten. Sie wurden erstellt durch das damalige Bundesamt für Forstwesen für die forstliche Statistik, lange vor dem ersten LFI (1983-85). Die Regionenzugehörigkeit wurde definiert über die damaligen Gemeindegrenzen nach unbekannten Kriterien. Das LFI arbeitet sei jeher mit diesen unveränderten Perimetern mit einer winzigen kleinen Ausnahme am Genfersee. Protection forest region: Die 6 Schutzwaldregionen sind eine Zusammenfassung der 14 Wirtschaftsregionen durch das Landesforstinventar LFI nach naturräumlichen und statistischen Aspekten.","scaleType":"Nominal","order":1,"isNumerical":false,"isKeyDimension":true,"values":[{"value":"https://ld.admin.ch/canton/1","label":"Zurich","alternateName":"ZH","identifier":"1","geometry":"https://geo.ld.admin.ch/boundaries/canton/geometry-g1/1:2023"},{"value":"https://ld.admin.ch/canton/10","label":"Fribourg","alternateName":"FR","identifier":"10","geometry":"https://geo.ld.admin.ch/boundaries/canton/geometry-g1/10:2023"},{"value":"https://ld.admin.ch/canton/11","label":"Solothurn","alternateName":"SO","identifier":"11","geometry":"https://geo.ld.admin.ch/boundaries/canton/geometry-g1/11:2023"},{"value":"https://ld.admin.ch/canton/14","label":"Schaffhausen","alternateName":"SH","identifier":"14","geometry":"https://geo.ld.admin.ch/boundaries/canton/geometry-g1/14:2023"},{"value":"https://ld.admin.ch/canton/15","label":"Appenzell Ausserrhoden","alternateName":"AR","identifier":"15","geometry":"https://geo.ld.admin.ch/boundaries/canton/geometry-g1/15:2023"},{"value":"https://ld.admin.ch/canton/16","label":"Appenzell Innerrhoden","alternateName":"AI","identifier":"16","geometry":"https://geo.ld.admin.ch/boundaries/canton/geometry-g1/16:2023"},{"value":"https://ld.admin.ch/canton/17","label":"St Gallen","alternateName":"SG","identifier":"17","geometry":"https://geo.ld.admin.ch/boundaries/canton/geometry-g1/17:2023"},{"value":"https://ld.admin.ch/canton/18","label":"Grisons","alternateName":"GR","identifier":"18","geometry":"https://geo.ld.admin.ch/boundaries/canton/geometry-g1/18:2023"},{"value":"https://ld.admin.ch/canton/19","label":"Aargau","alternateName":"AG","identifier":"19","geometry":"https://geo.ld.admin.ch/boundaries/canton/geometry-g1/19:2023"},{"value":"https://ld.admin.ch/canton/2","label":"Bern","alternateName":"BE","identifier":"2","geometry":"https://geo.ld.admin.ch/boundaries/canton/geometry-g1/2:2023"},{"value":"https://ld.admin.ch/canton/20","label":"Thurgau","alternateName":"TG","identifier":"20","geometry":"https://geo.ld.admin.ch/boundaries/canton/geometry-g1/20:2023"},{"value":"https://ld.admin.ch/canton/21","label":"Ticino","alternateName":"TI","identifier":"21","geometry":"https://geo.ld.admin.ch/boundaries/canton/geometry-g1/21:2023"},{"value":"https://ld.admin.ch/canton/22","label":"Vaud","alternateName":"VD","identifier":"22","geometry":"https://geo.ld.admin.ch/boundaries/canton/geometry-g1/22:2023"},{"value":"https://ld.admin.ch/canton/23","label":"Valais","alternateName":"VS","identifier":"23","geometry":"https://geo.ld.admin.ch/boundaries/canton/geometry-g1/23:2023"},{"value":"https://ld.admin.ch/canton/24","label":"Neuchâtel","alternateName":"NE","identifier":"24","geometry":"https://geo.ld.admin.ch/boundaries/canton/geometry-g1/24:2023"},{"value":"https://ld.admin.ch/canton/25","label":"Geneva","alternateName":"GE","identifier":"25","geometry":"https://geo.ld.admin.ch/boundaries/canton/geometry-g1/25:2023"},{"value":"https://ld.admin.ch/canton/26","label":"Jura","alternateName":"JU","identifier":"26","geometry":"https://geo.ld.admin.ch/boundaries/canton/geometry-g1/26:2023"},{"value":"https://ld.admin.ch/canton/3","label":"Lucerne","alternateName":"LU","identifier":"3","geometry":"https://geo.ld.admin.ch/boundaries/canton/geometry-g1/3:2023"},{"value":"https://ld.admin.ch/canton/4","label":"Uri","alternateName":"UR","identifier":"4","geometry":"https://geo.ld.admin.ch/boundaries/canton/geometry-g1/4:2023"},{"value":"https://ld.admin.ch/canton/5","label":"Schwyz","alternateName":"SZ","identifier":"5","geometry":"https://geo.ld.admin.ch/boundaries/canton/geometry-g1/5:2023"},{"value":"https://ld.admin.ch/canton/6","label":"Obwalden","alternateName":"OW","identifier":"6","geometry":"https://geo.ld.admin.ch/boundaries/canton/geometry-g1/6:2023"},{"value":"https://ld.admin.ch/canton/7","label":"Nidwalden","alternateName":"NW","identifier":"7","geometry":"https://geo.ld.admin.ch/boundaries/canton/geometry-g1/7:2023"},{"value":"https://ld.admin.ch/canton/8","label":"Glarus","alternateName":"GL","identifier":"8","geometry":"https://geo.ld.admin.ch/boundaries/canton/geometry-g1/8:2023"},{"value":"https://ld.admin.ch/canton/9","label":"Zug","alternateName":"ZG","identifier":"9","geometry":"https://geo.ld.admin.ch/boundaries/canton/geometry-g1/9:2023"},{"value":"https://ld.admin.ch/country/CHE","label":"Switzerland","alternateName":"CH","identifier":"CHE","geometry":"https://geo.ld.admin.ch/boundaries/country/geometry-g1/CH:2022"},{"value":"https://ld.admin.ch/dimension/bgdi/biota/cantonregions/13","label":"both Basel","identifier":"13","geometry":"https://geo.ld.admin.ch/biota/cantonregion/geometry/13"},{"value":"https://ld.admin.ch/dimension/bgdi/biota/economicregions/1","label":"Western Jura","identifier":"1","geometry":"https://geo.ld.admin.ch/biota/economicregion/generalizedgeometry/1"},{"value":"https://ld.admin.ch/dimension/bgdi/biota/economicregions/10","label":"Central Alps","identifier":"10","geometry":"https://geo.ld.admin.ch/biota/economicregion/generalizedgeometry/10"},{"value":"https://ld.admin.ch/dimension/bgdi/biota/economicregions/11","label":"Northeastern Alps","identifier":"11","geometry":"https://geo.ld.admin.ch/biota/economicregion/generalizedgeometry/11"},{"value":"https://ld.admin.ch/dimension/bgdi/biota/economicregions/12","label":"Southwestern Alps","identifier":"12","geometry":"https://geo.ld.admin.ch/biota/economicregion/generalizedgeometry/12"},{"value":"https://ld.admin.ch/dimension/bgdi/biota/economicregions/13","label":"Southeastern Alps","identifier":"13","geometry":"https://geo.ld.admin.ch/biota/economicregion/generalizedgeometry/13"},{"value":"https://ld.admin.ch/dimension/bgdi/biota/economicregions/14","label":"Southern Alps","identifier":"14","geometry":"https://geo.ld.admin.ch/biota/economicregion/generalizedgeometry/14"},{"value":"https://ld.admin.ch/dimension/bgdi/biota/economicregions/2","label":"Eastern Jura","identifier":"2","geometry":"https://geo.ld.admin.ch/biota/economicregion/generalizedgeometry/2"},{"value":"https://ld.admin.ch/dimension/bgdi/biota/economicregions/3","label":"Western Plateau","identifier":"3","geometry":"https://geo.ld.admin.ch/biota/economicregion/generalizedgeometry/3"},{"value":"https://ld.admin.ch/dimension/bgdi/biota/economicregions/4","label":"Central Plateau","identifier":"4","geometry":"https://geo.ld.admin.ch/biota/economicregion/generalizedgeometry/4"},{"value":"https://ld.admin.ch/dimension/bgdi/biota/economicregions/5","label":"Eastern Plateau","identifier":"5","geometry":"https://geo.ld.admin.ch/biota/economicregion/generalizedgeometry/5"},{"value":"https://ld.admin.ch/dimension/bgdi/biota/economicregions/6","label":"Western Pre-Alps","identifier":"6","geometry":"https://geo.ld.admin.ch/biota/economicregion/generalizedgeometry/6"},{"value":"https://ld.admin.ch/dimension/bgdi/biota/economicregions/7","label":"Central Pre-Alps","identifier":"7","geometry":"https://geo.ld.admin.ch/biota/economicregion/generalizedgeometry/7"},{"value":"https://ld.admin.ch/dimension/bgdi/biota/economicregions/8","label":"Eastern Pre-Alps","identifier":"8","geometry":"https://geo.ld.admin.ch/biota/economicregion/generalizedgeometry/8"},{"value":"https://ld.admin.ch/dimension/bgdi/biota/economicregions/9","label":"Northwestern Alps","identifier":"9","geometry":"https://geo.ld.admin.ch/biota/economicregion/generalizedgeometry/9"},{"value":"https://ld.admin.ch/dimension/bgdi/biota/productionregions/1","label":"Jura","identifier":"1","geometry":"https://geo.ld.admin.ch/biota/productionregion/generalizedgeometry/1"},{"value":"https://ld.admin.ch/dimension/bgdi/biota/productionregions/2","label":"Plateau","identifier":"2","geometry":"https://geo.ld.admin.ch/biota/productionregion/generalizedgeometry/2"},{"value":"https://ld.admin.ch/dimension/bgdi/biota/productionregions/3","label":"Pre-Alps","identifier":"3","geometry":"https://geo.ld.admin.ch/biota/productionregion/generalizedgeometry/3"},{"value":"https://ld.admin.ch/dimension/bgdi/biota/productionregions/4","label":"Alps","identifier":"4","geometry":"https://geo.ld.admin.ch/biota/productionregion/generalizedgeometry/4"},{"value":"https://ld.admin.ch/dimension/bgdi/biota/productionregions/5","label":"Southern Alps","identifier":"5","geometry":"https://geo.ld.admin.ch/biota/productionregion/generalizedgeometry/5"},{"value":"https://ld.admin.ch/dimension/bgdi/biota/protectionforestregions/1","label":"Jura + Plateau","identifier":"1","geometry":"https://geo.ld.admin.ch/biota/protectionforestregion/generalizedgeometry/1"},{"value":"https://ld.admin.ch/dimension/bgdi/biota/protectionforestregions/2","label":"Northwestern Alps","identifier":"2","geometry":"https://geo.ld.admin.ch/biota/protectionforestregion/generalizedgeometry/2"},{"value":"https://ld.admin.ch/dimension/bgdi/biota/protectionforestregions/3","label":"Northeastern Alps","identifier":"3","geometry":"https://geo.ld.admin.ch/biota/protectionforestregion/generalizedgeometry/3"},{"value":"https://ld.admin.ch/dimension/bgdi/biota/protectionforestregions/4","label":"Southwestern Alps","identifier":"4","geometry":"https://geo.ld.admin.ch/biota/protectionforestregion/generalizedgeometry/4"},{"value":"https://ld.admin.ch/dimension/bgdi/biota/protectionforestregions/5","label":"Southeastern Alps","identifier":"5","geometry":"https://geo.ld.admin.ch/biota/protectionforestregion/generalizedgeometry/5"},{"value":"https://ld.admin.ch/dimension/bgdi/biota/protectionforestregions/6","label":"Southern Alps","identifier":"6","geometry":"https://geo.ld.admin.ch/biota/protectionforestregion/generalizedgeometry/6"}],"related":[],"hierarchy":[{"label":"Switzerland","alternateName":"CH","value":"https://ld.admin.ch/country/CHE","children":[{"value":"Switzerland - Canton","hasValue":false,"children":[{"label":"Zurich","alternateName":"ZH","value":"https://ld.admin.ch/canton/1","children":[],"identifier":1,"depth":1,"dimensionIri":"https://environment.ld.admin.ch/foen/nfi/unitOfReference","hasValue":true},{"label":"Bern","alternateName":"BE","value":"https://ld.admin.ch/canton/2","children":[],"identifier":2,"depth":1,"dimensionIri":"https://environment.ld.admin.ch/foen/nfi/unitOfReference","hasValue":true},{"label":"Lucerne","alternateName":"LU","value":"https://ld.admin.ch/canton/3","children":[],"identifier":3,"depth":1,"dimensionIri":"https://environment.ld.admin.ch/foen/nfi/unitOfReference","hasValue":true},{"label":"Uri","alternateName":"UR","value":"https://ld.admin.ch/canton/4","children":[],"identifier":4,"depth":1,"dimensionIri":"https://environment.ld.admin.ch/foen/nfi/unitOfReference","hasValue":true},{"label":"Schwyz","alternateName":"SZ","value":"https://ld.admin.ch/canton/5","children":[],"identifier":5,"depth":1,"dimensionIri":"https://environment.ld.admin.ch/foen/nfi/unitOfReference","hasValue":true},{"label":"Obwalden","alternateName":"OW","value":"https://ld.admin.ch/canton/6","children":[],"identifier":6,"depth":1,"dimensionIri":"https://environment.ld.admin.ch/foen/nfi/unitOfReference","hasValue":true},{"label":"Nidwalden","alternateName":"NW","value":"https://ld.admin.ch/canton/7","children":[],"identifier":7,"depth":1,"dimensionIri":"https://environment.ld.admin.ch/foen/nfi/unitOfReference","hasValue":true},{"label":"Glarus","alternateName":"GL","value":"https://ld.admin.ch/canton/8","children":[],"identifier":8,"depth":1,"dimensionIri":"https://environment.ld.admin.ch/foen/nfi/unitOfReference","hasValue":true},{"label":"Zug","alternateName":"ZG","value":"https://ld.admin.ch/canton/9","children":[],"identifier":9,"depth":1,"dimensionIri":"https://environment.ld.admin.ch/foen/nfi/unitOfReference","hasValue":true},{"label":"Fribourg","alternateName":"FR","value":"https://ld.admin.ch/canton/10","children":[],"identifier":10,"depth":1,"dimensionIri":"https://environment.ld.admin.ch/foen/nfi/unitOfReference","hasValue":true},{"label":"Solothurn","alternateName":"SO","value":"https://ld.admin.ch/canton/11","children":[],"identifier":11,"depth":1,"dimensionIri":"https://environment.ld.admin.ch/foen/nfi/unitOfReference","hasValue":true},{"label":"both Basel","value":"https://ld.admin.ch/dimension/bgdi/biota/cantonregions/13","children":[],"identifier":13,"depth":1,"dimensionIri":"https://environment.ld.admin.ch/foen/nfi/unitOfReference","hasValue":true},{"label":"Schaffhausen","alternateName":"SH","value":"https://ld.admin.ch/canton/14","children":[],"identifier":14,"depth":1,"dimensionIri":"https://environment.ld.admin.ch/foen/nfi/unitOfReference","hasValue":true},{"label":"Appenzell Ausserrhoden","alternateName":"AR","value":"https://ld.admin.ch/canton/15","children":[],"identifier":15,"depth":1,"dimensionIri":"https://environment.ld.admin.ch/foen/nfi/unitOfReference","hasValue":true},{"label":"Appenzell Innerrhoden","alternateName":"AI","value":"https://ld.admin.ch/canton/16","children":[],"identifier":16,"depth":1,"dimensionIri":"https://environment.ld.admin.ch/foen/nfi/unitOfReference","hasValue":true},{"label":"St Gallen","alternateName":"SG","value":"https://ld.admin.ch/canton/17","children":[],"identifier":17,"depth":1,"dimensionIri":"https://environment.ld.admin.ch/foen/nfi/unitOfReference","hasValue":true},{"label":"Grisons","alternateName":"GR","value":"https://ld.admin.ch/canton/18","children":[],"identifier":18,"depth":1,"dimensionIri":"https://environment.ld.admin.ch/foen/nfi/unitOfReference","hasValue":true},{"label":"Aargau","alternateName":"AG","value":"https://ld.admin.ch/canton/19","children":[],"identifier":19,"depth":1,"dimensionIri":"https://environment.ld.admin.ch/foen/nfi/unitOfReference","hasValue":true},{"label":"Thurgau","alternateName":"TG","value":"https://ld.admin.ch/canton/20","children":[],"identifier":20,"depth":1,"dimensionIri":"https://environment.ld.admin.ch/foen/nfi/unitOfReference","hasValue":true},{"label":"Ticino","alternateName":"TI","value":"https://ld.admin.ch/canton/21","children":[],"identifier":21,"depth":1,"dimensionIri":"https://environment.ld.admin.ch/foen/nfi/unitOfReference","hasValue":true},{"label":"Vaud","alternateName":"VD","value":"https://ld.admin.ch/canton/22","children":[],"identifier":22,"depth":1,"dimensionIri":"https://environment.ld.admin.ch/foen/nfi/unitOfReference","hasValue":true},{"label":"Valais","alternateName":"VS","value":"https://ld.admin.ch/canton/23","children":[],"identifier":23,"depth":1,"dimensionIri":"https://environment.ld.admin.ch/foen/nfi/unitOfReference","hasValue":true},{"label":"Neuchâtel","alternateName":"NE","value":"https://ld.admin.ch/canton/24","children":[],"identifier":24,"depth":1,"dimensionIri":"https://environment.ld.admin.ch/foen/nfi/unitOfReference","hasValue":true},{"label":"Geneva","alternateName":"GE","value":"https://ld.admin.ch/canton/25","children":[],"identifier":25,"depth":1,"dimensionIri":"https://environment.ld.admin.ch/foen/nfi/unitOfReference","hasValue":true},{"label":"Jura","alternateName":"JU","value":"https://ld.admin.ch/canton/26","children":[],"identifier":26,"depth":1,"dimensionIri":"https://environment.ld.admin.ch/foen/nfi/unitOfReference","hasValue":true}],"dimensionIri":"https://environment.ld.admin.ch/foen/nfi/unitOfReference","label":"Switzerland - Canton","depth":-1},{"value":"Switzerland - Economic region","hasValue":false,"children":[{"label":"Western Jura","value":"https://ld.admin.ch/dimension/bgdi/biota/economicregions/1","children":[],"identifier":"1","depth":1,"dimensionIri":"https://environment.ld.admin.ch/foen/nfi/unitOfReference","hasValue":true},{"label":"Central Alps","value":"https://ld.admin.ch/dimension/bgdi/biota/economicregions/10","children":[],"identifier":"10","depth":1,"dimensionIri":"https://environment.ld.admin.ch/foen/nfi/unitOfReference","hasValue":true},{"label":"Northeastern Alps","value":"https://ld.admin.ch/dimension/bgdi/biota/economicregions/11","children":[],"identifier":"11","depth":1,"dimensionIri":"https://environment.ld.admin.ch/foen/nfi/unitOfReference","hasValue":true},{"label":"Southwestern Alps","value":"https://ld.admin.ch/dimension/bgdi/biota/economicregions/12","children":[],"identifier":"12","depth":1,"dimensionIri":"https://environment.ld.admin.ch/foen/nfi/unitOfReference","hasValue":true},{"label":"Southeastern Alps","value":"https://ld.admin.ch/dimension/bgdi/biota/economicregions/13","children":[],"identifier":"13","depth":1,"dimensionIri":"https://environment.ld.admin.ch/foen/nfi/unitOfReference","hasValue":true},{"label":"Southern Alps","value":"https://ld.admin.ch/dimension/bgdi/biota/economicregions/14","children":[],"identifier":"14","depth":1,"dimensionIri":"https://environment.ld.admin.ch/foen/nfi/unitOfReference","hasValue":true},{"label":"Eastern Jura","value":"https://ld.admin.ch/dimension/bgdi/biota/economicregions/2","children":[],"identifier":"2","depth":1,"dimensionIri":"https://environment.ld.admin.ch/foen/nfi/unitOfReference","hasValue":true},{"label":"Western Plateau","value":"https://ld.admin.ch/dimension/bgdi/biota/economicregions/3","children":[],"identifier":"3","depth":1,"dimensionIri":"https://environment.ld.admin.ch/foen/nfi/unitOfReference","hasValue":true},{"label":"Central Plateau","value":"https://ld.admin.ch/dimension/bgdi/biota/economicregions/4","children":[],"identifier":"4","depth":1,"dimensionIri":"https://environment.ld.admin.ch/foen/nfi/unitOfReference","hasValue":true},{"label":"Eastern Plateau","value":"https://ld.admin.ch/dimension/bgdi/biota/economicregions/5","children":[],"identifier":"5","depth":1,"dimensionIri":"https://environment.ld.admin.ch/foen/nfi/unitOfReference","hasValue":true},{"label":"Western Pre-Alps","value":"https://ld.admin.ch/dimension/bgdi/biota/economicregions/6","children":[],"identifier":"6","depth":1,"dimensionIri":"https://environment.ld.admin.ch/foen/nfi/unitOfReference","hasValue":true},{"label":"Central Pre-Alps","value":"https://ld.admin.ch/dimension/bgdi/biota/economicregions/7","children":[],"identifier":"7","depth":1,"dimensionIri":"https://environment.ld.admin.ch/foen/nfi/unitOfReference","hasValue":true},{"label":"Eastern Pre-Alps","value":"https://ld.admin.ch/dimension/bgdi/biota/economicregions/8","children":[],"identifier":"8","depth":1,"dimensionIri":"https://environment.ld.admin.ch/foen/nfi/unitOfReference","hasValue":true},{"label":"Northwestern Alps","value":"https://ld.admin.ch/dimension/bgdi/biota/economicregions/9","children":[],"identifier":"9","depth":1,"dimensionIri":"https://environment.ld.admin.ch/foen/nfi/unitOfReference","hasValue":true}],"dimensionIri":"https://environment.ld.admin.ch/foen/nfi/unitOfReference","label":"Switzerland - Economic region","depth":-1},{"value":"Switzerland - Protection forest region","hasValue":false,"children":[{"label":"Jura + Plateau","value":"https://ld.admin.ch/dimension/bgdi/biota/protectionforestregions/1","children":[],"identifier":"1","depth":1,"dimensionIri":"https://environment.ld.admin.ch/foen/nfi/unitOfReference","hasValue":true},{"label":"Northwestern Alps","value":"https://ld.admin.ch/dimension/bgdi/biota/protectionforestregions/2","children":[],"identifier":"2","depth":1,"dimensionIri":"https://environment.ld.admin.ch/foen/nfi/unitOfReference","hasValue":true},{"label":"Northeastern Alps","value":"https://ld.admin.ch/dimension/bgdi/biota/protectionforestregions/3","children":[],"identifier":"3","depth":1,"dimensionIri":"https://environment.ld.admin.ch/foen/nfi/unitOfReference","hasValue":true},{"label":"Southwestern Alps","value":"https://ld.admin.ch/dimension/bgdi/biota/protectionforestregions/4","children":[],"identifier":"4","depth":1,"dimensionIri":"https://environment.ld.admin.ch/foen/nfi/unitOfReference","hasValue":true},{"label":"Southeastern Alps","value":"https://ld.admin.ch/dimension/bgdi/biota/protectionforestregions/5","children":[],"identifier":"5","depth":1,"dimensionIri":"https://environment.ld.admin.ch/foen/nfi/unitOfReference","hasValue":true},{"label":"Southern Alps","value":"https://ld.admin.ch/dimension/bgdi/biota/protectionforestregions/6","children":[],"identifier":"6","depth":1,"dimensionIri":"https://environment.ld.admin.ch/foen/nfi/unitOfReference","hasValue":true}],"dimensionIri":"https://environment.ld.admin.ch/foen/nfi/unitOfReference","label":"Switzerland - Protection forest region","depth":-1},{"value":"Switzerland - Regione di produzione","hasValue":false,"children":[{"label":"Jura","value":"https://ld.admin.ch/dimension/bgdi/biota/productionregions/1","children":[],"identifier":"1","depth":1,"dimensionIri":"https://environment.ld.admin.ch/foen/nfi/unitOfReference","hasValue":true},{"label":"Plateau","value":"https://ld.admin.ch/dimension/bgdi/biota/productionregions/2","children":[],"identifier":"2","depth":1,"dimensionIri":"https://environment.ld.admin.ch/foen/nfi/unitOfReference","hasValue":true},{"label":"Pre-Alps","value":"https://ld.admin.ch/dimension/bgdi/biota/productionregions/3","children":[],"identifier":"3","depth":1,"dimensionIri":"https://environment.ld.admin.ch/foen/nfi/unitOfReference","hasValue":true},{"label":"Alps","value":"https://ld.admin.ch/dimension/bgdi/biota/productionregions/4","children":[],"identifier":"4","depth":1,"dimensionIri":"https://environment.ld.admin.ch/foen/nfi/unitOfReference","hasValue":true},{"label":"Southern Alps","value":"https://ld.admin.ch/dimension/bgdi/biota/productionregions/5","children":[],"identifier":"5","depth":1,"dimensionIri":"https://environment.ld.admin.ch/foen/nfi/unitOfReference","hasValue":true}],"dimensionIri":"https://environment.ld.admin.ch/foen/nfi/unitOfReference","label":"Switzerland - Regione di produzione","depth":-1}],"identifier":"CHE","depth":0,"dimensionIri":"https://environment.ld.admin.ch/foen/nfi/unitOfReference","hasValue":true,"hierarchyName":"Switzerland - Canton"}]},{"__typename":"NominalDimension","cubeIri":"https://environment.ld.admin.ch/foen/nfi/nfi_C-1029/cube/2023-3","iri":"https://environment.ld.admin.ch/foen/nfi/classificationUnit","label":"diameter classes","description":"Diameter classes: Einteilung des gemessenen D13-Wertes in Durchmesser-Stärkeklassen.","scaleType":"Nominal","order":2,"isNumerical":false,"isKeyDimension":true,"values":[{"value":"https://environment.ld.admin.ch/foen/nfi/ClassificationUnit/1029/0","label":"12-15 cm","identifier":"0"},{"value":"https://environment.ld.admin.ch/foen/nfi/ClassificationUnit/1029/1","label":"16-23 cm","identifier":"1"},{"value":"https://environment.ld.admin.ch/foen/nfi/ClassificationUnit/1029/2","label":"24-35 cm","identifier":"2"},{"value":"https://environment.ld.admin.ch/foen/nfi/ClassificationUnit/1029/3","label":"36-51 cm","identifier":"3"},{"value":"https://environment.ld.admin.ch/foen/nfi/ClassificationUnit/1029/4","label":"=52 cm","identifier":"4"},{"value":"https://environment.ld.admin.ch/foen/nfi/ClassificationUnit/Total","label":"Total"}],"related":[],"hierarchy":[{"label":"Total","value":"https://environment.ld.admin.ch/foen/nfi/ClassificationUnit/Total","children":[{"label":"12-15 cm","value":"https://environment.ld.admin.ch/foen/nfi/ClassificationUnit/1029/0","children":[],"identifier":0,"depth":1,"dimensionIri":"https://environment.ld.admin.ch/foen/nfi/classificationUnit","hasValue":true},{"label":"16-23 cm","value":"https://environment.ld.admin.ch/foen/nfi/ClassificationUnit/1029/1","children":[],"identifier":1,"depth":1,"dimensionIri":"https://environment.ld.admin.ch/foen/nfi/classificationUnit","hasValue":true},{"label":"24-35 cm","value":"https://environment.ld.admin.ch/foen/nfi/ClassificationUnit/1029/2","children":[],"identifier":2,"depth":1,"dimensionIri":"https://environment.ld.admin.ch/foen/nfi/classificationUnit","hasValue":true},{"label":"36-51 cm","value":"https://environment.ld.admin.ch/foen/nfi/ClassificationUnit/1029/3","children":[],"identifier":3,"depth":1,"dimensionIri":"https://environment.ld.admin.ch/foen/nfi/classificationUnit","hasValue":true},{"label":"=52 cm","value":"https://environment.ld.admin.ch/foen/nfi/ClassificationUnit/1029/4","children":[],"identifier":4,"depth":1,"dimensionIri":"https://environment.ld.admin.ch/foen/nfi/classificationUnit","hasValue":true}],"depth":0,"dimensionIri":"https://environment.ld.admin.ch/foen/nfi/classificationUnit","hasValue":true,"hierarchyName":"Classification - Total"}]},{"__typename":"NominalDimension","cubeIri":"https://environment.ld.admin.ch/foen/nfi/nfi_C-1029/cube/2023-3","iri":"https://environment.ld.admin.ch/foen/nfi/unitOfEvaluation","label":"Evaluation area","description":"Part of an area or/and individuals that fulfill certain criteria and for which conclusions should be drawn (NFI definition). Accessible forest without shrub forest: Zugehörigkeit zum zugänglichen Wald ohne Gebüschwald. Unter der jeweiligen Inventurnummer gehören jene Punkte des terrestrischen Netzes zum \"zugänglichen Wald ohne Gebüschwald\", welche terrestrisch begehbar waren und dem \"Wald ohne Gebüschwald\" zugeordnet wurden. Im internationalen Reporting werden diese als \"forest available for wood supply\" ausgewiesen. Accessible forest without shrub forest NFI1/NFI2/NFI3/NFI4/NFI5: Zugehörigkeit zum gemeinsam zugänglichen Wald ohne Gebüschwald in den Inventuren nach Methoden LFI1 bis LFI5.","scaleType":"Nominal","order":3,"isNumerical":false,"isKeyDimension":true,"values":[{"value":"https://environment.ld.admin.ch/foen/nfi/UnitOfEvaluation/2382","label":"Accessible forest without shrub forest NFI1-NFI5","description":"Wald, der in den fünf Inventuren LFI1 (1983-1985), LFI2 (1993-1995), LFI3 (2004-2006), LFI4 (2009-2017) und LFI5 (2018-2026) zu weniger als zwei Dritteln mit Sträuchern bedeckt war und zu Fuss aufgesucht werden konnte.","identifier":"2382"},{"value":"https://environment.ld.admin.ch/foen/nfi/UnitOfEvaluation/434","label":"Accessible forest without shrub forest","description":"Wald, der zu weniger als zwei Dritteln mit Sträuchern bedeckt ist und zu Fuss aufgesucht werden kann.","identifier":"434"}],"related":[],"hierarchy":null},{"__typename":"StandardErrorDimension","cubeIri":"https://environment.ld.admin.ch/foen/nfi/nfi_C-1029/cube/2023-3","iri":"https://environment.ld.admin.ch/foen/nfi/Topic/SE21","label":"standard error of growing stock (stemwood)","description":"Standard error of the estimate","unit":"%","scaleType":"Interval","dataType":"http://www.w3.org/2001/XMLSchema#decimal","order":12,"isNumerical":true,"isKeyDimension":false,"values":[{"value":1,"label":"1"},{"value":333,"label":"333"}],"related":[{"type":"StandardError","iri":"https://environment.ld.admin.ch/foen/nfi/Topic/21"}],"hierarchy":null},{"__typename":"NominalDimension","cubeIri":"https://environment.ld.admin.ch/foen/nfi/nfi_C-1029/cube/2023-3","iri":"https://environment.ld.admin.ch/foen/nfi/grid","label":"Grid","description":"","scaleType":"Nominal","order":100,"isNumerical":false,"isKeyDimension":true,"values":[{"value":"https://environment.ld.admin.ch/foen/nfi/Grid/410","label":"1.4-km grid","description":"Stichprobennetz des LFI mit einer Maschenweite von 1,4 km. Beim 1,4-km-Netz handelt es sich um das gemeinsame Netz aller bisherigen terrestrischen Inventuren, weshalb es auch als Basisnetz bezeichnet wird.","identifier":"410"}],"related":[],"hierarchy":null},{"__typename":"NominalDimension","cubeIri":"https://environment.ld.admin.ch/foen/nfi/nfi_C-1029/cube/2023-3","iri":"https://environment.ld.admin.ch/foen/nfi/evaluationType","label":"Evaluation type","scaleType":"Nominal","order":101,"isNumerical":false,"isKeyDimension":true,"values":[{"value":"https://environment.ld.admin.ch/foen/nfi/EvaluationType/1","label":"State"}],"related":[],"hierarchy":null}],"measures":[{"__typename":"NumericalMeasure","isCurrency":false,"isDecimal":true,"cubeIri":"https://environment.ld.admin.ch/foen/nfi/nfi_C-1029/cube/2023-3","iri":"https://environment.ld.admin.ch/foen/nfi/Topic/21","label":"growing stock (stemwood)","description":"Schaftholzvolumen in Rinde der lebenden Bäume und Sträucher (stehende und liegende) ab 12 cm Brusthöhendurchmesser (BHD). Dieses entspricht international dem «growing stock». Die Biaskorrektur der Tarifprobebäume kann so stark ausfallen, dass bei kleinen Baumzahlen negative Werte resultieren können.","unit":"m³","scaleType":"Ratio","dataType":"http://www.w3.org/2001/XMLSchema#decimal","order":11,"isNumerical":true,"isKeyDimension":false,"values":[{"value":-6024,"label":"-6024"},{"value":421053621,"label":"421053621"}],"related":[]}]}}}
