{"query":"query PossibleFilters($iri: String!, $sourceType: String!, $sourceUrl: String!, $filters: SingleFilters!) {\n  possibleFilters(\n    iri: $iri\n    sourceType: $sourceType\n    sourceUrl: $sourceUrl\n    filters: $filters\n  ) {\n    iri\n    type\n    value\n    __typename\n  }\n}\n","operationName":"PossibleFilters","variables":{"iri":"https://environment.ld.admin.ch/foen/nfi/nfi_C-1029/cube/2023-3","sourceType":"sparql","sourceUrl":"https://lindas-cached.cluster.ldbar.ch/query","filters":{"https://environment.ld.admin.ch/foen/nfi/classificationUnit":{"type":"single","value":"https://environment.ld.admin.ch/foen/nfi/ClassificationUnit/Total"},"https://environment.ld.admin.ch/foen/nfi/unitOfEvaluation":{"type":"single","value":"https://environment.ld.admin.ch/foen/nfi/UnitOfEvaluation/2382"},"https://environment.ld.admin.ch/foen/nfi/grid":{"type":"single","value":"https://environment.ld.admin.ch/foen/nfi/Grid/410"},"https://environment.ld.admin.ch/foen/nfi/evaluationType":{"type":"single","value":"https://environment.ld.admin.ch/foen/nfi/EvaluationType/1"}},"filterKey":"https://environment.ld.admin.ch/foen/nfi/classificationUnit, https://environment.ld.admin.ch/foen/nfi/unitOfEvaluation, https://environment.ld.admin.ch/foen/nfi/grid, https://environment.ld.admin.ch/foen/nfi/evaluationType"}}