{"query":"query DataCubeComponents($sourceType: String!, $sourceUrl: String!, $locale: String!, $cubeFilter: DataCubeComponentFilter!) {\n  dataCubeComponents(\n    sourceType: $sourceType\n    sourceUrl: $sourceUrl\n    locale: $locale\n    cubeFilter: $cubeFilter\n  )\n}\n","operationName":"DataCubeComponents","variables":{"locale":"en","sourceType":"sparql","sourceUrl":"https://lindas-cached.cluster.ldbar.ch/query","cubeFilter":{"iri":"https://environment.ld.admin.ch/foen/nfi/nfi_C-1029/cube/2023-3","componentIris":["https://environment.ld.admin.ch/foen/nfi/Topic/21","https://environment.ld.admin.ch/foen/nfi/classificationUnit","https://environment.ld.admin.ch/foen/nfi/evaluationType","https://environment.ld.admin.ch/foen/nfi/grid","https://environment.ld.admin.ch/foen/nfi/inventory","https://environment.ld.admin.ch/foen/nfi/unitOfEvaluation","https://environment.ld.admin.ch/foen/nfi/unitOfReference"],"filters":{"https://environment.ld.admin.ch/foen/nfi/unitOfReference":{"type":"multi","values":{"https://ld.admin.ch/canton/1":true,"https://ld.admin.ch/canton/2":true,"https://ld.admin.ch/canton/3":true,"https://ld.admin.ch/canton/4":true,"https://ld.admin.ch/canton/5":true,"https://ld.admin.ch/canton/6":true,"https://ld.admin.ch/canton/7":true,"https://ld.admin.ch/canton/8":true,"https://ld.admin.ch/canton/9":true,"https://ld.admin.ch/canton/10":true,"https://ld.admin.ch/canton/11":true,"https://ld.admin.ch/dimension/bgdi/biota/cantonregions/13":true,"https://ld.admin.ch/canton/14":true,"https://ld.admin.ch/canton/15":true,"https://ld.admin.ch/canton/16":true,"https://ld.admin.ch/canton/17":true,"https://ld.admin.ch/canton/18":true,"https://ld.admin.ch/canton/19":true,"https://ld.admin.ch/canton/20":true,"https://ld.admin.ch/canton/21":true,"https://ld.admin.ch/canton/22":true,"https://ld.admin.ch/canton/23":true,"https://ld.admin.ch/canton/24":true,"https://ld.admin.ch/canton/25":true,"https://ld.admin.ch/canton/26":true}},"https://environment.ld.admin.ch/foen/nfi/classificationUnit":{"type":"single","value":"https://environment.ld.admin.ch/foen/nfi/ClassificationUnit/Total"},"https://environment.ld.admin.ch/foen/nfi/unitOfEvaluation":{"type":"single","value":"https://environment.ld.admin.ch/foen/nfi/UnitOfEvaluation/2382"},"https://environment.ld.admin.ch/foen/nfi/grid":{"type":"single","value":"https://environment.ld.admin.ch/foen/nfi/Grid/410"},"https://environment.ld.admin.ch/foen/nfi/evaluationType":{"type":"single","value":"https://environment.ld.admin.ch/foen/nfi/EvaluationType/1"}},"loadValues":true}}}