{"data":{"dataCubeComponents":{"dimensions":[{"__typename":"NominalDimension","cubeIri":"https://environment.ld.admin.ch/foen/nfi/nfi_C-1029/cube/2023-3","iri":"https://environment.ld.admin.ch/foen/nfi/classificationUnit","label":"diameter classes","description":"Diameter classes: Einteilung des gemessenen D13-Wertes in Durchmesser-Stärkeklassen.","scaleType":"Nominal","order":2,"isNumerical":false,"isKeyDimension":true,"values":[{"value":"https://environment.ld.admin.ch/foen/nfi/ClassificationUnit/1029/0","label":"12-15 cm","identifier":"0"},{"value":"https://environment.ld.admin.ch/foen/nfi/ClassificationUnit/1029/1","label":"16-23 cm","identifier":"1"},{"value":"https://environment.ld.admin.ch/foen/nfi/ClassificationUnit/1029/2","label":"24-35 cm","identifier":"2"},{"value":"https://environment.ld.admin.ch/foen/nfi/ClassificationUnit/1029/3","label":"36-51 cm","identifier":"3"},{"value":"https://environment.ld.admin.ch/foen/nfi/ClassificationUnit/1029/4","label":"=52 cm","identifier":"4"},{"value":"https://environment.ld.admin.ch/foen/nfi/ClassificationUnit/Total","label":"Total"}],"related":[],"hierarchy":[{"label":"Total","value":"https://environment.ld.admin.ch/foen/nfi/ClassificationUnit/Total","children":[{"label":"12-15 cm","value":"https://environment.ld.admin.ch/foen/nfi/ClassificationUnit/1029/0","children":[],"identifier":0,"depth":1,"dimensionIri":"https://environment.ld.admin.ch/foen/nfi/classificationUnit","hasValue":true},{"label":"16-23 cm","value":"https://environment.ld.admin.ch/foen/nfi/ClassificationUnit/1029/1","children":[],"identifier":1,"depth":1,"dimensionIri":"https://environment.ld.admin.ch/foen/nfi/classificationUnit","hasValue":true},{"label":"24-35 cm","value":"https://environment.ld.admin.ch/foen/nfi/ClassificationUnit/1029/2","children":[],"identifier":2,"depth":1,"dimensionIri":"https://environment.ld.admin.ch/foen/nfi/classificationUnit","hasValue":true},{"label":"36-51 cm","value":"https://environment.ld.admin.ch/foen/nfi/ClassificationUnit/1029/3","children":[],"identifier":3,"depth":1,"dimensionIri":"https://environment.ld.admin.ch/foen/nfi/classificationUnit","hasValue":true},{"label":"=52 cm","value":"https://environment.ld.admin.ch/foen/nfi/ClassificationUnit/1029/4","children":[],"identifier":4,"depth":1,"dimensionIri":"https://environment.ld.admin.ch/foen/nfi/classificationUnit","hasValue":true}],"depth":0,"dimensionIri":"https://environment.ld.admin.ch/foen/nfi/classificationUnit","hasValue":true,"hierarchyName":"Classification - Total"}]}],"measures":[]}}}
