{"query":"query DataCubeObservations($sourceType: String!, $sourceUrl: String!, $locale: String!, $cubeFilter: DataCubeObservationFilter!) {\n  dataCubeObservations(\n    sourceType: $sourceType\n    sourceUrl: $sourceUrl\n    locale: $locale\n    cubeFilter: $cubeFilter\n  )\n}\n","operationName":"DataCubeObservations","variables":{"locale":"en","sourceType":"sparql","sourceUrl":"https://lindas-cached.cluster.ldbar.ch/query","cubeFilter":{"iri":"https://environment.ld.admin.ch/foen/nfi/nfi_C-1029/cube/2023-3","componentIris":["https://environment.ld.admin.ch/foen/nfi/Topic/21","https://environment.ld.admin.ch/foen/nfi/classificationUnit","https://environment.ld.admin.ch/foen/nfi/evaluationType","https://environment.ld.admin.ch/foen/nfi/grid","https://environment.ld.admin.ch/foen/nfi/inventory","https://environment.ld.admin.ch/foen/nfi/unitOfEvaluation","https://environment.ld.admin.ch/foen/nfi/unitOfReference"],"filters":{"https://environment.ld.admin.ch/foen/nfi/unitOfReference":{"type":"single","value":"https://ld.admin.ch/country/CHE"},"https://environment.ld.admin.ch/foen/nfi/classificationUnit":{"type":"single","value":"https://environment.ld.admin.ch/foen/nfi/ClassificationUnit/Total"},"https://environment.ld.admin.ch/foen/nfi/unitOfEvaluation":{"type":"single","value":"https://environment.ld.admin.ch/foen/nfi/UnitOfEvaluation/2382"},"https://environment.ld.admin.ch/foen/nfi/grid":{"type":"single","value":"https://environment.ld.admin.ch/foen/nfi/Grid/410"},"https://environment.ld.admin.ch/foen/nfi/evaluationType":{"type":"single","value":"https://environment.ld.admin.ch/foen/nfi/EvaluationType/1"}}}}}