{"data":{"dataCubeComponents":{"dimensions":[{"__typename":"NominalDimension","cubeIri":"https://environment.ld.admin.ch/foen/nfi/nfi_C-1029/cube/2023-3","iri":"https://environment.ld.admin.ch/foen/nfi/unitOfEvaluation","label":"Evaluation area","description":"Part of an area or/and individuals that fulfill certain criteria and for which conclusions should be drawn (NFI definition). Accessible forest without shrub forest: Zugehörigkeit zum zugänglichen Wald ohne Gebüschwald. Unter der jeweiligen Inventurnummer gehören jene Punkte des terrestrischen Netzes zum \"zugänglichen Wald ohne Gebüschwald\", welche terrestrisch begehbar waren und dem \"Wald ohne Gebüschwald\" zugeordnet wurden. Im internationalen Reporting werden diese als \"forest available for wood supply\" ausgewiesen. Accessible forest without shrub forest NFI1/NFI2/NFI3/NFI4/NFI5: Zugehörigkeit zum gemeinsam zugänglichen Wald ohne Gebüschwald in den Inventuren nach Methoden LFI1 bis LFI5.","scaleType":"Nominal","order":3,"isNumerical":false,"isKeyDimension":true,"values":[{"value":"https://environment.ld.admin.ch/foen/nfi/UnitOfEvaluation/2382","label":"Accessible forest without shrub forest NFI1-NFI5","description":"Wald, der in den fünf Inventuren LFI1 (1983-1985), LFI2 (1993-1995), LFI3 (2004-2006), LFI4 (2009-2017) und LFI5 (2018-2026) zu weniger als zwei Dritteln mit Sträuchern bedeckt war und zu Fuss aufgesucht werden konnte.","identifier":"2382"},{"value":"https://environment.ld.admin.ch/foen/nfi/UnitOfEvaluation/434","label":"Accessible forest without shrub forest","description":"Wald, der zu weniger als zwei Dritteln mit Sträuchern bedeckt ist und zu Fuss aufgesucht werden kann.","identifier":"434"}],"related":[],"hierarchy":null}],"measures":[]}}}
