{"data":{"possibleFilters":[{"iri":"https://environment.ld.admin.ch/foen/nfi/classificationUnit","type":"single","value":"https://environment.ld.admin.ch/foen/nfi/ClassificationUnit/Total","__typename":"ObservationFilter"},{"iri":"https://environment.ld.admin.ch/foen/nfi/unitOfEvaluation","type":"single","value":"https://environment.ld.admin.ch/foen/nfi/UnitOfEvaluation/2382","__typename":"ObservationFilter"},{"iri":"https://environment.ld.admin.ch/foen/nfi/grid","type":"single","value":"https://environment.ld.admin.ch/foen/nfi/Grid/410","__typename":"ObservationFilter"},{"iri":"https://environment.ld.admin.ch/foen/nfi/evaluationType","type":"single","value":"https://environment.ld.admin.ch/foen/nfi/EvaluationType/1","__typename":"ObservationFilter"}]}}
