{"data":{"dataCubeObservations":{"data":[{"https://environment.ld.admin.ch/foen/nfi/inventory":"NFI4","https://environment.ld.admin.ch/foen/nfi/unitOfReference/__iri__":"https://ld.admin.ch/country/CHE","https://environment.ld.admin.ch/foen/nfi/unitOfReference":"Switzerland","https://environment.ld.admin.ch/foen/nfi/classificationUnit/__iri__":"https://environment.ld.admin.ch/foen/nfi/ClassificationUnit/Total","https://environment.ld.admin.ch/foen/nfi/classificationUnit":"Total","https://environment.ld.admin.ch/foen/nfi/unitOfEvaluation":"Accessible forest without shrub forest NFI1-NFI5","https://environment.ld.admin.ch/foen/nfi/Topic/21":"387165026.0","https://environment.ld.admin.ch/foen/nfi/Topic/SE21":"1.0","https://environment.ld.admin.ch/foen/nfi/grid":"1.4-km grid","https://environment.ld.admin.ch/foen/nfi/evaluationType":"State"},{"https://environment.ld.admin.ch/foen/nfi/inventory":"NFI5","https://environment.ld.admin.ch/foen/nfi/unitOfReference/__iri__":"https://ld.admin.ch/country/CHE","https://environment.ld.admin.ch/foen/nfi/unitOfReference":"Switzerland","https://environment.ld.admin.ch/foen/nfi/classificationUnit/__iri__":"https://environment.ld.admin.ch/foen/nfi/ClassificationUnit/Total","https://environment.ld.admin.ch/foen/nfi/classificationUnit":"Total","https://environment.ld.admin.ch/foen/nfi/unitOfEvaluation":"Accessible forest without shrub forest NFI1-NFI5","https://environment.ld.admin.ch/foen/nfi/Topic/21":"387088858.0","https://environment.ld.admin.ch/foen/nfi/Topic/SE21":"1.0","https://environment.ld.admin.ch/foen/nfi/grid":"1.4-km grid","https://environment.ld.admin.ch/foen/nfi/evaluationType":"State"},{"https://environment.ld.admin.ch/foen/nfi/inventory":"NFI3","https://environment.ld.admin.ch/foen/nfi/unitOfReference/__iri__":"https://ld.admin.ch/country/CHE","https://environment.ld.admin.ch/foen/nfi/unitOfReference":"Switzerland","https://environment.ld.admin.ch/foen/nfi/classificationUnit/__iri__":"https://environment.ld.admin.ch/foen/nfi/ClassificationUnit/Total","https://environment.ld.admin.ch/foen/nfi/classificationUnit":"Total","https://environment.ld.admin.ch/foen/nfi/unitOfEvaluation":"Accessible forest without shrub forest NFI1-NFI5","https://environment.ld.admin.ch/foen/nfi/Topic/21":"383583263.0","https://environment.ld.admin.ch/foen/nfi/Topic/SE21":"1.0","https://environment.ld.admin.ch/foen/nfi/grid":"1.4-km grid","https://environment.ld.admin.ch/foen/nfi/evaluationType":"State"},{"https://environment.ld.admin.ch/foen/nfi/inventory":"NFI1","https://environment.ld.admin.ch/foen/nfi/unitOfReference/__iri__":"https://ld.admin.ch/country/CHE","https://environment.ld.admin.ch/foen/nfi/unitOfReference":"Switzerland","https://environment.ld.admin.ch/foen/nfi/classificationUnit/__iri__":"https://environment.ld.admin.ch/foen/nfi/ClassificationUnit/Total","https://environment.ld.admin.ch/foen/nfi/classificationUnit":"Total","https://environment.ld.admin.ch/foen/nfi/unitOfEvaluation":"Accessible forest without shrub forest NFI1-NFI5","https://environment.ld.admin.ch/foen/nfi/Topic/21":"351088644.0","https://environment.ld.admin.ch/foen/nfi/Topic/SE21":"1.0","https://environment.ld.admin.ch/foen/nfi/grid":"1.4-km grid","https://environment.ld.admin.ch/foen/nfi/evaluationType":"State"},{"https://environment.ld.admin.ch/foen/nfi/inventory":"NFI2","https://environment.ld.admin.ch/foen/nfi/unitOfReference/__iri__":"https://ld.admin.ch/country/CHE","https://environment.ld.admin.ch/foen/nfi/unitOfReference":"Switzerland","https://environment.ld.admin.ch/foen/nfi/classificationUnit/__iri__":"https://environment.ld.admin.ch/foen/nfi/ClassificationUnit/Total","https://environment.ld.admin.ch/foen/nfi/classificationUnit":"Total","https://environment.ld.admin.ch/foen/nfi/unitOfEvaluation":"Accessible forest without shrub forest NFI1-NFI5","https://environment.ld.admin.ch/foen/nfi/Topic/21":"380984646.0","https://environment.ld.admin.ch/foen/nfi/Topic/SE21":"1.0","https://environment.ld.admin.ch/foen/nfi/grid":"1.4-km grid","https://environment.ld.admin.ch/foen/nfi/evaluationType":"State"}],"sparqlEditorUrl":"https://lindas-cached.cluster.ldbar.ch/sparql#query=SELECT%20DISTINCT%20%3Fdimension0%20%3Fdimension1%20%3Fdimension2%20%3Fdimension3%20%3Fdimension4%20%3Fdimension5%20%3Fdimension6%20%3Fdimension7%20%3Fdimension8%20%3Fdimension9%20%3Fdimension10%20%3Fdimension11%20%3Fdimension12%20%3Fdimension13%20WHERE%20%7B%0A%20%20%3Chttps%3A%2F%2Fenvironment.ld.admin.ch%2Ffoen%2Fnfi%2Fnfi_C-1029%2Fcube%2F2023-3%3E%20%3Chttps%3A%2F%2Fcube.link%2FobservationSet%3E%20%3FobservationSet0%20.%0A%20%20%3FobservationSet0%20%3Chttps%3A%2F%2Fcube.link%2Fobservation%3E%20%3Fsource0%20.%0A%20%20%3Fsource0%20%3Chttps%3A%2F%2Fenvironment.ld.admin.ch%2Ffoen%2Fnfi%2Fgrid%3E%20%3Fdimension0%20.%0A%20%20%3Fsource0%20%3Chttps%3A%2F%2Fenvironment.ld.admin.ch%2Ffoen%2Fnfi%2FTopic%2FSE21%3E%20%3Fdimension1%20.%0A%20%20%3Fsource0%20%3Chttps%3A%2F%2Fenvironment.ld.admin.ch%2Ffoen%2Fnfi%2FTopic%2F21%3E%20%3Fdimension2%20.%0A%20%20%3Fsource0%20%3Chttps%3A%2F%2Fenvironment.ld.admin.ch%2Ffoen%2Fnfi%2FevaluationType%3E%20%3Fdimension3%20.%0A%20%20%3Fsource0%20%3Chttps%3A%2F%2Fenvironment.ld.admin.ch%2Ffoen%2Fnfi%2FunitOfEvaluation%3E%20%3Fdimension4%20.%0A%20%20%3Fsource0%20%3Chttps%3A%2F%2Fenvironment.ld.admin.ch%2Ffoen%2Fnfi%2Finventory%3E%20%3Fdimension5%20.%0A%20%20%3Fsource0%20%3Chttps%3A%2F%2Fenvironment.ld.admin.ch%2Ffoen%2Fnfi%2FclassificationUnit%3E%20%3Fdimension6%20.%0A%20%20%3Fsource0%20%3Chttps%3A%2F%2Fenvironment.ld.admin.ch%2Ffoen%2Fnfi%2FunitOfReference%3E%20%3Fdimension7%20.%0A%20%20FILTER%20(%0A%20%20%20%20(%3Fdimension7%20%3D%20%3Chttps%3A%2F%2Fld.admin.ch%2Fcountry%2FCHE%3E)%0A%20%20)%0A%20%20FILTER%20(%0A%20%20%20%20(%3Fdimension6%20%3D%20%3Chttps%3A%2F%2Fenvironment.ld.admin.ch%2Ffoen%2Fnfi%2FClassificationUnit%2FTotal%3E)%0A%20%20)%0A%20%20FILTER%20(%0A%20%20%20%20(%3Fdimension4%20%3D%20%3Chttps%3A%2F%2Fenvironment.ld.admin.ch%2Ffoen%2Fnfi%2FUnitOfEvaluation%2F2382%3E)%0A%20%20)%0A%20%20FILTER%20(%0A%20%20%20%20(%3Fdimension0%20%3D%20%3Chttps%3A%2F%2Fenvironment.ld.admin.ch%2Ffoen%2Fnfi%2FGrid%2F410%3E)%0A%20%20)%0A%20%20FILTER%20(%0A%20%20%20%20(%3Fdimension3%20%3D%20%3Chttps%3A%2F%2Fenvironment.ld.admin.ch%2Ffoen%2Fnfi%2FEvaluationType%2F1%3E)%0A%20%20)%0A%20%20OPTIONAL%20%7B%0A%20%20%20%20%3Fdimension5%20%3Chttp%3A%2F%2Fschema.org%2Fname%3E%20%3Fdimension8_0%20.%0A%20%20%20%20FILTER%20(%0A%20%20%20%20%20%20LANGMATCHES(LANG(%3Fdimension8_0)%2C%20%22en%22)%0A%20%20%20%20)%0A%20%20%7D%0A%20%20OPTIONAL%20%7B%0A%20%20%20%20%3Fdimension5%20%3Chttp%3A%2F%2Fschema.org%2Fname%3E%20%3Fdimension8_1%20.%0A%20%20%20%20FILTER%20(%0A%20%20%20%20%20%20LANGMATCHES(LANG(%3Fdimension8_1)%2C%20%22de%22)%0A%20%20%20%20)%0A%20%20%7D%0A%20%20OPTIONAL%20%7B%0A%20%20%20%20%3Fdimension5%20%3Chttp%3A%2F%2Fschema.org%2Fname%3E%20%3Fdimension8_2%20.%0A%20%20%20%20FILTER%20(%0A%20%20%20%20%20%20LANGMATCHES(LANG(%3Fdimension8_2)%2C%20%22fr%22)%0A%20%20%20%20)%0A%20%20%7D%0A%20%20OPTIONAL%20%7B%0A%20%20%20%20%3Fdimension5%20%3Chttp%3A%2F%2Fschema.org%2Fname%3E%20%3Fdimension8_3%20.%0A%20%20%20%20FILTER%20(%0A%20%20%20%20%20%20LANGMATCHES(LANG(%3Fdimension8_3)%2C%20%22it%22)%0A%20%20%20%20)%0A%20%20%7D%0A%20%20OPTIONAL%20%7B%0A%20%20%20%20%3Fdimension5%20%3Chttp%3A%2F%2Fschema.org%2Fname%3E%20%3Fdimension8_4%20.%0A%20%20%20%20FILTER%20(%0A%20%20%20%20%20%20(LANG(%3Fdimension8_4)%20%3D%20%22%22)%0A%20%20%20%20)%0A%20%20%7D%0A%20%20BIND(COALESCE(%3Fdimension8_0%2C%20%3Fdimension8_1%2C%20%3Fdimension8_2%2C%20%3Fdimension8_3%2C%20%3Fdimension8_4)%20AS%20%3Fdimension8)%0A%20%20OPTIONAL%20%7B%0A%20%20%20%20%3Fdimension7%20%3Chttp%3A%2F%2Fschema.org%2Fname%3E%20%3Fdimension9_0%20.%0A%20%20%20%20FILTER%20(%0A%20%20%20%20%20%20LANGMATCHES(LANG(%3Fdimension9_0)%2C%20%22en%22)%0A%20%20%20%20)%0A%20%20%7D%0A%20%20OPTIONAL%20%7B%0A%20%20%20%20%3Fdimension7%20%3Chttp%3A%2F%2Fschema.org%2Fname%3E%20%3Fdimension9_1%20.%0A%20%20%20%20FILTER%20(%0A%20%20%20%20%20%20LANGMATCHES(LANG(%3Fdimension9_1)%2C%20%22de%22)%0A%20%20%20%20)%0A%20%20%7D%0A%20%20OPTIONAL%20%7B%0A%20%20%20%20%3Fdimension7%20%3Chttp%3A%2F%2Fschema.org%2Fname%3E%20%3Fdimension9_2%20.%0A%20%20%20%20FILTER%20(%0A%20%20%20%20%20%20LANGMATCHES(LANG(%3Fdimension9_2)%2C%20%22fr%22)%0A%20%20%20%20)%0A%20%20%7D%0A%20%20OPTIONAL%20%7B%0A%20%20%20%20%3Fdimension7%20%3Chttp%3A%2F%2Fschema.org%2Fname%3E%20%3Fdimension9_3%20.%0A%20%20%20%20FILTER%20(%0A%20%20%20%20%20%20LANGMATCHES(LANG(%3Fdimension9_3)%2C%20%22it%22)%0A%20%20%20%20)%0A%20%20%7D%0A%20%20OPTIONAL%20%7B%0A%20%20%20%20%3Fdimension7%20%3Chttp%3A%2F%2Fschema.org%2Fname%3E%20%3Fdimension9_4%20.%0A%20%20%20%20FILTER%20(%0A%20%20%20%20%20%20(LANG(%3Fdimension9_4)%20%3D%20%22%22)%0A%20%20%20%20)%0A%20%20%7D%0A%20%20BIND(COALESCE(%3Fdimension9_0%2C%20%3Fdimension9_1%2C%20%3Fdimension9_2%2C%20%3Fdimension9_3%2C%20%3Fdimension9_4)%20AS%20%3Fdimension9)%0A%20%20OPTIONAL%20%7B%0A%20%20%20%20%3Fdimension6%20%3Chttp%3A%2F%2Fschema.org%2Fname%3E%20%3Fdimension10_0%20.%0A%20%20%20%20FILTER%20(%0A%20%20%20%20%20%20LANGMATCHES(LANG(%3Fdimension10_0)%2C%20%22en%22)%0A%20%20%20%20)%0A%20%20%7D%0A%20%20OPTIONAL%20%7B%0A%20%20%20%20%3Fdimension6%20%3Chttp%3A%2F%2Fschema.org%2Fname%3E%20%3Fdimension10_1%20.%0A%20%20%20%20FILTER%20(%0A%20%20%20%20%20%20LANGMATCHES(LANG(%3Fdimension10_1)%2C%20%22de%22)%0A%20%20%20%20)%0A%20%20%7D%0A%20%20OPTIONAL%20%7B%0A%20%20%20%20%3Fdimension6%20%3Chttp%3A%2F%2Fschema.org%2Fname%3E%20%3Fdimension10_2%20.%0A%20%20%20%20FILTER%20(%0A%20%20%20%20%20%20LANGMATCHES(LANG(%3Fdimension10_2)%2C%20%22fr%22)%0A%20%20%20%20)%0A%20%20%7D%0A%20%20OPTIONAL%20%7B%0A%20%20%20%20%3Fdimension6%20%3Chttp%3A%2F%2Fschema.org%2Fname%3E%20%3Fdimension10_3%20.%0A%20%20%20%20FILTER%20(%0A%20%20%20%20%20%20LANGMATCHES(LANG(%3Fdimension10_3)%2C%20%22it%22)%0A%20%20%20%20)%0A%20%20%7D%0A%20%20OPTIONAL%20%7B%0A%20%20%20%20%3Fdimension6%20%3Chttp%3A%2F%2Fschema.org%2Fname%3E%20%3Fdimension10_4%20.%0A%20%20%20%20FILTER%20(%0A%20%20%20%20%20%20(LANG(%3Fdimension10_4)%20%3D%20%22%22)%0A%20%20%20%20)%0A%20%20%7D%0A%20%20BIND(COALESCE(%3Fdimension10_0%2C%20%3Fdimension10_1%2C%20%3Fdimension10_2%2C%20%3Fdimension10_3%2C%20%3Fdimension10_4)%20AS%20%3Fdimension10)%0A%20%20OPTIONAL%20%7B%0A%20%20%20%20%3Fdimension4%20%3Chttp%3A%2F%2Fschema.org%2Fname%3E%20%3Fdimension11_0%20.%0A%20%20%20%20FILTER%20(%0A%20%20%20%20%20%20LANGMATCHES(LANG(%3Fdimension11_0)%2C%20%22en%22)%0A%20%20%20%20)%0A%20%20%7D%0A%20%20OPTIONAL%20%7B%0A%20%20%20%20%3Fdimension4%20%3Chttp%3A%2F%2Fschema.org%2Fname%3E%20%3Fdimension11_1%20.%0A%20%20%20%20FILTER%20(%0A%20%20%20%20%20%20LANGMATCHES(LANG(%3Fdimension11_1)%2C%20%22de%22)%0A%20%20%20%20)%0A%20%20%7D%0A%20%20OPTIONAL%20%7B%0A%20%20%20%20%3Fdimension4%20%3Chttp%3A%2F%2Fschema.org%2Fname%3E%20%3Fdimension11_2%20.%0A%20%20%20%20FILTER%20(%0A%20%20%20%20%20%20LANGMATCHES(LANG(%3Fdimension11_2)%2C%20%22fr%22)%0A%20%20%20%20)%0A%20%20%7D%0A%20%20OPTIONAL%20%7B%0A%20%20%20%20%3Fdimension4%20%3Chttp%3A%2F%2Fschema.org%2Fname%3E%20%3Fdimension11_3%20.%0A%20%20%20%20FILTER%20(%0A%20%20%20%20%20%20LANGMATCHES(LANG(%3Fdimension11_3)%2C%20%22it%22)%0A%20%20%20%20)%0A%20%20%7D%0A%20%20OPTIONAL%20%7B%0A%20%20%20%20%3Fdimension4%20%3Chttp%3A%2F%2Fschema.org%2Fname%3E%20%3Fdimension11_4%20.%0A%20%20%20%20FILTER%20(%0A%20%20%20%20%20%20(LANG(%3Fdimension11_4)%20%3D%20%22%22)%0A%20%20%20%20)%0A%20%20%7D%0A%20%20BIND(COALESCE(%3Fdimension11_0%2C%20%3Fdimension11_1%2C%20%3Fdimension11_2%2C%20%3Fdimension11_3%2C%20%3Fdimension11_4)%20AS%20%3Fdimension11)%0A%20%20OPTIONAL%20%7B%0A%20%20%20%20%3Fdimension0%20%3Chttp%3A%2F%2Fschema.org%2Fname%3E%20%3Fdimension12_0%20.%0A%20%20%20%20FILTER%20(%0A%20%20%20%20%20%20LANGMATCHES(LANG(%3Fdimension12_0)%2C%20%22en%22)%0A%20%20%20%20)%0A%20%20%7D%0A%20%20OPTIONAL%20%7B%0A%20%20%20%20%3Fdimension0%20%3Chttp%3A%2F%2Fschema.org%2Fname%3E%20%3Fdimension12_1%20.%0A%20%20%20%20FILTER%20(%0A%20%20%20%20%20%20LANGMATCHES(LANG(%3Fdimension12_1)%2C%20%22de%22)%0A%20%20%20%20)%0A%20%20%7D%0A%20%20OPTIONAL%20%7B%0A%20%20%20%20%3Fdimension0%20%3Chttp%3A%2F%2Fschema.org%2Fname%3E%20%3Fdimension12_2%20.%0A%20%20%20%20FILTER%20(%0A%20%20%20%20%20%20LANGMATCHES(LANG(%3Fdimension12_2)%2C%20%22fr%22)%0A%20%20%20%20)%0A%20%20%7D%0A%20%20OPTIONAL%20%7B%0A%20%20%20%20%3Fdimension0%20%3Chttp%3A%2F%2Fschema.org%2Fname%3E%20%3Fdimension12_3%20.%0A%20%20%20%20FILTER%20(%0A%20%20%20%20%20%20LANGMATCHES(LANG(%3Fdimension12_3)%2C%20%22it%22)%0A%20%20%20%20)%0A%20%20%7D%0A%20%20OPTIONAL%20%7B%0A%20%20%20%20%3Fdimension0%20%3Chttp%3A%2F%2Fschema.org%2Fname%3E%20%3Fdimension12_4%20.%0A%20%20%20%20FILTER%20(%0A%20%20%20%20%20%20(LANG(%3Fdimension12_4)%20%3D%20%22%22)%0A%20%20%20%20)%0A%20%20%7D%0A%20%20BIND(COALESCE(%3Fdimension12_0%2C%20%3Fdimension12_1%2C%20%3Fdimension12_2%2C%20%3Fdimension12_3%2C%20%3Fdimension12_4)%20AS%20%3Fdimension12)%0A%20%20OPTIONAL%20%7B%0A%20%20%20%20%3Fdimension3%20%3Chttp%3A%2F%2Fschema.org%2Fname%3E%20%3Fdimension13_0%20.%0A%20%20%20%20FILTER%20(%0A%20%20%20%20%20%20LANGMATCHES(LANG(%3Fdimension13_0)%2C%20%22en%22)%0A%20%20%20%20)%0A%20%20%7D%0A%20%20OPTIONAL%20%7B%0A%20%20%20%20%3Fdimension3%20%3Chttp%3A%2F%2Fschema.org%2Fname%3E%20%3Fdimension13_1%20.%0A%20%20%20%20FILTER%20(%0A%20%20%20%20%20%20LANGMATCHES(LANG(%3Fdimension13_1)%2C%20%22de%22)%0A%20%20%20%20)%0A%20%20%7D%0A%20%20OPTIONAL%20%7B%0A%20%20%20%20%3Fdimension3%20%3Chttp%3A%2F%2Fschema.org%2Fname%3E%20%3Fdimension13_2%20.%0A%20%20%20%20FILTER%20(%0A%20%20%20%20%20%20LANGMATCHES(LANG(%3Fdimension13_2)%2C%20%22fr%22)%0A%20%20%20%20)%0A%20%20%7D%0A%20%20OPTIONAL%20%7B%0A%20%20%20%20%3Fdimension3%20%3Chttp%3A%2F%2Fschema.org%2Fname%3E%20%3Fdimension13_3%20.%0A%20%20%20%20FILTER%20(%0A%20%20%20%20%20%20LANGMATCHES(LANG(%3Fdimension13_3)%2C%20%22it%22)%0A%20%20%20%20)%0A%20%20%7D%0A%20%20OPTIONAL%20%7B%0A%20%20%20%20%3Fdimension3%20%3Chttp%3A%2F%2Fschema.org%2Fname%3E%20%3Fdimension13_4%20.%0A%20%20%20%20FILTER%20(%0A%20%20%20%20%20%20(LANG(%3Fdimension13_4)%20%3D%20%22%22)%0A%20%20%20%20)%0A%20%20%7D%0A%20%20BIND(COALESCE(%3Fdimension13_0%2C%20%3Fdimension13_1%2C%20%3Fdimension13_2%2C%20%3Fdimension13_3%2C%20%3Fdimension13_4)%20AS%20%3Fdimension13)%0A%7D%0AGROUP%20BY%20%3Fdimension0%20%3Fdimension1%20%3Fdimension2%20%3Fdimension3%20%3Fdimension4%20%3Fdimension5%20%3Fdimension6%20%3Fdimension7%20%3Fdimension8%20%3Fdimension9%20%3Fdimension10%20%3Fdimension11%20%3Fdimension12%20%3Fdimension13&requestMethod=POST"}}}
