{"data":{"dataCubeComponents":{"dimensions":[{"__typename":"GeoShapesDimension","cubeIri":"https://environment.ld.admin.ch/foen/nfi/nfi_C-1029/cube/2023-3","iri":"https://environment.ld.admin.ch/foen/nfi/unitOfReference","label":"Region","description":"Canton: Die Kantone sind politische Regionen mit auch eigenen Waldgesetzen. Die beiden Halbkantone Basel-Landschaft (BL) und Basel-Stadt (BS) werden im LFI aus statistischen Gründen zu einem Kanton zusammengefasst. Production region: Die Produktionsregionen sind Regionen mit ähnlichen forstlichen Wuchs- und Produktionsbedingungen, erstellt durch das damalige Bundesamt für Forstwesen für die forstliche Statistik lange vor dem ersten LFI (1983-85). Die Regionenzugehörigkeit wurde definiert über die damaligen Gemeindegrenzen nach unbekannten Kriterien. Das LFI arbeitet sei jeher mit diesen unveränderten Perimetern mit einer winzigen kleinen Ausnahme am Genfersee.In der heutigen Forststatistik (Bundesamt für Statistik, BFS) hat der Begriff Produktionsregionen in «Forstzonen» gewechselt. Diese Regionen werden vom BFS unterhalten und dabei fanden Änderungen statt. Dabei wurde vermehrt auf die Lage des Waldes innerhalb einer Gemeinde Rücksicht genommen. Für einige Gemeinden entlang des Jurabogens bedeutet dies beispielsweise, dass sie neu der Forstzone «Jura» angehören und nicht wie bisher (Produktionsregionen) dem Mittelland. Das LFI hat die alten Perimeter beibehalten, die sich heute mit diversen neuen Gemeindegrenzen nicht mehr decken. Economic region: Die Wirtschaftsregionen bilden eine Unterteilung der forstlichen Produktionsregionen nach wirtschaftlichen und geographischen Gesichtspunkten. Sie wurden erstellt durch das damalige Bundesamt für Forstwesen für die forstliche Statistik, lange vor dem ersten LFI (1983-85). Die Regionenzugehörigkeit wurde definiert über die damaligen Gemeindegrenzen nach unbekannten Kriterien. Das LFI arbeitet sei jeher mit diesen unveränderten Perimetern mit einer winzigen kleinen Ausnahme am Genfersee. Protection forest region: Die 6 Schutzwaldregionen sind eine Zusammenfassung der 14 Wirtschaftsregionen durch das Landesforstinventar LFI nach naturräumlichen und statistischen Aspekten.","scaleType":"Nominal","order":1,"isNumerical":false,"isKeyDimension":true,"values":[{"value":"https://ld.admin.ch/canton/1","label":"Zurich","alternateName":"ZH","identifier":"1","geometry":"https://geo.ld.admin.ch/boundaries/canton/geometry-g1/1:2023"},{"value":"https://ld.admin.ch/canton/10","label":"Fribourg","alternateName":"FR","identifier":"10","geometry":"https://geo.ld.admin.ch/boundaries/canton/geometry-g1/10:2023"},{"value":"https://ld.admin.ch/canton/11","label":"Solothurn","alternateName":"SO","identifier":"11","geometry":"https://geo.ld.admin.ch/boundaries/canton/geometry-g1/11:2023"},{"value":"https://ld.admin.ch/canton/14","label":"Schaffhausen","alternateName":"SH","identifier":"14","geometry":"https://geo.ld.admin.ch/boundaries/canton/geometry-g1/14:2023"},{"value":"https://ld.admin.ch/canton/15","label":"Appenzell Ausserrhoden","alternateName":"AR","identifier":"15","geometry":"https://geo.ld.admin.ch/boundaries/canton/geometry-g1/15:2023"},{"value":"https://ld.admin.ch/canton/16","label":"Appenzell Innerrhoden","alternateName":"AI","identifier":"16","geometry":"https://geo.ld.admin.ch/boundaries/canton/geometry-g1/16:2023"},{"value":"https://ld.admin.ch/canton/17","label":"St Gallen","alternateName":"SG","identifier":"17","geometry":"https://geo.ld.admin.ch/boundaries/canton/geometry-g1/17:2023"},{"value":"https://ld.admin.ch/canton/18","label":"Grisons","alternateName":"GR","identifier":"18","geometry":"https://geo.ld.admin.ch/boundaries/canton/geometry-g1/18:2023"},{"value":"https://ld.admin.ch/canton/19","label":"Aargau","alternateName":"AG","identifier":"19","geometry":"https://geo.ld.admin.ch/boundaries/canton/geometry-g1/19:2023"},{"value":"https://ld.admin.ch/canton/2","label":"Bern","alternateName":"BE","identifier":"2","geometry":"https://geo.ld.admin.ch/boundaries/canton/geometry-g1/2:2023"},{"value":"https://ld.admin.ch/canton/20","label":"Thurgau","alternateName":"TG","identifier":"20","geometry":"https://geo.ld.admin.ch/boundaries/canton/geometry-g1/20:2023"},{"value":"https://ld.admin.ch/canton/21","label":"Ticino","alternateName":"TI","identifier":"21","geometry":"https://geo.ld.admin.ch/boundaries/canton/geometry-g1/21:2023"},{"value":"https://ld.admin.ch/canton/22","label":"Vaud","alternateName":"VD","identifier":"22","geometry":"https://geo.ld.admin.ch/boundaries/canton/geometry-g1/22:2023"},{"value":"https://ld.admin.ch/canton/23","label":"Valais","alternateName":"VS","identifier":"23","geometry":"https://geo.ld.admin.ch/boundaries/canton/geometry-g1/23:2023"},{"value":"https://ld.admin.ch/canton/24","label":"Neuchâtel","alternateName":"NE","identifier":"24","geometry":"https://geo.ld.admin.ch/boundaries/canton/geometry-g1/24:2023"},{"value":"https://ld.admin.ch/canton/25","label":"Geneva","alternateName":"GE","identifier":"25","geometry":"https://geo.ld.admin.ch/boundaries/canton/geometry-g1/25:2023"},{"value":"https://ld.admin.ch/canton/26","label":"Jura","alternateName":"JU","identifier":"26","geometry":"https://geo.ld.admin.ch/boundaries/canton/geometry-g1/26:2023"},{"value":"https://ld.admin.ch/canton/3","label":"Lucerne","alternateName":"LU","identifier":"3","geometry":"https://geo.ld.admin.ch/boundaries/canton/geometry-g1/3:2023"},{"value":"https://ld.admin.ch/canton/4","label":"Uri","alternateName":"UR","identifier":"4","geometry":"https://geo.ld.admin.ch/boundaries/canton/geometry-g1/4:2023"},{"value":"https://ld.admin.ch/canton/5","label":"Schwyz","alternateName":"SZ","identifier":"5","geometry":"https://geo.ld.admin.ch/boundaries/canton/geometry-g1/5:2023"},{"value":"https://ld.admin.ch/canton/6","label":"Obwalden","alternateName":"OW","identifier":"6","geometry":"https://geo.ld.admin.ch/boundaries/canton/geometry-g1/6:2023"},{"value":"https://ld.admin.ch/canton/7","label":"Nidwalden","alternateName":"NW","identifier":"7","geometry":"https://geo.ld.admin.ch/boundaries/canton/geometry-g1/7:2023"},{"value":"https://ld.admin.ch/canton/8","label":"Glarus","alternateName":"GL","identifier":"8","geometry":"https://geo.ld.admin.ch/boundaries/canton/geometry-g1/8:2023"},{"value":"https://ld.admin.ch/canton/9","label":"Zug","alternateName":"ZG","identifier":"9","geometry":"https://geo.ld.admin.ch/boundaries/canton/geometry-g1/9:2023"},{"value":"https://ld.admin.ch/country/CHE","label":"Switzerland","alternateName":"CH","identifier":"CHE","geometry":"https://geo.ld.admin.ch/boundaries/country/geometry-g1/CH:2022"},{"value":"https://ld.admin.ch/dimension/bgdi/biota/cantonregions/13","label":"both Basel","identifier":"13","geometry":"https://geo.ld.admin.ch/biota/cantonregion/geometry/13"},{"value":"https://ld.admin.ch/dimension/bgdi/biota/economicregions/1","label":"Western Jura","identifier":"1","geometry":"https://geo.ld.admin.ch/biota/economicregion/generalizedgeometry/1"},{"value":"https://ld.admin.ch/dimension/bgdi/biota/economicregions/10","label":"Central Alps","identifier":"10","geometry":"https://geo.ld.admin.ch/biota/economicregion/generalizedgeometry/10"},{"value":"https://ld.admin.ch/dimension/bgdi/biota/economicregions/11","label":"Northeastern Alps","identifier":"11","geometry":"https://geo.ld.admin.ch/biota/economicregion/generalizedgeometry/11"},{"value":"https://ld.admin.ch/dimension/bgdi/biota/economicregions/12","label":"Southwestern Alps","identifier":"12","geometry":"https://geo.ld.admin.ch/biota/economicregion/generalizedgeometry/12"},{"value":"https://ld.admin.ch/dimension/bgdi/biota/economicregions/13","label":"Southeastern Alps","identifier":"13","geometry":"https://geo.ld.admin.ch/biota/economicregion/generalizedgeometry/13"},{"value":"https://ld.admin.ch/dimension/bgdi/biota/economicregions/14","label":"Southern Alps","identifier":"14","geometry":"https://geo.ld.admin.ch/biota/economicregion/generalizedgeometry/14"},{"value":"https://ld.admin.ch/dimension/bgdi/biota/economicregions/2","label":"Eastern Jura","identifier":"2","geometry":"https://geo.ld.admin.ch/biota/economicregion/generalizedgeometry/2"},{"value":"https://ld.admin.ch/dimension/bgdi/biota/economicregions/3","label":"Western Plateau","identifier":"3","geometry":"https://geo.ld.admin.ch/biota/economicregion/generalizedgeometry/3"},{"value":"https://ld.admin.ch/dimension/bgdi/biota/economicregions/4","label":"Central Plateau","identifier":"4","geometry":"https://geo.ld.admin.ch/biota/economicregion/generalizedgeometry/4"},{"value":"https://ld.admin.ch/dimension/bgdi/biota/economicregions/5","label":"Eastern Plateau","identifier":"5","geometry":"https://geo.ld.admin.ch/biota/economicregion/generalizedgeometry/5"},{"value":"https://ld.admin.ch/dimension/bgdi/biota/economicregions/6","label":"Western Pre-Alps","identifier":"6","geometry":"https://geo.ld.admin.ch/biota/economicregion/generalizedgeometry/6"},{"value":"https://ld.admin.ch/dimension/bgdi/biota/economicregions/7","label":"Central Pre-Alps","identifier":"7","geometry":"https://geo.ld.admin.ch/biota/economicregion/generalizedgeometry/7"},{"value":"https://ld.admin.ch/dimension/bgdi/biota/economicregions/8","label":"Eastern Pre-Alps","identifier":"8","geometry":"https://geo.ld.admin.ch/biota/economicregion/generalizedgeometry/8"},{"value":"https://ld.admin.ch/dimension/bgdi/biota/economicregions/9","label":"Northwestern Alps","identifier":"9","geometry":"https://geo.ld.admin.ch/biota/economicregion/generalizedgeometry/9"},{"value":"https://ld.admin.ch/dimension/bgdi/biota/productionregions/1","label":"Jura","identifier":"1","geometry":"https://geo.ld.admin.ch/biota/productionregion/generalizedgeometry/1"},{"value":"https://ld.admin.ch/dimension/bgdi/biota/productionregions/2","label":"Plateau","identifier":"2","geometry":"https://geo.ld.admin.ch/biota/productionregion/generalizedgeometry/2"},{"value":"https://ld.admin.ch/dimension/bgdi/biota/productionregions/3","label":"Pre-Alps","identifier":"3","geometry":"https://geo.ld.admin.ch/biota/productionregion/generalizedgeometry/3"},{"value":"https://ld.admin.ch/dimension/bgdi/biota/productionregions/4","label":"Alps","identifier":"4","geometry":"https://geo.ld.admin.ch/biota/productionregion/generalizedgeometry/4"},{"value":"https://ld.admin.ch/dimension/bgdi/biota/productionregions/5","label":"Southern Alps","identifier":"5","geometry":"https://geo.ld.admin.ch/biota/productionregion/generalizedgeometry/5"},{"value":"https://ld.admin.ch/dimension/bgdi/biota/protectionforestregions/1","label":"Jura + Plateau","identifier":"1","geometry":"https://geo.ld.admin.ch/biota/protectionforestregion/generalizedgeometry/1"},{"value":"https://ld.admin.ch/dimension/bgdi/biota/protectionforestregions/2","label":"Northwestern Alps","identifier":"2","geometry":"https://geo.ld.admin.ch/biota/protectionforestregion/generalizedgeometry/2"},{"value":"https://ld.admin.ch/dimension/bgdi/biota/protectionforestregions/3","label":"Northeastern Alps","identifier":"3","geometry":"https://geo.ld.admin.ch/biota/protectionforestregion/generalizedgeometry/3"},{"value":"https://ld.admin.ch/dimension/bgdi/biota/protectionforestregions/4","label":"Southwestern Alps","identifier":"4","geometry":"https://geo.ld.admin.ch/biota/protectionforestregion/generalizedgeometry/4"},{"value":"https://ld.admin.ch/dimension/bgdi/biota/protectionforestregions/5","label":"Southeastern Alps","identifier":"5","geometry":"https://geo.ld.admin.ch/biota/protectionforestregion/generalizedgeometry/5"},{"value":"https://ld.admin.ch/dimension/bgdi/biota/protectionforestregions/6","label":"Southern Alps","identifier":"6","geometry":"https://geo.ld.admin.ch/biota/protectionforestregion/generalizedgeometry/6"}],"related":[],"hierarchy":[{"label":"Switzerland","alternateName":"CH","value":"https://ld.admin.ch/country/CHE","children":[{"value":"Switzerland - Canton","hasValue":false,"children":[{"label":"Zurich","alternateName":"ZH","value":"https://ld.admin.ch/canton/1","children":[],"identifier":1,"depth":1,"dimensionIri":"https://environment.ld.admin.ch/foen/nfi/unitOfReference","hasValue":true},{"label":"Bern","alternateName":"BE","value":"https://ld.admin.ch/canton/2","children":[],"identifier":2,"depth":1,"dimensionIri":"https://environment.ld.admin.ch/foen/nfi/unitOfReference","hasValue":true},{"label":"Lucerne","alternateName":"LU","value":"https://ld.admin.ch/canton/3","children":[],"identifier":3,"depth":1,"dimensionIri":"https://environment.ld.admin.ch/foen/nfi/unitOfReference","hasValue":true},{"label":"Uri","alternateName":"UR","value":"https://ld.admin.ch/canton/4","children":[],"identifier":4,"depth":1,"dimensionIri":"https://environment.ld.admin.ch/foen/nfi/unitOfReference","hasValue":true},{"label":"Schwyz","alternateName":"SZ","value":"https://ld.admin.ch/canton/5","children":[],"identifier":5,"depth":1,"dimensionIri":"https://environment.ld.admin.ch/foen/nfi/unitOfReference","hasValue":true},{"label":"Obwalden","alternateName":"OW","value":"https://ld.admin.ch/canton/6","children":[],"identifier":6,"depth":1,"dimensionIri":"https://environment.ld.admin.ch/foen/nfi/unitOfReference","hasValue":true},{"label":"Nidwalden","alternateName":"NW","value":"https://ld.admin.ch/canton/7","children":[],"identifier":7,"depth":1,"dimensionIri":"https://environment.ld.admin.ch/foen/nfi/unitOfReference","hasValue":true},{"label":"Glarus","alternateName":"GL","value":"https://ld.admin.ch/canton/8","children":[],"identifier":8,"depth":1,"dimensionIri":"https://environment.ld.admin.ch/foen/nfi/unitOfReference","hasValue":true},{"label":"Zug","alternateName":"ZG","value":"https://ld.admin.ch/canton/9","children":[],"identifier":9,"depth":1,"dimensionIri":"https://environment.ld.admin.ch/foen/nfi/unitOfReference","hasValue":true},{"label":"Fribourg","alternateName":"FR","value":"https://ld.admin.ch/canton/10","children":[],"identifier":10,"depth":1,"dimensionIri":"https://environment.ld.admin.ch/foen/nfi/unitOfReference","hasValue":true},{"label":"Solothurn","alternateName":"SO","value":"https://ld.admin.ch/canton/11","children":[],"identifier":11,"depth":1,"dimensionIri":"https://environment.ld.admin.ch/foen/nfi/unitOfReference","hasValue":true},{"label":"both Basel","value":"https://ld.admin.ch/dimension/bgdi/biota/cantonregions/13","children":[],"identifier":13,"depth":1,"dimensionIri":"https://environment.ld.admin.ch/foen/nfi/unitOfReference","hasValue":true},{"label":"Schaffhausen","alternateName":"SH","value":"https://ld.admin.ch/canton/14","children":[],"identifier":14,"depth":1,"dimensionIri":"https://environment.ld.admin.ch/foen/nfi/unitOfReference","hasValue":true},{"label":"Appenzell Ausserrhoden","alternateName":"AR","value":"https://ld.admin.ch/canton/15","children":[],"identifier":15,"depth":1,"dimensionIri":"https://environment.ld.admin.ch/foen/nfi/unitOfReference","hasValue":true},{"label":"Appenzell Innerrhoden","alternateName":"AI","value":"https://ld.admin.ch/canton/16","children":[],"identifier":16,"depth":1,"dimensionIri":"https://environment.ld.admin.ch/foen/nfi/unitOfReference","hasValue":true},{"label":"St Gallen","alternateName":"SG","value":"https://ld.admin.ch/canton/17","children":[],"identifier":17,"depth":1,"dimensionIri":"https://environment.ld.admin.ch/foen/nfi/unitOfReference","hasValue":true},{"label":"Grisons","alternateName":"GR","value":"https://ld.admin.ch/canton/18","children":[],"identifier":18,"depth":1,"dimensionIri":"https://environment.ld.admin.ch/foen/nfi/unitOfReference","hasValue":true},{"label":"Aargau","alternateName":"AG","value":"https://ld.admin.ch/canton/19","children":[],"identifier":19,"depth":1,"dimensionIri":"https://environment.ld.admin.ch/foen/nfi/unitOfReference","hasValue":true},{"label":"Thurgau","alternateName":"TG","value":"https://ld.admin.ch/canton/20","children":[],"identifier":20,"depth":1,"dimensionIri":"https://environment.ld.admin.ch/foen/nfi/unitOfReference","hasValue":true},{"label":"Ticino","alternateName":"TI","value":"https://ld.admin.ch/canton/21","children":[],"identifier":21,"depth":1,"dimensionIri":"https://environment.ld.admin.ch/foen/nfi/unitOfReference","hasValue":true},{"label":"Vaud","alternateName":"VD","value":"https://ld.admin.ch/canton/22","children":[],"identifier":22,"depth":1,"dimensionIri":"https://environment.ld.admin.ch/foen/nfi/unitOfReference","hasValue":true},{"label":"Valais","alternateName":"VS","value":"https://ld.admin.ch/canton/23","children":[],"identifier":23,"depth":1,"dimensionIri":"https://environment.ld.admin.ch/foen/nfi/unitOfReference","hasValue":true},{"label":"Neuchâtel","alternateName":"NE","value":"https://ld.admin.ch/canton/24","children":[],"identifier":24,"depth":1,"dimensionIri":"https://environment.ld.admin.ch/foen/nfi/unitOfReference","hasValue":true},{"label":"Geneva","alternateName":"GE","value":"https://ld.admin.ch/canton/25","children":[],"identifier":25,"depth":1,"dimensionIri":"https://environment.ld.admin.ch/foen/nfi/unitOfReference","hasValue":true},{"label":"Jura","alternateName":"JU","value":"https://ld.admin.ch/canton/26","children":[],"identifier":26,"depth":1,"dimensionIri":"https://environment.ld.admin.ch/foen/nfi/unitOfReference","hasValue":true}],"dimensionIri":"https://environment.ld.admin.ch/foen/nfi/unitOfReference","label":"Switzerland - Canton","depth":-1},{"value":"Switzerland - Economic region","hasValue":false,"children":[{"label":"Western Jura","value":"https://ld.admin.ch/dimension/bgdi/biota/economicregions/1","children":[],"identifier":"1","depth":1,"dimensionIri":"https://environment.ld.admin.ch/foen/nfi/unitOfReference","hasValue":true},{"label":"Central Alps","value":"https://ld.admin.ch/dimension/bgdi/biota/economicregions/10","children":[],"identifier":"10","depth":1,"dimensionIri":"https://environment.ld.admin.ch/foen/nfi/unitOfReference","hasValue":true},{"label":"Northeastern Alps","value":"https://ld.admin.ch/dimension/bgdi/biota/economicregions/11","children":[],"identifier":"11","depth":1,"dimensionIri":"https://environment.ld.admin.ch/foen/nfi/unitOfReference","hasValue":true},{"label":"Southwestern Alps","value":"https://ld.admin.ch/dimension/bgdi/biota/economicregions/12","children":[],"identifier":"12","depth":1,"dimensionIri":"https://environment.ld.admin.ch/foen/nfi/unitOfReference","hasValue":true},{"label":"Southeastern Alps","value":"https://ld.admin.ch/dimension/bgdi/biota/economicregions/13","children":[],"identifier":"13","depth":1,"dimensionIri":"https://environment.ld.admin.ch/foen/nfi/unitOfReference","hasValue":true},{"label":"Southern Alps","value":"https://ld.admin.ch/dimension/bgdi/biota/economicregions/14","children":[],"identifier":"14","depth":1,"dimensionIri":"https://environment.ld.admin.ch/foen/nfi/unitOfReference","hasValue":true},{"label":"Eastern Jura","value":"https://ld.admin.ch/dimension/bgdi/biota/economicregions/2","children":[],"identifier":"2","depth":1,"dimensionIri":"https://environment.ld.admin.ch/foen/nfi/unitOfReference","hasValue":true},{"label":"Western Plateau","value":"https://ld.admin.ch/dimension/bgdi/biota/economicregions/3","children":[],"identifier":"3","depth":1,"dimensionIri":"https://environment.ld.admin.ch/foen/nfi/unitOfReference","hasValue":true},{"label":"Central Plateau","value":"https://ld.admin.ch/dimension/bgdi/biota/economicregions/4","children":[],"identifier":"4","depth":1,"dimensionIri":"https://environment.ld.admin.ch/foen/nfi/unitOfReference","hasValue":true},{"label":"Eastern Plateau","value":"https://ld.admin.ch/dimension/bgdi/biota/economicregions/5","children":[],"identifier":"5","depth":1,"dimensionIri":"https://environment.ld.admin.ch/foen/nfi/unitOfReference","hasValue":true},{"label":"Western Pre-Alps","value":"https://ld.admin.ch/dimension/bgdi/biota/economicregions/6","children":[],"identifier":"6","depth":1,"dimensionIri":"https://environment.ld.admin.ch/foen/nfi/unitOfReference","hasValue":true},{"label":"Central Pre-Alps","value":"https://ld.admin.ch/dimension/bgdi/biota/economicregions/7","children":[],"identifier":"7","depth":1,"dimensionIri":"https://environment.ld.admin.ch/foen/nfi/unitOfReference","hasValue":true},{"label":"Eastern Pre-Alps","value":"https://ld.admin.ch/dimension/bgdi/biota/economicregions/8","children":[],"identifier":"8","depth":1,"dimensionIri":"https://environment.ld.admin.ch/foen/nfi/unitOfReference","hasValue":true},{"label":"Northwestern Alps","value":"https://ld.admin.ch/dimension/bgdi/biota/economicregions/9","children":[],"identifier":"9","depth":1,"dimensionIri":"https://environment.ld.admin.ch/foen/nfi/unitOfReference","hasValue":true}],"dimensionIri":"https://environment.ld.admin.ch/foen/nfi/unitOfReference","label":"Switzerland - Economic region","depth":-1},{"value":"Switzerland - Protection forest region","hasValue":false,"children":[{"label":"Jura + Plateau","value":"https://ld.admin.ch/dimension/bgdi/biota/protectionforestregions/1","children":[],"identifier":"1","depth":1,"dimensionIri":"https://environment.ld.admin.ch/foen/nfi/unitOfReference","hasValue":true},{"label":"Northwestern Alps","value":"https://ld.admin.ch/dimension/bgdi/biota/protectionforestregions/2","children":[],"identifier":"2","depth":1,"dimensionIri":"https://environment.ld.admin.ch/foen/nfi/unitOfReference","hasValue":true},{"label":"Northeastern Alps","value":"https://ld.admin.ch/dimension/bgdi/biota/protectionforestregions/3","children":[],"identifier":"3","depth":1,"dimensionIri":"https://environment.ld.admin.ch/foen/nfi/unitOfReference","hasValue":true},{"label":"Southwestern Alps","value":"https://ld.admin.ch/dimension/bgdi/biota/protectionforestregions/4","children":[],"identifier":"4","depth":1,"dimensionIri":"https://environment.ld.admin.ch/foen/nfi/unitOfReference","hasValue":true},{"label":"Southeastern Alps","value":"https://ld.admin.ch/dimension/bgdi/biota/protectionforestregions/5","children":[],"identifier":"5","depth":1,"dimensionIri":"https://environment.ld.admin.ch/foen/nfi/unitOfReference","hasValue":true},{"label":"Southern Alps","value":"https://ld.admin.ch/dimension/bgdi/biota/protectionforestregions/6","children":[],"identifier":"6","depth":1,"dimensionIri":"https://environment.ld.admin.ch/foen/nfi/unitOfReference","hasValue":true}],"dimensionIri":"https://environment.ld.admin.ch/foen/nfi/unitOfReference","label":"Switzerland - Protection forest region","depth":-1},{"value":"Switzerland - Regione di produzione","hasValue":false,"children":[{"label":"Jura","value":"https://ld.admin.ch/dimension/bgdi/biota/productionregions/1","children":[],"identifier":"1","depth":1,"dimensionIri":"https://environment.ld.admin.ch/foen/nfi/unitOfReference","hasValue":true},{"label":"Plateau","value":"https://ld.admin.ch/dimension/bgdi/biota/productionregions/2","children":[],"identifier":"2","depth":1,"dimensionIri":"https://environment.ld.admin.ch/foen/nfi/unitOfReference","hasValue":true},{"label":"Pre-Alps","value":"https://ld.admin.ch/dimension/bgdi/biota/productionregions/3","children":[],"identifier":"3","depth":1,"dimensionIri":"https://environment.ld.admin.ch/foen/nfi/unitOfReference","hasValue":true},{"label":"Alps","value":"https://ld.admin.ch/dimension/bgdi/biota/productionregions/4","children":[],"identifier":"4","depth":1,"dimensionIri":"https://environment.ld.admin.ch/foen/nfi/unitOfReference","hasValue":true},{"label":"Southern Alps","value":"https://ld.admin.ch/dimension/bgdi/biota/productionregions/5","children":[],"identifier":"5","depth":1,"dimensionIri":"https://environment.ld.admin.ch/foen/nfi/unitOfReference","hasValue":true}],"dimensionIri":"https://environment.ld.admin.ch/foen/nfi/unitOfReference","label":"Switzerland - Regione di produzione","depth":-1}],"identifier":"CHE","depth":0,"dimensionIri":"https://environment.ld.admin.ch/foen/nfi/unitOfReference","hasValue":true,"hierarchyName":"Switzerland - Canton"}]}],"measures":[]}}}
