{"data":{"dataCubeMetadata":{"iri":"https://environment.ld.admin.ch/foen/nfi/nfi_C-1029/cube/2023-3","identifier":"nfi_C-1029","title":"NFI: Topics by diameter classes","description":"The National Forest Inventory (NFI) is a periodic survey of condition and development of the Swiss forest. It is produced in close cooperation between the Federal Office for the Environment (FOEN) and the Swiss Federal Institute for Forest, Snow and Landscape Research (WSL). This record contains information about: growing stock (stemwood), growing stock (stemwood) per forest area, stem number, stem number per forest area and basal area per forest area","version":"2023.3","datePublished":"2023-06-22","dateModified":"2023-11-02T21:14:33Z","publicationStatus":"PUBLISHED","themes":[{"iri":"https://register.ld.admin.ch/opendataswiss/category/territory","label":"Territory and environment"},{"iri":"https://register.ld.admin.ch/opendataswiss/category/agriculture","label":"Agriculture, forestry"}],"creator":{"iri":"https://register.ld.admin.ch/opendataswiss/org/bundesamt-fur-umwelt-bafu","label":"Federal Office for the Environment FOEN"},"versionHistory":"https://environment.ld.admin.ch/foen/nfi/nfi_C-1029/cube","contactPoint":{"email":"wald@bafu.admin.ch","name":"Abteilung Wald, Bundesamt für Umwelt"},"publisher":"Abteilung Wald, Bundesamt für Umwelt","landingPage":"https://lfi.ch/resultate/resultateliste.php?befNr=1029","workExamples":["https://ld.admin.ch/application/opendataswiss","https://ld.admin.ch/application/visualize","anon-genid-b4aef845c83542a48c6a58786bfa5485-12","anon-genid-b4aef845c83542a48c6a58786bfa5485-13","anon-genid-b4aef845c83542a48c6a58786bfa5485-14"]}}}
