{"data":{"dataCubeComponents":{"dimensions":[{"__typename":"NominalDimension","cubeIri":"https://environment.ld.admin.ch/foen/nfi/nfi_C-1029/cube/2023-3","iri":"https://environment.ld.admin.ch/foen/nfi/grid","label":"Grid","description":"","scaleType":"Nominal","order":100,"isNumerical":false,"isKeyDimension":true,"values":[{"value":"https://environment.ld.admin.ch/foen/nfi/Grid/410","label":"1.4-km grid","description":"Stichprobennetz des LFI mit einer Maschenweite von 1,4 km. Beim 1,4-km-Netz handelt es sich um das gemeinsame Netz aller bisherigen terrestrischen Inventuren, weshalb es auch als Basisnetz bezeichnet wird.","identifier":"410"}],"related":[],"hierarchy":null}],"measures":[]}}}
