{"data":{"dataCubeComponents":{"dimensions":[{"__typename":"TemporalOrdinalDimension","cubeIri":"https://environment.ld.admin.ch/foen/nfi/nfi_C-1029/cube/2023-3","iri":"https://environment.ld.admin.ch/foen/nfi/inventory","label":"Inventory","description":"NFI1: 1983/85, NFI2: 1993/95, NFI3: 2004/06, NFI4: 2009/17, NFI5: 2018/26","scaleType":"Ordinal","order":0,"isNumerical":false,"isKeyDimension":true,"values":[],"related":[],"hierarchy":null},{"__typename":"GeoShapesDimension","cubeIri":"https://environment.ld.admin.ch/foen/nfi/nfi_C-1029/cube/2023-3","iri":"https://environment.ld.admin.ch/foen/nfi/unitOfReference","label":"Region","description":"Canton: Die Kantone sind politische Regionen mit auch eigenen Waldgesetzen. Die beiden Halbkantone Basel-Landschaft (BL) und Basel-Stadt (BS) werden im LFI aus statistischen Gründen zu einem Kanton zusammengefasst. Production region: Die Produktionsregionen sind Regionen mit ähnlichen forstlichen Wuchs- und Produktionsbedingungen, erstellt durch das damalige Bundesamt für Forstwesen für die forstliche Statistik lange vor dem ersten LFI (1983-85). Die Regionenzugehörigkeit wurde definiert über die damaligen Gemeindegrenzen nach unbekannten Kriterien. Das LFI arbeitet sei jeher mit diesen unveränderten Perimetern mit einer winzigen kleinen Ausnahme am Genfersee.In der heutigen Forststatistik (Bundesamt für Statistik, BFS) hat der Begriff Produktionsregionen in «Forstzonen» gewechselt. Diese Regionen werden vom BFS unterhalten und dabei fanden Änderungen statt. Dabei wurde vermehrt auf die Lage des Waldes innerhalb einer Gemeinde Rücksicht genommen. Für einige Gemeinden entlang des Jurabogens bedeutet dies beispielsweise, dass sie neu der Forstzone «Jura» angehören und nicht wie bisher (Produktionsregionen) dem Mittelland. Das LFI hat die alten Perimeter beibehalten, die sich heute mit diversen neuen Gemeindegrenzen nicht mehr decken. Economic region: Die Wirtschaftsregionen bilden eine Unterteilung der forstlichen Produktionsregionen nach wirtschaftlichen und geographischen Gesichtspunkten. Sie wurden erstellt durch das damalige Bundesamt für Forstwesen für die forstliche Statistik, lange vor dem ersten LFI (1983-85). Die Regionenzugehörigkeit wurde definiert über die damaligen Gemeindegrenzen nach unbekannten Kriterien. Das LFI arbeitet sei jeher mit diesen unveränderten Perimetern mit einer winzigen kleinen Ausnahme am Genfersee. Protection forest region: Die 6 Schutzwaldregionen sind eine Zusammenfassung der 14 Wirtschaftsregionen durch das Landesforstinventar LFI nach naturräumlichen und statistischen Aspekten.","scaleType":"Nominal","order":1,"isNumerical":false,"isKeyDimension":true,"values":[],"related":[],"hierarchy":null},{"__typename":"NominalDimension","cubeIri":"https://environment.ld.admin.ch/foen/nfi/nfi_C-1029/cube/2023-3","iri":"https://environment.ld.admin.ch/foen/nfi/classificationUnit","label":"diameter classes","description":"Diameter classes: Einteilung des gemessenen D13-Wertes in Durchmesser-Stärkeklassen.","scaleType":"Nominal","order":2,"isNumerical":false,"isKeyDimension":true,"values":[],"related":[],"hierarchy":null},{"__typename":"NominalDimension","cubeIri":"https://environment.ld.admin.ch/foen/nfi/nfi_C-1029/cube/2023-3","iri":"https://environment.ld.admin.ch/foen/nfi/unitOfEvaluation","label":"Evaluation area","description":"Part of an area or/and individuals that fulfill certain criteria and for which conclusions should be drawn (NFI definition). Accessible forest without shrub forest: Zugehörigkeit zum zugänglichen Wald ohne Gebüschwald. Unter der jeweiligen Inventurnummer gehören jene Punkte des terrestrischen Netzes zum \"zugänglichen Wald ohne Gebüschwald\", welche terrestrisch begehbar waren und dem \"Wald ohne Gebüschwald\" zugeordnet wurden. Im internationalen Reporting werden diese als \"forest available for wood supply\" ausgewiesen. Accessible forest without shrub forest NFI1/NFI2/NFI3/NFI4/NFI5: Zugehörigkeit zum gemeinsam zugänglichen Wald ohne Gebüschwald in den Inventuren nach Methoden LFI1 bis LFI5.","scaleType":"Nominal","order":3,"isNumerical":false,"isKeyDimension":true,"values":[],"related":[],"hierarchy":null},{"__typename":"StandardErrorDimension","cubeIri":"https://environment.ld.admin.ch/foen/nfi/nfi_C-1029/cube/2023-3","iri":"https://environment.ld.admin.ch/foen/nfi/Topic/SE21","label":"standard error of growing stock (stemwood)","description":"Standard error of the estimate","unit":"%","scaleType":"Interval","dataType":"http://www.w3.org/2001/XMLSchema#decimal","order":12,"isNumerical":true,"isKeyDimension":false,"values":[],"related":[{"type":"StandardError","iri":"https://environment.ld.admin.ch/foen/nfi/Topic/21"}],"hierarchy":null},{"__typename":"StandardErrorDimension","cubeIri":"https://environment.ld.admin.ch/foen/nfi/nfi_C-1029/cube/2023-3","iri":"https://environment.ld.admin.ch/foen/nfi/Topic/SE21r","label":"standard error of growing stock (stemwood) per forest area","description":"Standard error of the estimate","unit":"%","scaleType":"Interval","dataType":"http://www.w3.org/2001/XMLSchema#decimal","order":14,"isNumerical":true,"isKeyDimension":false,"values":[],"related":[{"type":"StandardError","iri":"https://environment.ld.admin.ch/foen/nfi/Topic/21r"}],"hierarchy":null},{"__typename":"StandardErrorDimension","cubeIri":"https://environment.ld.admin.ch/foen/nfi/nfi_C-1029/cube/2023-3","iri":"https://environment.ld.admin.ch/foen/nfi/Topic/SE73","label":"standard error of stem number","description":"Standard error of the estimate","unit":"%","scaleType":"Interval","dataType":"http://www.w3.org/2001/XMLSchema#decimal","order":16,"isNumerical":true,"isKeyDimension":false,"values":[],"related":[{"type":"StandardError","iri":"https://environment.ld.admin.ch/foen/nfi/Topic/73"}],"hierarchy":null},{"__typename":"StandardErrorDimension","cubeIri":"https://environment.ld.admin.ch/foen/nfi/nfi_C-1029/cube/2023-3","iri":"https://environment.ld.admin.ch/foen/nfi/Topic/SE73r","label":"standard error of stem number per forest area","description":"Standard error of the estimate","unit":"%","scaleType":"Interval","dataType":"http://www.w3.org/2001/XMLSchema#decimal","order":18,"isNumerical":true,"isKeyDimension":false,"values":[],"related":[{"type":"StandardError","iri":"https://environment.ld.admin.ch/foen/nfi/Topic/73r"}],"hierarchy":null},{"__typename":"StandardErrorDimension","cubeIri":"https://environment.ld.admin.ch/foen/nfi/nfi_C-1029/cube/2023-3","iri":"https://environment.ld.admin.ch/foen/nfi/Topic/SE92r","label":"standard error of basal area per forest area","description":"Standard error of the estimate","unit":"%","scaleType":"Interval","dataType":"http://www.w3.org/2001/XMLSchema#decimal","order":20,"isNumerical":true,"isKeyDimension":false,"values":[],"related":[{"type":"StandardError","iri":"https://environment.ld.admin.ch/foen/nfi/Topic/92r"}],"hierarchy":null},{"__typename":"NominalDimension","cubeIri":"https://environment.ld.admin.ch/foen/nfi/nfi_C-1029/cube/2023-3","iri":"https://environment.ld.admin.ch/foen/nfi/grid","label":"Grid","description":"","scaleType":"Nominal","order":100,"isNumerical":false,"isKeyDimension":true,"values":[],"related":[],"hierarchy":null},{"__typename":"NominalDimension","cubeIri":"https://environment.ld.admin.ch/foen/nfi/nfi_C-1029/cube/2023-3","iri":"https://environment.ld.admin.ch/foen/nfi/evaluationType","label":"Evaluation type","scaleType":"Nominal","order":101,"isNumerical":false,"isKeyDimension":true,"values":[],"related":[],"hierarchy":null}],"measures":[{"__typename":"NumericalMeasure","isCurrency":false,"isDecimal":true,"cubeIri":"https://environment.ld.admin.ch/foen/nfi/nfi_C-1029/cube/2023-3","iri":"https://environment.ld.admin.ch/foen/nfi/Topic/21","label":"growing stock (stemwood)","description":"Schaftholzvolumen in Rinde der lebenden Bäume und Sträucher (stehende und liegende) ab 12 cm Brusthöhendurchmesser (BHD). Dieses entspricht international dem «growing stock». Die Biaskorrektur der Tarifprobebäume kann so stark ausfallen, dass bei kleinen Baumzahlen negative Werte resultieren können.","unit":"m³","scaleType":"Ratio","dataType":"http://www.w3.org/2001/XMLSchema#decimal","order":11,"isNumerical":true,"isKeyDimension":false,"values":[],"related":[]},{"__typename":"NumericalMeasure","isCurrency":false,"isDecimal":true,"cubeIri":"https://environment.ld.admin.ch/foen/nfi/nfi_C-1029/cube/2023-3","iri":"https://environment.ld.admin.ch/foen/nfi/Topic/21r","label":"growing stock (stemwood) per forest area","description":"Schaftholzvolumen in Rinde der lebenden Bäume und Sträucher (stehende und liegende) ab 12 cm Brusthöhendurchmesser (BHD). Dieses entspricht international dem «growing stock». Die Biaskorrektur der Tarifprobebäume kann so stark ausfallen, dass bei kleinen Baumzahlen negative Werte resultieren können.","unit":"m³/ha","scaleType":"Interval","dataType":"http://www.w3.org/2001/XMLSchema#decimal","order":13,"isNumerical":true,"isKeyDimension":false,"values":[],"related":[]},{"__typename":"NumericalMeasure","isCurrency":false,"isDecimal":true,"cubeIri":"https://environment.ld.admin.ch/foen/nfi/nfi_C-1029/cube/2023-3","iri":"https://environment.ld.admin.ch/foen/nfi/Topic/73","label":"stem number","description":"Anzahl Stämme der lebenden Bäume und Sträucher (stehende und liegende) ab 12 cm BHD.","unit":"#","scaleType":"Ratio","dataType":"http://www.w3.org/2001/XMLSchema#decimal","order":15,"isNumerical":true,"isKeyDimension":false,"values":[],"related":[]},{"__typename":"NumericalMeasure","isCurrency":false,"isDecimal":true,"cubeIri":"https://environment.ld.admin.ch/foen/nfi/nfi_C-1029/cube/2023-3","iri":"https://environment.ld.admin.ch/foen/nfi/Topic/73r","label":"stem number per forest area","description":"Anzahl Stämme der lebenden Bäume und Sträucher (stehende und liegende) ab 12 cm BHD.","unit":"/ha","scaleType":"Interval","dataType":"http://www.w3.org/2001/XMLSchema#decimal","order":17,"isNumerical":true,"isKeyDimension":false,"values":[],"related":[]},{"__typename":"NumericalMeasure","isCurrency":false,"isDecimal":true,"cubeIri":"https://environment.ld.admin.ch/foen/nfi/nfi_C-1029/cube/2023-3","iri":"https://environment.ld.admin.ch/foen/nfi/Topic/92r","label":"basal area per forest area","description":"Summe der Stammquerschnittsflächen in 1,3 m Höhe (BHD-Messstelle) aller lebenden Bäume und Sträucher ab 12 cm BHD (stehende und liegende).","unit":"m²/ha","scaleType":"Interval","dataType":"http://www.w3.org/2001/XMLSchema#decimal","order":19,"isNumerical":true,"isKeyDimension":false,"values":[],"related":[]}]}}}
