{"data":{"searchCubes":[{"highlightedTitle":"The Stapfer-Enquête: schooling in Switzerland 1799 (RDF)","highlightedDescription":"Database containing the results of the Stapfer-Enquête: The Stapfer-Enquête is a unique survey of the school situation in the Helvetic Republic dating from 1799. It was initiated by education minister Philipp Albert Stapfer (1766–1840). The authorities sent teachers (including, in a small number of cases, female staff) a standardised questionnaire containing some 60 questions on the local situation, teaching, and personal and economic circumstances. The approximately 2,400 handwritten responses are held by the Swiss Federal Archives (Archiv der Helvetik, fonds B0#C.02.3.1).  Between 2009 and 2015, a team from the University of Bern compiled a database of the Stapfer-Enquête which was then passed to the Federal Archives. This work is also documented on the website www.stapferenquete.ch.","cube":{"iri":"https://culture.ld.admin.ch/sfa/stapfer-enquete-1799/3","title":"The Stapfer-Enquête: schooling in Switzerland 1799 (RDF)","description":"Database containing the results of the Stapfer-Enquête: The Stapfer-Enquête is a unique survey of the school situation in the Helvetic Republic dating from 1799. It was initiated by education minister Philipp Albert Stapfer (1766–1840). The authorities sent teachers (including, in a small number of cases, female staff) a standardised questionnaire containing some 60 questions on the local situation, teaching, and personal and economic circumstances. The approximately 2,400 handwritten responses are held by the Swiss Federal Archives (Archiv der Helvetik, fonds B0#C.02.3.1).  Between 2009 and 2015, a team from the University of Bern compiled a database of the Stapfer-Enquête which was then passed to the Federal Archives. This work is also documented on the website www.stapferenquete.ch.","publicationStatus":"PUBLISHED","datePublished":"2022-05-23","creator":{"iri":"https://register.ld.admin.ch/opendataswiss/org/schweizerisches-bundesarchiv-bar","label":"Swiss Federal Archives SFA"},"themes":[{"iri":"https://register.ld.admin.ch/opendataswiss/category/population","label":"Population"},{"iri":"https://register.ld.admin.ch/opendataswiss/category/education","label":"Education and science"}],"subthemes":[],"dimensions":[]},"__typename":"SearchCubeResult"},{"highlightedTitle":"State accounts - Office","highlightedDescription":"In the state financial statements, the Federal Council details the receipts of the federal administration for the previous year and accounts for its expenditure.  The Federal Finance Administration (FFA) consolidates the annual financial statements of the departments and, based on them, compiles the report on the state financial statements. The statements are adopted by the Federal Council and forwarded in printed form to Parliament for approval.  The Federal Council also lays the budget for the following year before the Federal Assembly. This is also prepared by the FFA. By this means, Parliament approves the planned expenses and total expenditure of the Confederation and takes note of the estimate of income and receipts.  Further information and the most recent state financial statements can be found on the FFA website: https://www.efv.admin.ch/efv/en/home.html.","cube":{"iri":"https://culture.ld.admin.ch/sfa/StateAccounts_Office/5","title":"State accounts - Office","description":"In the state financial statements, the Federal Council details the receipts of the federal administration for the previous year and accounts for its expenditure.  The Federal Finance Administration (FFA) consolidates the annual financial statements of the departments and, based on them, compiles the report on the state financial statements. The statements are adopted by the Federal Council and forwarded in printed form to Parliament for approval.  The Federal Council also lays the budget for the following year before the Federal Assembly. This is also prepared by the FFA. By this means, Parliament approves the planned expenses and total expenditure of the Confederation and takes note of the estimate of income and receipts.  Further information and the most recent state financial statements can be found on the FFA website: https://www.efv.admin.ch/efv/en/home.html.","publicationStatus":"PUBLISHED","datePublished":"2022-05-23","creator":{"iri":"https://register.ld.admin.ch/opendataswiss/org/schweizerisches-bundesarchiv-bar","label":"Swiss Federal Archives SFA"},"themes":[{"iri":"https://register.ld.admin.ch/opendataswiss/category/statistical-basis","label":"Statistical basis"},{"iri":"https://register.ld.admin.ch/opendataswiss/category/finances","label":"Finances"},{"iri":"https://register.ld.admin.ch/opendataswiss/category/administration","label":"Administration"}],"subthemes":[],"dimensions":[]},"__typename":"SearchCubeResult"},{"highlightedTitle":"State accounts - Function","highlightedDescription":"In the state financial statements, the Federal Council details the receipts of the federal administration for the previous year and accounts for its expenditure.  The Federal Finance Administration (FFA) consolidates the annual financial statements of the departments and, based on them, compiles the report on the state financial statements. The statements are adopted by the Federal Council and forwarded in printed form to Parliament for approval.  The Federal Council also lays the budget for the following year before the Federal Assembly. This is also prepared by the FFA. By this means, Parliament approves the planned expenses and total expenditure of the Confederation and takes note of the estimate of income and receipts.  Further information and the most recent state financial statements can be found on the FFA website: https://www.efv.admin.ch/efv/en/home.html.","cube":{"iri":"https://culture.ld.admin.ch/sfa/StateAccounts_Function/5","title":"State accounts - Function","description":"In the state financial statements, the Federal Council details the receipts of the federal administration for the previous year and accounts for its expenditure.  The Federal Finance Administration (FFA) consolidates the annual financial statements of the departments and, based on them, compiles the report on the state financial statements. The statements are adopted by the Federal Council and forwarded in printed form to Parliament for approval.  The Federal Council also lays the budget for the following year before the Federal Assembly. This is also prepared by the FFA. By this means, Parliament approves the planned expenses and total expenditure of the Confederation and takes note of the estimate of income and receipts.  Further information and the most recent state financial statements can be found on the FFA website: https://www.efv.admin.ch/efv/en/home.html.","publicationStatus":"PUBLISHED","datePublished":"2022-05-23","creator":{"iri":"https://register.ld.admin.ch/opendataswiss/org/schweizerisches-bundesarchiv-bar","label":"Swiss Federal Archives SFA"},"themes":[{"iri":"https://register.ld.admin.ch/opendataswiss/category/finances","label":"Finances"},{"iri":"https://register.ld.admin.ch/opendataswiss/category/administration","label":"Administration"},{"iri":"https://register.ld.admin.ch/opendataswiss/category/statistical-basis","label":"Statistical basis"}],"subthemes":[],"dimensions":[]},"__typename":"SearchCubeResult"},{"highlightedTitle":"State accounts - Category","highlightedDescription":"In the state financial statements, the Federal Council details the receipts of the federal administration for the previous year and accounts for its expenditure.  The Federal Finance Administration (FFA) consolidates the annual financial statements of the departments and, based on them, compiles the report on the state financial statements. The statements are adopted by the Federal Council and forwarded in printed form to Parliament for approval.  The Federal Council also lays the budget for the following year before the Federal Assembly. This is also prepared by the FFA. By this means, Parliament approves the planned expenses and total expenditure of the Confederation and takes note of the estimate of income and receipts.  Further information and the most recent state financial statements can be found on the FFA website: https://www.efv.admin.ch/efv/en/home.html.","cube":{"iri":"https://culture.ld.admin.ch/sfa/StateAccounts_Category/5","title":"State accounts - Category","description":"In the state financial statements, the Federal Council details the receipts of the federal administration for the previous year and accounts for its expenditure.  The Federal Finance Administration (FFA) consolidates the annual financial statements of the departments and, based on them, compiles the report on the state financial statements. The statements are adopted by the Federal Council and forwarded in printed form to Parliament for approval.  The Federal Council also lays the budget for the following year before the Federal Assembly. This is also prepared by the FFA. By this means, Parliament approves the planned expenses and total expenditure of the Confederation and takes note of the estimate of income and receipts.  Further information and the most recent state financial statements can be found on the FFA website: https://www.efv.admin.ch/efv/en/home.html.","publicationStatus":"PUBLISHED","datePublished":"2022-05-23","creator":{"iri":"https://register.ld.admin.ch/opendataswiss/org/schweizerisches-bundesarchiv-bar","label":"Swiss Federal Archives SFA"},"themes":[{"iri":"https://register.ld.admin.ch/opendataswiss/category/statistical-basis","label":"Statistical basis"},{"iri":"https://register.ld.admin.ch/opendataswiss/category/administration","label":"Administration"},{"iri":"https://register.ld.admin.ch/opendataswiss/category/finances","label":"Finances"}],"subthemes":[],"dimensions":[]},"__typename":"SearchCubeResult"},{"highlightedTitle":"State accounts - Domain","highlightedDescription":"In the state financial statements, the Federal Council details the receipts of the federal administration for the previous year and accounts for its expenditure.  The Federal Finance Administration (FFA) consolidates the annual financial statements of the departments and, based on them, compiles the report on the state financial statements. The statements are adopted by the Federal Council and forwarded in printed form to Parliament for approval.  The Federal Council also lays the budget for the following year before the Federal Assembly. This is also prepared by the FFA. By this means, Parliament approves the planned expenses and total expenditure of the Confederation and takes note of the estimate of income and receipts.  Further information and the most recent state financial statements can be found on the FFA website: https://www.efv.admin.ch/efv/en/home.html.","cube":{"iri":"https://culture.ld.admin.ch/sfa/StateAccounts_Domain/4","title":"State accounts - Domain","description":"In the state financial statements, the Federal Council details the receipts of the federal administration for the previous year and accounts for its expenditure.  The Federal Finance Administration (FFA) consolidates the annual financial statements of the departments and, based on them, compiles the report on the state financial statements. The statements are adopted by the Federal Council and forwarded in printed form to Parliament for approval.  The Federal Council also lays the budget for the following year before the Federal Assembly. This is also prepared by the FFA. By this means, Parliament approves the planned expenses and total expenditure of the Confederation and takes note of the estimate of income and receipts.  Further information and the most recent state financial statements can be found on the FFA website: https://www.efv.admin.ch/efv/en/home.html.","publicationStatus":"PUBLISHED","datePublished":"2022-05-23","creator":{"iri":"https://register.ld.admin.ch/opendataswiss/org/schweizerisches-bundesarchiv-bar","label":"Swiss Federal Archives SFA"},"themes":[{"iri":"https://register.ld.admin.ch/opendataswiss/category/statistical-basis","label":"Statistical basis"},{"iri":"https://register.ld.admin.ch/opendataswiss/category/administration","label":"Administration"},{"iri":"https://register.ld.admin.ch/opendataswiss/category/finances","label":"Finances"}],"subthemes":[],"dimensions":[]},"__typename":"SearchCubeResult"}]}}
