{"data":{"searchCubes":[{"highlightedTitle":"Switzerland energy balance","highlightedDescription":"Switzerland's energy balance provides information on domestic production, import / export, storage, conversion, own consumption, transport and grid losses and consumption of the various energy carriers in Switzerland on an annual basis. The production of electricity and district heating and the associated energy carrier input are presented by generation technology. The final energy consumption of wood, coal, waste and industrial waste, petroleum products, gas, other renewable energies (biogenic fuels, biogas, solar, environmental heat), electricity and district heating is shown for the sectors households, industry, services, transport and statistical difference incl. agriculture. ","cube":{"iri":"https://energy.ld.admin.ch/sfoe/bfe_ogd115_gest_bilanz_long/14","title":"Switzerland energy balance","description":"Switzerland's energy balance provides information on domestic production, import / export, storage, conversion, own consumption, transport and grid losses and consumption of the various energy carriers in Switzerland on an annual basis. The production of electricity and district heating and the associated energy carrier input are presented by generation technology. The final energy consumption of wood, coal, waste and industrial waste, petroleum products, gas, other renewable energies (biogenic fuels, biogas, solar, environmental heat), electricity and district heating is shown for the sectors households, industry, services, transport and statistical difference incl. agriculture. ","publicationStatus":"PUBLISHED","datePublished":"2023-07-07","creator":{"iri":"https://register.ld.admin.ch/opendataswiss/org/bundesamt-fur-energie-bfe","label":"Swiss Federal Office of Energy SFOE"},"themes":[{"iri":"https://register.ld.admin.ch/opendataswiss/category/territory","label":"Territory and environment"},{"iri":"https://register.ld.admin.ch/opendataswiss/category/energy","label":"Energy"}],"subthemes":[],"dimensions":[]},"__typename":"SearchCubeResult"},{"highlightedTitle":"Schweizerische Gesamtenergiestatistik","highlightedDescription":"Die Schweizerische Gesamtenergiestatistik gibt Auskunft über Produktion, Import / Export, Lagerhaltung, Umwandlung und Verbrauch der verschiedenen Energieträger in der Schweiz auf jährlicher Basis (Energiebilanz). Der Endenergieverbrauch von Holz, Kohle, Müll und Industrieabfälle, Erdölprodukte, Gas, Übrige erneuerbaren Energien (Biogene Treibstoffe, Biogas, Sonne, Umweltwärme), Elektrizität und Fernwärme wird für die Sektoren Haushalte, Industrie, Dienstleistungen, Verkehr und Statistische Differenz inkl. Landwirtschaft ausgewiesen. Die Produktion von Elektrizität wird nach Erzeugungstechnologien und die Produktion von Fernwärme nach Energieträgerinput dargestellt. Weiter werden der Energie-Aussenhandel und die Endverbraucherausgaben ausgewiesen. Als Ergänzung sind Energiepreisentwicklungen und einige volkswirtschaftliche Kenngrössen aufgeführt (Quellen: BFS, SECO). Die Schweizerische Gesamtenergiestatistik ist Teil der öffentlichen Statistik der Schweiz (gesetzliche Grundlage: BStatG).","cube":{"iri":"https://energy.ld.admin.ch/sfoe/bfe_ogd115_gest_bilanz/8","title":"Schweizerische Gesamtenergiestatistik","description":"Die Schweizerische Gesamtenergiestatistik gibt Auskunft über Produktion, Import / Export, Lagerhaltung, Umwandlung und Verbrauch der verschiedenen Energieträger in der Schweiz auf jährlicher Basis (Energiebilanz). Der Endenergieverbrauch von Holz, Kohle, Müll und Industrieabfälle, Erdölprodukte, Gas, Übrige erneuerbaren Energien (Biogene Treibstoffe, Biogas, Sonne, Umweltwärme), Elektrizität und Fernwärme wird für die Sektoren Haushalte, Industrie, Dienstleistungen, Verkehr und Statistische Differenz inkl. Landwirtschaft ausgewiesen. Die Produktion von Elektrizität wird nach Erzeugungstechnologien und die Produktion von Fernwärme nach Energieträgerinput dargestellt. Weiter werden der Energie-Aussenhandel und die Endverbraucherausgaben ausgewiesen. Als Ergänzung sind Energiepreisentwicklungen und einige volkswirtschaftliche Kenngrössen aufgeführt (Quellen: BFS, SECO). Die Schweizerische Gesamtenergiestatistik ist Teil der öffentlichen Statistik der Schweiz (gesetzliche Grundlage: BStatG).","publicationStatus":"PUBLISHED","datePublished":"2023-05-31","creator":{"iri":"https://register.ld.admin.ch/opendataswiss/org/bundesamt-fur-energie-bfe","label":"Swiss Federal Office of Energy SFOE"},"themes":[{"iri":"https://register.ld.admin.ch/opendataswiss/category/energy","label":"Energy"},{"iri":"https://register.ld.admin.ch/opendataswiss/category/territory","label":"Territory and environment"},{"iri":"https://register.ld.admin.ch/opendataswiss/category/statistical-basis","label":"Statistical basis"}],"subthemes":[],"dimensions":[]},"__typename":"SearchCubeResult"},{"highlightedTitle":"energiedashboard.ch: Füllstände Gasspeicher EU","highlightedDescription":"Gasspeicher spielen eine wichtige Rolle für die Versorgungssicherheit mit Gas im Winter, wenn am meisten Gas verbraucht wird. Über das Jahr gesehen deckt die Schweiz rund 15% ihres Energiebedarfs mit Gas. Rund die Hälfte davon wird für die Beheizung von Gebäuden verbraucht. Die Schweiz ist beim Gas beinahe vollständig von Importen abhängig. Nur wenig Gas (Biogas) wird im Inland produziert. Ebenso verfügt die Schweiz über keine grossen eigenen Speicher im Inland. Sie ist auf die Nutzung der Gasspeicher in den Nachbarländern angewiesen.  Der Bundesrat hat die Gasbranche verpflichtet, für den Winter 2022/23 Speicherkapazitäten in den Nachbarländern (15% des schweizerischen Jahresverbrauch) und Optionen für zusätzliche Gaslieferungen zu sichern. Ende August 2022 meldete die Gasbranche den erfolgreichen Vollzug dieser Aufgabe.  Die Füllstände der Gasspeicher in Deutschland, Frankreich, Italien und Österreich sowie der gesamten EU sind in Prozent und in Terawattstunden (TWh) angegeben. Die Speicherstände basieren auf dem oberen Heizwert. Die Füllstände zeigen den Zustand der Gasspeicher des Vortags bis 23 Uhr. Die Daten stammen aus öffentlichen Quellen der EU.  Der Trend zeigt die Entwicklung des Füllstandes an. Er zeigt nach oben, wenn der Füllstand verglichen zum Durchschnitt der letzten 10 Tagen zugenommen hat.","cube":{"iri":"https://energy.ld.admin.ch/sfoe/bfe_ogd102_fuellstand_gasspeicher/11","title":"energiedashboard.ch: Füllstände Gasspeicher EU","description":"Gasspeicher spielen eine wichtige Rolle für die Versorgungssicherheit mit Gas im Winter, wenn am meisten Gas verbraucht wird. Über das Jahr gesehen deckt die Schweiz rund 15% ihres Energiebedarfs mit Gas. Rund die Hälfte davon wird für die Beheizung von Gebäuden verbraucht. Die Schweiz ist beim Gas beinahe vollständig von Importen abhängig. Nur wenig Gas (Biogas) wird im Inland produziert. Ebenso verfügt die Schweiz über keine grossen eigenen Speicher im Inland. Sie ist auf die Nutzung der Gasspeicher in den Nachbarländern angewiesen.  Der Bundesrat hat die Gasbranche verpflichtet, für den Winter 2022/23 Speicherkapazitäten in den Nachbarländern (15% des schweizerischen Jahresverbrauch) und Optionen für zusätzliche Gaslieferungen zu sichern. Ende August 2022 meldete die Gasbranche den erfolgreichen Vollzug dieser Aufgabe.  Die Füllstände der Gasspeicher in Deutschland, Frankreich, Italien und Österreich sowie der gesamten EU sind in Prozent und in Terawattstunden (TWh) angegeben. Die Speicherstände basieren auf dem oberen Heizwert. Die Füllstände zeigen den Zustand der Gasspeicher des Vortags bis 23 Uhr. Die Daten stammen aus öffentlichen Quellen der EU.  Der Trend zeigt die Entwicklung des Füllstandes an. Er zeigt nach oben, wenn der Füllstand verglichen zum Durchschnitt der letzten 10 Tagen zugenommen hat.","publicationStatus":"PUBLISHED","datePublished":"2023-03-21","creator":{"iri":"https://register.ld.admin.ch/opendataswiss/org/bundesamt-fur-energie-bfe","label":"Swiss Federal Office of Energy SFOE"},"themes":[{"iri":"https://register.ld.admin.ch/opendataswiss/category/politics","label":"Politics"},{"iri":"https://register.ld.admin.ch/opendataswiss/category/energy","label":"Energy"},{"iri":"https://register.ld.admin.ch/opendataswiss/category/national-economy","label":"National economy"},{"iri":"https://register.ld.admin.ch/opendataswiss/category/prices","label":"Prices"}],"subthemes":[],"dimensions":[]},"__typename":"SearchCubeResult"},{"highlightedTitle":"energiedashboard.ch: Monatliche Gas Nettoimporte VSG","highlightedDescription":"Monatliche provisorische Nettoimporte von Gas. Als Nettoimport versteht man den Unterschied zwischen den gesamten Gasflüssen in die Schweiz und den Gasflüssen aus der Schweiz in die Nachbarländer. Die Daten berücksichtigen die Gasflüsse von Swissgas und fünf Regionalgesellschaften. Gewisse untergeordnete Gasflüsse stehen nicht monatlich zur Verfügung, sondern werden nur jährlich ausgewiesen. Diese machten 2021 rund 5 Prozent des Gesamtvolumens aus. Die Daten beziehen sich auf den Brennwert Hs (ehemals Oberer Heizwert Ho).","cube":{"iri":"https://energy.ld.admin.ch/sfoe/bfe_ogd111_gas_nettoimport/4","title":"energiedashboard.ch: Monatliche Gas Nettoimporte VSG","description":"Monatliche provisorische Nettoimporte von Gas. Als Nettoimport versteht man den Unterschied zwischen den gesamten Gasflüssen in die Schweiz und den Gasflüssen aus der Schweiz in die Nachbarländer. Die Daten berücksichtigen die Gasflüsse von Swissgas und fünf Regionalgesellschaften. Gewisse untergeordnete Gasflüsse stehen nicht monatlich zur Verfügung, sondern werden nur jährlich ausgewiesen. Diese machten 2021 rund 5 Prozent des Gesamtvolumens aus. Die Daten beziehen sich auf den Brennwert Hs (ehemals Oberer Heizwert Ho).","publicationStatus":"PUBLISHED","datePublished":"2023-03-07","creator":{"iri":"https://register.ld.admin.ch/opendataswiss/org/bundesamt-fur-energie-bfe","label":"Swiss Federal Office of Energy SFOE"},"themes":[{"iri":"https://register.ld.admin.ch/opendataswiss/category/energy","label":"Energy"},{"iri":"https://register.ld.admin.ch/opendataswiss/category/trade","label":"Trade"},{"iri":"https://register.ld.admin.ch/opendataswiss/category/education","label":"Education and science"}],"subthemes":[],"dimensions":[]},"__typename":"SearchCubeResult"},{"highlightedTitle":"energiedashboard.ch: Energieträgerpreise","highlightedDescription":"Die Energiepreise an den Märkten sind ein wichtiger Indikator für die aktuelle Markt- und Versorgungssituation in Europa und der Schweiz. Angebot (Produktion) wird hier mit der Nachfrage (Verbrauch) zusammengeführt und ergibt letztlich einen Preis für ein bestimmtes Energieprodukt. Es gibt Märkte für unterschiedliche Produkte. Die Spotmärkte geben kurzfristige Signale des Marktes wieder: Der «Day Ahead»-Markt gibt den Grosshandelspreis für den Folgetag an. Die Preise des Produktes «Base» geben das arithmetische Mittel der Preise für eine Lieferung in den folgenden 24 Stunden an. Beim Intraday-Handel wird Energie gekauft und verkauft, die noch am gleichen Tag geliefert wird.  Diese Datensammlung stellt Informationen zu verschiedenen Energieträgern bereit. Diese umfassen Elektrizität (Strom), Gas, Heizöl, Diesel und Benzin. Dabei werden unterschiedliche Daten herangezogen. Für Strom und Gas werden Daten der Börsen herangezogen. Die Daten zu den Gaspreisen sind im Gegensatz zu den Strompreise referenziert auf ein Basisjahr, da noch Lizenzfragen zu klären sind. Weitere Preisdaten werden vom Bundesamt für Statistik bezogen.  Die Preise für Strom und Gas ergeben allerdings nicht direkt den Endverbraucherpreis, den die Privat- und Gewerbekunden ihrem lokalen Energieversorgungsunternehmen bezahlen. Diese Endkundenpreise hängen unter anderem von der Beschaffungsstrategie (langfristig eingekauft oder kurzfristig am Markt besorgt) des lokalen Energieversorgungsunternehmen ab. Beim Strom hängt der Endverbrauchpreis auch vom Anteil an in eigenen Kraftwerken produzierten Strom, von der Qualität des Stromes (erneuerbar oder nicht), von den Netzkosten und Abgaben ab.  Hinsichtlich der Endkundenpreise ist der Landesindex der Konsumentenpreise (LIK) massgebend. Er misst die Preisentwicklung (Teuerung) der für die privaten Haushalte bedeutsamen Waren und Dienstleistungen (Warenkorb). Er zeigt, um wie viel die Konsumgüter gegenüber dem Vormonat, dem Vorjahr oder jedem anderen früheren Zeitpunkt teurer geworden sind. Der Index ist auf den Dezember 2020 bezogen. Die Preisentwicklung wird anhand des Warenkorbs gemessen, der auch die wichtigsten Energieträger - also auch Strom - enthält. Die Berechnungsmethodik wird durch das Bundesamt für Statistik verwaltet.","cube":{"iri":"https://energy.ld.admin.ch/sfoe/bfe_ogd106_energietraeger_preise/6","title":"energiedashboard.ch: Energieträgerpreise","description":"Die Energiepreise an den Märkten sind ein wichtiger Indikator für die aktuelle Markt- und Versorgungssituation in Europa und der Schweiz. Angebot (Produktion) wird hier mit der Nachfrage (Verbrauch) zusammengeführt und ergibt letztlich einen Preis für ein bestimmtes Energieprodukt. Es gibt Märkte für unterschiedliche Produkte. Die Spotmärkte geben kurzfristige Signale des Marktes wieder: Der «Day Ahead»-Markt gibt den Grosshandelspreis für den Folgetag an. Die Preise des Produktes «Base» geben das arithmetische Mittel der Preise für eine Lieferung in den folgenden 24 Stunden an. Beim Intraday-Handel wird Energie gekauft und verkauft, die noch am gleichen Tag geliefert wird.  Diese Datensammlung stellt Informationen zu verschiedenen Energieträgern bereit. Diese umfassen Elektrizität (Strom), Gas, Heizöl, Diesel und Benzin. Dabei werden unterschiedliche Daten herangezogen. Für Strom und Gas werden Daten der Börsen herangezogen. Die Daten zu den Gaspreisen sind im Gegensatz zu den Strompreise referenziert auf ein Basisjahr, da noch Lizenzfragen zu klären sind. Weitere Preisdaten werden vom Bundesamt für Statistik bezogen.  Die Preise für Strom und Gas ergeben allerdings nicht direkt den Endverbraucherpreis, den die Privat- und Gewerbekunden ihrem lokalen Energieversorgungsunternehmen bezahlen. Diese Endkundenpreise hängen unter anderem von der Beschaffungsstrategie (langfristig eingekauft oder kurzfristig am Markt besorgt) des lokalen Energieversorgungsunternehmen ab. Beim Strom hängt der Endverbrauchpreis auch vom Anteil an in eigenen Kraftwerken produzierten Strom, von der Qualität des Stromes (erneuerbar oder nicht), von den Netzkosten und Abgaben ab.  Hinsichtlich der Endkundenpreise ist der Landesindex der Konsumentenpreise (LIK) massgebend. Er misst die Preisentwicklung (Teuerung) der für die privaten Haushalte bedeutsamen Waren und Dienstleistungen (Warenkorb). Er zeigt, um wie viel die Konsumgüter gegenüber dem Vormonat, dem Vorjahr oder jedem anderen früheren Zeitpunkt teurer geworden sind. Der Index ist auf den Dezember 2020 bezogen. Die Preisentwicklung wird anhand des Warenkorbs gemessen, der auch die wichtigsten Energieträger - also auch Strom - enthält. Die Berechnungsmethodik wird durch das Bundesamt für Statistik verwaltet.","publicationStatus":"PUBLISHED","datePublished":"2023-03-03","creator":{"iri":"https://register.ld.admin.ch/opendataswiss/org/bundesamt-fur-energie-bfe","label":"Swiss Federal Office of Energy SFOE"},"themes":[{"iri":"https://register.ld.admin.ch/opendataswiss/category/prices","label":"Prices"},{"iri":"https://register.ld.admin.ch/opendataswiss/category/trade","label":"Trade"},{"iri":"https://register.ld.admin.ch/opendataswiss/category/politics","label":"Politics"},{"iri":"https://register.ld.admin.ch/opendataswiss/category/national-economy","label":"National economy"},{"iri":"https://register.ld.admin.ch/opendataswiss/category/energy","label":"Energy"}],"subthemes":[],"dimensions":[]},"__typename":"SearchCubeResult"},{"highlightedTitle":"energiedashboard.ch: Stromverbrauch Prognose SDSC","highlightedDescription":"Das Stromverbrauchsmodell liefert eine Schätzung des Stromverbrauchs auf nationaler Ebene in der Schweiz. Das Modell wird mit Daten aus den folgenden Quellen trainiert: stündlicher nationaler Verbrauch von Swissgrid (Energieübersicht), meteorologische Daten von MeteoSchweiz (einschliesslich Wettervorhersage) und Kalenderinformationen wie Feiertage, die vom python Holiday Package bereitgestellt werden, sowie manuell erfasste Feiertage. Das Modell gehört zur Kategorie der verallgemeinerten additiven Modelle (GAMs) und liefert eine Vorhersage auf stündlicher und täglicher Basis mit einem unteren und oberen Konfidenzintervall von 2,5 bzw. 97,5.","cube":{"iri":"https://energy.ld.admin.ch/sfoe/bfe_ogd110_strom_verbrauch_prognose/7","title":"energiedashboard.ch: Stromverbrauch Prognose SDSC","description":"Das Stromverbrauchsmodell liefert eine Schätzung des Stromverbrauchs auf nationaler Ebene in der Schweiz. Das Modell wird mit Daten aus den folgenden Quellen trainiert: stündlicher nationaler Verbrauch von Swissgrid (Energieübersicht), meteorologische Daten von MeteoSchweiz (einschliesslich Wettervorhersage) und Kalenderinformationen wie Feiertage, die vom python Holiday Package bereitgestellt werden, sowie manuell erfasste Feiertage. Das Modell gehört zur Kategorie der verallgemeinerten additiven Modelle (GAMs) und liefert eine Vorhersage auf stündlicher und täglicher Basis mit einem unteren und oberen Konfidenzintervall von 2,5 bzw. 97,5.","publicationStatus":"PUBLISHED","datePublished":"2023-02-21","creator":{"iri":"https://register.ld.admin.ch/opendataswiss/org/bundesamt-fur-energie-bfe","label":"Swiss Federal Office of Energy SFOE"},"themes":[{"iri":"https://register.ld.admin.ch/opendataswiss/category/national-economy","label":"National economy"},{"iri":"https://register.ld.admin.ch/opendataswiss/category/energy","label":"Energy"},{"iri":"https://register.ld.admin.ch/opendataswiss/category/politics","label":"Politics"}],"subthemes":[],"dimensions":[]},"__typename":"SearchCubeResult"},{"highlightedTitle":"energiedashboard.ch: Tägliche Flüsse in die und aus der Schweiz (Gas)","highlightedDescription":"Als Nettoimport versteht man den täglichen Unterschied zwischen den gesamten Gasflüssen in die Schweiz und den Gasflüssen aus der Schweiz in die Nachbarländer.  Gas wird über zwölf Einspeisepunkte aus den umliegenden Ländern Deutschland, Frankreich, Italien und Österreich in die Schweiz importiert aber auch exportiert. Der wichtigste Einspeisepunkt in den letzten Jahren war Wallbach auf der Transitgasleitung, über den rund 80% der Erdgasimporte abgewickelt werden.  Der Nettoimport ist ein Indikator für den Verbrauch in der Schweiz, da die Schweiz über keine namhaften eigenen Speicher verfügt. Es muss jedoch zwischen Nettoimport, Landesverbrauch und Endverbrauch unterschieden werden. Der Nettoimport umfasst den Landesverbrauch abzüglich der Biogaseinspeisung ins Erdgasnetz (Schweizer Produktion). Der Endverbrauch ergibt sich aus dem Landesverbrauch abzüglich dem Gaseinsatz für die Erzeugung von Elektrizität und Fernwärme (Umwandlung) und dem Eigenverbrauch des Gassektors sowie Transport- und Netzverlusten. Im Unterschied zum Endverbrauch von Gas sind Transportverluste, Eigenverbrauch des Gassektors oder Biogaseinspeisungen im Nettoimport enthalten. Für diese Posten sind aktuell keine Daten auf Monats-/Tagesbasis verfügbar, weshalb der Endverbrauch nicht abgeschätzt werden kann.","cube":{"iri":"https://energy.ld.admin.ch/sfoe/bfe_ogd101_gas_import_export/12","title":"energiedashboard.ch: Tägliche Flüsse in die und aus der Schweiz (Gas)","description":"Als Nettoimport versteht man den täglichen Unterschied zwischen den gesamten Gasflüssen in die Schweiz und den Gasflüssen aus der Schweiz in die Nachbarländer.  Gas wird über zwölf Einspeisepunkte aus den umliegenden Ländern Deutschland, Frankreich, Italien und Österreich in die Schweiz importiert aber auch exportiert. Der wichtigste Einspeisepunkt in den letzten Jahren war Wallbach auf der Transitgasleitung, über den rund 80% der Erdgasimporte abgewickelt werden.  Der Nettoimport ist ein Indikator für den Verbrauch in der Schweiz, da die Schweiz über keine namhaften eigenen Speicher verfügt. Es muss jedoch zwischen Nettoimport, Landesverbrauch und Endverbrauch unterschieden werden. Der Nettoimport umfasst den Landesverbrauch abzüglich der Biogaseinspeisung ins Erdgasnetz (Schweizer Produktion). Der Endverbrauch ergibt sich aus dem Landesverbrauch abzüglich dem Gaseinsatz für die Erzeugung von Elektrizität und Fernwärme (Umwandlung) und dem Eigenverbrauch des Gassektors sowie Transport- und Netzverlusten. Im Unterschied zum Endverbrauch von Gas sind Transportverluste, Eigenverbrauch des Gassektors oder Biogaseinspeisungen im Nettoimport enthalten. Für diese Posten sind aktuell keine Daten auf Monats-/Tagesbasis verfügbar, weshalb der Endverbrauch nicht abgeschätzt werden kann.","publicationStatus":"PUBLISHED","datePublished":"2023-02-21","creator":{"iri":"https://register.ld.admin.ch/opendataswiss/org/bundesamt-fur-energie-bfe","label":"Swiss Federal Office of Energy SFOE"},"themes":[{"iri":"https://register.ld.admin.ch/opendataswiss/category/energy","label":"Energy"},{"iri":"https://register.ld.admin.ch/opendataswiss/category/politics","label":"Politics"},{"iri":"https://register.ld.admin.ch/opendataswiss/category/national-economy","label":"National economy"}],"subthemes":[],"dimensions":[]},"__typename":"SearchCubeResult"},{"highlightedTitle":"energiedashboard.ch: Stromproduktion Swissgrid","highlightedDescription":"In der Schweiz gibt es eine Vielzahl an Kraftwerken, die elektrische Energie (Strom) produzieren. Bei der Produktion werden die Kategorien Kernkraftwerke, thermische Kraftwerke, Flusswasserkraft, Speicherwasserkraft, Windkraft und Photovoltaik unterschieden. Die Produktion dieser Kraftwerke ist getrieben durch unterschiedliche Faktoren. Während beispielsweise Speicher- und Pumpspeicherkraftwerke stark marktgetrieben (anhand von Preissignalen) eingesetzt werden, produzieren die Kernkraftwerke Bandenergie. Photovoltaik und Wind sind hingegen abhängig von Sonne und Wind.  Die Produktion in der Schweiz zusammen mit Import und Export ergibt den Landesverbrauch inklusive des Verbrauchs der Pumpspeicher.  Der Trend gibt die Entwicklung der Schweizer Gesamtproduktion im Vergleich zum Durchschnitt der letzten 10 Tage an.","cube":{"iri":"https://energy.ld.admin.ch/sfoe/bfe_ogd104_stromproduktion_swissgrid/10","title":"energiedashboard.ch: Stromproduktion Swissgrid","description":"In der Schweiz gibt es eine Vielzahl an Kraftwerken, die elektrische Energie (Strom) produzieren. Bei der Produktion werden die Kategorien Kernkraftwerke, thermische Kraftwerke, Flusswasserkraft, Speicherwasserkraft, Windkraft und Photovoltaik unterschieden. Die Produktion dieser Kraftwerke ist getrieben durch unterschiedliche Faktoren. Während beispielsweise Speicher- und Pumpspeicherkraftwerke stark marktgetrieben (anhand von Preissignalen) eingesetzt werden, produzieren die Kernkraftwerke Bandenergie. Photovoltaik und Wind sind hingegen abhängig von Sonne und Wind.  Die Produktion in der Schweiz zusammen mit Import und Export ergibt den Landesverbrauch inklusive des Verbrauchs der Pumpspeicher.  Der Trend gibt die Entwicklung der Schweizer Gesamtproduktion im Vergleich zum Durchschnitt der letzten 10 Tage an.","publicationStatus":"PUBLISHED","datePublished":"2023-02-21","creator":{"iri":"https://register.ld.admin.ch/opendataswiss/org/bundesamt-fur-energie-bfe","label":"Swiss Federal Office of Energy SFOE"},"themes":[{"iri":"https://register.ld.admin.ch/opendataswiss/category/national-economy","label":"National economy"},{"iri":"https://register.ld.admin.ch/opendataswiss/category/trade","label":"Trade"},{"iri":"https://register.ld.admin.ch/opendataswiss/category/politics","label":"Politics"},{"iri":"https://register.ld.admin.ch/opendataswiss/category/energy","label":"Energy"}],"subthemes":[],"dimensions":[]},"__typename":"SearchCubeResult"},{"highlightedTitle":"Kennzahlen Shared Mobility","highlightedDescription":"Das Bundesamt für Energie (BFE) publiziert die Standorte und die Verfügbarkeit von Shared Mobility Angeboten als Echtzeit-Daten auf sharedmobility.ch. Um diese Entwicklung zu dokumentieren, werden die Daten regelmässig ausgewertet und Kennzahlen zum Shared Mobility Angebot abgeleitet.   Die Kennzahlen werden stündlich erhoben und anschliessend pro Agglomeration ausgewertet.","cube":{"iri":"https://energy.ld.admin.ch/sfoe/bfe_ogd100_kennzahlensharedmobility/4","title":"Kennzahlen Shared Mobility","description":"Das Bundesamt für Energie (BFE) publiziert die Standorte und die Verfügbarkeit von Shared Mobility Angeboten als Echtzeit-Daten auf sharedmobility.ch. Um diese Entwicklung zu dokumentieren, werden die Daten regelmässig ausgewertet und Kennzahlen zum Shared Mobility Angebot abgeleitet.   Die Kennzahlen werden stündlich erhoben und anschliessend pro Agglomeration ausgewertet.","publicationStatus":"PUBLISHED","datePublished":"2023-02-08","creator":{"iri":"https://register.ld.admin.ch/opendataswiss/org/bundesamt-fur-energie-bfe","label":"Swiss Federal Office of Energy SFOE"},"themes":[{"iri":"https://register.ld.admin.ch/opendataswiss/category/territory","label":"Territory and environment"},{"iri":"https://register.ld.admin.ch/opendataswiss/category/mobility","label":"Mobility and Transport"},{"iri":"https://register.ld.admin.ch/opendataswiss/category/geography","label":"Geography"}],"subthemes":[],"dimensions":[]},"__typename":"SearchCubeResult"},{"highlightedTitle":"energiedashboard.ch: Stromverbrauch Swissgrid","highlightedDescription":"Zeitnahe Daten sind nicht verfügbar, weshalb mit einem Modell der Verbrauch auf Basis der Vergangenheit geschätzt werden muss.","cube":{"iri":"https://energy.ld.admin.ch/sfoe/bfe_ogd103_stromverbrauch_geschaetzt_swissgrid/3","title":"energiedashboard.ch: Stromverbrauch Swissgrid","description":"Zeitnahe Daten sind nicht verfügbar, weshalb mit einem Modell der Verbrauch auf Basis der Vergangenheit geschätzt werden muss.","publicationStatus":"PUBLISHED","datePublished":"2023-02-07","creator":{"iri":"https://register.ld.admin.ch/opendataswiss/org/bundesamt-fur-energie-bfe","label":"Swiss Federal Office of Energy SFOE"},"themes":[{"iri":"https://register.ld.admin.ch/opendataswiss/category/energy","label":"Energy"},{"iri":"https://register.ld.admin.ch/opendataswiss/category/politics","label":"Politics"},{"iri":"https://register.ld.admin.ch/opendataswiss/category/national-economy","label":"National economy"}],"subthemes":[],"dimensions":[]},"__typename":"SearchCubeResult"},{"highlightedTitle":"Benzinpreis Endverbraucher (Landesindex Konsumentenpreise)","highlightedDescription":"Entwicklung der Endverbraucherpreise Benzin indexiert gemäss Landesindex der Konsumentenpreise in der Schweiz. Basis sind die Preise im Dezember 2020 (=100)","cube":{"iri":"https://energy.ld.admin.ch/sfoe/bfe_ogd106_preise_benzin/4","title":"Benzinpreis Endverbraucher (Landesindex Konsumentenpreise)","description":"Entwicklung der Endverbraucherpreise Benzin indexiert gemäss Landesindex der Konsumentenpreise in der Schweiz. Basis sind die Preise im Dezember 2020 (=100)","publicationStatus":"PUBLISHED","datePublished":"2023-02-07","creator":{"iri":"https://register.ld.admin.ch/opendataswiss/org/bundesamt-fur-energie-bfe","label":"Swiss Federal Office of Energy SFOE"},"themes":[{"iri":"https://register.ld.admin.ch/opendataswiss/category/national-economy","label":"National economy"},{"iri":"https://register.ld.admin.ch/opendataswiss/category/energy","label":"Energy"},{"iri":"https://register.ld.admin.ch/opendataswiss/category/trade","label":"Trade"},{"iri":"https://register.ld.admin.ch/opendataswiss/category/prices","label":"Prices"},{"iri":"https://register.ld.admin.ch/opendataswiss/category/politics","label":"Politics"}],"subthemes":[],"dimensions":[]},"__typename":"SearchCubeResult"},{"highlightedTitle":"Test multiple measures","highlightedDescription":"Test multiple measures","cube":{"iri":"https://energy.ld.admin.ch/sfoe/bfe_multiplemeasure_test/7","title":"Test multiple measures","description":"Test multiple measures","publicationStatus":"PUBLISHED","datePublished":"2022-08-26","creator":{"iri":"https://register.ld.admin.ch/opendataswiss/org/bundesamt-fur-energie-bfe","label":"Swiss Federal Office of Energy SFOE"},"themes":[{"iri":"https://register.ld.admin.ch/opendataswiss/category/energy","label":"Energy"}],"subthemes":[],"dimensions":[]},"__typename":"SearchCubeResult"},{"highlightedTitle":"Statistics on hydropower plants (WASTA)","highlightedDescription":"The \"Statistics on hydropower plants\" (WASTA) contain data concerning the Swiss hydropower plants with an output of at least 300 kW. This includes technical data relating to aspects such as power output and expected production levels.","cube":{"iri":"https://energy.ld.admin.ch/sfoe/bfe_ogd40_wasta/7","title":"Statistics on hydropower plants (WASTA)","description":"The \"Statistics on hydropower plants\" (WASTA) contain data concerning the Swiss hydropower plants with an output of at least 300 kW. This includes technical data relating to aspects such as power output and expected production levels.","publicationStatus":"PUBLISHED","datePublished":"2022-03-24","creator":{"iri":"https://register.ld.admin.ch/opendataswiss/org/bundesamt-fur-energie-bfe","label":"Swiss Federal Office of Energy SFOE"},"themes":[{"iri":"https://register.ld.admin.ch/opendataswiss/category/energy","label":"Energy"},{"iri":"https://register.ld.admin.ch/opendataswiss/category/culture","label":"Culture, media, information society, sport"},{"iri":"https://register.ld.admin.ch/opendataswiss/category/territory","label":"Territory and environment"},{"iri":"https://register.ld.admin.ch/opendataswiss/category/geography","label":"Geography"}],"subthemes":[{"iri":"https://register.ld.admin.ch/foen/theme/15","label":"Water"},{"iri":"https://register.ld.admin.ch/foen/theme/16","label":"Economy and Consumption"},{"iri":"https://register.ld.admin.ch/foen/theme/15","label":"Water"},{"iri":"https://register.ld.admin.ch/foen/theme/16","label":"Economy and Consumption"},{"iri":"https://register.ld.admin.ch/foen/theme/15","label":"Water"},{"iri":"https://register.ld.admin.ch/foen/theme/16","label":"Economy and Consumption"},{"iri":"https://register.ld.admin.ch/foen/theme/15","label":"Water"},{"iri":"https://register.ld.admin.ch/foen/theme/16","label":"Economy and Consumption"}],"dimensions":[]},"__typename":"SearchCubeResult"},{"highlightedTitle":"GEB - Einmalvergütung für Photovoltaikanlagen","highlightedDescription":"Seit 2014 werden Photovoltaikanlagen mit einer Einmalvergütung (EIV) gefördert. Dabei wird abhängig von der Leistung, der Anlagenkategorie und dem Inbetriebnahmedatum ein einmaliger Beitrag an die Anlagenbetreiber ausbezahlt. Hier finden Sie pro Kanton und Auszahlungsjahr einen Überblick über die Anzahl geförderter EIV-Anlagen, die installierte Leistung in Kilowatt (kW) sowie den ausbezahlten EIV-Förderbeitrag. Die dargestellten Daten entsprechen nicht vollständig der offiziellen Statistik der erneuerbaren Energien durch das BFE. Da der Abbau der Wartelisten zeitverzögert stattfindet, können Abweichungen entstehen.","cube":{"iri":"https://energy.ld.admin.ch/sfoe/OGD84GebTest/1","title":"GEB - Einmalvergütung für Photovoltaikanlagen","description":"Seit 2014 werden Photovoltaikanlagen mit einer Einmalvergütung (EIV) gefördert. Dabei wird abhängig von der Leistung, der Anlagenkategorie und dem Inbetriebnahmedatum ein einmaliger Beitrag an die Anlagenbetreiber ausbezahlt. Hier finden Sie pro Kanton und Auszahlungsjahr einen Überblick über die Anzahl geförderter EIV-Anlagen, die installierte Leistung in Kilowatt (kW) sowie den ausbezahlten EIV-Förderbeitrag. Die dargestellten Daten entsprechen nicht vollständig der offiziellen Statistik der erneuerbaren Energien durch das BFE. Da der Abbau der Wartelisten zeitverzögert stattfindet, können Abweichungen entstehen.","publicationStatus":"PUBLISHED","datePublished":"2022-02-28","creator":{"iri":"https://register.ld.admin.ch/opendataswiss/org/bundesamt-fur-energie-bfe","label":"Swiss Federal Office of Energy SFOE"},"themes":[{"iri":"https://register.ld.admin.ch/opendataswiss/category/energy","label":"Energy"},{"iri":"https://register.ld.admin.ch/opendataswiss/category/national-economy","label":"National economy"}],"subthemes":[],"dimensions":[]},"__typename":"SearchCubeResult"},{"highlightedTitle":"Einmalvergütung für Photovoltaikanlagen","highlightedDescription":"Seit 2014 werden Photovoltaikanlagen mit einer Einmalvergütung (EIV) gefördert. Dabei wird abhängig von der Leistung, der Anlagenkategorie und dem Inbetriebnahmedatum ein einmaliger Beitrag an die Anlagenbetreiber ausbezahlt. Hier finden Sie pro Kanton und Auszahlungsjahr einen Überblick über die Anzahl geförderter EIV-Anlagen, die installierte Leistung in Kilowatt (kW) sowie den ausbezahlten EIV-Förderbeitrag. Die dargestellten Daten entsprechen nicht vollständig der offiziellen Statistik der erneuerbaren Energien durch das BFE. Da der Abbau der Wartelisten zeitverzögert stattfindet, können Abweichungen entstehen.","cube":{"iri":"https://energy.ld.admin.ch/sfoe/bfe_ogd84_einmalverguetung_fuer_photovoltaikanlagen/14","title":"Einmalvergütung für Photovoltaikanlagen","description":"Seit 2014 werden Photovoltaikanlagen mit einer Einmalvergütung (EIV) gefördert. Dabei wird abhängig von der Leistung, der Anlagenkategorie und dem Inbetriebnahmedatum ein einmaliger Beitrag an die Anlagenbetreiber ausbezahlt. Hier finden Sie pro Kanton und Auszahlungsjahr einen Überblick über die Anzahl geförderter EIV-Anlagen, die installierte Leistung in Kilowatt (kW) sowie den ausbezahlten EIV-Förderbeitrag. Die dargestellten Daten entsprechen nicht vollständig der offiziellen Statistik der erneuerbaren Energien durch das BFE. Da der Abbau der Wartelisten zeitverzögert stattfindet, können Abweichungen entstehen.","publicationStatus":"PUBLISHED","datePublished":"2022-02-28","creator":{"iri":"https://register.ld.admin.ch/opendataswiss/org/bundesamt-fur-energie-bfe","label":"Swiss Federal Office of Energy SFOE"},"themes":[{"iri":"https://register.ld.admin.ch/opendataswiss/category/national-economy","label":"National economy"},{"iri":"https://register.ld.admin.ch/opendataswiss/category/energy","label":"Energy"}],"subthemes":[],"dimensions":[]},"__typename":"SearchCubeResult"}]}}
