{"data":{"searchCubes":[{"highlightedTitle":"NFI: Change","highlightedDescription":"The National Forest Inventory (NFI) is a periodic survey of condition and development of the Swiss forest. It is produced in close cooperation between the Federal Office for the Environment (FOEN) and the Swiss Federal Institute for Forest, Snow and Landscape Research (WSL). This record contains information about: increment (gross increment), increment (gross increment) per forest area, fellings and mortality, fellings and mortality per forest area, fellings, fellings per forest area, mortality, mortality per forest area, net increment and net increment per forest area","cube":{"iri":"https://environment.ld.admin.ch/foen/nfi/nfi_T-changes/cube/2024-1","title":"NFI: Change","description":"The National Forest Inventory (NFI) is a periodic survey of condition and development of the Swiss forest. It is produced in close cooperation between the Federal Office for the Environment (FOEN) and the Swiss Federal Institute for Forest, Snow and Landscape Research (WSL). This record contains information about: increment (gross increment), increment (gross increment) per forest area, fellings and mortality, fellings and mortality per forest area, fellings, fellings per forest area, mortality, mortality per forest area, net increment and net increment per forest area","publicationStatus":"PUBLISHED","datePublished":"2024-05-23","creator":{"iri":"https://register.ld.admin.ch/opendataswiss/org/bundesamt-fur-umwelt-bafu","label":"Federal Office for the Environment FOEN"},"themes":[{"iri":"https://register.ld.admin.ch/opendataswiss/category/agriculture","label":"Agriculture, forestry"},{"iri":"https://register.ld.admin.ch/opendataswiss/category/territory","label":"Territory and environment"}],"subthemes":[{"iri":"https://register.ld.admin.ch/foen/theme/14","label":"Forest and wood"}],"dimensions":[]},"__typename":"SearchCubeResult"},{"highlightedTitle":"Shares of greenhouse gas emissions from motor fuels in the Transport sector","highlightedDescription":"Evolution of shares in greenhouse gas emissions in the Transport sector from diesel, gasoline, kerosene (national aviation only, civil and military flights) and gas.","cube":{"iri":"https://environment.ld.admin.ch/foen/ubd000503bis/2","title":"Shares of greenhouse gas emissions from motor fuels in the Transport sector","description":"Evolution of shares in greenhouse gas emissions in the Transport sector from diesel, gasoline, kerosene (national aviation only, civil and military flights) and gas.","publicationStatus":"PUBLISHED","datePublished":"2024-04-15","creator":{"iri":"https://register.ld.admin.ch/opendataswiss/org/bundesamt-fur-umwelt-bafu","label":"Federal Office for the Environment FOEN"},"themes":[{"iri":"https://register.ld.admin.ch/opendataswiss/category/territory","label":"Territory and environment"}],"subthemes":[{"iri":"https://register.ld.admin.ch/foen/theme/8","label":"Climate"}],"dimensions":[]},"__typename":"SearchCubeResult"},{"highlightedTitle":"NFI: Topics by ownership (2 categories)","highlightedDescription":"The National Forest Inventory (NFI) is a periodic survey of condition and development of the Swiss forest. It is produced in close cooperation between the Federal Office for the Environment (FOEN) and the Swiss Federal Institute for Forest, Snow and Landscape Research (WSL). This record contains information about: sample size (number of forest plots), basal area of deadwood per forest area, growing stock (stemwood), deadwood quantity, deadwood quantity per forest area, deadwood volume (merch. wood without piles of branches), lying, deadwood volume (merch. wood without piles of branches), lying per forest area, growing stock (stemwood) per forest area, total wood volume (stemwood), total wood volume (stemwood) per forest area, volume of deadwood (stemwood), volume of deadwood (stemwood) per forest area, total basal area per forest area, total number of stems, area of vehicle tracks (soil disturbance), area of vehicle tracks (soil disturbance) per forest area, deadwood volume of stumps, deadwood volume of stumps per forest area, biomass of stumps, biomass of stumps per forest area, total number of stems per forest area, number of microhabitats on standing living trees per forest area, deadwood volume (merchantable wood), lying, deadwood volume (merchantable wood), lying per forest area, forest area, biomass of deadwood, biomass of deadwood per forest area, biomass of LIS-deadwood, biomass of LIS-deadwood per forest area, number of stems, number of stems per forest area and basal area per forest area","cube":{"iri":"https://environment.ld.admin.ch/foen/nfi/nfi_C-94/cube/2024-1","title":"NFI: Topics by ownership (2 categories)","description":"The National Forest Inventory (NFI) is a periodic survey of condition and development of the Swiss forest. It is produced in close cooperation between the Federal Office for the Environment (FOEN) and the Swiss Federal Institute for Forest, Snow and Landscape Research (WSL). This record contains information about: sample size (number of forest plots), basal area of deadwood per forest area, growing stock (stemwood), deadwood quantity, deadwood quantity per forest area, deadwood volume (merch. wood without piles of branches), lying, deadwood volume (merch. wood without piles of branches), lying per forest area, growing stock (stemwood) per forest area, total wood volume (stemwood), total wood volume (stemwood) per forest area, volume of deadwood (stemwood), volume of deadwood (stemwood) per forest area, total basal area per forest area, total number of stems, area of vehicle tracks (soil disturbance), area of vehicle tracks (soil disturbance) per forest area, deadwood volume of stumps, deadwood volume of stumps per forest area, biomass of stumps, biomass of stumps per forest area, total number of stems per forest area, number of microhabitats on standing living trees per forest area, deadwood volume (merchantable wood), lying, deadwood volume (merchantable wood), lying per forest area, forest area, biomass of deadwood, biomass of deadwood per forest area, biomass of LIS-deadwood, biomass of LIS-deadwood per forest area, number of stems, number of stems per forest area and basal area per forest area","publicationStatus":"PUBLISHED","datePublished":"2023-11-02","creator":{"iri":"https://register.ld.admin.ch/opendataswiss/org/bundesamt-fur-umwelt-bafu","label":"Federal Office for the Environment FOEN"},"themes":[{"iri":"https://register.ld.admin.ch/opendataswiss/category/agriculture","label":"Agriculture, forestry"},{"iri":"https://register.ld.admin.ch/opendataswiss/category/territory","label":"Territory and environment"}],"subthemes":[{"iri":"https://register.ld.admin.ch/foen/theme/14","label":"Forest and wood"}],"dimensions":[]},"__typename":"SearchCubeResult"},{"highlightedTitle":"NFI: Topics by conifers and broadleaves","highlightedDescription":"The National Forest Inventory (NFI) is a periodic survey of condition and development of the Swiss forest. It is produced in close cooperation between the Federal Office for the Environment (FOEN) and the Swiss Federal Institute for Forest, Snow and Landscape Research (WSL). This record contains information about: number of deadwood stems, number of deadwood stems per forest area, basal area of deadwood per forest area, biomass of living trees, biomass of living trees per forest area, biomass of living trees, aboveground, biomass of living trees, aboveground per forest area, growing stock (stemwood), root mass of living trees, root mass of living trees per forest area, growing stock (stemwood) per forest area, total wood volume (stemwood), total wood volume (stemwood) per forest area, volume of deadwood (stemwood), volume of deadwood (stemwood) per forest area, total basal area per forest area, total number of stems, total number of stems per forest area, mass of merchantable branchwood from living trees, mass of merchantable branchwood from living trees per forest area, branch brushwood mass of living trees, branch brushwood mass of living trees per forest area, mass of needles/ leaves of living trees, mass of needles/ leaves of living trees per forest area, stemwood mass of living trees, stemwood mass of living trees per forest area, biomass of standing dead trees, biomass of standing dead trees per forest area, biomass of lying dead trees, biomass of lying dead trees per forest area, number of stems, number of stems per forest area and basal area per forest area","cube":{"iri":"https://environment.ld.admin.ch/foen/nfi/nfi_C-96/cube/2024-1","title":"NFI: Topics by conifers and broadleaves","description":"The National Forest Inventory (NFI) is a periodic survey of condition and development of the Swiss forest. It is produced in close cooperation between the Federal Office for the Environment (FOEN) and the Swiss Federal Institute for Forest, Snow and Landscape Research (WSL). This record contains information about: number of deadwood stems, number of deadwood stems per forest area, basal area of deadwood per forest area, biomass of living trees, biomass of living trees per forest area, biomass of living trees, aboveground, biomass of living trees, aboveground per forest area, growing stock (stemwood), root mass of living trees, root mass of living trees per forest area, growing stock (stemwood) per forest area, total wood volume (stemwood), total wood volume (stemwood) per forest area, volume of deadwood (stemwood), volume of deadwood (stemwood) per forest area, total basal area per forest area, total number of stems, total number of stems per forest area, mass of merchantable branchwood from living trees, mass of merchantable branchwood from living trees per forest area, branch brushwood mass of living trees, branch brushwood mass of living trees per forest area, mass of needles/ leaves of living trees, mass of needles/ leaves of living trees per forest area, stemwood mass of living trees, stemwood mass of living trees per forest area, biomass of standing dead trees, biomass of standing dead trees per forest area, biomass of lying dead trees, biomass of lying dead trees per forest area, number of stems, number of stems per forest area and basal area per forest area","publicationStatus":"PUBLISHED","datePublished":"2023-11-02","creator":{"iri":"https://register.ld.admin.ch/opendataswiss/org/bundesamt-fur-umwelt-bafu","label":"Federal Office for the Environment FOEN"},"themes":[{"iri":"https://register.ld.admin.ch/opendataswiss/category/agriculture","label":"Agriculture, forestry"},{"iri":"https://register.ld.admin.ch/opendataswiss/category/territory","label":"Territory and environment"}],"subthemes":[{"iri":"https://register.ld.admin.ch/foen/theme/14","label":"Forest and wood"}],"dimensions":[]},"__typename":"SearchCubeResult"},{"highlightedTitle":"Wood flow model in Switzerland","highlightedDescription":null,"cube":{"iri":"https://environment.ld.admin.ch/foen/holzfluss/1","title":"Wood flow model in Switzerland","description":null,"publicationStatus":"PUBLISHED","datePublished":"2023-09-04","creator":{"iri":"https://register.ld.admin.ch/opendataswiss/org/bundesamt-fur-umwelt-bafu","label":"Federal Office for the Environment FOEN"},"themes":[{"iri":"https://register.ld.admin.ch/opendataswiss/category/agriculture","label":"Agriculture, forestry"}],"subthemes":[{"iri":"https://register.ld.admin.ch/foen/theme/14","label":"Forest and wood"}],"dimensions":[]},"__typename":"SearchCubeResult"},{"highlightedTitle":"Bathing water quality","highlightedDescription":"Bathing water quality is assessed on the basis of data from cantonal water monitoring on the hygienic parameters E. coli and intestinal enterococci (faecal bacteria). It provides an indication of how well water protection measures are working and, in particular, to what extent the wastewater treatment plants are fulfilling their function. For the assessment of quality, the EUA classification according to Annex I of the EU Bathing Water Directive 2006 applies (see Table 3, Chapter 7 of the Bathing Water Assessment Recommendation). The EEA classification can only be calculated if at least 4 samples per bathing season and measurement results for at least 4 years are available.","cube":{"iri":"https://environment.ld.admin.ch/foen/ubd01041/11","title":"Bathing water quality","description":"Bathing water quality is assessed on the basis of data from cantonal water monitoring on the hygienic parameters E. coli and intestinal enterococci (faecal bacteria). It provides an indication of how well water protection measures are working and, in particular, to what extent the wastewater treatment plants are fulfilling their function. For the assessment of quality, the EUA classification according to Annex I of the EU Bathing Water Directive 2006 applies (see Table 3, Chapter 7 of the Bathing Water Assessment Recommendation). The EEA classification can only be calculated if at least 4 samples per bathing season and measurement results for at least 4 years are available.","publicationStatus":"PUBLISHED","datePublished":"2023-07-07","creator":{"iri":"https://register.ld.admin.ch/opendataswiss/org/bundesamt-fur-umwelt-bafu","label":"Federal Office for the Environment FOEN"},"themes":[{"iri":"https://register.ld.admin.ch/opendataswiss/category/territory","label":"Territory and environment"}],"subthemes":[{"iri":"https://register.ld.admin.ch/foen/theme/15","label":"Water"}],"dimensions":[]},"__typename":"SearchCubeResult"},{"highlightedTitle":"NFI: Topics by development stage","highlightedDescription":"The National Forest Inventory (NFI) is a periodic survey of condition and development of the Swiss forest. It is produced in close cooperation between the Federal Office for the Environment (FOEN) and the Swiss Federal Institute for Forest, Snow and Landscape Research (WSL). This record contains information about: number of woody species (≥40 cm high), growing stock (stemwood), deadwood quantity, deadwood quantity per forest area, deadwood volume (merch. wood without piles of branches), lying, deadwood volume (merch. wood without piles of branches), lying per forest area, growing stock (stemwood) per forest area, volume of deadwood (stemwood), volume of deadwood (stemwood) per forest area, diversity of woody species, deadwood volume (merchantable wood), lying, deadwood volume (merchantable wood), lying per forest area, forest area, number of stems, number of stems per forest area and basal area per forest area","cube":{"iri":"https://environment.ld.admin.ch/foen/nfi/nfi_C-20/cube/2024-1","title":"NFI: Topics by development stage","description":"The National Forest Inventory (NFI) is a periodic survey of condition and development of the Swiss forest. It is produced in close cooperation between the Federal Office for the Environment (FOEN) and the Swiss Federal Institute for Forest, Snow and Landscape Research (WSL). This record contains information about: number of woody species (≥40 cm high), growing stock (stemwood), deadwood quantity, deadwood quantity per forest area, deadwood volume (merch. wood without piles of branches), lying, deadwood volume (merch. wood without piles of branches), lying per forest area, growing stock (stemwood) per forest area, volume of deadwood (stemwood), volume of deadwood (stemwood) per forest area, diversity of woody species, deadwood volume (merchantable wood), lying, deadwood volume (merchantable wood), lying per forest area, forest area, number of stems, number of stems per forest area and basal area per forest area","publicationStatus":"PUBLISHED","datePublished":"2023-06-22","creator":{"iri":"https://register.ld.admin.ch/opendataswiss/org/bundesamt-fur-umwelt-bafu","label":"Federal Office for the Environment FOEN"},"themes":[{"iri":"https://register.ld.admin.ch/opendataswiss/category/agriculture","label":"Agriculture, forestry"},{"iri":"https://register.ld.admin.ch/opendataswiss/category/territory","label":"Territory and environment"}],"subthemes":[{"iri":"https://register.ld.admin.ch/foen/theme/14","label":"Forest and wood"}],"dimensions":[]},"__typename":"SearchCubeResult"},{"highlightedTitle":"NFI: Topics by degree of mixture (terrestrial)","highlightedDescription":"The National Forest Inventory (NFI) is a periodic survey of condition and development of the Swiss forest. It is produced in close cooperation between the Federal Office for the Environment (FOEN) and the Swiss Federal Institute for Forest, Snow and Landscape Research (WSL). This record contains information about: number of woody species (≥40 cm high), growing stock (stemwood), deadwood volume (merch. wood without piles of branches), lying, deadwood volume (merch. wood without piles of branches), lying per forest area, growing stock (stemwood) per forest area, volume of deadwood (stemwood), volume of deadwood (stemwood) per forest area, diversity of woody species, deadwood volume (merchantable wood), lying, deadwood volume (merchantable wood), lying per forest area and forest area","cube":{"iri":"https://environment.ld.admin.ch/foen/nfi/nfi_C-22/cube/2024-1","title":"NFI: Topics by degree of mixture (terrestrial)","description":"The National Forest Inventory (NFI) is a periodic survey of condition and development of the Swiss forest. It is produced in close cooperation between the Federal Office for the Environment (FOEN) and the Swiss Federal Institute for Forest, Snow and Landscape Research (WSL). This record contains information about: number of woody species (≥40 cm high), growing stock (stemwood), deadwood volume (merch. wood without piles of branches), lying, deadwood volume (merch. wood without piles of branches), lying per forest area, growing stock (stemwood) per forest area, volume of deadwood (stemwood), volume of deadwood (stemwood) per forest area, diversity of woody species, deadwood volume (merchantable wood), lying, deadwood volume (merchantable wood), lying per forest area and forest area","publicationStatus":"PUBLISHED","datePublished":"2023-06-22","creator":{"iri":"https://register.ld.admin.ch/opendataswiss/org/bundesamt-fur-umwelt-bafu","label":"Federal Office for the Environment FOEN"},"themes":[{"iri":"https://register.ld.admin.ch/opendataswiss/category/territory","label":"Territory and environment"},{"iri":"https://register.ld.admin.ch/opendataswiss/category/agriculture","label":"Agriculture, forestry"}],"subthemes":[{"iri":"https://register.ld.admin.ch/foen/theme/14","label":"Forest and wood"}],"dimensions":[]},"__typename":"SearchCubeResult"},{"highlightedTitle":"NFI: Topics by main tree species","highlightedDescription":"The National Forest Inventory (NFI) is a periodic survey of condition and development of the Swiss forest. It is produced in close cooperation between the Federal Office for the Environment (FOEN) and the Swiss Federal Institute for Forest, Snow and Landscape Research (WSL). This record contains information about: number of deadwood stems, number of deadwood stems per forest area, basal area of deadwood per forest area, biomass of living trees, biomass of living trees per forest area, growing stock (stemwood), growing stock (stemwood) per forest area, total wood volume (stemwood), total wood volume (stemwood) per forest area, volume of deadwood (stemwood), volume of deadwood (stemwood) per forest area, total basal area per forest area, total number of stems, total number of stems per forest area, number of stems, number of stems per forest area and basal area per forest area","cube":{"iri":"https://environment.ld.admin.ch/foen/nfi/nfi_C-90/cube/2024-1","title":"NFI: Topics by main tree species","description":"The National Forest Inventory (NFI) is a periodic survey of condition and development of the Swiss forest. It is produced in close cooperation between the Federal Office for the Environment (FOEN) and the Swiss Federal Institute for Forest, Snow and Landscape Research (WSL). This record contains information about: number of deadwood stems, number of deadwood stems per forest area, basal area of deadwood per forest area, biomass of living trees, biomass of living trees per forest area, growing stock (stemwood), growing stock (stemwood) per forest area, total wood volume (stemwood), total wood volume (stemwood) per forest area, volume of deadwood (stemwood), volume of deadwood (stemwood) per forest area, total basal area per forest area, total number of stems, total number of stems per forest area, number of stems, number of stems per forest area and basal area per forest area","publicationStatus":"PUBLISHED","datePublished":"2023-06-22","creator":{"iri":"https://register.ld.admin.ch/opendataswiss/org/bundesamt-fur-umwelt-bafu","label":"Federal Office for the Environment FOEN"},"themes":[{"iri":"https://register.ld.admin.ch/opendataswiss/category/territory","label":"Territory and environment"},{"iri":"https://register.ld.admin.ch/opendataswiss/category/agriculture","label":"Agriculture, forestry"}],"subthemes":[{"iri":"https://register.ld.admin.ch/foen/theme/14","label":"Forest and wood"}],"dimensions":[]},"__typename":"SearchCubeResult"},{"highlightedTitle":"NFI: Topics by tree condition","highlightedDescription":"The National Forest Inventory (NFI) is a periodic survey of condition and development of the Swiss forest. It is produced in close cooperation between the Federal Office for the Environment (FOEN) and the Swiss Federal Institute for Forest, Snow and Landscape Research (WSL). This record contains information about: total wood volume (stemwood), total wood volume (stemwood) per forest area, total number of stems and total number of stems per forest area","cube":{"iri":"https://environment.ld.admin.ch/foen/nfi/nfi_C-98/cube/2024-1","title":"NFI: Topics by tree condition","description":"The National Forest Inventory (NFI) is a periodic survey of condition and development of the Swiss forest. It is produced in close cooperation between the Federal Office for the Environment (FOEN) and the Swiss Federal Institute for Forest, Snow and Landscape Research (WSL). This record contains information about: total wood volume (stemwood), total wood volume (stemwood) per forest area, total number of stems and total number of stems per forest area","publicationStatus":"PUBLISHED","datePublished":"2023-06-22","creator":{"iri":"https://register.ld.admin.ch/opendataswiss/org/bundesamt-fur-umwelt-bafu","label":"Federal Office for the Environment FOEN"},"themes":[{"iri":"https://register.ld.admin.ch/opendataswiss/category/agriculture","label":"Agriculture, forestry"},{"iri":"https://register.ld.admin.ch/opendataswiss/category/territory","label":"Territory and environment"}],"subthemes":[{"iri":"https://register.ld.admin.ch/foen/theme/14","label":"Forest and wood"}],"dimensions":[]},"__typename":"SearchCubeResult"},{"highlightedTitle":"NFI: Topics by forest type (17 classes)","highlightedDescription":"The National Forest Inventory (NFI) is a periodic survey of condition and development of the Swiss forest. It is produced in close cooperation between the Federal Office for the Environment (FOEN) and the Swiss Federal Institute for Forest, Snow and Landscape Research (WSL). This record contains information about: growing stock (stemwood), growing stock (stemwood) per forest area, forest area, number of stems, number of stems per forest area and basal area per forest area","cube":{"iri":"https://environment.ld.admin.ch/foen/nfi/nfi_C-501/cube/2024-1","title":"NFI: Topics by forest type (17 classes)","description":"The National Forest Inventory (NFI) is a periodic survey of condition and development of the Swiss forest. It is produced in close cooperation between the Federal Office for the Environment (FOEN) and the Swiss Federal Institute for Forest, Snow and Landscape Research (WSL). This record contains information about: growing stock (stemwood), growing stock (stemwood) per forest area, forest area, number of stems, number of stems per forest area and basal area per forest area","publicationStatus":"PUBLISHED","datePublished":"2023-06-22","creator":{"iri":"https://register.ld.admin.ch/opendataswiss/org/bundesamt-fur-umwelt-bafu","label":"Federal Office for the Environment FOEN"},"themes":[{"iri":"https://register.ld.admin.ch/opendataswiss/category/territory","label":"Territory and environment"},{"iri":"https://register.ld.admin.ch/opendataswiss/category/agriculture","label":"Agriculture, forestry"}],"subthemes":[{"iri":"https://register.ld.admin.ch/foen/theme/14","label":"Forest and wood"}],"dimensions":[]},"__typename":"SearchCubeResult"},{"highlightedTitle":"NFI: Topics by degree of damage","highlightedDescription":"The National Forest Inventory (NFI) is a periodic survey of condition and development of the Swiss forest. It is produced in close cooperation between the Federal Office for the Environment (FOEN) and the Swiss Federal Institute for Forest, Snow and Landscape Research (WSL). This record contains information about: total number of stems and total number of stems per forest area","cube":{"iri":"https://environment.ld.admin.ch/foen/nfi/nfi_C-593/cube/2024-1","title":"NFI: Topics by degree of damage","description":"The National Forest Inventory (NFI) is a periodic survey of condition and development of the Swiss forest. It is produced in close cooperation between the Federal Office for the Environment (FOEN) and the Swiss Federal Institute for Forest, Snow and Landscape Research (WSL). This record contains information about: total number of stems and total number of stems per forest area","publicationStatus":"PUBLISHED","datePublished":"2023-06-22","creator":{"iri":"https://register.ld.admin.ch/opendataswiss/org/bundesamt-fur-umwelt-bafu","label":"Federal Office for the Environment FOEN"},"themes":[{"iri":"https://register.ld.admin.ch/opendataswiss/category/territory","label":"Territory and environment"},{"iri":"https://register.ld.admin.ch/opendataswiss/category/agriculture","label":"Agriculture, forestry"}],"subthemes":[{"iri":"https://register.ld.admin.ch/foen/theme/14","label":"Forest and wood"}],"dimensions":[]},"__typename":"SearchCubeResult"},{"highlightedTitle":"NFI: Topics by number of cases of damage","highlightedDescription":"The National Forest Inventory (NFI) is a periodic survey of condition and development of the Swiss forest. It is produced in close cooperation between the Federal Office for the Environment (FOEN) and the Swiss Federal Institute for Forest, Snow and Landscape Research (WSL). This record contains information about: total number of stems, total number of stems per forest area, number of stems and number of stems per forest area","cube":{"iri":"https://environment.ld.admin.ch/foen/nfi/nfi_C-653/cube/2024-1","title":"NFI: Topics by number of cases of damage","description":"The National Forest Inventory (NFI) is a periodic survey of condition and development of the Swiss forest. It is produced in close cooperation between the Federal Office for the Environment (FOEN) and the Swiss Federal Institute for Forest, Snow and Landscape Research (WSL). This record contains information about: total number of stems, total number of stems per forest area, number of stems and number of stems per forest area","publicationStatus":"PUBLISHED","datePublished":"2023-06-22","creator":{"iri":"https://register.ld.admin.ch/opendataswiss/org/bundesamt-fur-umwelt-bafu","label":"Federal Office for the Environment FOEN"},"themes":[{"iri":"https://register.ld.admin.ch/opendataswiss/category/agriculture","label":"Agriculture, forestry"},{"iri":"https://register.ld.admin.ch/opendataswiss/category/territory","label":"Territory and environment"}],"subthemes":[{"iri":"https://register.ld.admin.ch/foen/theme/14","label":"Forest and wood"}],"dimensions":[]},"__typename":"SearchCubeResult"},{"highlightedTitle":"NFI: Topics by time of last treatment (in 5- or 10-year classes)","highlightedDescription":"The National Forest Inventory (NFI) is a periodic survey of condition and development of the Swiss forest. It is produced in close cooperation between the Federal Office for the Environment (FOEN) and the Swiss Federal Institute for Forest, Snow and Landscape Research (WSL). This record contains information about: volume of deadwood (stemwood) and volume of deadwood (stemwood) per forest area","cube":{"iri":"https://environment.ld.admin.ch/foen/nfi/nfi_C-711/cube/2024-1","title":"NFI: Topics by time of last treatment (in 5- or 10-year classes)","description":"The National Forest Inventory (NFI) is a periodic survey of condition and development of the Swiss forest. It is produced in close cooperation between the Federal Office for the Environment (FOEN) and the Swiss Federal Institute for Forest, Snow and Landscape Research (WSL). This record contains information about: volume of deadwood (stemwood) and volume of deadwood (stemwood) per forest area","publicationStatus":"PUBLISHED","datePublished":"2023-06-22","creator":{"iri":"https://register.ld.admin.ch/opendataswiss/org/bundesamt-fur-umwelt-bafu","label":"Federal Office for the Environment FOEN"},"themes":[{"iri":"https://register.ld.admin.ch/opendataswiss/category/agriculture","label":"Agriculture, forestry"},{"iri":"https://register.ld.admin.ch/opendataswiss/category/territory","label":"Territory and environment"}],"subthemes":[{"iri":"https://register.ld.admin.ch/foen/theme/14","label":"Forest and wood"}],"dimensions":[]},"__typename":"SearchCubeResult"},{"highlightedTitle":"NFI: Topics by site quality","highlightedDescription":"The National Forest Inventory (NFI) is a periodic survey of condition and development of the Swiss forest. It is produced in close cooperation between the Federal Office for the Environment (FOEN) and the Swiss Federal Institute for Forest, Snow and Landscape Research (WSL). This record contains information about: growing stock (stemwood), growing stock (stemwood) per forest area, forest area and basal area per forest area","cube":{"iri":"https://environment.ld.admin.ch/foen/nfi/nfi_C-894/cube/2024-1","title":"NFI: Topics by site quality","description":"The National Forest Inventory (NFI) is a periodic survey of condition and development of the Swiss forest. It is produced in close cooperation between the Federal Office for the Environment (FOEN) and the Swiss Federal Institute for Forest, Snow and Landscape Research (WSL). This record contains information about: growing stock (stemwood), growing stock (stemwood) per forest area, forest area and basal area per forest area","publicationStatus":"PUBLISHED","datePublished":"2023-06-22","creator":{"iri":"https://register.ld.admin.ch/opendataswiss/org/bundesamt-fur-umwelt-bafu","label":"Federal Office for the Environment FOEN"},"themes":[{"iri":"https://register.ld.admin.ch/opendataswiss/category/agriculture","label":"Agriculture, forestry"},{"iri":"https://register.ld.admin.ch/opendataswiss/category/territory","label":"Territory and environment"}],"subthemes":[{"iri":"https://register.ld.admin.ch/foen/theme/14","label":"Forest and wood"}],"dimensions":[]},"__typename":"SearchCubeResult"},{"highlightedTitle":"NFI: Topics by forest type (12 classes)","highlightedDescription":"The National Forest Inventory (NFI) is a periodic survey of condition and development of the Swiss forest. It is produced in close cooperation between the Federal Office for the Environment (FOEN) and the Swiss Federal Institute for Forest, Snow and Landscape Research (WSL). This record contains information about: growing stock (stemwood), deadwood quantity, deadwood quantity per forest area, growing stock (stemwood) per forest area, deadwood volume of stumps, deadwood volume of stumps per forest area, biomass of stumps, biomass of stumps per forest area, forest area, number of stems, number of stems per forest area and basal area per forest area","cube":{"iri":"https://environment.ld.admin.ch/foen/nfi/nfi_C-898/cube/2024-1","title":"NFI: Topics by forest type (12 classes)","description":"The National Forest Inventory (NFI) is a periodic survey of condition and development of the Swiss forest. It is produced in close cooperation between the Federal Office for the Environment (FOEN) and the Swiss Federal Institute for Forest, Snow and Landscape Research (WSL). This record contains information about: growing stock (stemwood), deadwood quantity, deadwood quantity per forest area, growing stock (stemwood) per forest area, deadwood volume of stumps, deadwood volume of stumps per forest area, biomass of stumps, biomass of stumps per forest area, forest area, number of stems, number of stems per forest area and basal area per forest area","publicationStatus":"PUBLISHED","datePublished":"2023-06-22","creator":{"iri":"https://register.ld.admin.ch/opendataswiss/org/bundesamt-fur-umwelt-bafu","label":"Federal Office for the Environment FOEN"},"themes":[{"iri":"https://register.ld.admin.ch/opendataswiss/category/territory","label":"Territory and environment"},{"iri":"https://register.ld.admin.ch/opendataswiss/category/agriculture","label":"Agriculture, forestry"}],"subthemes":[{"iri":"https://register.ld.admin.ch/foen/theme/14","label":"Forest and wood"}],"dimensions":[]},"__typename":"SearchCubeResult"},{"highlightedTitle":"NFI: Topics by diameter at breast height (main diameter classes)","highlightedDescription":"The National Forest Inventory (NFI) is a periodic survey of condition and development of the Swiss forest. It is produced in close cooperation between the Federal Office for the Environment (FOEN) and the Swiss Federal Institute for Forest, Snow and Landscape Research (WSL). This record contains information about: growing stock (stemwood), growing stock (stemwood) per forest area, number of stems, number of stems per forest area and basal area per forest area","cube":{"iri":"https://environment.ld.admin.ch/foen/nfi/nfi_C-1029/cube/2024-1","title":"NFI: Topics by diameter at breast height (main diameter classes)","description":"The National Forest Inventory (NFI) is a periodic survey of condition and development of the Swiss forest. It is produced in close cooperation between the Federal Office for the Environment (FOEN) and the Swiss Federal Institute for Forest, Snow and Landscape Research (WSL). This record contains information about: growing stock (stemwood), growing stock (stemwood) per forest area, number of stems, number of stems per forest area and basal area per forest area","publicationStatus":"PUBLISHED","datePublished":"2023-06-22","creator":{"iri":"https://register.ld.admin.ch/opendataswiss/org/bundesamt-fur-umwelt-bafu","label":"Federal Office for the Environment FOEN"},"themes":[{"iri":"https://register.ld.admin.ch/opendataswiss/category/territory","label":"Territory and environment"},{"iri":"https://register.ld.admin.ch/opendataswiss/category/agriculture","label":"Agriculture, forestry"}],"subthemes":[{"iri":"https://register.ld.admin.ch/foen/theme/14","label":"Forest and wood"}],"dimensions":[]},"__typename":"SearchCubeResult"},{"highlightedTitle":"NFI: Topics by diameter at breast height (in 4 cm classes)","highlightedDescription":"The National Forest Inventory (NFI) is a periodic survey of condition and development of the Swiss forest. It is produced in close cooperation between the Federal Office for the Environment (FOEN) and the Swiss Federal Institute for Forest, Snow and Landscape Research (WSL). This record contains information about: number of stems and number of stems per forest area","cube":{"iri":"https://environment.ld.admin.ch/foen/nfi/nfi_C-1030/cube/2024-1","title":"NFI: Topics by diameter at breast height (in 4 cm classes)","description":"The National Forest Inventory (NFI) is a periodic survey of condition and development of the Swiss forest. It is produced in close cooperation between the Federal Office for the Environment (FOEN) and the Swiss Federal Institute for Forest, Snow and Landscape Research (WSL). This record contains information about: number of stems and number of stems per forest area","publicationStatus":"PUBLISHED","datePublished":"2023-06-22","creator":{"iri":"https://register.ld.admin.ch/opendataswiss/org/bundesamt-fur-umwelt-bafu","label":"Federal Office for the Environment FOEN"},"themes":[{"iri":"https://register.ld.admin.ch/opendataswiss/category/agriculture","label":"Agriculture, forestry"},{"iri":"https://register.ld.admin.ch/opendataswiss/category/territory","label":"Territory and environment"}],"subthemes":[{"iri":"https://register.ld.admin.ch/foen/theme/14","label":"Forest and wood"}],"dimensions":[]},"__typename":"SearchCubeResult"},{"highlightedTitle":"NFI: Topics by aspect (9 classes)","highlightedDescription":"The National Forest Inventory (NFI) is a periodic survey of condition and development of the Swiss forest. It is produced in close cooperation between the Federal Office for the Environment (FOEN) and the Swiss Federal Institute for Forest, Snow and Landscape Research (WSL). This record contains information about: growing stock (stemwood), growing stock (stemwood) per forest area, forest area and basal area per forest area","cube":{"iri":"https://environment.ld.admin.ch/foen/nfi/nfi_C-1034/cube/2024-1","title":"NFI: Topics by aspect (9 classes)","description":"The National Forest Inventory (NFI) is a periodic survey of condition and development of the Swiss forest. It is produced in close cooperation between the Federal Office for the Environment (FOEN) and the Swiss Federal Institute for Forest, Snow and Landscape Research (WSL). This record contains information about: growing stock (stemwood), growing stock (stemwood) per forest area, forest area and basal area per forest area","publicationStatus":"PUBLISHED","datePublished":"2023-06-22","creator":{"iri":"https://register.ld.admin.ch/opendataswiss/org/bundesamt-fur-umwelt-bafu","label":"Federal Office for the Environment FOEN"},"themes":[{"iri":"https://register.ld.admin.ch/opendataswiss/category/territory","label":"Territory and environment"},{"iri":"https://register.ld.admin.ch/opendataswiss/category/agriculture","label":"Agriculture, forestry"}],"subthemes":[{"iri":"https://register.ld.admin.ch/foen/theme/14","label":"Forest and wood"}],"dimensions":[]},"__typename":"SearchCubeResult"},{"highlightedTitle":"NFI: Topics by tree species (5 classes)","highlightedDescription":"The National Forest Inventory (NFI) is a periodic survey of condition and development of the Swiss forest. It is produced in close cooperation between the Federal Office for the Environment (FOEN) and the Swiss Federal Institute for Forest, Snow and Landscape Research (WSL). This record contains information about: growing stock (stemwood), growing stock (stemwood) per forest area, total wood volume (stemwood), total wood volume (stemwood) per forest area, volume of deadwood (stemwood), volume of deadwood (stemwood) per forest area, total basal area per forest area, total number of stems, total number of stems per forest area, number of stems, number of stems per forest area and basal area per forest area","cube":{"iri":"https://environment.ld.admin.ch/foen/nfi/nfi_C-1157/cube/2024-1","title":"NFI: Topics by tree species (5 classes)","description":"The National Forest Inventory (NFI) is a periodic survey of condition and development of the Swiss forest. It is produced in close cooperation between the Federal Office for the Environment (FOEN) and the Swiss Federal Institute for Forest, Snow and Landscape Research (WSL). This record contains information about: growing stock (stemwood), growing stock (stemwood) per forest area, total wood volume (stemwood), total wood volume (stemwood) per forest area, volume of deadwood (stemwood), volume of deadwood (stemwood) per forest area, total basal area per forest area, total number of stems, total number of stems per forest area, number of stems, number of stems per forest area and basal area per forest area","publicationStatus":"PUBLISHED","datePublished":"2023-06-22","creator":{"iri":"https://register.ld.admin.ch/opendataswiss/org/bundesamt-fur-umwelt-bafu","label":"Federal Office for the Environment FOEN"},"themes":[{"iri":"https://register.ld.admin.ch/opendataswiss/category/territory","label":"Territory and environment"},{"iri":"https://register.ld.admin.ch/opendataswiss/category/agriculture","label":"Agriculture, forestry"}],"subthemes":[{"iri":"https://register.ld.admin.ch/foen/theme/14","label":"Forest and wood"}],"dimensions":[]},"__typename":"SearchCubeResult"},{"highlightedTitle":"NFI: Topics by tree state (living/dead)","highlightedDescription":"The National Forest Inventory (NFI) is a periodic survey of condition and development of the Swiss forest. It is produced in close cooperation between the Federal Office for the Environment (FOEN) and the Swiss Federal Institute for Forest, Snow and Landscape Research (WSL). This record contains information about: total wood volume (stemwood), total wood volume (stemwood) per forest area, total number of stems and total number of stems per forest area","cube":{"iri":"https://environment.ld.admin.ch/foen/nfi/nfi_C-1265/cube/2024-1","title":"NFI: Topics by tree state (living/dead)","description":"The National Forest Inventory (NFI) is a periodic survey of condition and development of the Swiss forest. It is produced in close cooperation between the Federal Office for the Environment (FOEN) and the Swiss Federal Institute for Forest, Snow and Landscape Research (WSL). This record contains information about: total wood volume (stemwood), total wood volume (stemwood) per forest area, total number of stems and total number of stems per forest area","publicationStatus":"PUBLISHED","datePublished":"2023-06-22","creator":{"iri":"https://register.ld.admin.ch/opendataswiss/org/bundesamt-fur-umwelt-bafu","label":"Federal Office for the Environment FOEN"},"themes":[{"iri":"https://register.ld.admin.ch/opendataswiss/category/agriculture","label":"Agriculture, forestry"},{"iri":"https://register.ld.admin.ch/opendataswiss/category/territory","label":"Territory and environment"}],"subthemes":[{"iri":"https://register.ld.admin.ch/foen/theme/14","label":"Forest and wood"}],"dimensions":[]},"__typename":"SearchCubeResult"},{"highlightedTitle":"NFI: Topics by tree state (standing/lying)","highlightedDescription":"The National Forest Inventory (NFI) is a periodic survey of condition and development of the Swiss forest. It is produced in close cooperation between the Federal Office for the Environment (FOEN) and the Swiss Federal Institute for Forest, Snow and Landscape Research (WSL). This record contains information about: basal area of deadwood per forest area, volume of deadwood (stemwood) and volume of deadwood (stemwood) per forest area","cube":{"iri":"https://environment.ld.admin.ch/foen/nfi/nfi_C-1266/cube/2024-1","title":"NFI: Topics by tree state (standing/lying)","description":"The National Forest Inventory (NFI) is a periodic survey of condition and development of the Swiss forest. It is produced in close cooperation between the Federal Office for the Environment (FOEN) and the Swiss Federal Institute for Forest, Snow and Landscape Research (WSL). This record contains information about: basal area of deadwood per forest area, volume of deadwood (stemwood) and volume of deadwood (stemwood) per forest area","publicationStatus":"PUBLISHED","datePublished":"2023-06-22","creator":{"iri":"https://register.ld.admin.ch/opendataswiss/org/bundesamt-fur-umwelt-bafu","label":"Federal Office for the Environment FOEN"},"themes":[{"iri":"https://register.ld.admin.ch/opendataswiss/category/agriculture","label":"Agriculture, forestry"},{"iri":"https://register.ld.admin.ch/opendataswiss/category/territory","label":"Territory and environment"}],"subthemes":[{"iri":"https://register.ld.admin.ch/foen/theme/14","label":"Forest and wood"}],"dimensions":[]},"__typename":"SearchCubeResult"},{"highlightedTitle":"NFI: Topics by giant (yes/no)","highlightedDescription":"The National Forest Inventory (NFI) is a periodic survey of condition and development of the Swiss forest. It is produced in close cooperation between the Federal Office for the Environment (FOEN) and the Swiss Federal Institute for Forest, Snow and Landscape Research (WSL). This record contains information about: total number of stems, total number of stems per forest area, number of stems and number of stems per forest area","cube":{"iri":"https://environment.ld.admin.ch/foen/nfi/nfi_C-1282/cube/2024-1","title":"NFI: Topics by giant (yes/no)","description":"The National Forest Inventory (NFI) is a periodic survey of condition and development of the Swiss forest. It is produced in close cooperation between the Federal Office for the Environment (FOEN) and the Swiss Federal Institute for Forest, Snow and Landscape Research (WSL). This record contains information about: total number of stems, total number of stems per forest area, number of stems and number of stems per forest area","publicationStatus":"PUBLISHED","datePublished":"2023-06-22","creator":{"iri":"https://register.ld.admin.ch/opendataswiss/org/bundesamt-fur-umwelt-bafu","label":"Federal Office for the Environment FOEN"},"themes":[{"iri":"https://register.ld.admin.ch/opendataswiss/category/territory","label":"Territory and environment"},{"iri":"https://register.ld.admin.ch/opendataswiss/category/agriculture","label":"Agriculture, forestry"}],"subthemes":[{"iri":"https://register.ld.admin.ch/foen/theme/14","label":"Forest and wood"}],"dimensions":[]},"__typename":"SearchCubeResult"},{"highlightedTitle":"NFI: Topics by extent of damage gaps (10 classes)","highlightedDescription":"The National Forest Inventory (NFI) is a periodic survey of condition and development of the Swiss forest. It is produced in close cooperation between the Federal Office for the Environment (FOEN) and the Swiss Federal Institute for Forest, Snow and Landscape Research (WSL). This record contains information about: basal area of deadwood per forest area, volume of deadwood (stemwood) and volume of deadwood (stemwood) per forest area","cube":{"iri":"https://environment.ld.admin.ch/foen/nfi/nfi_C-1310/cube/2024-1","title":"NFI: Topics by extent of damage gaps (10 classes)","description":"The National Forest Inventory (NFI) is a periodic survey of condition and development of the Swiss forest. It is produced in close cooperation between the Federal Office for the Environment (FOEN) and the Swiss Federal Institute for Forest, Snow and Landscape Research (WSL). This record contains information about: basal area of deadwood per forest area, volume of deadwood (stemwood) and volume of deadwood (stemwood) per forest area","publicationStatus":"PUBLISHED","datePublished":"2023-06-22","creator":{"iri":"https://register.ld.admin.ch/opendataswiss/org/bundesamt-fur-umwelt-bafu","label":"Federal Office for the Environment FOEN"},"themes":[{"iri":"https://register.ld.admin.ch/opendataswiss/category/territory","label":"Territory and environment"},{"iri":"https://register.ld.admin.ch/opendataswiss/category/agriculture","label":"Agriculture, forestry"}],"subthemes":[{"iri":"https://register.ld.admin.ch/foen/theme/14","label":"Forest and wood"}],"dimensions":[]},"__typename":"SearchCubeResult"},{"highlightedTitle":"NFI: Topics by dominant diameter at breast height (standing-living - in 8 classes)","highlightedDescription":"The National Forest Inventory (NFI) is a periodic survey of condition and development of the Swiss forest. It is produced in close cooperation between the Federal Office for the Environment (FOEN) and the Swiss Federal Institute for Forest, Snow and Landscape Research (WSL). This record contains information about: forest area and basal area per forest area","cube":{"iri":"https://environment.ld.admin.ch/foen/nfi/nfi_C-1316/cube/2024-1","title":"NFI: Topics by dominant diameter at breast height (standing-living - in 8 classes)","description":"The National Forest Inventory (NFI) is a periodic survey of condition and development of the Swiss forest. It is produced in close cooperation between the Federal Office for the Environment (FOEN) and the Swiss Federal Institute for Forest, Snow and Landscape Research (WSL). This record contains information about: forest area and basal area per forest area","publicationStatus":"PUBLISHED","datePublished":"2023-06-22","creator":{"iri":"https://register.ld.admin.ch/opendataswiss/org/bundesamt-fur-umwelt-bafu","label":"Federal Office for the Environment FOEN"},"themes":[{"iri":"https://register.ld.admin.ch/opendataswiss/category/territory","label":"Territory and environment"},{"iri":"https://register.ld.admin.ch/opendataswiss/category/agriculture","label":"Agriculture, forestry"}],"subthemes":[{"iri":"https://register.ld.admin.ch/foen/theme/14","label":"Forest and wood"}],"dimensions":[]},"__typename":"SearchCubeResult"},{"highlightedTitle":"NFI: Topics by diameter at breast height (10 classes)","highlightedDescription":"The National Forest Inventory (NFI) is a periodic survey of condition and development of the Swiss forest. It is produced in close cooperation between the Federal Office for the Environment (FOEN) and the Swiss Federal Institute for Forest, Snow and Landscape Research (WSL). This record contains information about: growing stock (stemwood), growing stock (stemwood) per forest area, volume of deadwood (stemwood), volume of deadwood (stemwood) per forest area, number of stems and number of stems per forest area","cube":{"iri":"https://environment.ld.admin.ch/foen/nfi/nfi_C-1317/cube/2024-1","title":"NFI: Topics by diameter at breast height (10 classes)","description":"The National Forest Inventory (NFI) is a periodic survey of condition and development of the Swiss forest. It is produced in close cooperation between the Federal Office for the Environment (FOEN) and the Swiss Federal Institute for Forest, Snow and Landscape Research (WSL). This record contains information about: growing stock (stemwood), growing stock (stemwood) per forest area, volume of deadwood (stemwood), volume of deadwood (stemwood) per forest area, number of stems and number of stems per forest area","publicationStatus":"PUBLISHED","datePublished":"2023-06-22","creator":{"iri":"https://register.ld.admin.ch/opendataswiss/org/bundesamt-fur-umwelt-bafu","label":"Federal Office for the Environment FOEN"},"themes":[{"iri":"https://register.ld.admin.ch/opendataswiss/category/territory","label":"Territory and environment"},{"iri":"https://register.ld.admin.ch/opendataswiss/category/agriculture","label":"Agriculture, forestry"}],"subthemes":[{"iri":"https://register.ld.admin.ch/foen/theme/14","label":"Forest and wood"}],"dimensions":[]},"__typename":"SearchCubeResult"},{"highlightedTitle":"NFI: Topics by length of lying dead tree (6 classes)","highlightedDescription":"The National Forest Inventory (NFI) is a periodic survey of condition and development of the Swiss forest. It is produced in close cooperation between the Federal Office for the Environment (FOEN) and the Swiss Federal Institute for Forest, Snow and Landscape Research (WSL). This record contains information about: number of deadwood stems and number of deadwood stems per forest area","cube":{"iri":"https://environment.ld.admin.ch/foen/nfi/nfi_C-1335/cube/2024-1","title":"NFI: Topics by length of lying dead tree (6 classes)","description":"The National Forest Inventory (NFI) is a periodic survey of condition and development of the Swiss forest. It is produced in close cooperation between the Federal Office for the Environment (FOEN) and the Swiss Federal Institute for Forest, Snow and Landscape Research (WSL). This record contains information about: number of deadwood stems and number of deadwood stems per forest area","publicationStatus":"PUBLISHED","datePublished":"2023-06-22","creator":{"iri":"https://register.ld.admin.ch/opendataswiss/org/bundesamt-fur-umwelt-bafu","label":"Federal Office for the Environment FOEN"},"themes":[{"iri":"https://register.ld.admin.ch/opendataswiss/category/territory","label":"Territory and environment"},{"iri":"https://register.ld.admin.ch/opendataswiss/category/agriculture","label":"Agriculture, forestry"}],"subthemes":[{"iri":"https://register.ld.admin.ch/foen/theme/14","label":"Forest and wood"}],"dimensions":[]},"__typename":"SearchCubeResult"},{"highlightedTitle":"NFI: Topics by stem height of broken snags (6 classes)","highlightedDescription":"The National Forest Inventory (NFI) is a periodic survey of condition and development of the Swiss forest. It is produced in close cooperation between the Federal Office for the Environment (FOEN) and the Swiss Federal Institute for Forest, Snow and Landscape Research (WSL). This record contains information about: number of deadwood stems and number of deadwood stems per forest area","cube":{"iri":"https://environment.ld.admin.ch/foen/nfi/nfi_C-1805/cube/2024-1","title":"NFI: Topics by stem height of broken snags (6 classes)","description":"The National Forest Inventory (NFI) is a periodic survey of condition and development of the Swiss forest. It is produced in close cooperation between the Federal Office for the Environment (FOEN) and the Swiss Federal Institute for Forest, Snow and Landscape Research (WSL). This record contains information about: number of deadwood stems and number of deadwood stems per forest area","publicationStatus":"PUBLISHED","datePublished":"2023-06-22","creator":{"iri":"https://register.ld.admin.ch/opendataswiss/org/bundesamt-fur-umwelt-bafu","label":"Federal Office for the Environment FOEN"},"themes":[{"iri":"https://register.ld.admin.ch/opendataswiss/category/agriculture","label":"Agriculture, forestry"},{"iri":"https://register.ld.admin.ch/opendataswiss/category/territory","label":"Territory and environment"}],"subthemes":[{"iri":"https://register.ld.admin.ch/foen/theme/14","label":"Forest and wood"}],"dimensions":[]},"__typename":"SearchCubeResult"},{"highlightedTitle":"NFI: Topics by tree age (in 40-year classes)","highlightedDescription":"The National Forest Inventory (NFI) is a periodic survey of condition and development of the Swiss forest. It is produced in close cooperation between the Federal Office for the Environment (FOEN) and the Swiss Federal Institute for Forest, Snow and Landscape Research (WSL). This record contains information about: number of stems and number of stems per forest area","cube":{"iri":"https://environment.ld.admin.ch/foen/nfi/nfi_C-2171/cube/2024-1","title":"NFI: Topics by tree age (in 40-year classes)","description":"The National Forest Inventory (NFI) is a periodic survey of condition and development of the Swiss forest. It is produced in close cooperation between the Federal Office for the Environment (FOEN) and the Swiss Federal Institute for Forest, Snow and Landscape Research (WSL). This record contains information about: number of stems and number of stems per forest area","publicationStatus":"PUBLISHED","datePublished":"2023-06-22","creator":{"iri":"https://register.ld.admin.ch/opendataswiss/org/bundesamt-fur-umwelt-bafu","label":"Federal Office for the Environment FOEN"},"themes":[{"iri":"https://register.ld.admin.ch/opendataswiss/category/territory","label":"Territory and environment"},{"iri":"https://register.ld.admin.ch/opendataswiss/category/agriculture","label":"Agriculture, forestry"}],"subthemes":[{"iri":"https://register.ld.admin.ch/foen/theme/14","label":"Forest and wood"}],"dimensions":[]},"__typename":"SearchCubeResult"},{"highlightedTitle":"NFI: Topics by tree species (56 classes)","highlightedDescription":"The National Forest Inventory (NFI) is a periodic survey of condition and development of the Swiss forest. It is produced in close cooperation between the Federal Office for the Environment (FOEN) and the Swiss Federal Institute for Forest, Snow and Landscape Research (WSL). This record contains information about: growing stock (stemwood), growing stock (stemwood) per forest area, number of stems, number of stems per forest area and basal area per forest area","cube":{"iri":"https://environment.ld.admin.ch/foen/nfi/nfi_C-2207/cube/2024-1","title":"NFI: Topics by tree species (56 classes)","description":"The National Forest Inventory (NFI) is a periodic survey of condition and development of the Swiss forest. It is produced in close cooperation between the Federal Office for the Environment (FOEN) and the Swiss Federal Institute for Forest, Snow and Landscape Research (WSL). This record contains information about: growing stock (stemwood), growing stock (stemwood) per forest area, number of stems, number of stems per forest area and basal area per forest area","publicationStatus":"PUBLISHED","datePublished":"2023-06-22","creator":{"iri":"https://register.ld.admin.ch/opendataswiss/org/bundesamt-fur-umwelt-bafu","label":"Federal Office for the Environment FOEN"},"themes":[{"iri":"https://register.ld.admin.ch/opendataswiss/category/territory","label":"Territory and environment"},{"iri":"https://register.ld.admin.ch/opendataswiss/category/agriculture","label":"Agriculture, forestry"}],"subthemes":[{"iri":"https://register.ld.admin.ch/foen/theme/14","label":"Forest and wood"}],"dimensions":[]},"__typename":"SearchCubeResult"},{"highlightedTitle":"NFI: Topics by introduced tree species (tree neophytes; 3 classes; from NFI1 on)","highlightedDescription":"The National Forest Inventory (NFI) is a periodic survey of condition and development of the Swiss forest. It is produced in close cooperation between the Federal Office for the Environment (FOEN) and the Swiss Federal Institute for Forest, Snow and Landscape Research (WSL). This record contains information about: number of stems and number of stems per forest area","cube":{"iri":"https://environment.ld.admin.ch/foen/nfi/nfi_C-2599/cube/2024-1","title":"NFI: Topics by introduced tree species (tree neophytes; 3 classes; from NFI1 on)","description":"The National Forest Inventory (NFI) is a periodic survey of condition and development of the Swiss forest. It is produced in close cooperation between the Federal Office for the Environment (FOEN) and the Swiss Federal Institute for Forest, Snow and Landscape Research (WSL). This record contains information about: number of stems and number of stems per forest area","publicationStatus":"PUBLISHED","datePublished":"2023-06-22","creator":{"iri":"https://register.ld.admin.ch/opendataswiss/org/bundesamt-fur-umwelt-bafu","label":"Federal Office for the Environment FOEN"},"themes":[{"iri":"https://register.ld.admin.ch/opendataswiss/category/territory","label":"Territory and environment"},{"iri":"https://register.ld.admin.ch/opendataswiss/category/agriculture","label":"Agriculture, forestry"}],"subthemes":[{"iri":"https://register.ld.admin.ch/foen/theme/14","label":"Forest and wood"}],"dimensions":[]},"__typename":"SearchCubeResult"},{"highlightedTitle":"NFI: Topics by introduced tree species (tree neophytes; 8 classes)","highlightedDescription":"The National Forest Inventory (NFI) is a periodic survey of condition and development of the Swiss forest. It is produced in close cooperation between the Federal Office for the Environment (FOEN) and the Swiss Federal Institute for Forest, Snow and Landscape Research (WSL). This record contains information about: number of stems and number of stems per forest area","cube":{"iri":"https://environment.ld.admin.ch/foen/nfi/nfi_C-2630/cube/2024-1","title":"NFI: Topics by introduced tree species (tree neophytes; 8 classes)","description":"The National Forest Inventory (NFI) is a periodic survey of condition and development of the Swiss forest. It is produced in close cooperation between the Federal Office for the Environment (FOEN) and the Swiss Federal Institute for Forest, Snow and Landscape Research (WSL). This record contains information about: number of stems and number of stems per forest area","publicationStatus":"PUBLISHED","datePublished":"2023-06-22","creator":{"iri":"https://register.ld.admin.ch/opendataswiss/org/bundesamt-fur-umwelt-bafu","label":"Federal Office for the Environment FOEN"},"themes":[{"iri":"https://register.ld.admin.ch/opendataswiss/category/territory","label":"Territory and environment"},{"iri":"https://register.ld.admin.ch/opendataswiss/category/agriculture","label":"Agriculture, forestry"}],"subthemes":[{"iri":"https://register.ld.admin.ch/foen/theme/14","label":"Forest and wood"}],"dimensions":[]},"__typename":"SearchCubeResult"},{"highlightedTitle":"NFI: Topics by altitudinal vegetation belts (NaiS; 10 classes)","highlightedDescription":"The National Forest Inventory (NFI) is a periodic survey of condition and development of the Swiss forest. It is produced in close cooperation between the Federal Office for the Environment (FOEN) and the Swiss Federal Institute for Forest, Snow and Landscape Research (WSL). This record contains information about: number of woody species (≥40 cm high), basal area of deadwood per forest area, growing stock (stemwood), deadwood quantity, deadwood quantity per forest area, deadwood volume (merch. wood without piles of branches), lying, deadwood volume (merch. wood without piles of branches), lying per forest area, growing stock (stemwood) per forest area, total wood volume (stemwood), total wood volume (stemwood) per forest area, volume of deadwood (stemwood), volume of deadwood (stemwood) per forest area, stand density index (SDI), total basal area per forest area, total number of stems, diversity of woody species, deadwood volume of stumps, deadwood volume of stumps per forest area, biomass of stumps, biomass of stumps per forest area, total number of stems per forest area, number of microhabitats on standing living trees per forest area, deadwood volume (merchantable wood), lying, deadwood volume (merchantable wood), lying per forest area, forest area, number of stems, number of stems per forest area and basal area per forest area","cube":{"iri":"https://environment.ld.admin.ch/foen/nfi/nfi_C-2632/cube/2024-1","title":"NFI: Topics by altitudinal vegetation belts (NaiS; 10 classes)","description":"The National Forest Inventory (NFI) is a periodic survey of condition and development of the Swiss forest. It is produced in close cooperation between the Federal Office for the Environment (FOEN) and the Swiss Federal Institute for Forest, Snow and Landscape Research (WSL). This record contains information about: number of woody species (≥40 cm high), basal area of deadwood per forest area, growing stock (stemwood), deadwood quantity, deadwood quantity per forest area, deadwood volume (merch. wood without piles of branches), lying, deadwood volume (merch. wood without piles of branches), lying per forest area, growing stock (stemwood) per forest area, total wood volume (stemwood), total wood volume (stemwood) per forest area, volume of deadwood (stemwood), volume of deadwood (stemwood) per forest area, stand density index (SDI), total basal area per forest area, total number of stems, diversity of woody species, deadwood volume of stumps, deadwood volume of stumps per forest area, biomass of stumps, biomass of stumps per forest area, total number of stems per forest area, number of microhabitats on standing living trees per forest area, deadwood volume (merchantable wood), lying, deadwood volume (merchantable wood), lying per forest area, forest area, number of stems, number of stems per forest area and basal area per forest area","publicationStatus":"PUBLISHED","datePublished":"2023-06-22","creator":{"iri":"https://register.ld.admin.ch/opendataswiss/org/bundesamt-fur-umwelt-bafu","label":"Federal Office for the Environment FOEN"},"themes":[{"iri":"https://register.ld.admin.ch/opendataswiss/category/territory","label":"Territory and environment"},{"iri":"https://register.ld.admin.ch/opendataswiss/category/agriculture","label":"Agriculture, forestry"}],"subthemes":[{"iri":"https://register.ld.admin.ch/foen/theme/14","label":"Forest and wood"}],"dimensions":[]},"__typename":"SearchCubeResult"},{"highlightedTitle":"NFI: Topics by altitudinal vegetation belts (NaiS; 6 classes)","highlightedDescription":"The National Forest Inventory (NFI) is a periodic survey of condition and development of the Swiss forest. It is produced in close cooperation between the Federal Office for the Environment (FOEN) and the Swiss Federal Institute for Forest, Snow and Landscape Research (WSL). This record contains information about: sample size (number of forest plots), number of woody species (≥40 cm high), basal area of deadwood per forest area, growing stock (stemwood), deadwood quantity, deadwood quantity per forest area, deadwood volume (merch. wood without piles of branches), lying, deadwood volume (merch. wood without piles of branches), lying per forest area, growing stock (stemwood) per forest area, total wood volume (stemwood), total wood volume (stemwood) per forest area, volume of deadwood (stemwood), volume of deadwood (stemwood) per forest area, stand density index (SDI), total basal area per forest area, total number of stems, diversity of woody species, deadwood volume of stumps, deadwood volume of stumps per forest area, biomass of stumps, biomass of stumps per forest area, total number of stems per forest area, number of microhabitats on standing living trees per forest area, deadwood volume (merchantable wood), lying, deadwood volume (merchantable wood), lying per forest area, forest area, number of stems, number of stems per forest area and basal area per forest area","cube":{"iri":"https://environment.ld.admin.ch/foen/nfi/nfi_C-2633/cube/2024-1","title":"NFI: Topics by altitudinal vegetation belts (NaiS; 6 classes)","description":"The National Forest Inventory (NFI) is a periodic survey of condition and development of the Swiss forest. It is produced in close cooperation between the Federal Office for the Environment (FOEN) and the Swiss Federal Institute for Forest, Snow and Landscape Research (WSL). This record contains information about: sample size (number of forest plots), number of woody species (≥40 cm high), basal area of deadwood per forest area, growing stock (stemwood), deadwood quantity, deadwood quantity per forest area, deadwood volume (merch. wood without piles of branches), lying, deadwood volume (merch. wood without piles of branches), lying per forest area, growing stock (stemwood) per forest area, total wood volume (stemwood), total wood volume (stemwood) per forest area, volume of deadwood (stemwood), volume of deadwood (stemwood) per forest area, stand density index (SDI), total basal area per forest area, total number of stems, diversity of woody species, deadwood volume of stumps, deadwood volume of stumps per forest area, biomass of stumps, biomass of stumps per forest area, total number of stems per forest area, number of microhabitats on standing living trees per forest area, deadwood volume (merchantable wood), lying, deadwood volume (merchantable wood), lying per forest area, forest area, number of stems, number of stems per forest area and basal area per forest area","publicationStatus":"PUBLISHED","datePublished":"2023-06-22","creator":{"iri":"https://register.ld.admin.ch/opendataswiss/org/bundesamt-fur-umwelt-bafu","label":"Federal Office for the Environment FOEN"},"themes":[{"iri":"https://register.ld.admin.ch/opendataswiss/category/agriculture","label":"Agriculture, forestry"},{"iri":"https://register.ld.admin.ch/opendataswiss/category/territory","label":"Territory and environment"}],"subthemes":[{"iri":"https://register.ld.admin.ch/foen/theme/14","label":"Forest and wood"}],"dimensions":[]},"__typename":"SearchCubeResult"},{"highlightedTitle":"NFI: Topics by higher/lower altitude zone","highlightedDescription":"The National Forest Inventory (NFI) is a periodic survey of condition and development of the Swiss forest. It is produced in close cooperation between the Federal Office for the Environment (FOEN) and the Swiss Federal Institute for Forest, Snow and Landscape Research (WSL). This record contains information about: sample size (number of forest plots), growing stock (stemwood), deadwood quantity, deadwood quantity per forest area, deadwood volume (merch. wood without piles of branches), lying, deadwood volume (merch. wood without piles of branches), lying per forest area, growing stock (stemwood) per forest area, total wood volume (stemwood), total wood volume (stemwood) per forest area, volume of deadwood (stemwood), volume of deadwood (stemwood) per forest area, total basal area per forest area, total number of stems, area of vehicle tracks (soil disturbance), area of vehicle tracks (soil disturbance) per forest area, deadwood volume of stumps, deadwood volume of stumps per forest area, biomass of stumps, biomass of stumps per forest area, total number of stems per forest area, number of microhabitats on standing living trees per forest area, deadwood volume (merchantable wood), lying, deadwood volume (merchantable wood), lying per forest area, forest area, number of stems, number of stems per forest area and basal area per forest area","cube":{"iri":"https://environment.ld.admin.ch/foen/nfi/nfi_C-2635/cube/2024-1","title":"NFI: Topics by higher/lower altitude zone","description":"The National Forest Inventory (NFI) is a periodic survey of condition and development of the Swiss forest. It is produced in close cooperation between the Federal Office for the Environment (FOEN) and the Swiss Federal Institute for Forest, Snow and Landscape Research (WSL). This record contains information about: sample size (number of forest plots), growing stock (stemwood), deadwood quantity, deadwood quantity per forest area, deadwood volume (merch. wood without piles of branches), lying, deadwood volume (merch. wood without piles of branches), lying per forest area, growing stock (stemwood) per forest area, total wood volume (stemwood), total wood volume (stemwood) per forest area, volume of deadwood (stemwood), volume of deadwood (stemwood) per forest area, total basal area per forest area, total number of stems, area of vehicle tracks (soil disturbance), area of vehicle tracks (soil disturbance) per forest area, deadwood volume of stumps, deadwood volume of stumps per forest area, biomass of stumps, biomass of stumps per forest area, total number of stems per forest area, number of microhabitats on standing living trees per forest area, deadwood volume (merchantable wood), lying, deadwood volume (merchantable wood), lying per forest area, forest area, number of stems, number of stems per forest area and basal area per forest area","publicationStatus":"PUBLISHED","datePublished":"2023-06-22","creator":{"iri":"https://register.ld.admin.ch/opendataswiss/org/bundesamt-fur-umwelt-bafu","label":"Federal Office for the Environment FOEN"},"themes":[{"iri":"https://register.ld.admin.ch/opendataswiss/category/territory","label":"Territory and environment"},{"iri":"https://register.ld.admin.ch/opendataswiss/category/agriculture","label":"Agriculture, forestry"}],"subthemes":[{"iri":"https://register.ld.admin.ch/foen/theme/14","label":"Forest and wood"}],"dimensions":[]},"__typename":"SearchCubeResult"},{"highlightedTitle":"NFI: Topics by forest formations (NaiS; 10 classes)","highlightedDescription":"The National Forest Inventory (NFI) is a periodic survey of condition and development of the Swiss forest. It is produced in close cooperation between the Federal Office for the Environment (FOEN) and the Swiss Federal Institute for Forest, Snow and Landscape Research (WSL). This record contains information about: number of woody species (≥40 cm high) and forest area","cube":{"iri":"https://environment.ld.admin.ch/foen/nfi/nfi_C-2637/cube/2024-1","title":"NFI: Topics by forest formations (NaiS; 10 classes)","description":"The National Forest Inventory (NFI) is a periodic survey of condition and development of the Swiss forest. It is produced in close cooperation between the Federal Office for the Environment (FOEN) and the Swiss Federal Institute for Forest, Snow and Landscape Research (WSL). This record contains information about: number of woody species (≥40 cm high) and forest area","publicationStatus":"PUBLISHED","datePublished":"2023-06-22","creator":{"iri":"https://register.ld.admin.ch/opendataswiss/org/bundesamt-fur-umwelt-bafu","label":"Federal Office for the Environment FOEN"},"themes":[{"iri":"https://register.ld.admin.ch/opendataswiss/category/agriculture","label":"Agriculture, forestry"},{"iri":"https://register.ld.admin.ch/opendataswiss/category/territory","label":"Territory and environment"}],"subthemes":[{"iri":"https://register.ld.admin.ch/foen/theme/14","label":"Forest and wood"}],"dimensions":[]},"__typename":"SearchCubeResult"},{"highlightedTitle":"Forest fire danger","highlightedDescription":"The FOEN's forest fire danger warning contains the general daily forest fire danger based on meteorological data and the resulting forest fire indices.","cube":{"iri":"https://environment.ld.admin.ch/foen/gefahren-waldbrand-warnung/1","title":"Forest fire danger","description":"The FOEN's forest fire danger warning contains the general daily forest fire danger based on meteorological data and the resulting forest fire indices.","publicationStatus":"PUBLISHED","datePublished":"2023-03-15","creator":{"iri":"https://register.ld.admin.ch/opendataswiss/org/bundesamt-fur-umwelt-bafu","label":"Federal Office for the Environment FOEN"},"themes":[{"iri":"https://register.ld.admin.ch/opendataswiss/category/agriculture","label":"Agriculture, forestry"},{"iri":"https://register.ld.admin.ch/opendataswiss/category/territory","label":"Territory and environment"}],"subthemes":[{"iri":"https://register.ld.admin.ch/foen/theme/14","label":"Forest and wood"}],"dimensions":[]},"__typename":"SearchCubeResult"},{"highlightedTitle":"Forest fire prevention measures","highlightedDescription":"Contains the forest fire prevention measures currently in force in the cantons.","cube":{"iri":"https://environment.ld.admin.ch/foen/gefahren-waldbrand-praeventionsmassnahmen-kantone/1","title":"Forest fire prevention measures","description":"Contains the forest fire prevention measures currently in force in the cantons.","publicationStatus":"PUBLISHED","datePublished":"2023-03-15","creator":{"iri":"https://register.ld.admin.ch/opendataswiss/org/bundesamt-fur-umwelt-bafu","label":"Federal Office for the Environment FOEN"},"themes":[{"iri":"https://register.ld.admin.ch/opendataswiss/category/agriculture","label":"Agriculture, forestry"},{"iri":"https://register.ld.admin.ch/opendataswiss/category/territory","label":"Territory and environment"}],"subthemes":[{"iri":"https://register.ld.admin.ch/foen/theme/14","label":"Forest and wood"}],"dimensions":[]},"__typename":"SearchCubeResult"},{"highlightedTitle":"[containedInPlace] Forest fire danger","highlightedDescription":"The FOEN's forest fire danger warning contains the general daily forest fire danger based on meteorological data and the resulting forest fire indices.","cube":{"iri":"https://environment.ld.admin.ch/foen/gefahren-waldbrand-warnung-contained-in-place/1","title":"[containedInPlace] Forest fire danger","description":"The FOEN's forest fire danger warning contains the general daily forest fire danger based on meteorological data and the resulting forest fire indices.","publicationStatus":"PUBLISHED","datePublished":"2023-03-15","creator":{"iri":"https://register.ld.admin.ch/opendataswiss/org/bundesamt-fur-umwelt-bafu","label":"Federal Office for the Environment FOEN"},"themes":[{"iri":"https://register.ld.admin.ch/opendataswiss/category/agriculture","label":"Agriculture, forestry"},{"iri":"https://register.ld.admin.ch/opendataswiss/category/territory","label":"Territory and environment"}],"subthemes":[{"iri":"https://register.ld.admin.ch/foen/theme/14","label":"Forest and wood"}],"dimensions":[]},"__typename":"SearchCubeResult"},{"highlightedTitle":"Key categories for the main pollutants for submission year 2022","highlightedDescription":"Cf. IIR report Submission 2022.","cube":{"iri":"https://environment.ld.admin.ch/foen/BAFU_LuChem_EMIS_pollutants_KCA_all_years/8","title":"Key categories for the main pollutants for submission year 2022","description":"Cf. IIR report Submission 2022.","publicationStatus":"PUBLISHED","datePublished":"2022-08-17","creator":{"iri":"https://register.ld.admin.ch/opendataswiss/org/bundesamt-fur-umwelt-bafu","label":"Federal Office for the Environment FOEN"},"themes":[{"iri":"https://register.ld.admin.ch/opendataswiss/category/territory","label":"Territory and environment"}],"subthemes":[{"iri":"https://register.ld.admin.ch/foen/theme/11","label":"Air"}],"dimensions":[]},"__typename":"SearchCubeResult"},{"highlightedTitle":"Bathing water quality","highlightedDescription":"The assessment of bathing waters is made on the basis of hygienic quality using E.coli and intestinal enterococci. They provide indications on the effectiveness of water protection measures and in particular the extent to which waste water treatment plants are fulfilling their function.","cube":{"iri":"https://environment.ld.admin.ch/foen/ubd0104prod/6","title":"Bathing water quality","description":"The assessment of bathing waters is made on the basis of hygienic quality using E.coli and intestinal enterococci. They provide indications on the effectiveness of water protection measures and in particular the extent to which waste water treatment plants are fulfilling their function.","publicationStatus":"PUBLISHED","datePublished":"2022-07-05","creator":{"iri":"https://register.ld.admin.ch/opendataswiss/org/bundesamt-fur-umwelt-bafu","label":"Federal Office for the Environment FOEN"},"themes":[{"iri":"https://register.ld.admin.ch/opendataswiss/category/territory","label":"Territory and environment"}],"subthemes":[{"iri":"https://register.ld.admin.ch/foen/theme/15","label":"Water"}],"dimensions":[]},"__typename":"SearchCubeResult"},{"highlightedTitle":"Air pollution along the A2 and A13 - annual averages - NOx","highlightedDescription":"The project \"Monitoring flankierende Massnahmen Umwelt\" (MFM-U) measures air and noise pollution along the A2 and A13 transit axes. This is intended to show the environmental impact of freight traffic on the north-south axes. In this way, the implementation of the Transfer of Traffic Act and the effectiveness of the accompanying measures within the framework of the federal government's transfer policy are examined in the area of the environment.","cube":{"iri":"https://environment.ld.admin.ch/foen/ubd010702/12","title":"Air pollution along the A2 and A13 - annual averages - NOx","description":"The project \"Monitoring flankierende Massnahmen Umwelt\" (MFM-U) measures air and noise pollution along the A2 and A13 transit axes. This is intended to show the environmental impact of freight traffic on the north-south axes. In this way, the implementation of the Transfer of Traffic Act and the effectiveness of the accompanying measures within the framework of the federal government's transfer policy are examined in the area of the environment.","publicationStatus":"PUBLISHED","datePublished":"2022-06-03","creator":{"iri":"https://register.ld.admin.ch/opendataswiss/org/bundesamt-fur-umwelt-bafu","label":"Federal Office for the Environment FOEN"},"themes":[{"iri":"https://register.ld.admin.ch/opendataswiss/category/mobility","label":"Mobility and Transport"},{"iri":"https://register.ld.admin.ch/opendataswiss/category/territory","label":"Territory and environment"}],"subthemes":[{"iri":"https://register.ld.admin.ch/foen/theme/11","label":"Air"}],"dimensions":[]},"__typename":"SearchCubeResult"},{"highlightedTitle":"Heavy Metal Soil Contamination","highlightedDescription":"The measurement data are the surveyed mean values of heavy metal concentrations recorded in the top 20 cm of the soil in around 100 permanent monitoring sites operated by the Swiss National Soil Monitoring Network (NABO).","cube":{"iri":"https://environment.ld.admin.ch/foen/ubd0066/21","title":"Heavy Metal Soil Contamination","description":"The measurement data are the surveyed mean values of heavy metal concentrations recorded in the top 20 cm of the soil in around 100 permanent monitoring sites operated by the Swiss National Soil Monitoring Network (NABO).","publicationStatus":"PUBLISHED","datePublished":"2022-05-13","creator":{"iri":"https://register.ld.admin.ch/opendataswiss/org/bundesamt-fur-umwelt-bafu","label":"Federal Office for the Environment FOEN"},"themes":[{"iri":"https://register.ld.admin.ch/opendataswiss/category/agriculture","label":"Agriculture, forestry"},{"iri":"https://register.ld.admin.ch/opendataswiss/category/territory","label":"Territory and environment"}],"subthemes":[{"iri":"https://register.ld.admin.ch/foen/theme/5","label":"Soils"}],"dimensions":[]},"__typename":"SearchCubeResult"},{"highlightedTitle":"Traffic noise pollution","highlightedDescription":"Percentage of the population, flats and buildings exposed to road, rail and air traffic noise during the day and night. The data is based on area-wide model calculations (sonBASE).","cube":{"iri":"https://environment.ld.admin.ch/foen/ubd0037/9","title":"Traffic noise pollution","description":"Percentage of the population, flats and buildings exposed to road, rail and air traffic noise during the day and night. The data is based on area-wide model calculations (sonBASE).","publicationStatus":"PUBLISHED","datePublished":"2021-10-12","creator":{"iri":"https://register.ld.admin.ch/opendataswiss/org/bundesamt-fur-umwelt-bafu","label":"Federal Office for the Environment FOEN"},"themes":[{"iri":"https://register.ld.admin.ch/opendataswiss/category/territory","label":"Territory and environment"}],"subthemes":[{"iri":"https://register.ld.admin.ch/foen/theme/10","label":"Noise"}],"dimensions":[]},"__typename":"SearchCubeResult"}]}}
