{"data":{"searchCubes":[{"highlightedTitle":"Market figures milk and dairy products - Monthly consumption prices","highlightedDescription":"Monthly average price of selected dairy products at the consumption stage of the value chain ","cube":{"iri":"https://agriculture.ld.admin.ch/foag/cube/MilkDairyProducts/Consumption_Price_Month","title":"Market figures milk and dairy products - Monthly consumption prices","description":"Monthly average price of selected dairy products at the consumption stage of the value chain ","publicationStatus":"PUBLISHED","datePublished":"2024-06-06","creator":{"iri":"https://register.ld.admin.ch/opendataswiss/org/bundesamt-fur-landwirtschaft-blw","label":"Federal Office for Agriculture FOAG"},"themes":[{"iri":"https://register.ld.admin.ch/opendataswiss/category/administration","label":"Administration"},{"iri":"https://register.ld.admin.ch/opendataswiss/category/agriculture","label":"Agriculture, forestry"},{"iri":"https://register.ld.admin.ch/opendataswiss/category/national-economy","label":"National economy"},{"iri":"https://register.ld.admin.ch/opendataswiss/category/prices","label":"Prices"}],"subthemes":[],"dimensions":[]},"__typename":"SearchCubeResult"},{"highlightedTitle":"Market figures milk and dairy products - Annual consumption prices","highlightedDescription":"Annual average price of selected dairy products at the consumption stage of the value chain ","cube":{"iri":"https://agriculture.ld.admin.ch/foag/cube/MilkDairyProducts/Consumption_Price_Year","title":"Market figures milk and dairy products - Annual consumption prices","description":"Annual average price of selected dairy products at the consumption stage of the value chain ","publicationStatus":"PUBLISHED","datePublished":"2024-06-06","creator":{"iri":"https://register.ld.admin.ch/opendataswiss/org/bundesamt-fur-landwirtschaft-blw","label":"Federal Office for Agriculture FOAG"},"themes":[{"iri":"https://register.ld.admin.ch/opendataswiss/category/prices","label":"Prices"},{"iri":"https://register.ld.admin.ch/opendataswiss/category/administration","label":"Administration"},{"iri":"https://register.ld.admin.ch/opendataswiss/category/agriculture","label":"Agriculture, forestry"},{"iri":"https://register.ld.admin.ch/opendataswiss/category/national-economy","label":"National economy"}],"subthemes":[],"dimensions":[]},"__typename":"SearchCubeResult"},{"highlightedTitle":"Market figures milk and dairy products - Monthly index (production)","highlightedDescription":"Monthly price index for the milk market","cube":{"iri":"https://agriculture.ld.admin.ch/foag/cube/MilkDairyProducts/Production_Index_Month","title":"Market figures milk and dairy products - Monthly index (production)","description":"Monthly price index for the milk market","publicationStatus":"PUBLISHED","datePublished":"2024-06-06","creator":{"iri":"https://register.ld.admin.ch/opendataswiss/org/bundesamt-fur-landwirtschaft-blw","label":"Federal Office for Agriculture FOAG"},"themes":[{"iri":"https://register.ld.admin.ch/opendataswiss/category/prices","label":"Prices"},{"iri":"https://register.ld.admin.ch/opendataswiss/category/agriculture","label":"Agriculture, forestry"},{"iri":"https://register.ld.admin.ch/opendataswiss/category/administration","label":"Administration"},{"iri":"https://register.ld.admin.ch/opendataswiss/category/national-economy","label":"National economy"}],"subthemes":[],"dimensions":[]},"__typename":"SearchCubeResult"},{"highlightedTitle":"Market figures for milk and dairy products - Annual index (production)","highlightedDescription":"Annual price index for the milk market","cube":{"iri":"https://agriculture.ld.admin.ch/foag/cube/MilkDairyProducts/Production_Index_Year","title":"Market figures for milk and dairy products - Annual index (production)","description":"Annual price index for the milk market","publicationStatus":"PUBLISHED","datePublished":"2024-06-06","creator":{"iri":"https://register.ld.admin.ch/opendataswiss/org/bundesamt-fur-landwirtschaft-blw","label":"Federal Office for Agriculture FOAG"},"themes":[{"iri":"https://register.ld.admin.ch/opendataswiss/category/agriculture","label":"Agriculture, forestry"},{"iri":"https://register.ld.admin.ch/opendataswiss/category/administration","label":"Administration"},{"iri":"https://register.ld.admin.ch/opendataswiss/category/prices","label":"Prices"},{"iri":"https://register.ld.admin.ch/opendataswiss/category/national-economy","label":"National economy"}],"subthemes":[],"dimensions":[]},"__typename":"SearchCubeResult"},{"highlightedTitle":"Market figures milk and dairy products - Monthly production prices","highlightedDescription":"Annual average prices on marketed raw milk at production stage of the value chain","cube":{"iri":"https://agriculture.ld.admin.ch/foag/cube/MilkDairyProducts/Production_Price_Month","title":"Market figures milk and dairy products - Monthly production prices","description":"Annual average prices on marketed raw milk at production stage of the value chain","publicationStatus":"PUBLISHED","datePublished":"2024-06-06","creator":{"iri":"https://register.ld.admin.ch/opendataswiss/org/bundesamt-fur-landwirtschaft-blw","label":"Federal Office for Agriculture FOAG"},"themes":[{"iri":"https://register.ld.admin.ch/opendataswiss/category/national-economy","label":"National economy"},{"iri":"https://register.ld.admin.ch/opendataswiss/category/agriculture","label":"Agriculture, forestry"},{"iri":"https://register.ld.admin.ch/opendataswiss/category/prices","label":"Prices"},{"iri":"https://register.ld.admin.ch/opendataswiss/category/administration","label":"Administration"}],"subthemes":[],"dimensions":[]},"__typename":"SearchCubeResult"},{"highlightedTitle":"Market figures milk and dairy products - Monthly production quantities","highlightedDescription":"Monthly quantities on marketed raw milk at production stage of the value chain","cube":{"iri":"https://agriculture.ld.admin.ch/foag/cube/MilkDairyProducts/Production_Quantity_Month","title":"Market figures milk and dairy products - Monthly production quantities","description":"Monthly quantities on marketed raw milk at production stage of the value chain","publicationStatus":"PUBLISHED","datePublished":"2024-06-06","creator":{"iri":"https://register.ld.admin.ch/opendataswiss/org/bundesamt-fur-landwirtschaft-blw","label":"Federal Office for Agriculture FOAG"},"themes":[{"iri":"https://register.ld.admin.ch/opendataswiss/category/administration","label":"Administration"},{"iri":"https://register.ld.admin.ch/opendataswiss/category/agriculture","label":"Agriculture, forestry"},{"iri":"https://register.ld.admin.ch/opendataswiss/category/national-economy","label":"National economy"}],"subthemes":[],"dimensions":[]},"__typename":"SearchCubeResult"},{"highlightedTitle":"Market figures for milk and dairy products - Annual production quantities","highlightedDescription":"Annual quantities on marketed raw milk at production stage of the value chain","cube":{"iri":"https://agriculture.ld.admin.ch/foag/cube/MilkDairyProducts/Production_Quantity_Year","title":"Market figures for milk and dairy products - Annual production quantities","description":"Annual quantities on marketed raw milk at production stage of the value chain","publicationStatus":"PUBLISHED","datePublished":"2024-06-06","creator":{"iri":"https://register.ld.admin.ch/opendataswiss/org/bundesamt-fur-landwirtschaft-blw","label":"Federal Office for Agriculture FOAG"},"themes":[{"iri":"https://register.ld.admin.ch/opendataswiss/category/administration","label":"Administration"},{"iri":"https://register.ld.admin.ch/opendataswiss/category/national-economy","label":"National economy"},{"iri":"https://register.ld.admin.ch/opendataswiss/category/agriculture","label":"Agriculture, forestry"}],"subthemes":[],"dimensions":[]},"__typename":"SearchCubeResult"},{"highlightedTitle":"Market figures milk and dairy products - Annual production prices","highlightedDescription":"Monthly average prices on marketed raw milk at production stage of the value chain","cube":{"iri":"https://agriculture.ld.admin.ch/foag/cube/MilkDairyProducts/Production_Price_Year","title":"Market figures milk and dairy products - Annual production prices","description":"Monthly average prices on marketed raw milk at production stage of the value chain","publicationStatus":"PUBLISHED","datePublished":"2024-06-06","creator":{"iri":"https://register.ld.admin.ch/opendataswiss/org/bundesamt-fur-landwirtschaft-blw","label":"Federal Office for Agriculture FOAG"},"themes":[{"iri":"https://register.ld.admin.ch/opendataswiss/category/administration","label":"Administration"},{"iri":"https://register.ld.admin.ch/opendataswiss/category/prices","label":"Prices"},{"iri":"https://register.ld.admin.ch/opendataswiss/category/agriculture","label":"Agriculture, forestry"},{"iri":"https://register.ld.admin.ch/opendataswiss/category/national-economy","label":"National economy"}],"subthemes":[],"dimensions":[]},"__typename":"SearchCubeResult"},{"highlightedTitle":"Market figures milk and dairy products - Monthly price indices (wholesale/processing)","highlightedDescription":"Monthly price indices of selected dairy products at the wholesale/processing stage of the value chain","cube":{"iri":"https://agriculture.ld.admin.ch/foag/cube/MilkDairyProducts/WholesaleProcessing_Index_Month","title":"Market figures milk and dairy products - Monthly price indices (wholesale/processing)","description":"Monthly price indices of selected dairy products at the wholesale/processing stage of the value chain","publicationStatus":"PUBLISHED","datePublished":"2024-06-06","creator":{"iri":"https://register.ld.admin.ch/opendataswiss/org/bundesamt-fur-landwirtschaft-blw","label":"Federal Office for Agriculture FOAG"},"themes":[{"iri":"https://register.ld.admin.ch/opendataswiss/category/agriculture","label":"Agriculture, forestry"},{"iri":"https://register.ld.admin.ch/opendataswiss/category/national-economy","label":"National economy"},{"iri":"https://register.ld.admin.ch/opendataswiss/category/administration","label":"Administration"},{"iri":"https://register.ld.admin.ch/opendataswiss/category/prices","label":"Prices"}],"subthemes":[],"dimensions":[]},"__typename":"SearchCubeResult"},{"highlightedTitle":"Market figures milk and dairy products - Annual price indices (wholesale/processing)","highlightedDescription":"Annual price indices of selected dairy products at the wholesale/processing stage of the value chain","cube":{"iri":"https://agriculture.ld.admin.ch/foag/cube/MilkDairyProducts/WholesaleProcessing_Index_Year","title":"Market figures milk and dairy products - Annual price indices (wholesale/processing)","description":"Annual price indices of selected dairy products at the wholesale/processing stage of the value chain","publicationStatus":"PUBLISHED","datePublished":"2024-06-06","creator":{"iri":"https://register.ld.admin.ch/opendataswiss/org/bundesamt-fur-landwirtschaft-blw","label":"Federal Office for Agriculture FOAG"},"themes":[{"iri":"https://register.ld.admin.ch/opendataswiss/category/agriculture","label":"Agriculture, forestry"},{"iri":"https://register.ld.admin.ch/opendataswiss/category/administration","label":"Administration"},{"iri":"https://register.ld.admin.ch/opendataswiss/category/national-economy","label":"National economy"},{"iri":"https://register.ld.admin.ch/opendataswiss/category/prices","label":"Prices"}],"subthemes":[],"dimensions":[]},"__typename":"SearchCubeResult"},{"highlightedTitle":"Market figures milk and dairy products - Monthly wholesale/processing prices","highlightedDescription":"Monthly average prices of selected dairy products at the wholesale/processing stage of the value chain","cube":{"iri":"https://agriculture.ld.admin.ch/foag/cube/MilkDairyProducts/WholesaleProcessing_Price_Month","title":"Market figures milk and dairy products - Monthly wholesale/processing prices","description":"Monthly average prices of selected dairy products at the wholesale/processing stage of the value chain","publicationStatus":"PUBLISHED","datePublished":"2024-06-06","creator":{"iri":"https://register.ld.admin.ch/opendataswiss/org/bundesamt-fur-landwirtschaft-blw","label":"Federal Office for Agriculture FOAG"},"themes":[{"iri":"https://register.ld.admin.ch/opendataswiss/category/administration","label":"Administration"},{"iri":"https://register.ld.admin.ch/opendataswiss/category/prices","label":"Prices"},{"iri":"https://register.ld.admin.ch/opendataswiss/category/agriculture","label":"Agriculture, forestry"},{"iri":"https://register.ld.admin.ch/opendataswiss/category/national-economy","label":"National economy"}],"subthemes":[],"dimensions":[]},"__typename":"SearchCubeResult"},{"highlightedTitle":"Market figures milk and dairy products - Annual wholesale/processing prices","highlightedDescription":"Annual average prices of selected dairy products at the wholesale/processing stage of the value chain","cube":{"iri":"https://agriculture.ld.admin.ch/foag/cube/MilkDairyProducts/WholesaleProcessing_Price_Year","title":"Market figures milk and dairy products - Annual wholesale/processing prices","description":"Annual average prices of selected dairy products at the wholesale/processing stage of the value chain","publicationStatus":"PUBLISHED","datePublished":"2024-06-06","creator":{"iri":"https://register.ld.admin.ch/opendataswiss/org/bundesamt-fur-landwirtschaft-blw","label":"Federal Office for Agriculture FOAG"},"themes":[{"iri":"https://register.ld.admin.ch/opendataswiss/category/agriculture","label":"Agriculture, forestry"},{"iri":"https://register.ld.admin.ch/opendataswiss/category/prices","label":"Prices"},{"iri":"https://register.ld.admin.ch/opendataswiss/category/administration","label":"Administration"},{"iri":"https://register.ld.admin.ch/opendataswiss/category/national-economy","label":"National economy"}],"subthemes":[],"dimensions":[]},"__typename":"SearchCubeResult"},{"highlightedTitle":"Market figures for eggs - Annual consumption prices ","highlightedDescription":"Annual average prices for a selection of different egg products or eggs at the consumption stage of the value chain","cube":{"iri":"https://agriculture.ld.admin.ch/foag/cube/Eggs/Consumption_Price_Year","title":"Market figures for eggs - Annual consumption prices ","description":"Annual average prices for a selection of different egg products or eggs at the consumption stage of the value chain","publicationStatus":"PUBLISHED","datePublished":"2024-06-06","creator":{"iri":"https://register.ld.admin.ch/opendataswiss/org/bundesamt-fur-landwirtschaft-blw","label":"Federal Office for Agriculture FOAG"},"themes":[{"iri":"https://register.ld.admin.ch/opendataswiss/category/agriculture","label":"Agriculture, forestry"},{"iri":"https://register.ld.admin.ch/opendataswiss/category/national-economy","label":"National economy"},{"iri":"https://register.ld.admin.ch/opendataswiss/category/prices","label":"Prices"},{"iri":"https://register.ld.admin.ch/opendataswiss/category/administration","label":"Administration"}],"subthemes":[],"dimensions":[]},"__typename":"SearchCubeResult"},{"highlightedTitle":"Market figures for eggs - Monthly consumption prices ","highlightedDescription":"Monthly average prices for a selection of different egg products or eggs at the consumption stage of the value chain","cube":{"iri":"https://agriculture.ld.admin.ch/foag/cube/Eggs/Consumption_Price_Month","title":"Market figures for eggs - Monthly consumption prices ","description":"Monthly average prices for a selection of different egg products or eggs at the consumption stage of the value chain","publicationStatus":"PUBLISHED","datePublished":"2024-06-06","creator":{"iri":"https://register.ld.admin.ch/opendataswiss/org/bundesamt-fur-landwirtschaft-blw","label":"Federal Office for Agriculture FOAG"},"themes":[{"iri":"https://register.ld.admin.ch/opendataswiss/category/agriculture","label":"Agriculture, forestry"},{"iri":"https://register.ld.admin.ch/opendataswiss/category/national-economy","label":"National economy"},{"iri":"https://register.ld.admin.ch/opendataswiss/category/prices","label":"Prices"},{"iri":"https://register.ld.admin.ch/opendataswiss/category/administration","label":"Administration"}],"subthemes":[],"dimensions":[]},"__typename":"SearchCubeResult"},{"highlightedTitle":"Market figures eggs - Annual  catering wholesale prices ","highlightedDescription":"Annual average prices for a selection of different egg products or eggs at the catering wholesale value-added stage","cube":{"iri":"https://agriculture.ld.admin.ch/foag/cube/Eggs/GastronomyWholesale_Price_Year","title":"Market figures eggs - Annual  catering wholesale prices ","description":"Annual average prices for a selection of different egg products or eggs at the catering wholesale value-added stage","publicationStatus":"PUBLISHED","datePublished":"2024-06-06","creator":{"iri":"https://register.ld.admin.ch/opendataswiss/org/bundesamt-fur-landwirtschaft-blw","label":"Federal Office for Agriculture FOAG"},"themes":[{"iri":"https://register.ld.admin.ch/opendataswiss/category/prices","label":"Prices"},{"iri":"https://register.ld.admin.ch/opendataswiss/category/national-economy","label":"National economy"},{"iri":"https://register.ld.admin.ch/opendataswiss/category/agriculture","label":"Agriculture, forestry"},{"iri":"https://register.ld.admin.ch/opendataswiss/category/administration","label":"Administration"}],"subthemes":[],"dimensions":[]},"__typename":"SearchCubeResult"},{"highlightedTitle":"Market figures eggs - Monthly import prices","highlightedDescription":"Monthly average prices for a selection of different egg products or eggs at value creation level transformation and consumption","cube":{"iri":"https://agriculture.ld.admin.ch/foag/cube/Eggs/Import_Price_Month","title":"Market figures eggs - Monthly import prices","description":"Monthly average prices for a selection of different egg products or eggs at value creation level transformation and consumption","publicationStatus":"PUBLISHED","datePublished":"2024-06-06","creator":{"iri":"https://register.ld.admin.ch/opendataswiss/org/bundesamt-fur-landwirtschaft-blw","label":"Federal Office for Agriculture FOAG"},"themes":[{"iri":"https://register.ld.admin.ch/opendataswiss/category/agriculture","label":"Agriculture, forestry"},{"iri":"https://register.ld.admin.ch/opendataswiss/category/administration","label":"Administration"},{"iri":"https://register.ld.admin.ch/opendataswiss/category/national-economy","label":"National economy"},{"iri":"https://register.ld.admin.ch/opendataswiss/category/prices","label":"Prices"}],"subthemes":[],"dimensions":[]},"__typename":"SearchCubeResult"},{"highlightedTitle":"Market figures for eggs - Annual import quantities ","highlightedDescription":"Annual quantities of eggs imported at the tranformation or consumption stage of the value chain","cube":{"iri":"https://agriculture.ld.admin.ch/foag/cube/Eggs/Import_Quantity_Year","title":"Market figures for eggs - Annual import quantities ","description":"Annual quantities of eggs imported at the tranformation or consumption stage of the value chain","publicationStatus":"PUBLISHED","datePublished":"2024-06-06","creator":{"iri":"https://register.ld.admin.ch/opendataswiss/org/bundesamt-fur-landwirtschaft-blw","label":"Federal Office for Agriculture FOAG"},"themes":[{"iri":"https://register.ld.admin.ch/opendataswiss/category/administration","label":"Administration"},{"iri":"https://register.ld.admin.ch/opendataswiss/category/national-economy","label":"National economy"},{"iri":"https://register.ld.admin.ch/opendataswiss/category/agriculture","label":"Agriculture, forestry"}],"subthemes":[],"dimensions":[]},"__typename":"SearchCubeResult"},{"highlightedTitle":"Market figures eggs - Annual import prices ","highlightedDescription":"Annual average prices for a selection of different egg products or eggs at the transformation and consumption stage of the value chain","cube":{"iri":"https://agriculture.ld.admin.ch/foag/cube/Eggs/Import_Price_Year","title":"Market figures eggs - Annual import prices ","description":"Annual average prices for a selection of different egg products or eggs at the transformation and consumption stage of the value chain","publicationStatus":"PUBLISHED","datePublished":"2024-06-06","creator":{"iri":"https://register.ld.admin.ch/opendataswiss/org/bundesamt-fur-landwirtschaft-blw","label":"Federal Office for Agriculture FOAG"},"themes":[{"iri":"https://register.ld.admin.ch/opendataswiss/category/administration","label":"Administration"},{"iri":"https://register.ld.admin.ch/opendataswiss/category/agriculture","label":"Agriculture, forestry"},{"iri":"https://register.ld.admin.ch/opendataswiss/category/prices","label":"Prices"},{"iri":"https://register.ld.admin.ch/opendataswiss/category/national-economy","label":"National economy"}],"subthemes":[],"dimensions":[]},"__typename":"SearchCubeResult"},{"highlightedTitle":"Market figures eggs - Monthly production prices ","highlightedDescription":"Monthly average prices for eggs at the production stage of the value chain","cube":{"iri":"https://agriculture.ld.admin.ch/foag/cube/Eggs/Production_Price_Month","title":"Market figures eggs - Monthly production prices ","description":"Monthly average prices for eggs at the production stage of the value chain","publicationStatus":"PUBLISHED","datePublished":"2024-06-06","creator":{"iri":"https://register.ld.admin.ch/opendataswiss/org/bundesamt-fur-landwirtschaft-blw","label":"Federal Office for Agriculture FOAG"},"themes":[{"iri":"https://register.ld.admin.ch/opendataswiss/category/national-economy","label":"National economy"},{"iri":"https://register.ld.admin.ch/opendataswiss/category/agriculture","label":"Agriculture, forestry"},{"iri":"https://register.ld.admin.ch/opendataswiss/category/administration","label":"Administration"},{"iri":"https://register.ld.admin.ch/opendataswiss/category/prices","label":"Prices"}],"subthemes":[],"dimensions":[]},"__typename":"SearchCubeResult"},{"highlightedTitle":"Market figures for eggs - Annual production prices ","highlightedDescription":"Annual average prices for eggs at the production stage of the value chain","cube":{"iri":"https://agriculture.ld.admin.ch/foag/cube/Eggs/Production_Price_Year","title":"Market figures for eggs - Annual production prices ","description":"Annual average prices for eggs at the production stage of the value chain","publicationStatus":"PUBLISHED","datePublished":"2024-06-06","creator":{"iri":"https://register.ld.admin.ch/opendataswiss/org/bundesamt-fur-landwirtschaft-blw","label":"Federal Office for Agriculture FOAG"},"themes":[{"iri":"https://register.ld.admin.ch/opendataswiss/category/prices","label":"Prices"},{"iri":"https://register.ld.admin.ch/opendataswiss/category/administration","label":"Administration"},{"iri":"https://register.ld.admin.ch/opendataswiss/category/agriculture","label":"Agriculture, forestry"},{"iri":"https://register.ld.admin.ch/opendataswiss/category/national-economy","label":"National economy"}],"subthemes":[],"dimensions":[]},"__typename":"SearchCubeResult"},{"highlightedTitle":"Market figures eggs - Annual wholesale/processing quantities","highlightedDescription":"Annual quantities of eggs at wholesale/processing value chain level","cube":{"iri":"https://agriculture.ld.admin.ch/foag/cube/Eggs/WholesaleProcessing_Quantity_Year","title":"Market figures eggs - Annual wholesale/processing quantities","description":"Annual quantities of eggs at wholesale/processing value chain level","publicationStatus":"PUBLISHED","datePublished":"2024-06-06","creator":{"iri":"https://register.ld.admin.ch/opendataswiss/org/bundesamt-fur-landwirtschaft-blw","label":"Federal Office for Agriculture FOAG"},"themes":[{"iri":"https://register.ld.admin.ch/opendataswiss/category/administration","label":"Administration"},{"iri":"https://register.ld.admin.ch/opendataswiss/category/agriculture","label":"Agriculture, forestry"},{"iri":"https://register.ld.admin.ch/opendataswiss/category/national-economy","label":"National economy"}],"subthemes":[],"dimensions":[]},"__typename":"SearchCubeResult"},{"highlightedTitle":"Market figures for eggs - Annual production quantitites ","highlightedDescription":"Annual quantities of eggs produced at the production stage of the value chain ","cube":{"iri":"https://agriculture.ld.admin.ch/foag/cube/Eggs/Production_Quantity_Year","title":"Market figures for eggs - Annual production quantitites ","description":"Annual quantities of eggs produced at the production stage of the value chain ","publicationStatus":"PUBLISHED","datePublished":"2024-06-06","creator":{"iri":"https://register.ld.admin.ch/opendataswiss/org/bundesamt-fur-landwirtschaft-blw","label":"Federal Office for Agriculture FOAG"},"themes":[{"iri":"https://register.ld.admin.ch/opendataswiss/category/national-economy","label":"National economy"},{"iri":"https://register.ld.admin.ch/opendataswiss/category/agriculture","label":"Agriculture, forestry"},{"iri":"https://register.ld.admin.ch/opendataswiss/category/administration","label":"Administration"}],"subthemes":[],"dimensions":[]},"__typename":"SearchCubeResult"},{"highlightedTitle":"Market figures eggs - Annual funds available and contributions","highlightedDescription":"Annual funds available and contributions paid out as part of the relief measures for egg market","cube":{"iri":"https://agriculture.ld.admin.ch/foag/cube/Eggs/Production_Contribution_Year","title":"Market figures eggs - Annual funds available and contributions","description":"Annual funds available and contributions paid out as part of the relief measures for egg market","publicationStatus":"PUBLISHED","datePublished":"2024-06-06","creator":{"iri":"https://register.ld.admin.ch/opendataswiss/org/bundesamt-fur-landwirtschaft-blw","label":"Federal Office for Agriculture FOAG"},"themes":[{"iri":"https://register.ld.admin.ch/opendataswiss/category/agriculture","label":"Agriculture, forestry"},{"iri":"https://register.ld.admin.ch/opendataswiss/category/administration","label":"Administration"},{"iri":"https://register.ld.admin.ch/opendataswiss/category/national-economy","label":"National economy"},{"iri":"https://register.ld.admin.ch/opendataswiss/category/prices","label":"Prices"}],"subthemes":[],"dimensions":[]},"__typename":"SearchCubeResult"},{"highlightedTitle":"Market figures for eggs - Annual export quantities ","highlightedDescription":"Annual quantities of eggs exported at the tranformation or consumption stage of the value chain","cube":{"iri":"https://agriculture.ld.admin.ch/foag/cube/Eggs/Export_Quantity_Year","title":"Market figures for eggs - Annual export quantities ","description":"Annual quantities of eggs exported at the tranformation or consumption stage of the value chain","publicationStatus":"PUBLISHED","datePublished":"2024-06-06","creator":{"iri":"https://register.ld.admin.ch/opendataswiss/org/bundesamt-fur-landwirtschaft-blw","label":"Federal Office for Agriculture FOAG"},"themes":[{"iri":"https://register.ld.admin.ch/opendataswiss/category/agriculture","label":"Agriculture, forestry"},{"iri":"https://register.ld.admin.ch/opendataswiss/category/administration","label":"Administration"},{"iri":"https://register.ld.admin.ch/opendataswiss/category/national-economy","label":"National economy"}],"subthemes":[],"dimensions":[]},"__typename":"SearchCubeResult"},{"highlightedTitle":"Market figures for eggs - Shares of annual production","highlightedDescription":"Annual percentage shares of Swiss-produced eggs by production system at production value creation level","cube":{"iri":"https://agriculture.ld.admin.ch/foag/cube/Eggs/Production_Percentage_Year","title":"Market figures for eggs - Shares of annual production","description":"Annual percentage shares of Swiss-produced eggs by production system at production value creation level","publicationStatus":"PUBLISHED","datePublished":"2024-06-06","creator":{"iri":"https://register.ld.admin.ch/opendataswiss/org/bundesamt-fur-landwirtschaft-blw","label":"Federal Office for Agriculture FOAG"},"themes":[{"iri":"https://register.ld.admin.ch/opendataswiss/category/agriculture","label":"Agriculture, forestry"},{"iri":"https://register.ld.admin.ch/opendataswiss/category/administration","label":"Administration"},{"iri":"https://register.ld.admin.ch/opendataswiss/category/national-economy","label":"National economy"}],"subthemes":[],"dimensions":[]},"__typename":"SearchCubeResult"},{"highlightedTitle":"State accounts - Office","highlightedDescription":"In the state financial statements, the Federal Council details the receipts of the federal administration for the previous year and accounts for its expenditure.  The Federal Finance Administration (FFA) consolidates the annual financial statements of the departments and, based on them, compiles the report on the state financial statements. The statements are adopted by the Federal Council and forwarded in printed form to Parliament for approval.  The Federal Council also lays the budget for the following year before the Federal Assembly. This is also prepared by the FFA. By this means, Parliament approves the planned expenses and total expenditure of the Confederation and takes note of the estimate of income and receipts.  Further information and the most recent state financial statements can be found on the FFA website: https://www.efv.admin.ch/efv/en/home.html.","cube":{"iri":"https://culture.ld.admin.ch/sfa/StateAccounts_Office/5","title":"State accounts - Office","description":"In the state financial statements, the Federal Council details the receipts of the federal administration for the previous year and accounts for its expenditure.  The Federal Finance Administration (FFA) consolidates the annual financial statements of the departments and, based on them, compiles the report on the state financial statements. The statements are adopted by the Federal Council and forwarded in printed form to Parliament for approval.  The Federal Council also lays the budget for the following year before the Federal Assembly. This is also prepared by the FFA. By this means, Parliament approves the planned expenses and total expenditure of the Confederation and takes note of the estimate of income and receipts.  Further information and the most recent state financial statements can be found on the FFA website: https://www.efv.admin.ch/efv/en/home.html.","publicationStatus":"PUBLISHED","datePublished":"2022-05-23","creator":{"iri":"https://register.ld.admin.ch/opendataswiss/org/schweizerisches-bundesarchiv-bar","label":"Swiss Federal Archives SFA"},"themes":[{"iri":"https://register.ld.admin.ch/opendataswiss/category/statistical-basis","label":"Statistical basis"},{"iri":"https://register.ld.admin.ch/opendataswiss/category/finances","label":"Finances"},{"iri":"https://register.ld.admin.ch/opendataswiss/category/administration","label":"Administration"}],"subthemes":[],"dimensions":[]},"__typename":"SearchCubeResult"},{"highlightedTitle":"State accounts - Function","highlightedDescription":"In the state financial statements, the Federal Council details the receipts of the federal administration for the previous year and accounts for its expenditure.  The Federal Finance Administration (FFA) consolidates the annual financial statements of the departments and, based on them, compiles the report on the state financial statements. The statements are adopted by the Federal Council and forwarded in printed form to Parliament for approval.  The Federal Council also lays the budget for the following year before the Federal Assembly. This is also prepared by the FFA. By this means, Parliament approves the planned expenses and total expenditure of the Confederation and takes note of the estimate of income and receipts.  Further information and the most recent state financial statements can be found on the FFA website: https://www.efv.admin.ch/efv/en/home.html.","cube":{"iri":"https://culture.ld.admin.ch/sfa/StateAccounts_Function/5","title":"State accounts - Function","description":"In the state financial statements, the Federal Council details the receipts of the federal administration for the previous year and accounts for its expenditure.  The Federal Finance Administration (FFA) consolidates the annual financial statements of the departments and, based on them, compiles the report on the state financial statements. The statements are adopted by the Federal Council and forwarded in printed form to Parliament for approval.  The Federal Council also lays the budget for the following year before the Federal Assembly. This is also prepared by the FFA. By this means, Parliament approves the planned expenses and total expenditure of the Confederation and takes note of the estimate of income and receipts.  Further information and the most recent state financial statements can be found on the FFA website: https://www.efv.admin.ch/efv/en/home.html.","publicationStatus":"PUBLISHED","datePublished":"2022-05-23","creator":{"iri":"https://register.ld.admin.ch/opendataswiss/org/schweizerisches-bundesarchiv-bar","label":"Swiss Federal Archives SFA"},"themes":[{"iri":"https://register.ld.admin.ch/opendataswiss/category/finances","label":"Finances"},{"iri":"https://register.ld.admin.ch/opendataswiss/category/statistical-basis","label":"Statistical basis"},{"iri":"https://register.ld.admin.ch/opendataswiss/category/administration","label":"Administration"}],"subthemes":[],"dimensions":[]},"__typename":"SearchCubeResult"},{"highlightedTitle":"State accounts - Category","highlightedDescription":"In the state financial statements, the Federal Council details the receipts of the federal administration for the previous year and accounts for its expenditure.  The Federal Finance Administration (FFA) consolidates the annual financial statements of the departments and, based on them, compiles the report on the state financial statements. The statements are adopted by the Federal Council and forwarded in printed form to Parliament for approval.  The Federal Council also lays the budget for the following year before the Federal Assembly. This is also prepared by the FFA. By this means, Parliament approves the planned expenses and total expenditure of the Confederation and takes note of the estimate of income and receipts.  Further information and the most recent state financial statements can be found on the FFA website: https://www.efv.admin.ch/efv/en/home.html.","cube":{"iri":"https://culture.ld.admin.ch/sfa/StateAccounts_Category/5","title":"State accounts - Category","description":"In the state financial statements, the Federal Council details the receipts of the federal administration for the previous year and accounts for its expenditure.  The Federal Finance Administration (FFA) consolidates the annual financial statements of the departments and, based on them, compiles the report on the state financial statements. The statements are adopted by the Federal Council and forwarded in printed form to Parliament for approval.  The Federal Council also lays the budget for the following year before the Federal Assembly. This is also prepared by the FFA. By this means, Parliament approves the planned expenses and total expenditure of the Confederation and takes note of the estimate of income and receipts.  Further information and the most recent state financial statements can be found on the FFA website: https://www.efv.admin.ch/efv/en/home.html.","publicationStatus":"PUBLISHED","datePublished":"2022-05-23","creator":{"iri":"https://register.ld.admin.ch/opendataswiss/org/schweizerisches-bundesarchiv-bar","label":"Swiss Federal Archives SFA"},"themes":[{"iri":"https://register.ld.admin.ch/opendataswiss/category/statistical-basis","label":"Statistical basis"},{"iri":"https://register.ld.admin.ch/opendataswiss/category/administration","label":"Administration"},{"iri":"https://register.ld.admin.ch/opendataswiss/category/finances","label":"Finances"}],"subthemes":[],"dimensions":[]},"__typename":"SearchCubeResult"},{"highlightedTitle":"State accounts - Domain","highlightedDescription":"In the state financial statements, the Federal Council details the receipts of the federal administration for the previous year and accounts for its expenditure.  The Federal Finance Administration (FFA) consolidates the annual financial statements of the departments and, based on them, compiles the report on the state financial statements. The statements are adopted by the Federal Council and forwarded in printed form to Parliament for approval.  The Federal Council also lays the budget for the following year before the Federal Assembly. This is also prepared by the FFA. By this means, Parliament approves the planned expenses and total expenditure of the Confederation and takes note of the estimate of income and receipts.  Further information and the most recent state financial statements can be found on the FFA website: https://www.efv.admin.ch/efv/en/home.html.","cube":{"iri":"https://culture.ld.admin.ch/sfa/StateAccounts_Domain/4","title":"State accounts - Domain","description":"In the state financial statements, the Federal Council details the receipts of the federal administration for the previous year and accounts for its expenditure.  The Federal Finance Administration (FFA) consolidates the annual financial statements of the departments and, based on them, compiles the report on the state financial statements. The statements are adopted by the Federal Council and forwarded in printed form to Parliament for approval.  The Federal Council also lays the budget for the following year before the Federal Assembly. This is also prepared by the FFA. By this means, Parliament approves the planned expenses and total expenditure of the Confederation and takes note of the estimate of income and receipts.  Further information and the most recent state financial statements can be found on the FFA website: https://www.efv.admin.ch/efv/en/home.html.","publicationStatus":"PUBLISHED","datePublished":"2022-05-23","creator":{"iri":"https://register.ld.admin.ch/opendataswiss/org/schweizerisches-bundesarchiv-bar","label":"Swiss Federal Archives SFA"},"themes":[{"iri":"https://register.ld.admin.ch/opendataswiss/category/finances","label":"Finances"},{"iri":"https://register.ld.admin.ch/opendataswiss/category/administration","label":"Administration"},{"iri":"https://register.ld.admin.ch/opendataswiss/category/statistical-basis","label":"Statistical basis"}],"subthemes":[],"dimensions":[]},"__typename":"SearchCubeResult"}]}}
