{"data":{"dataCubeComponents":{"dimensions":[{"__typename":"TemporalDimension","timeFormat":"%Y","timeUnit":"Year","cubeIri":"https://energy.ld.admin.ch/sfoe/bfe_ogd84_einmalverguetung_fuer_photovoltaikanlagen/9","iri":"https://energy.ld.admin.ch/sfoe/bfe_ogd84_einmalverguetung_fuer_photovoltaikanlagen/Jahr","label":"Jahr der Vergütung","description":"Jahr, in welchem die EIV ausbezahlt wurde","unit":"a","scaleType":"Interval","dataType":"http://www.w3.org/2001/XMLSchema#gYear","order":1,"isNumerical":false,"isKeyDimension":true,"values":[{"value":"2014","label":"2014"},{"value":"2015","label":"2015"},{"value":"2016","label":"2016"},{"value":"2017","label":"2017"},{"value":"2018","label":"2018"},{"value":"2019","label":"2019"},{"value":"2020","label":"2020"},{"value":"2021","label":"2021"},{"value":"2022","label":"2022"}],"related":[],"hierarchy":null},{"__typename":"GeoShapesDimension","cubeIri":"https://energy.ld.admin.ch/sfoe/bfe_ogd84_einmalverguetung_fuer_photovoltaikanlagen/9","iri":"https://energy.ld.admin.ch/sfoe/bfe_ogd84_einmalverguetung_fuer_photovoltaikanlagen/Kanton","label":"Kanton","description":"Kanton, in welchem die geförderten Anlagen stehen","scaleType":"Nominal","order":2,"isNumerical":false,"isKeyDimension":true,"values":[{"value":"https://ld.admin.ch/canton/1","label":"Zurich","alternateName":"ZH","identifier":"1","geometry":"https://geo.ld.admin.ch/boundaries/canton/geometry-g1/1:2023"},{"value":"https://ld.admin.ch/canton/10","label":"Fribourg","alternateName":"FR","identifier":"10","geometry":"https://geo.ld.admin.ch/boundaries/canton/geometry-g1/10:2023"},{"value":"https://ld.admin.ch/canton/11","label":"Solothurn","alternateName":"SO","identifier":"11","geometry":"https://geo.ld.admin.ch/boundaries/canton/geometry-g1/11:2023"},{"value":"https://ld.admin.ch/canton/12","label":"Basel Stadt","alternateName":"BS","identifier":"12","geometry":"https://geo.ld.admin.ch/boundaries/canton/geometry-g1/12:2023"},{"value":"https://ld.admin.ch/canton/13","label":"Basel Landschaft","alternateName":"BL","identifier":"13","geometry":"https://geo.ld.admin.ch/boundaries/canton/geometry-g1/13:2023"},{"value":"https://ld.admin.ch/canton/14","label":"Schaffhausen","alternateName":"SH","identifier":"14","geometry":"https://geo.ld.admin.ch/boundaries/canton/geometry-g1/14:2023"},{"value":"https://ld.admin.ch/canton/15","label":"Appenzell Ausserrhoden","alternateName":"AR","identifier":"15","geometry":"https://geo.ld.admin.ch/boundaries/canton/geometry-g1/15:2023"},{"value":"https://ld.admin.ch/canton/16","label":"Appenzell Innerrhoden","alternateName":"AI","identifier":"16","geometry":"https://geo.ld.admin.ch/boundaries/canton/geometry-g1/16:2023"},{"value":"https://ld.admin.ch/canton/17","label":"St Gallen","alternateName":"SG","identifier":"17","geometry":"https://geo.ld.admin.ch/boundaries/canton/geometry-g1/17:2023"},{"value":"https://ld.admin.ch/canton/18","label":"Grisons","alternateName":"GR","identifier":"18","geometry":"https://geo.ld.admin.ch/boundaries/canton/geometry-g1/18:2023"},{"value":"https://ld.admin.ch/canton/19","label":"Aargau","alternateName":"AG","identifier":"19","geometry":"https://geo.ld.admin.ch/boundaries/canton/geometry-g1/19:2023"},{"value":"https://ld.admin.ch/canton/2","label":"Bern","alternateName":"BE","identifier":"2","geometry":"https://geo.ld.admin.ch/boundaries/canton/geometry-g1/2:2023"},{"value":"https://ld.admin.ch/canton/20","label":"Thurgau","alternateName":"TG","identifier":"20","geometry":"https://geo.ld.admin.ch/boundaries/canton/geometry-g1/20:2023"},{"value":"https://ld.admin.ch/canton/21","label":"Ticino","alternateName":"TI","identifier":"21","geometry":"https://geo.ld.admin.ch/boundaries/canton/geometry-g1/21:2023"},{"value":"https://ld.admin.ch/canton/22","label":"Vaud","alternateName":"VD","identifier":"22","geometry":"https://geo.ld.admin.ch/boundaries/canton/geometry-g1/22:2023"},{"value":"https://ld.admin.ch/canton/23","label":"Valais","alternateName":"VS","identifier":"23","geometry":"https://geo.ld.admin.ch/boundaries/canton/geometry-g1/23:2023"},{"value":"https://ld.admin.ch/canton/24","label":"Neuchâtel","alternateName":"NE","identifier":"24","geometry":"https://geo.ld.admin.ch/boundaries/canton/geometry-g1/24:2023"},{"value":"https://ld.admin.ch/canton/25","label":"Geneva","alternateName":"GE","identifier":"25","geometry":"https://geo.ld.admin.ch/boundaries/canton/geometry-g1/25:2023"},{"value":"https://ld.admin.ch/canton/26","label":"Jura","alternateName":"JU","identifier":"26","geometry":"https://geo.ld.admin.ch/boundaries/canton/geometry-g1/26:2023"},{"value":"https://ld.admin.ch/canton/3","label":"Lucerne","alternateName":"LU","identifier":"3","geometry":"https://geo.ld.admin.ch/boundaries/canton/geometry-g1/3:2023"},{"value":"https://ld.admin.ch/canton/4","label":"Uri","alternateName":"UR","identifier":"4","geometry":"https://geo.ld.admin.ch/boundaries/canton/geometry-g1/4:2023"},{"value":"https://ld.admin.ch/canton/5","label":"Schwyz","alternateName":"SZ","identifier":"5","geometry":"https://geo.ld.admin.ch/boundaries/canton/geometry-g1/5:2023"},{"value":"https://ld.admin.ch/canton/6","label":"Obwalden","alternateName":"OW","identifier":"6","geometry":"https://geo.ld.admin.ch/boundaries/canton/geometry-g1/6:2023"},{"value":"https://ld.admin.ch/canton/7","label":"Nidwalden","alternateName":"NW","identifier":"7","geometry":"https://geo.ld.admin.ch/boundaries/canton/geometry-g1/7:2023"},{"value":"https://ld.admin.ch/canton/8","label":"Glarus","alternateName":"GL","identifier":"8","geometry":"https://geo.ld.admin.ch/boundaries/canton/geometry-g1/8:2023"},{"value":"https://ld.admin.ch/canton/9","label":"Zug","alternateName":"ZG","identifier":"9","geometry":"https://geo.ld.admin.ch/boundaries/canton/geometry-g1/9:2023"}],"related":[],"hierarchy":null}],"measures":[{"__typename":"NumericalMeasure","isCurrency":false,"isDecimal":false,"resolution":0,"cubeIri":"https://energy.ld.admin.ch/sfoe/bfe_ogd84_einmalverguetung_fuer_photovoltaikanlagen/9","iri":"https://energy.ld.admin.ch/sfoe/bfe_ogd84_einmalverguetung_fuer_photovoltaikanlagen/AnzahlAnlagen","label":"Anzahl geförderter EIV-Anlagen","description":"Anzahl geförderter EIV-Anlagen","unit":"#","scaleType":"Ratio","dataType":"http://www.w3.org/2001/XMLSchema#integer","order":3,"isNumerical":true,"isKeyDimension":false,"values":[{"value":7,"label":"7"},{"value":3640,"label":"3640"}],"related":[]}]}}}
