{"data":{"dataCubeByIri":{"iri":"https://environment.ld.admin.ch/foen/ubd0066/19","title":"Heavy Metal Soil Contamination","description":"The measurement data are the surveyed mean values of heavy metal concentrations recorded in the top 20 cm of the soil in around 100 permanent monitoring sites operated by the Swiss National Soil Monitoring Network (NABO).","dimensions":[{"iri":"https://environment.ld.admin.ch/foen/ubd0066/jahr","label":"Year","description":null,"isNumerical":false,"isKeyDimension":false,"order":null,"values":[{"value":"1985","label":"1985"},{"value":"2014","label":"2014"}],"unit":null,"related":[],"hierarchy":null,"timeUnit":"Year","timeFormat":"%Y","__typename":"TemporalDimension"},{"iri":"https://environment.ld.admin.ch/foen/ubd0066/probenahmedatum","label":"Sampling date","description":null,"isNumerical":false,"isKeyDimension":false,"order":null,"values":[{"value":"1989-08-30","label":"1989-08-30"},{"value":"1994-10-18","label":"1994-10-18"},{"value":"1999-07-20","label":"1999-07-20"},{"value":"2004-07-08","label":"2004-07-08"},{"value":"2009-06-18","label":"2009-06-18"},{"value":"2014-06-18","label":"2014-06-18"}],"unit":null,"related":[],"hierarchy":null,"timeUnit":"Day","timeFormat":"%Y-%m-%d","__typename":"TemporalDimension"},{"iri":"https://environment.ld.admin.ch/foen/ubd0066/messparameter","label":"Heavy metal","description":null,"isNumerical":false,"isKeyDimension":true,"order":null,"values":[{"value":"https://ld.admin.ch/cube/dimension/el01/cd","label":"Cadmium","identifier":"Cd"},{"value":"https://ld.admin.ch/cube/dimension/el01/co","label":"Cobalt","identifier":"Co"},{"value":"https://ld.admin.ch/cube/dimension/el01/cr","label":"Chromium","identifier":"Cr"},{"value":"https://ld.admin.ch/cube/dimension/el01/cu","label":"Copper","identifier":"Cu"},{"value":"https://ld.admin.ch/cube/dimension/el01/hg","label":"Mercure","identifier":"Hg"},{"value":"https://ld.admin.ch/cube/dimension/el01/ni","label":"Nickel","identifier":"Ni"},{"value":"https://ld.admin.ch/cube/dimension/el01/pb","label":"Lead","identifier":"Pb"},{"value":"https://ld.admin.ch/cube/dimension/el01/zn","label":"Zinc","identifier":"Zn"}],"unit":null,"related":[],"hierarchy":null,"__typename":"NominalDimension"},{"iri":"https://environment.ld.admin.ch/foen/ubd0066/station","label":"Site","description":null,"isNumerical":false,"isKeyDimension":true,"order":null,"values":[{"value":"https://environment.ld.admin.ch/foen/ubd0066/Station/100_1","label":"St. Martin","identifier":"100_1"},{"value":"https://environment.ld.admin.ch/foen/ubd0066/Station/101_1","label":"Chamoson","identifier":"101_1"},{"value":"https://environment.ld.admin.ch/foen/ubd0066/Station/102_1","label":"Vouvry","identifier":"102_1"},{"value":"https://environment.ld.admin.ch/foen/ubd0066/Station/103_1","label":"Härkingen","identifier":"103_1"},{"value":"https://environment.ld.admin.ch/foen/ubd0066/Station/104_1","label":"Küssnacht","identifier":"104_1"},{"value":"https://environment.ld.admin.ch/foen/ubd0066/Station/105_1","label":"Neuchâtel","identifier":"105_1"},{"value":"https://environment.ld.admin.ch/foen/ubd0066/Station/106_1","label":"Vétroz","identifier":"106_1"},{"value":"https://environment.ld.admin.ch/foen/ubd0066/Station/10_1","label":"Gais","identifier":"10_1"},{"value":"https://environment.ld.admin.ch/foen/ubd0066/Station/11_1","label":"La Sarraz","identifier":"11_1"},{"value":"https://environment.ld.admin.ch/foen/ubd0066/Station/12_1","label":"Aristau","identifier":"12_1"},{"value":"https://environment.ld.admin.ch/foen/ubd0066/Station/13_1","label":"Wiedlisbach","identifier":"13_1"},{"value":"https://environment.ld.admin.ch/foen/ubd0066/Station/14_1","label":"Dübendorf","identifier":"14_1"},{"value":"https://environment.ld.admin.ch/foen/ubd0066/Station/15_1","label":"Ins","identifier":"15_1"},{"value":"https://environment.ld.admin.ch/foen/ubd0066/Station/16_1","label":"Mühlebach","identifier":"16_1"},{"value":"https://environment.ld.admin.ch/foen/ubd0066/Station/17_1","label":"Niedermuhlern","identifier":"17_1"},{"value":"https://environment.ld.admin.ch/foen/ubd0066/Station/18_1","label":"Langenthal","identifier":"18_1"},{"value":"https://environment.ld.admin.ch/foen/ubd0066/Station/19_1","label":"Wettingen","identifier":"19_1"},{"value":"https://environment.ld.admin.ch/foen/ubd0066/Station/1_1","label":"Ettenhausen","identifier":"1_1"},{"value":"https://environment.ld.admin.ch/foen/ubd0066/Station/20_1","label":"Roggwil","identifier":"20_1"},{"value":"https://environment.ld.admin.ch/foen/ubd0066/Station/21_1","label":"Köniz","identifier":"21_1"},{"value":"https://environment.ld.admin.ch/foen/ubd0066/Station/22_1","label":"Staffelbach","identifier":"22_1"},{"value":"https://environment.ld.admin.ch/foen/ubd0066/Station/23_1","label":"Möhlin","identifier":"23_1"},{"value":"https://environment.ld.admin.ch/foen/ubd0066/Station/24_1","label":"Niederlenz","identifier":"24_1"},{"value":"https://environment.ld.admin.ch/foen/ubd0066/Station/25_1","label":"Schleitheim","identifier":"25_1"},{"value":"https://environment.ld.admin.ch/foen/ubd0066/Station/26_1","label":"Avully","identifier":"26_1"},{"value":"https://environment.ld.admin.ch/foen/ubd0066/Station/27_1","label":"Jussy","identifier":"27_1"},{"value":"https://environment.ld.admin.ch/foen/ubd0066/Station/28_1","label":"Leuggern","identifier":"28_1"},{"value":"https://environment.ld.admin.ch/foen/ubd0066/Station/29_1","label":"Eschenbach","identifier":"29_1"},{"value":"https://environment.ld.admin.ch/foen/ubd0066/Station/2_1","label":"Zürich","identifier":"2_1"},{"value":"https://environment.ld.admin.ch/foen/ubd0066/Station/30_1","label":"Ebikon","identifier":"30_1"},{"value":"https://environment.ld.admin.ch/foen/ubd0066/Station/31_1","label":"Coffrane","identifier":"31_1"},{"value":"https://environment.ld.admin.ch/foen/ubd0066/Station/32_1","label":"La Brévine","identifier":"32_1"},{"value":"https://environment.ld.admin.ch/foen/ubd0066/Station/33_1","label":"Mollis","identifier":"33_1"},{"value":"https://environment.ld.admin.ch/foen/ubd0066/Station/34_1","label":"Elm","identifier":"34_1"},{"value":"https://environment.ld.admin.ch/foen/ubd0066/Station/35_1","label":"Le Cerneux-Pequignot","identifier":"35_1"},{"value":"https://environment.ld.admin.ch/foen/ubd0066/Station/36_1","label":"Hochdorf","identifier":"36_1"},{"value":"https://environment.ld.admin.ch/foen/ubd0066/Station/37_1","label":"Ependes","identifier":"37_1"},{"value":"https://environment.ld.admin.ch/foen/ubd0066/Station/38_1","label":"Koppigen","identifier":"38_1"},{"value":"https://environment.ld.admin.ch/foen/ubd0066/Station/39_1","label":"Kiesen","identifier":"39_1"},{"value":"https://environment.ld.admin.ch/foen/ubd0066/Station/3_1","label":"Payerne","identifier":"3_1"},{"value":"https://environment.ld.admin.ch/foen/ubd0066/Station/40_1","label":"St. Cierges","identifier":"40_1"},{"value":"https://environment.ld.admin.ch/foen/ubd0066/Station/41_1","label":"Kyburg-Buchegg","identifier":"41_1"},{"value":"https://environment.ld.admin.ch/foen/ubd0066/Station/42_1","label":"Galmwald - 1","identifier":"42_1"},{"value":"https://environment.ld.admin.ch/foen/ubd0066/Station/42_2","label":"Galmwald - 2","identifier":"42_2"},{"value":"https://environment.ld.admin.ch/foen/ubd0066/Station/43_1","label":"Orbe","identifier":"43_1"},{"value":"https://environment.ld.admin.ch/foen/ubd0066/Station/44_1","label":"Hendschiken","identifier":"44_1"},{"value":"https://environment.ld.admin.ch/foen/ubd0066/Station/45_1","label":"Alpthal","identifier":"45_1"},{"value":"https://environment.ld.admin.ch/foen/ubd0066/Station/46_1","label":"Vallon","identifier":"46_1"},{"value":"https://environment.ld.admin.ch/foen/ubd0066/Station/47_1","label":"Davos","identifier":"47_1"},{"value":"https://environment.ld.admin.ch/foen/ubd0066/Station/48_1","label":"Oberriet","identifier":"48_1"},{"value":"https://environment.ld.admin.ch/foen/ubd0066/Station/49_1","label":"Unterschächen","identifier":"49_1"},{"value":"https://environment.ld.admin.ch/foen/ubd0066/Station/4_1","label":"Conthey","identifier":"4_1"},{"value":"https://environment.ld.admin.ch/foen/ubd0066/Station/50_1","label":"Realp","identifier":"50_1"},{"value":"https://environment.ld.admin.ch/foen/ubd0066/Station/51_1","label":"Wartau","identifier":"51_1"},{"value":"https://environment.ld.admin.ch/foen/ubd0066/Station/52_1","label":"Krummenau","identifier":"52_1"},{"value":"https://environment.ld.admin.ch/foen/ubd0066/Station/53_1","label":"Gempen","identifier":"53_1"},{"value":"https://environment.ld.admin.ch/foen/ubd0066/Station/54_1","label":"Zuzwil","identifier":"54_1"},{"value":"https://environment.ld.admin.ch/foen/ubd0066/Station/55_1","label":"Nyon","identifier":"55_1"},{"value":"https://environment.ld.admin.ch/foen/ubd0066/Station/56_1","label":"Trub","identifier":"56_1"},{"value":"https://environment.ld.admin.ch/foen/ubd0066/Station/57_1","label":"St. Stephan","identifier":"57_1"},{"value":"https://environment.ld.admin.ch/foen/ubd0066/Station/58_1","label":"Mels","identifier":"58_1"},{"value":"https://environment.ld.admin.ch/foen/ubd0066/Station/59_1","label":"Dällikon - 1","identifier":"59_1"},{"value":"https://environment.ld.admin.ch/foen/ubd0066/Station/59_2","label":"Dällikon - 2","identifier":"59_2"},{"value":"https://environment.ld.admin.ch/foen/ubd0066/Station/5_1","label":"La Neuveville","identifier":"5_1"},{"value":"https://environment.ld.admin.ch/foen/ubd0066/Station/60_1","label":"Entlebuch","identifier":"60_1"},{"value":"https://environment.ld.admin.ch/foen/ubd0066/Station/61_1","label":"Winterthur","identifier":"61_1"},{"value":"https://environment.ld.admin.ch/foen/ubd0066/Station/62_1","label":"Bettlach","identifier":"62_1"},{"value":"https://environment.ld.admin.ch/foen/ubd0066/Station/63_1","label":"Oensingen","identifier":"63_1"},{"value":"https://environment.ld.admin.ch/foen/ubd0066/Station/64_1","label":"Duggingen","identifier":"64_1"},{"value":"https://environment.ld.admin.ch/foen/ubd0066/Station/65_1","label":"Cornol","identifier":"65_1"},{"value":"https://environment.ld.admin.ch/foen/ubd0066/Station/66_1","label":"St. Ursanne","identifier":"66_1"},{"value":"https://environment.ld.admin.ch/foen/ubd0066/Station/67_1","label":"Mathod","identifier":"67_1"},{"value":"https://environment.ld.admin.ch/foen/ubd0066/Station/68_1","label":"Etoy","identifier":"68_1"},{"value":"https://environment.ld.admin.ch/foen/ubd0066/Station/69_1","label":"Attalens","identifier":"69_1"},{"value":"https://environment.ld.admin.ch/foen/ubd0066/Station/6_1","label":"Grindelwald","identifier":"6_1"},{"value":"https://environment.ld.admin.ch/foen/ubd0066/Station/70_1","label":"Disentis","identifier":"70_1"},{"value":"https://environment.ld.admin.ch/foen/ubd0066/Station/71_1","label":"Lohn","identifier":"71_1"},{"value":"https://environment.ld.admin.ch/foen/ubd0066/Station/72_1","label":"Bivio","identifier":"72_1"},{"value":"https://environment.ld.admin.ch/foen/ubd0066/Station/73_1","label":"Alvaneu","identifier":"73_1"},{"value":"https://environment.ld.admin.ch/foen/ubd0066/Station/74_1","label":"Mörschwil","identifier":"74_1"},{"value":"https://environment.ld.admin.ch/foen/ubd0066/Station/75_1","label":"Zernez","identifier":"75_1"},{"value":"https://environment.ld.admin.ch/foen/ubd0066/Station/76_1","label":"Sent","identifier":"76_1"},{"value":"https://environment.ld.admin.ch/foen/ubd0066/Station/77_1","label":"Paspels","identifier":"77_1"},{"value":"https://environment.ld.admin.ch/foen/ubd0066/Station/78_1","label":"Igis-Landquart","identifier":"78_1"},{"value":"https://environment.ld.admin.ch/foen/ubd0066/Station/79_1","label":"Pailly","identifier":"79_1"},{"value":"https://environment.ld.admin.ch/foen/ubd0066/Station/7_1","label":"Oberstammheim","identifier":"7_1"},{"value":"https://environment.ld.admin.ch/foen/ubd0066/Station/80_1","label":"Chevenez","identifier":"80_1"},{"value":"https://environment.ld.admin.ch/foen/ubd0066/Station/81_1","label":"Gsteig","identifier":"81_1"},{"value":"https://environment.ld.admin.ch/foen/ubd0066/Station/82_1","label":"Kappelen","identifier":"82_1"},{"value":"https://environment.ld.admin.ch/foen/ubd0066/Station/83_1","label":"Wald","identifier":"83_1"},{"value":"https://environment.ld.admin.ch/foen/ubd0066/Station/84_1","label":"Rifferswil","identifier":"84_1"},{"value":"https://environment.ld.admin.ch/foen/ubd0066/Station/85_1","label":"Frauenfeld","identifier":"85_1"},{"value":"https://environment.ld.admin.ch/foen/ubd0066/Station/86_1","label":"Lützelflüh","identifier":"86_1"},{"value":"https://environment.ld.admin.ch/foen/ubd0066/Station/87_1","label":"Klarsreuti","identifier":"87_1"},{"value":"https://environment.ld.admin.ch/foen/ubd0066/Station/88_1","label":"L`Abbaye","identifier":"88_1"},{"value":"https://environment.ld.admin.ch/foen/ubd0066/Station/89_1","label":"St. Moritz","identifier":"89_1"},{"value":"https://environment.ld.admin.ch/foen/ubd0066/Station/8_1","label":"Rothenfluh","identifier":"8_1"},{"value":"https://environment.ld.admin.ch/foen/ubd0066/Station/90_1","label":"Sta. Maria i.C.","identifier":"90_1"},{"value":"https://environment.ld.admin.ch/foen/ubd0066/Station/91_1","label":"Campo","identifier":"91_1"},{"value":"https://environment.ld.admin.ch/foen/ubd0066/Station/92_1","label":"Novaggio - 1","identifier":"92_1"},{"value":"https://environment.ld.admin.ch/foen/ubd0066/Station/92_2","label":"Novaggio - 2","identifier":"92_2"},{"value":"https://environment.ld.admin.ch/foen/ubd0066/Station/93_1","label":"Marthalen","identifier":"93_1"},{"value":"https://environment.ld.admin.ch/foen/ubd0066/Station/94_1","label":"S. Antonino","identifier":"94_1"},{"value":"https://environment.ld.admin.ch/foen/ubd0066/Station/95_1","label":"Coldrerio","identifier":"95_1"},{"value":"https://environment.ld.admin.ch/foen/ubd0066/Station/96_1","label":"Gudo","identifier":"96_1"},{"value":"https://environment.ld.admin.ch/foen/ubd0066/Station/97_1","label":"Lugano","identifier":"97_1"},{"value":"https://environment.ld.admin.ch/foen/ubd0066/Station/98_1","label":"Erstfeld","identifier":"98_1"},{"value":"https://environment.ld.admin.ch/foen/ubd0066/Station/99_1","label":"Visp","identifier":"99_1"},{"value":"https://environment.ld.admin.ch/foen/ubd0066/Station/9_1","label":"Binningen","identifier":"9_1"}],"unit":null,"related":[],"hierarchy":null,"__typename":"NominalDimension"},{"iri":"https://environment.ld.admin.ch/foen/ubd0066/landuse","label":"Land use","description":null,"isNumerical":false,"isKeyDimension":false,"order":null,"values":[{"value":"https://environment.ld.admin.ch/foen/ubd0066/Landuse/3","label":"Grassland, extensiv","identifier":"3"}],"unit":null,"related":[],"hierarchy":null,"__typename":"NominalDimension"},{"iri":"https://environment.ld.admin.ch/foen/ubd0066/samplingperiod","label":"Sampling Period","description":null,"isNumerical":false,"isKeyDimension":false,"order":null,"values":[{"value":"https://environment.ld.admin.ch/foen/ubd0066/samplingperiod/1","label":"1985-1989","identifier":"1"},{"value":"https://environment.ld.admin.ch/foen/ubd0066/samplingperiod/2","label":"1990-1994","identifier":"2"},{"value":"https://environment.ld.admin.ch/foen/ubd0066/samplingperiod/3","label":"1995-1999","identifier":"3"},{"value":"https://environment.ld.admin.ch/foen/ubd0066/samplingperiod/4","label":"2000-2004","identifier":"4"},{"value":"https://environment.ld.admin.ch/foen/ubd0066/samplingperiod/5","label":"2005-2009","identifier":"5"},{"value":"https://environment.ld.admin.ch/foen/ubd0066/samplingperiod/6","label":"2010-2014","identifier":"6"}],"unit":null,"related":[],"hierarchy":null,"__typename":"NominalDimension"},{"iri":"https://environment.ld.admin.ch/foen/ubd0066/notes","label":"Remarks","description":null,"isNumerical":false,"isKeyDimension":false,"order":null,"values":[{"value":"https://environment.ld.admin.ch/foen/ubd0066/Notes/0","label":"-","identifier":"0"},{"value":"https://environment.ld.admin.ch/foen/ubd0066/Notes/1","label":"Sampled, but no measurement result available","identifier":"1"}],"unit":null,"related":[],"hierarchy":null,"__typename":"NominalDimension"}],"measures":[{"iri":"https://environment.ld.admin.ch/foen/ubd0066/wert","label":"Heavy metal concentration","description":null,"isNumerical":true,"isKeyDimension":false,"order":null,"values":[{"value":0.008915087,"label":"0.008915087"},{"value":883.4049988,"label":"883.4049988"}],"unit":"mg/kg DM","related":[],"hierarchy":null,"isCurrency":false,"currencyExponent":0,"resolution":null,"__typename":"NumericalMeasure"}],"observations":{"data":[{"https://environment.ld.admin.ch/foen/ubd0066/jahr":"1989","https://environment.ld.admin.ch/foen/ubd0066/probenahmedatum":"1989-08-30","https://environment.ld.admin.ch/foen/ubd0066/messparameter":"Zinc","https://environment.ld.admin.ch/foen/ubd0066/wert":"37.91249943","https://environment.ld.admin.ch/foen/ubd0066/station":"St. Martin","https://environment.ld.admin.ch/foen/ubd0066/landuse":"Grassland, extensiv","https://environment.ld.admin.ch/foen/ubd0066/samplingperiod":"1985-1989","https://environment.ld.admin.ch/foen/ubd0066/notes":"-"},{"https://environment.ld.admin.ch/foen/ubd0066/jahr":"1989","https://environment.ld.admin.ch/foen/ubd0066/probenahmedatum":"1989-08-30","https://environment.ld.admin.ch/foen/ubd0066/messparameter":"Lead","https://environment.ld.admin.ch/foen/ubd0066/wert":"19.91249991","https://environment.ld.admin.ch/foen/ubd0066/station":"St. Martin","https://environment.ld.admin.ch/foen/ubd0066/landuse":"Grassland, extensiv","https://environment.ld.admin.ch/foen/ubd0066/samplingperiod":"1985-1989","https://environment.ld.admin.ch/foen/ubd0066/notes":"-"},{"https://environment.ld.admin.ch/foen/ubd0066/jahr":"1989","https://environment.ld.admin.ch/foen/ubd0066/probenahmedatum":"1989-08-30","https://environment.ld.admin.ch/foen/ubd0066/messparameter":"Cadmium","https://environment.ld.admin.ch/foen/ubd0066/wert":"0.155524999","https://environment.ld.admin.ch/foen/ubd0066/station":"St. Martin","https://environment.ld.admin.ch/foen/ubd0066/landuse":"Grassland, extensiv","https://environment.ld.admin.ch/foen/ubd0066/samplingperiod":"1985-1989","https://environment.ld.admin.ch/foen/ubd0066/notes":"-"},{"https://environment.ld.admin.ch/foen/ubd0066/jahr":"1989","https://environment.ld.admin.ch/foen/ubd0066/probenahmedatum":"1989-08-30","https://environment.ld.admin.ch/foen/ubd0066/messparameter":"Copper","https://environment.ld.admin.ch/foen/ubd0066/wert":"8.132500172","https://environment.ld.admin.ch/foen/ubd0066/station":"St. Martin","https://environment.ld.admin.ch/foen/ubd0066/landuse":"Grassland, extensiv","https://environment.ld.admin.ch/foen/ubd0066/samplingperiod":"1985-1989","https://environment.ld.admin.ch/foen/ubd0066/notes":"-"},{"https://environment.ld.admin.ch/foen/ubd0066/jahr":"1989","https://environment.ld.admin.ch/foen/ubd0066/probenahmedatum":"1989-08-30","https://environment.ld.admin.ch/foen/ubd0066/messparameter":"Chromium","https://environment.ld.admin.ch/foen/ubd0066/wert":"14.25249982","https://environment.ld.admin.ch/foen/ubd0066/station":"St. Martin","https://environment.ld.admin.ch/foen/ubd0066/landuse":"Grassland, extensiv","https://environment.ld.admin.ch/foen/ubd0066/samplingperiod":"1985-1989","https://environment.ld.admin.ch/foen/ubd0066/notes":"-"},{"https://environment.ld.admin.ch/foen/ubd0066/jahr":"1989","https://environment.ld.admin.ch/foen/ubd0066/probenahmedatum":"1989-08-30","https://environment.ld.admin.ch/foen/ubd0066/messparameter":"Cobalt","https://environment.ld.admin.ch/foen/ubd0066/wert":"6.725999952","https://environment.ld.admin.ch/foen/ubd0066/station":"St. Martin","https://environment.ld.admin.ch/foen/ubd0066/landuse":"Grassland, extensiv","https://environment.ld.admin.ch/foen/ubd0066/samplingperiod":"1985-1989","https://environment.ld.admin.ch/foen/ubd0066/notes":"-"},{"https://environment.ld.admin.ch/foen/ubd0066/jahr":"1989","https://environment.ld.admin.ch/foen/ubd0066/probenahmedatum":"1989-08-30","https://environment.ld.admin.ch/foen/ubd0066/messparameter":"Mercure","https://environment.ld.admin.ch/foen/ubd0066/wert":"0.081574999","https://environment.ld.admin.ch/foen/ubd0066/station":"St. Martin","https://environment.ld.admin.ch/foen/ubd0066/landuse":"Grassland, extensiv","https://environment.ld.admin.ch/foen/ubd0066/samplingperiod":"1985-1989","https://environment.ld.admin.ch/foen/ubd0066/notes":"-"},{"https://environment.ld.admin.ch/foen/ubd0066/jahr":"1989","https://environment.ld.admin.ch/foen/ubd0066/probenahmedatum":"1989-08-30","https://environment.ld.admin.ch/foen/ubd0066/messparameter":"Nickel","https://environment.ld.admin.ch/foen/ubd0066/wert":"9.56","https://environment.ld.admin.ch/foen/ubd0066/station":"St. Martin","https://environment.ld.admin.ch/foen/ubd0066/landuse":"Grassland, extensiv","https://environment.ld.admin.ch/foen/ubd0066/samplingperiod":"1985-1989","https://environment.ld.admin.ch/foen/ubd0066/notes":"-"}],"sparqlEditorUrl":"https://int.lindas.admin.ch/sparql/#query=SELECT%20DISTINCT%20%3Fdimension0%20%3Fdimension1%20%3Fdimension2%20%3Fdimension3%20%3Fdimension4%20%3Fdimension5%20%3Fdimension6%20%3Fdimension7%20%3Fdimension8%20%3Fdimension9%20%3Fdimension10%20%3Fdimension11%20%3Fdimension12%20WHERE%20%7B%0A%20%20%3Chttps%3A%2F%2Fenvironment.ld.admin.ch%2Ffoen%2Fubd0066%2F19%3E%20%3Chttps%3A%2F%2Fcube.link%2FobservationSet%3E%20%3FobservationSet0%20.%0A%20%20%3FobservationSet0%20%3Chttps%3A%2F%2Fcube.link%2Fobservation%3E%20%3Fsource0%20.%0A%20%20%3Fsource0%20%3Chttps%3A%2F%2Fenvironment.ld.admin.ch%2Ffoen%2Fubd0066%2Fjahr%3E%20%3Fdimension0%20.%0A%20%20%3Fsource0%20%3Chttps%3A%2F%2Fenvironment.ld.admin.ch%2Ffoen%2Fubd0066%2Fprobenahmedatum%3E%20%3Fdimension1%20.%0A%20%20%3Fsource0%20%3Chttps%3A%2F%2Fenvironment.ld.admin.ch%2Ffoen%2Fubd0066%2Fmessparameter%3E%20%3Fdimension2%20.%0A%20%20%3Fsource0%20%3Chttps%3A%2F%2Fenvironment.ld.admin.ch%2Ffoen%2Fubd0066%2Fwert%3E%20%3Fdimension3%20.%0A%20%20%3Fsource0%20%3Chttps%3A%2F%2Fenvironment.ld.admin.ch%2Ffoen%2Fubd0066%2Fstation%3E%20%3Fdimension4%20.%0A%20%20%3Fsource0%20%3Chttps%3A%2F%2Fenvironment.ld.admin.ch%2Ffoen%2Fubd0066%2Flanduse%3E%20%3Fdimension5%20.%0A%20%20%3Fsource0%20%3Chttps%3A%2F%2Fenvironment.ld.admin.ch%2Ffoen%2Fubd0066%2Fsamplingperiod%3E%20%3Fdimension6%20.%0A%20%20%3Fsource0%20%3Chttps%3A%2F%2Fenvironment.ld.admin.ch%2Ffoen%2Fubd0066%2Fnotes%3E%20%3Fdimension7%20.%0A%20%20%3Fdimension4%20%3Chttp%3A%2F%2Fschema.org%2FsameAs%3E%20%3Fdimension13%20.%0A%20%20%3Fdimension6%20%3Chttp%3A%2F%2Fschema.org%2FsameAs%3E%20%3Fdimension14%20.%0A%20%20FILTER%20(%0A%20%20%20%20(%3Fdimension13%20%3D%20%3Chttps%3A%2F%2Fenvironment.ld.admin.ch%2Ffoen%2Fubd0066%2FStation%2F100_1%3E)%0A%20%20)%0A%20%20FILTER%20(%0A%20%20%20%20(%3Fdimension14%20%3D%20%3Chttps%3A%2F%2Fenvironment.ld.admin.ch%2Ffoen%2Fubd0066%2Fsamplingperiod%2F1%3E)%0A%20%20)%0A%20%20OPTIONAL%20%7B%0A%20%20%20%20%3Fdimension2%20%3Chttp%3A%2F%2Fschema.org%2Fname%3E%20%3Fdimension8_0%20.%0A%20%20%20%20FILTER%20(%0A%20%20%20%20%20%20LANGMATCHES(LANG(%3Fdimension8_0)%2C%20%22en%22)%0A%20%20%20%20)%0A%20%20%7D%0A%20%20OPTIONAL%20%7B%0A%20%20%20%20%3Fdimension2%20%3Chttp%3A%2F%2Fschema.org%2Fname%3E%20%3Fdimension8_1%20.%0A%20%20%20%20FILTER%20(%0A%20%20%20%20%20%20LANGMATCHES(LANG(%3Fdimension8_1)%2C%20%22de%22)%0A%20%20%20%20)%0A%20%20%7D%0A%20%20OPTIONAL%20%7B%0A%20%20%20%20%3Fdimension2%20%3Chttp%3A%2F%2Fschema.org%2Fname%3E%20%3Fdimension8_2%20.%0A%20%20%20%20FILTER%20(%0A%20%20%20%20%20%20LANGMATCHES(LANG(%3Fdimension8_2)%2C%20%22fr%22)%0A%20%20%20%20)%0A%20%20%7D%0A%20%20OPTIONAL%20%7B%0A%20%20%20%20%3Fdimension2%20%3Chttp%3A%2F%2Fschema.org%2Fname%3E%20%3Fdimension8_3%20.%0A%20%20%20%20FILTER%20(%0A%20%20%20%20%20%20LANGMATCHES(LANG(%3Fdimension8_3)%2C%20%22it%22)%0A%20%20%20%20)%0A%20%20%7D%0A%20%20OPTIONAL%20%7B%0A%20%20%20%20%3Fdimension2%20%3Chttp%3A%2F%2Fschema.org%2Fname%3E%20%3Fdimension8_4%20.%0A%20%20%20%20FILTER%20(%0A%20%20%20%20%20%20(LANG(%3Fdimension8_4)%20%3D%20%22%22)%0A%20%20%20%20)%0A%20%20%7D%0A%20%20BIND(COALESCE(%3Fdimension8_0%2C%20%3Fdimension8_1%2C%20%3Fdimension8_2%2C%20%3Fdimension8_3%2C%20%3Fdimension8_4)%20AS%20%3Fdimension8)%0A%20%20OPTIONAL%20%7B%0A%20%20%20%20%3Fdimension4%20%3Chttp%3A%2F%2Fschema.org%2Fname%3E%20%3Fdimension9_0%20.%0A%20%20%20%20FILTER%20(%0A%20%20%20%20%20%20LANGMATCHES(LANG(%3Fdimension9_0)%2C%20%22en%22)%0A%20%20%20%20)%0A%20%20%7D%0A%20%20OPTIONAL%20%7B%0A%20%20%20%20%3Fdimension4%20%3Chttp%3A%2F%2Fschema.org%2Fname%3E%20%3Fdimension9_1%20.%0A%20%20%20%20FILTER%20(%0A%20%20%20%20%20%20LANGMATCHES(LANG(%3Fdimension9_1)%2C%20%22de%22)%0A%20%20%20%20)%0A%20%20%7D%0A%20%20OPTIONAL%20%7B%0A%20%20%20%20%3Fdimension4%20%3Chttp%3A%2F%2Fschema.org%2Fname%3E%20%3Fdimension9_2%20.%0A%20%20%20%20FILTER%20(%0A%20%20%20%20%20%20LANGMATCHES(LANG(%3Fdimension9_2)%2C%20%22fr%22)%0A%20%20%20%20)%0A%20%20%7D%0A%20%20OPTIONAL%20%7B%0A%20%20%20%20%3Fdimension4%20%3Chttp%3A%2F%2Fschema.org%2Fname%3E%20%3Fdimension9_3%20.%0A%20%20%20%20FILTER%20(%0A%20%20%20%20%20%20LANGMATCHES(LANG(%3Fdimension9_3)%2C%20%22it%22)%0A%20%20%20%20)%0A%20%20%7D%0A%20%20OPTIONAL%20%7B%0A%20%20%20%20%3Fdimension4%20%3Chttp%3A%2F%2Fschema.org%2Fname%3E%20%3Fdimension9_4%20.%0A%20%20%20%20FILTER%20(%0A%20%20%20%20%20%20(LANG(%3Fdimension9_4)%20%3D%20%22%22)%0A%20%20%20%20)%0A%20%20%7D%0A%20%20BIND(COALESCE(%3Fdimension9_0%2C%20%3Fdimension9_1%2C%20%3Fdimension9_2%2C%20%3Fdimension9_3%2C%20%3Fdimension9_4)%20AS%20%3Fdimension9)%0A%20%20OPTIONAL%20%7B%0A%20%20%20%20%3Fdimension5%20%3Chttp%3A%2F%2Fschema.org%2Fname%3E%20%3Fdimension10_0%20.%0A%20%20%20%20FILTER%20(%0A%20%20%20%20%20%20LANGMATCHES(LANG(%3Fdimension10_0)%2C%20%22en%22)%0A%20%20%20%20)%0A%20%20%7D%0A%20%20OPTIONAL%20%7B%0A%20%20%20%20%3Fdimension5%20%3Chttp%3A%2F%2Fschema.org%2Fname%3E%20%3Fdimension10_1%20.%0A%20%20%20%20FILTER%20(%0A%20%20%20%20%20%20LANGMATCHES(LANG(%3Fdimension10_1)%2C%20%22de%22)%0A%20%20%20%20)%0A%20%20%7D%0A%20%20OPTIONAL%20%7B%0A%20%20%20%20%3Fdimension5%20%3Chttp%3A%2F%2Fschema.org%2Fname%3E%20%3Fdimension10_2%20.%0A%20%20%20%20FILTER%20(%0A%20%20%20%20%20%20LANGMATCHES(LANG(%3Fdimension10_2)%2C%20%22fr%22)%0A%20%20%20%20)%0A%20%20%7D%0A%20%20OPTIONAL%20%7B%0A%20%20%20%20%3Fdimension5%20%3Chttp%3A%2F%2Fschema.org%2Fname%3E%20%3Fdimension10_3%20.%0A%20%20%20%20FILTER%20(%0A%20%20%20%20%20%20LANGMATCHES(LANG(%3Fdimension10_3)%2C%20%22it%22)%0A%20%20%20%20)%0A%20%20%7D%0A%20%20OPTIONAL%20%7B%0A%20%20%20%20%3Fdimension5%20%3Chttp%3A%2F%2Fschema.org%2Fname%3E%20%3Fdimension10_4%20.%0A%20%20%20%20FILTER%20(%0A%20%20%20%20%20%20(LANG(%3Fdimension10_4)%20%3D%20%22%22)%0A%20%20%20%20)%0A%20%20%7D%0A%20%20BIND(COALESCE(%3Fdimension10_0%2C%20%3Fdimension10_1%2C%20%3Fdimension10_2%2C%20%3Fdimension10_3%2C%20%3Fdimension10_4)%20AS%20%3Fdimension10)%0A%20%20OPTIONAL%20%7B%0A%20%20%20%20%3Fdimension6%20%3Chttp%3A%2F%2Fschema.org%2Fname%3E%20%3Fdimension11_0%20.%0A%20%20%20%20FILTER%20(%0A%20%20%20%20%20%20LANGMATCHES(LANG(%3Fdimension11_0)%2C%20%22en%22)%0A%20%20%20%20)%0A%20%20%7D%0A%20%20OPTIONAL%20%7B%0A%20%20%20%20%3Fdimension6%20%3Chttp%3A%2F%2Fschema.org%2Fname%3E%20%3Fdimension11_1%20.%0A%20%20%20%20FILTER%20(%0A%20%20%20%20%20%20LANGMATCHES(LANG(%3Fdimension11_1)%2C%20%22de%22)%0A%20%20%20%20)%0A%20%20%7D%0A%20%20OPTIONAL%20%7B%0A%20%20%20%20%3Fdimension6%20%3Chttp%3A%2F%2Fschema.org%2Fname%3E%20%3Fdimension11_2%20.%0A%20%20%20%20FILTER%20(%0A%20%20%20%20%20%20LANGMATCHES(LANG(%3Fdimension11_2)%2C%20%22fr%22)%0A%20%20%20%20)%0A%20%20%7D%0A%20%20OPTIONAL%20%7B%0A%20%20%20%20%3Fdimension6%20%3Chttp%3A%2F%2Fschema.org%2Fname%3E%20%3Fdimension11_3%20.%0A%20%20%20%20FILTER%20(%0A%20%20%20%20%20%20LANGMATCHES(LANG(%3Fdimension11_3)%2C%20%22it%22)%0A%20%20%20%20)%0A%20%20%7D%0A%20%20OPTIONAL%20%7B%0A%20%20%20%20%3Fdimension6%20%3Chttp%3A%2F%2Fschema.org%2Fname%3E%20%3Fdimension11_4%20.%0A%20%20%20%20FILTER%20(%0A%20%20%20%20%20%20(LANG(%3Fdimension11_4)%20%3D%20%22%22)%0A%20%20%20%20)%0A%20%20%7D%0A%20%20BIND(COALESCE(%3Fdimension11_0%2C%20%3Fdimension11_1%2C%20%3Fdimension11_2%2C%20%3Fdimension11_3%2C%20%3Fdimension11_4)%20AS%20%3Fdimension11)%0A%20%20OPTIONAL%20%7B%0A%20%20%20%20%3Fdimension7%20%3Chttp%3A%2F%2Fschema.org%2Fname%3E%20%3Fdimension12_0%20.%0A%20%20%20%20FILTER%20(%0A%20%20%20%20%20%20LANGMATCHES(LANG(%3Fdimension12_0)%2C%20%22en%22)%0A%20%20%20%20)%0A%20%20%7D%0A%20%20OPTIONAL%20%7B%0A%20%20%20%20%3Fdimension7%20%3Chttp%3A%2F%2Fschema.org%2Fname%3E%20%3Fdimension12_1%20.%0A%20%20%20%20FILTER%20(%0A%20%20%20%20%20%20LANGMATCHES(LANG(%3Fdimension12_1)%2C%20%22de%22)%0A%20%20%20%20)%0A%20%20%7D%0A%20%20OPTIONAL%20%7B%0A%20%20%20%20%3Fdimension7%20%3Chttp%3A%2F%2Fschema.org%2Fname%3E%20%3Fdimension12_2%20.%0A%20%20%20%20FILTER%20(%0A%20%20%20%20%20%20LANGMATCHES(LANG(%3Fdimension12_2)%2C%20%22fr%22)%0A%20%20%20%20)%0A%20%20%7D%0A%20%20OPTIONAL%20%7B%0A%20%20%20%20%3Fdimension7%20%3Chttp%3A%2F%2Fschema.org%2Fname%3E%20%3Fdimension12_3%20.%0A%20%20%20%20FILTER%20(%0A%20%20%20%20%20%20LANGMATCHES(LANG(%3Fdimension12_3)%2C%20%22it%22)%0A%20%20%20%20)%0A%20%20%7D%0A%20%20OPTIONAL%20%7B%0A%20%20%20%20%3Fdimension7%20%3Chttp%3A%2F%2Fschema.org%2Fname%3E%20%3Fdimension12_4%20.%0A%20%20%20%20FILTER%20(%0A%20%20%20%20%20%20(LANG(%3Fdimension12_4)%20%3D%20%22%22)%0A%20%20%20%20)%0A%20%20%7D%0A%20%20BIND(COALESCE(%3Fdimension12_0%2C%20%3Fdimension12_1%2C%20%3Fdimension12_2%2C%20%3Fdimension12_3%2C%20%3Fdimension12_4)%20AS%20%3Fdimension12)%0A%7D%0AGROUP%20BY%20%3Fdimension0%20%3Fdimension1%20%3Fdimension2%20%3Fdimension3%20%3Fdimension4%20%3Fdimension5%20%3Fdimension6%20%3Fdimension7%20%3Fdimension8%20%3Fdimension9%20%3Fdimension10%20%3Fdimension11%20%3Fdimension12&requestMethod=POST","__typename":"ObservationsQuery"},"__typename":"DataCube"}},"extensions":{"queries":[{"startTime":1666286117535,"endTime":1666286117664,"text":"#pragma describe.strategy cbd\n#pragma join.hash off\n\n\nPREFIX unit: <http://qudt.org/vocab/unit/>\nPREFIX rdfs: <http://www.w3.org/2000/01/rdf-schema#>\nPREFIX qudt: <http://qudt.org/schema/qudt/>\n\nSELECT DISTINCT ?iri ?label ?isCurrency ?currencyExponent ?isCurrency\n\nWHERE {\n\n        values ?iri {\n          unit:MG-PER-KiloG-DM\n        }\n\n        OPTIONAL { ?iri rdfs:label ?rdfsLabel }\n        OPTIONAL { ?iri  qudt:symbol  ?symbol }\n        OPTIONAL { ?iri  qudt:ucumCode  ?ucumCode }\n        OPTIONAL { ?iri  qudt:expression  ?expression }\n\n        OPTIONAL { ?iri ?isCurrency qudt:CurrencyUnit }\n        OPTIONAL { ?iri qudt:currencyExponent ?currencyExponent }\n\n        BIND(str(coalesce(str(?symbol), str(?ucumCode), str(?expression), str(?rdfsLabel), \"?\")) AS ?label)\n        \n        FILTER ( lang(?rdfsLabel) = \"en\" )\n      \n}\n\n\n\n"},{"startTime":1666286117561,"endTime":1666286117668,"text":"#pragma describe.strategy cbd\n#pragma join.hash off\n\n\nPREFIX unit: <http://qudt.org/vocab/unit/>\nPREFIX rdfs: <http://www.w3.org/2000/01/rdf-schema#>\nPREFIX qudt: <http://qudt.org/schema/qudt/>\n\nSELECT DISTINCT ?iri ?label ?isCurrency ?currencyExponent ?isCurrency\n\nWHERE {\n\n        values ?iri {\n          unit:MG-PER-KiloG-DM\n        }\n\n        OPTIONAL { ?iri rdfs:label ?rdfsLabel }\n        OPTIONAL { ?iri  qudt:symbol  ?symbol }\n        OPTIONAL { ?iri  qudt:ucumCode  ?ucumCode }\n        OPTIONAL { ?iri  qudt:expression  ?expression }\n\n        OPTIONAL { ?iri ?isCurrency qudt:CurrencyUnit }\n        OPTIONAL { ?iri qudt:currencyExponent ?currencyExponent }\n\n        BIND(str(coalesce(str(?symbol), str(?ucumCode), str(?expression), str(?rdfsLabel), \"?\")) AS ?label)\n        \n        FILTER ( lang(?rdfsLabel) = \"en\" )\n      \n}\n\n\n\n"},{"startTime":1666286117532,"endTime":1666286117718,"text":"#pragma describe.strategy cbd\n#pragma join.hash off\n\n\nPREFIX unit: <http://qudt.org/vocab/unit/>\nPREFIX rdfs: <http://www.w3.org/2000/01/rdf-schema#>\nPREFIX qudt: <http://qudt.org/schema/qudt/>\n\nSELECT DISTINCT ?iri ?label ?isCurrency ?currencyExponent ?isCurrency\n\nWHERE {\n\n        values ?iri {\n          unit:MG-PER-KiloG-DM\n        }\n\n        OPTIONAL { ?iri rdfs:label ?rdfsLabel }\n        OPTIONAL { ?iri  qudt:symbol  ?symbol }\n        OPTIONAL { ?iri  qudt:ucumCode  ?ucumCode }\n        OPTIONAL { ?iri  qudt:expression  ?expression }\n\n        OPTIONAL { ?iri ?isCurrency qudt:CurrencyUnit }\n        OPTIONAL { ?iri qudt:currencyExponent ?currencyExponent }\n\n        BIND(str(coalesce(str(?symbol), str(?ucumCode), str(?expression), str(?rdfsLabel), \"?\")) AS ?label)\n        \n        FILTER ( lang(?rdfsLabel) = \"en\" )\n      \n}\n\n\n\n"},{"startTime":1666286117666,"endTime":1666286117914,"text":"#pragma describe.strategy cbd\n#pragma join.hash off\n\n\nPREFIX sh: <http://www.w3.org/ns/shacl#>\nPREFIX schema: <http://schema.org/>\n\nSELECT ?cube\n\nWHERE {\n\n  ?cube <https://cube.link/observationConstraint> ?shape.\n  ?shape ?prop ?dimension.\n  ?dimension sh:path <https://environment.ld.admin.ch/foen/ubd0066/wert>.\n  \n  FILTER NOT EXISTS { ?cube schema:expires ?any . }\n  \n}\n\n\n\n"},{"startTime":1666286117720,"endTime":1666286117918,"text":"#pragma describe.strategy cbd\n#pragma join.hash off\n\n\nPREFIX sh: <http://www.w3.org/ns/shacl#>\nPREFIX schema: <http://schema.org/>\n\nSELECT ?cube\n\nWHERE {\n\n  ?cube <https://cube.link/observationConstraint> ?shape.\n  ?shape ?prop ?dimension.\n  ?dimension sh:path <https://environment.ld.admin.ch/foen/ubd0066/jahr>.\n  \n  FILTER NOT EXISTS { ?cube schema:expires ?any . }\n  \n}\n\n\n\n"},{"startTime":1666286117722,"endTime":1666286117934,"text":"#pragma describe.strategy cbd\n#pragma join.hash off\n\n\nPREFIX sh: <http://www.w3.org/ns/shacl#>\nPREFIX schema: <http://schema.org/>\n\nSELECT ?cube\n\nWHERE {\n\n  ?cube <https://cube.link/observationConstraint> ?shape.\n  ?shape ?prop ?dimension.\n  ?dimension sh:path <https://environment.ld.admin.ch/foen/ubd0066/station>.\n  \n  FILTER NOT EXISTS { ?cube schema:expires ?any . }\n  \n}\n\n\n\n"},{"startTime":1666286117721,"endTime":1666286117935,"text":"#pragma describe.strategy cbd\n#pragma join.hash off\n\n\nPREFIX sh: <http://www.w3.org/ns/shacl#>\nPREFIX schema: <http://schema.org/>\n\nSELECT ?cube\n\nWHERE {\n\n  ?cube <https://cube.link/observationConstraint> ?shape.\n  ?shape ?prop ?dimension.\n  ?dimension sh:path <https://environment.ld.admin.ch/foen/ubd0066/probenahmedatum>.\n  \n  FILTER NOT EXISTS { ?cube schema:expires ?any . }\n  \n}\n\n\n\n"},{"startTime":1666286117722,"endTime":1666286117936,"text":"#pragma describe.strategy cbd\n#pragma join.hash off\n\n\nPREFIX sh: <http://www.w3.org/ns/shacl#>\nPREFIX schema: <http://schema.org/>\n\nSELECT ?cube\n\nWHERE {\n\n  ?cube <https://cube.link/observationConstraint> ?shape.\n  ?shape ?prop ?dimension.\n  ?dimension sh:path <https://environment.ld.admin.ch/foen/ubd0066/messparameter>.\n  \n  FILTER NOT EXISTS { ?cube schema:expires ?any . }\n  \n}\n\n\n\n"},{"startTime":1666286117723,"endTime":1666286117937,"text":"#pragma describe.strategy cbd\n#pragma join.hash off\n\n\nPREFIX sh: <http://www.w3.org/ns/shacl#>\nPREFIX schema: <http://schema.org/>\n\nSELECT ?cube\n\nWHERE {\n\n  ?cube <https://cube.link/observationConstraint> ?shape.\n  ?shape ?prop ?dimension.\n  ?dimension sh:path <https://environment.ld.admin.ch/foen/ubd0066/landuse>.\n  \n  FILTER NOT EXISTS { ?cube schema:expires ?any . }\n  \n}\n\n\n\n"},{"startTime":1666286117727,"endTime":1666286117944,"text":"#pragma describe.strategy cbd\n#pragma join.hash off\n\n\nPREFIX schema: <http://schema.org/>\n\nSELECT DISTINCT ?value\n\nWHERE {\n\n    <https://environment.ld.admin.ch/foen/ubd0066/19> <https://cube.link/observationSet> ?observationSet .\n    ?observationSet <https://cube.link/observation> ?observation .\n    ?observation <https://environment.ld.admin.ch/foen/ubd0066/probenahmedatum> ?value .\n    ?dimension0 schema:sameAs ?dimension_unversioned0.\n            ?observation <https://environment.ld.admin.ch/foen/ubd0066/station> ?dimension0.\n            FILTER ( (?dimension_unversioned0 = <https://environment.ld.admin.ch/foen/ubd0066/Station/100_1>) )\n  \n}\n\n\n\n"},{"startTime":1666286117723,"endTime":1666286117945,"text":"#pragma describe.strategy cbd\n#pragma join.hash off\n\n\nPREFIX sh: <http://www.w3.org/ns/shacl#>\nPREFIX schema: <http://schema.org/>\n\nSELECT ?cube\n\nWHERE {\n\n  ?cube <https://cube.link/observationConstraint> ?shape.\n  ?shape ?prop ?dimension.\n  ?dimension sh:path <https://environment.ld.admin.ch/foen/ubd0066/samplingperiod>.\n  \n  FILTER NOT EXISTS { ?cube schema:expires ?any . }\n  \n}\n\n\n\n"},{"startTime":1666286117724,"endTime":1666286117946,"text":"#pragma describe.strategy cbd\n#pragma join.hash off\n\n\nPREFIX sh: <http://www.w3.org/ns/shacl#>\nPREFIX schema: <http://schema.org/>\n\nSELECT ?cube\n\nWHERE {\n\n  ?cube <https://cube.link/observationConstraint> ?shape.\n  ?shape ?prop ?dimension.\n  ?dimension sh:path <https://environment.ld.admin.ch/foen/ubd0066/notes>.\n  \n  FILTER NOT EXISTS { ?cube schema:expires ?any . }\n  \n}\n\n\n\n"},{"startTime":1666286117945,"endTime":1666286118358,"text":"#pragma describe.strategy cbd\n#pragma join.hash off\n\n\nPREFIX schema: <http://schema.org/>\n\nSELECT DISTINCT ?value\n\nWHERE {\n\n    <https://environment.ld.admin.ch/foen/ubd0066/19> <https://cube.link/observationSet> ?observationSet .\n    ?observationSet <https://cube.link/observation> ?observation .\n    ?observation <https://environment.ld.admin.ch/foen/ubd0066/messparameter> ?value .\n    ?dimension0 schema:sameAs ?dimension_unversioned0.\n            ?observation <https://environment.ld.admin.ch/foen/ubd0066/station> ?dimension0.\n            FILTER ( (?dimension_unversioned0 = <https://environment.ld.admin.ch/foen/ubd0066/Station/100_1>) )\n  \n}\n\n\n\n"},{"startTime":1666286118360,"endTime":1666286118725,"text":"#pragma describe.strategy cbd\n#pragma join.hash off\n\n\nPREFIX schema: <http://schema.org/>\n\nSELECT DISTINCT ?iri ?identifier\n?position\n?color\n\nWHERE {\n\n      values ?iri {\n        <https://ld.admin.ch/cube/dimension/el01/cd>\n<https://ld.admin.ch/cube/dimension/el01/co>\n<https://ld.admin.ch/cube/dimension/el01/cr>\n<https://ld.admin.ch/cube/dimension/el01/cu>\n<https://ld.admin.ch/cube/dimension/el01/hg>\n<https://ld.admin.ch/cube/dimension/el01/ni>\n<https://ld.admin.ch/cube/dimension/el01/pb>\n<https://ld.admin.ch/cube/dimension/el01/zn>\n      }\n\n      OPTIONAL { ?iri schema:identifier ?identifier. }\nOPTIONAL { ?iri schema:color ?color. }\n    \n}\n\n\n\n"},{"startTime":1666286118358,"endTime":1666286118727,"text":"#pragma describe.strategy cbd\n#pragma join.hash off\n\n\nPREFIX schema: <http://schema.org/>\n\nSELECT DISTINCT ?iri ?label\n\nWHERE {\n\n      values ?iri {\n        <https://ld.admin.ch/cube/dimension/el01/cd>\n<https://ld.admin.ch/cube/dimension/el01/co>\n<https://ld.admin.ch/cube/dimension/el01/cr>\n<https://ld.admin.ch/cube/dimension/el01/cu>\n<https://ld.admin.ch/cube/dimension/el01/hg>\n<https://ld.admin.ch/cube/dimension/el01/ni>\n<https://ld.admin.ch/cube/dimension/el01/pb>\n<https://ld.admin.ch/cube/dimension/el01/zn>\n      }\n      OPTIONAL {\n    ?iri schema:name ?label_en\n    FILTER (LANGMATCHES(LANG(?label_en), \"en\"))\n  }\nOPTIONAL {\n    ?iri schema:name ?label_de\n    FILTER (LANGMATCHES(LANG(?label_de), \"de\"))\n  }\nOPTIONAL {\n    ?iri schema:name ?label_fr\n    FILTER (LANGMATCHES(LANG(?label_fr), \"fr\"))\n  }\nOPTIONAL {\n    ?iri schema:name ?label_it\n    FILTER (LANGMATCHES(LANG(?label_it), \"it\"))\n  }\nOPTIONAL {\n    ?iri schema:name ?label_\n    FILTER ((LANG(?label_) = \"\"))\n  }\n  BIND(COALESCE(?label_en,?label_de,?label_fr,?label_it,?label_) as ?label)\n  \n    \n}\n\n\n\n"},{"startTime":1666286118728,"endTime":1666286119164,"text":"#pragma describe.strategy cbd\n#pragma join.hash off\n\n\nSELECT DISTINCT ?value\n\nWHERE {\n\n    <https://environment.ld.admin.ch/foen/ubd0066/19> <https://cube.link/observationSet> ?observationSet .\n    ?observationSet <https://cube.link/observation> ?observation .\n    ?observation <https://environment.ld.admin.ch/foen/ubd0066/station> ?value .\n    \n  \n}\n\n\n\n"},{"startTime":1666286119166,"endTime":1666286119301,"text":"#pragma describe.strategy cbd\n#pragma join.hash off\n\n\nPREFIX schema: <http://schema.org/>\n\nSELECT DISTINCT ?iri ?label\n\nWHERE {\n\n      values ?iri {\n        <https://environment.ld.admin.ch/foen/ubd0066/19/Station/3_1>\n<https://environment.ld.admin.ch/foen/ubd0066/19/Station/4_1>\n<https://environment.ld.admin.ch/foen/ubd0066/19/Station/9_1>\n<https://environment.ld.admin.ch/foen/ubd0066/19/Station/11_1>\n<https://environment.ld.admin.ch/foen/ubd0066/19/Station/13_1>\n<https://environment.ld.admin.ch/foen/ubd0066/19/Station/14_1>\n<https://environment.ld.admin.ch/foen/ubd0066/19/Station/15_1>\n<https://environment.ld.admin.ch/foen/ubd0066/19/Station/20_1>\n<https://environment.ld.admin.ch/foen/ubd0066/19/Station/23_1>\n<https://environment.ld.admin.ch/foen/ubd0066/19/Station/25_1>\n<https://environment.ld.admin.ch/foen/ubd0066/19/Station/26_1>\n<https://environment.ld.admin.ch/foen/ubd0066/19/Station/28_1>\n<https://environment.ld.admin.ch/foen/ubd0066/19/Station/33_1>\n<https://environment.ld.admin.ch/foen/ubd0066/19/Station/17_1>\n<https://environment.ld.admin.ch/foen/ubd0066/19/Station/21_1>\n<https://environment.ld.admin.ch/foen/ubd0066/19/Station/29_1>\n<https://environment.ld.admin.ch/foen/ubd0066/19/Station/31_1>\n<https://environment.ld.admin.ch/foen/ubd0066/19/Station/36_1>\n<https://environment.ld.admin.ch/foen/ubd0066/19/Station/38_1>\n<https://environment.ld.admin.ch/foen/ubd0066/19/Station/46_1>\n<https://environment.ld.admin.ch/foen/ubd0066/19/Station/48_1>\n<https://environment.ld.admin.ch/foen/ubd0066/19/Station/51_1>\n<https://environment.ld.admin.ch/foen/ubd0066/19/Station/39_1>\n<https://environment.ld.admin.ch/foen/ubd0066/19/Station/44_1>\n<https://environment.ld.admin.ch/foen/ubd0066/19/Station/53_1>\n<https://environment.ld.admin.ch/foen/ubd0066/19/Station/54_1>\n<https://environment.ld.admin.ch/foen/ubd0066/19/Station/55_1>\n<https://environment.ld.admin.ch/foen/ubd0066/19/Station/56_1>\n<https://environment.ld.admin.ch/foen/ubd0066/19/Station/57_1>\n<https://environment.ld.admin.ch/foen/ubd0066/19/Station/58_1>\n<https://environment.ld.admin.ch/foen/ubd0066/19/Station/59_1>\n<https://environment.ld.admin.ch/foen/ubd0066/19/Station/60_1>\n<https://environment.ld.admin.ch/foen/ubd0066/19/Station/61_1>\n<https://environment.ld.admin.ch/foen/ubd0066/19/Station/62_1>\n<https://environment.ld.admin.ch/foen/ubd0066/19/Station/63_1>\n<https://environment.ld.admin.ch/foen/ubd0066/19/Station/64_1>\n<https://environment.ld.admin.ch/foen/ubd0066/19/Station/65_1>\n<https://environment.ld.admin.ch/foen/ubd0066/19/Station/66_1>\n<https://environment.ld.admin.ch/foen/ubd0066/19/Station/67_1>\n<https://environment.ld.admin.ch/foen/ubd0066/19/Station/68_1>\n<https://environment.ld.admin.ch/foen/ubd0066/19/Station/69_1>\n<https://environment.ld.admin.ch/foen/ubd0066/19/Station/70_1>\n<https://environment.ld.admin.ch/foen/ubd0066/19/Station/71_1>\n<https://environment.ld.admin.ch/foen/ubd0066/19/Station/72_1>\n<https://environment.ld.admin.ch/foen/ubd0066/19/Station/73_1>\n<https://environment.ld.admin.ch/foen/ubd0066/19/Station/74_1>\n<https://environment.ld.admin.ch/foen/ubd0066/19/Station/75_1>\n<https://environment.ld.admin.ch/foen/ubd0066/19/Station/76_1>\n<https://environment.ld.admin.ch/foen/ubd0066/19/Station/77_1>\n<https://environment.ld.admin.ch/foen/ubd0066/19/Station/78_1>\n<https://environment.ld.admin.ch/foen/ubd0066/19/Station/79_1>\n<https://environment.ld.admin.ch/foen/ubd0066/19/Station/80_1>\n<https://environment.ld.admin.ch/foen/ubd0066/19/Station/81_1>\n<https://environment.ld.admin.ch/foen/ubd0066/19/Station/82_1>\n<https://environment.ld.admin.ch/foen/ubd0066/19/Station/83_1>\n<https://environment.ld.admin.ch/foen/ubd0066/19/Station/84_1>\n<https://environment.ld.admin.ch/foen/ubd0066/19/Station/85_1>\n<https://environment.ld.admin.ch/foen/ubd0066/19/Station/86_1>\n<https://environment.ld.admin.ch/foen/ubd0066/19/Station/87_1>\n<https://environment.ld.admin.ch/foen/ubd0066/19/Station/88_1>\n<https://environment.ld.admin.ch/foen/ubd0066/19/Station/89_1>\n<https://environment.ld.admin.ch/foen/ubd0066/19/Station/90_1>\n<https://environment.ld.admin.ch/foen/ubd0066/19/Station/91_1>\n<https://environment.ld.admin.ch/foen/ubd0066/19/Station/92_1>\n<https://environment.ld.admin.ch/foen/ubd0066/19/Station/93_1>\n<https://environment.ld.admin.ch/foen/ubd0066/19/Station/94_1>\n<https://environment.ld.admin.ch/foen/ubd0066/19/Station/95_1>\n<https://environment.ld.admin.ch/foen/ubd0066/19/Station/27_1>\n<https://environment.ld.admin.ch/foen/ubd0066/19/Station/41_1>\n<https://environment.ld.admin.ch/foen/ubd0066/19/Station/102_1>\n<https://environment.ld.admin.ch/foen/ubd0066/19/Station/1_1>\n<https://environment.ld.admin.ch/foen/ubd0066/19/Station/6_1>\n<https://environment.ld.admin.ch/foen/ubd0066/19/Station/7_1>\n<https://environment.ld.admin.ch/foen/ubd0066/19/Station/8_1>\n<https://environment.ld.admin.ch/foen/ubd0066/19/Station/10_1>\n<https://environment.ld.admin.ch/foen/ubd0066/19/Station/12_1>\n<https://environment.ld.admin.ch/foen/ubd0066/19/Station/16_1>\n<https://environment.ld.admin.ch/foen/ubd0066/19/Station/18_1>\n<https://environment.ld.admin.ch/foen/ubd0066/19/Station/19_1>\n<https://environment.ld.admin.ch/foen/ubd0066/19/Station/22_1>\n<https://environment.ld.admin.ch/foen/ubd0066/19/Station/24_1>\n<https://environment.ld.admin.ch/foen/ubd0066/19/Station/30_1>\n<https://environment.ld.admin.ch/foen/ubd0066/19/Station/32_1>\n<https://environment.ld.admin.ch/foen/ubd0066/19/Station/34_1>\n<https://environment.ld.admin.ch/foen/ubd0066/19/Station/35_1>\n<https://environment.ld.admin.ch/foen/ubd0066/19/Station/37_1>\n<https://environment.ld.admin.ch/foen/ubd0066/19/Station/40_1>\n<https://environment.ld.admin.ch/foen/ubd0066/19/Station/42_1>\n<https://environment.ld.admin.ch/foen/ubd0066/19/Station/43_1>\n<https://environment.ld.admin.ch/foen/ubd0066/19/Station/45_1>\n<https://environment.ld.admin.ch/foen/ubd0066/19/Station/47_1>\n<https://environment.ld.admin.ch/foen/ubd0066/19/Station/49_1>\n<https://environment.ld.admin.ch/foen/ubd0066/19/Station/50_1>\n<https://environment.ld.admin.ch/foen/ubd0066/19/Station/52_1>\n<https://environment.ld.admin.ch/foen/ubd0066/19/Station/96_1>\n<https://environment.ld.admin.ch/foen/ubd0066/19/Station/97_1>\n<https://environment.ld.admin.ch/foen/ubd0066/19/Station/98_1>\n<https://environment.ld.admin.ch/foen/ubd0066/19/Station/99_1>\n<https://environment.ld.admin.ch/foen/ubd0066/19/Station/100_1>\n<https://environment.ld.admin.ch/foen/ubd0066/19/Station/101_1>\n<https://environment.ld.admin.ch/foen/ubd0066/19/Station/5_1>\n<https://environment.ld.admin.ch/foen/ubd0066/19/Station/2_1>\n<https://environment.ld.admin.ch/foen/ubd0066/19/Station/103_1>\n<https://environment.ld.admin.ch/foen/ubd0066/19/Station/104_1>\n<https://environment.ld.admin.ch/foen/ubd0066/19/Station/105_1>\n<https://environment.ld.admin.ch/foen/ubd0066/19/Station/59_2>\n<https://environment.ld.admin.ch/foen/ubd0066/19/Station/106_1>\n<https://environment.ld.admin.ch/foen/ubd0066/19/Station/92_2>\n<https://environment.ld.admin.ch/foen/ubd0066/19/Station/42_2>\n      }\n      OPTIONAL {\n    ?iri schema:name ?label_en\n    FILTER (LANGMATCHES(LANG(?label_en), \"en\"))\n  }\nOPTIONAL {\n    ?iri schema:name ?label_de\n    FILTER (LANGMATCHES(LANG(?label_de), \"de\"))\n  }\nOPTIONAL {\n    ?iri schema:name ?label_fr\n    FILTER (LANGMATCHES(LANG(?label_fr), \"fr\"))\n  }\nOPTIONAL {\n    ?iri schema:name ?label_it\n    FILTER (LANGMATCHES(LANG(?label_it), \"it\"))\n  }\nOPTIONAL {\n    ?iri schema:name ?label_\n    FILTER ((LANG(?label_) = \"\"))\n  }\n  BIND(COALESCE(?label_en,?label_de,?label_fr,?label_it,?label_) as ?label)\n  \n    \n}\n\n\n\n"},{"startTime":1666286119176,"endTime":1666286119311,"text":"#pragma describe.strategy cbd\n#pragma join.hash off\n\n\nPREFIX schema: <http://schema.org/>\n\nSELECT DISTINCT ?iri ?sameAs\n\nWHERE {\n\n    values ?iri {\n      <https://environment.ld.admin.ch/foen/ubd0066/19/Station/3_1>\n<https://environment.ld.admin.ch/foen/ubd0066/19/Station/4_1>\n<https://environment.ld.admin.ch/foen/ubd0066/19/Station/9_1>\n<https://environment.ld.admin.ch/foen/ubd0066/19/Station/11_1>\n<https://environment.ld.admin.ch/foen/ubd0066/19/Station/13_1>\n<https://environment.ld.admin.ch/foen/ubd0066/19/Station/14_1>\n<https://environment.ld.admin.ch/foen/ubd0066/19/Station/15_1>\n<https://environment.ld.admin.ch/foen/ubd0066/19/Station/20_1>\n<https://environment.ld.admin.ch/foen/ubd0066/19/Station/23_1>\n<https://environment.ld.admin.ch/foen/ubd0066/19/Station/25_1>\n<https://environment.ld.admin.ch/foen/ubd0066/19/Station/26_1>\n<https://environment.ld.admin.ch/foen/ubd0066/19/Station/28_1>\n<https://environment.ld.admin.ch/foen/ubd0066/19/Station/33_1>\n<https://environment.ld.admin.ch/foen/ubd0066/19/Station/17_1>\n<https://environment.ld.admin.ch/foen/ubd0066/19/Station/21_1>\n<https://environment.ld.admin.ch/foen/ubd0066/19/Station/29_1>\n<https://environment.ld.admin.ch/foen/ubd0066/19/Station/31_1>\n<https://environment.ld.admin.ch/foen/ubd0066/19/Station/36_1>\n<https://environment.ld.admin.ch/foen/ubd0066/19/Station/38_1>\n<https://environment.ld.admin.ch/foen/ubd0066/19/Station/46_1>\n<https://environment.ld.admin.ch/foen/ubd0066/19/Station/48_1>\n<https://environment.ld.admin.ch/foen/ubd0066/19/Station/51_1>\n<https://environment.ld.admin.ch/foen/ubd0066/19/Station/39_1>\n<https://environment.ld.admin.ch/foen/ubd0066/19/Station/44_1>\n<https://environment.ld.admin.ch/foen/ubd0066/19/Station/53_1>\n<https://environment.ld.admin.ch/foen/ubd0066/19/Station/54_1>\n<https://environment.ld.admin.ch/foen/ubd0066/19/Station/55_1>\n<https://environment.ld.admin.ch/foen/ubd0066/19/Station/56_1>\n<https://environment.ld.admin.ch/foen/ubd0066/19/Station/57_1>\n<https://environment.ld.admin.ch/foen/ubd0066/19/Station/58_1>\n<https://environment.ld.admin.ch/foen/ubd0066/19/Station/59_1>\n<https://environment.ld.admin.ch/foen/ubd0066/19/Station/60_1>\n<https://environment.ld.admin.ch/foen/ubd0066/19/Station/61_1>\n<https://environment.ld.admin.ch/foen/ubd0066/19/Station/62_1>\n<https://environment.ld.admin.ch/foen/ubd0066/19/Station/63_1>\n<https://environment.ld.admin.ch/foen/ubd0066/19/Station/64_1>\n<https://environment.ld.admin.ch/foen/ubd0066/19/Station/65_1>\n<https://environment.ld.admin.ch/foen/ubd0066/19/Station/66_1>\n<https://environment.ld.admin.ch/foen/ubd0066/19/Station/67_1>\n<https://environment.ld.admin.ch/foen/ubd0066/19/Station/68_1>\n<https://environment.ld.admin.ch/foen/ubd0066/19/Station/69_1>\n<https://environment.ld.admin.ch/foen/ubd0066/19/Station/70_1>\n<https://environment.ld.admin.ch/foen/ubd0066/19/Station/71_1>\n<https://environment.ld.admin.ch/foen/ubd0066/19/Station/72_1>\n<https://environment.ld.admin.ch/foen/ubd0066/19/Station/73_1>\n<https://environment.ld.admin.ch/foen/ubd0066/19/Station/74_1>\n<https://environment.ld.admin.ch/foen/ubd0066/19/Station/75_1>\n<https://environment.ld.admin.ch/foen/ubd0066/19/Station/76_1>\n<https://environment.ld.admin.ch/foen/ubd0066/19/Station/77_1>\n<https://environment.ld.admin.ch/foen/ubd0066/19/Station/78_1>\n<https://environment.ld.admin.ch/foen/ubd0066/19/Station/79_1>\n<https://environment.ld.admin.ch/foen/ubd0066/19/Station/80_1>\n<https://environment.ld.admin.ch/foen/ubd0066/19/Station/81_1>\n<https://environment.ld.admin.ch/foen/ubd0066/19/Station/82_1>\n<https://environment.ld.admin.ch/foen/ubd0066/19/Station/83_1>\n<https://environment.ld.admin.ch/foen/ubd0066/19/Station/84_1>\n<https://environment.ld.admin.ch/foen/ubd0066/19/Station/85_1>\n<https://environment.ld.admin.ch/foen/ubd0066/19/Station/86_1>\n<https://environment.ld.admin.ch/foen/ubd0066/19/Station/87_1>\n<https://environment.ld.admin.ch/foen/ubd0066/19/Station/88_1>\n<https://environment.ld.admin.ch/foen/ubd0066/19/Station/89_1>\n<https://environment.ld.admin.ch/foen/ubd0066/19/Station/90_1>\n<https://environment.ld.admin.ch/foen/ubd0066/19/Station/91_1>\n<https://environment.ld.admin.ch/foen/ubd0066/19/Station/92_1>\n<https://environment.ld.admin.ch/foen/ubd0066/19/Station/93_1>\n<https://environment.ld.admin.ch/foen/ubd0066/19/Station/94_1>\n<https://environment.ld.admin.ch/foen/ubd0066/19/Station/95_1>\n<https://environment.ld.admin.ch/foen/ubd0066/19/Station/27_1>\n<https://environment.ld.admin.ch/foen/ubd0066/19/Station/41_1>\n<https://environment.ld.admin.ch/foen/ubd0066/19/Station/102_1>\n<https://environment.ld.admin.ch/foen/ubd0066/19/Station/1_1>\n<https://environment.ld.admin.ch/foen/ubd0066/19/Station/6_1>\n<https://environment.ld.admin.ch/foen/ubd0066/19/Station/7_1>\n<https://environment.ld.admin.ch/foen/ubd0066/19/Station/8_1>\n<https://environment.ld.admin.ch/foen/ubd0066/19/Station/10_1>\n<https://environment.ld.admin.ch/foen/ubd0066/19/Station/12_1>\n<https://environment.ld.admin.ch/foen/ubd0066/19/Station/16_1>\n<https://environment.ld.admin.ch/foen/ubd0066/19/Station/18_1>\n<https://environment.ld.admin.ch/foen/ubd0066/19/Station/19_1>\n<https://environment.ld.admin.ch/foen/ubd0066/19/Station/22_1>\n<https://environment.ld.admin.ch/foen/ubd0066/19/Station/24_1>\n<https://environment.ld.admin.ch/foen/ubd0066/19/Station/30_1>\n<https://environment.ld.admin.ch/foen/ubd0066/19/Station/32_1>\n<https://environment.ld.admin.ch/foen/ubd0066/19/Station/34_1>\n<https://environment.ld.admin.ch/foen/ubd0066/19/Station/35_1>\n<https://environment.ld.admin.ch/foen/ubd0066/19/Station/37_1>\n<https://environment.ld.admin.ch/foen/ubd0066/19/Station/40_1>\n<https://environment.ld.admin.ch/foen/ubd0066/19/Station/42_1>\n<https://environment.ld.admin.ch/foen/ubd0066/19/Station/43_1>\n<https://environment.ld.admin.ch/foen/ubd0066/19/Station/45_1>\n<https://environment.ld.admin.ch/foen/ubd0066/19/Station/47_1>\n<https://environment.ld.admin.ch/foen/ubd0066/19/Station/49_1>\n<https://environment.ld.admin.ch/foen/ubd0066/19/Station/50_1>\n<https://environment.ld.admin.ch/foen/ubd0066/19/Station/52_1>\n<https://environment.ld.admin.ch/foen/ubd0066/19/Station/96_1>\n<https://environment.ld.admin.ch/foen/ubd0066/19/Station/97_1>\n<https://environment.ld.admin.ch/foen/ubd0066/19/Station/98_1>\n<https://environment.ld.admin.ch/foen/ubd0066/19/Station/99_1>\n<https://environment.ld.admin.ch/foen/ubd0066/19/Station/100_1>\n<https://environment.ld.admin.ch/foen/ubd0066/19/Station/101_1>\n<https://environment.ld.admin.ch/foen/ubd0066/19/Station/5_1>\n<https://environment.ld.admin.ch/foen/ubd0066/19/Station/2_1>\n<https://environment.ld.admin.ch/foen/ubd0066/19/Station/103_1>\n<https://environment.ld.admin.ch/foen/ubd0066/19/Station/104_1>\n<https://environment.ld.admin.ch/foen/ubd0066/19/Station/105_1>\n<https://environment.ld.admin.ch/foen/ubd0066/19/Station/59_2>\n<https://environment.ld.admin.ch/foen/ubd0066/19/Station/106_1>\n<https://environment.ld.admin.ch/foen/ubd0066/19/Station/92_2>\n<https://environment.ld.admin.ch/foen/ubd0066/19/Station/42_2>\n    }\n    ?iri schema:sameAs ?sameAs .\n  \n}\n\n\n\n"},{"startTime":1666286119171,"endTime":1666286119312,"text":"#pragma describe.strategy cbd\n#pragma join.hash off\n\n\nPREFIX schema: <http://schema.org/>\n\nSELECT DISTINCT ?iri ?identifier\n?position\n?color\n\nWHERE {\n\n      values ?iri {\n        <https://environment.ld.admin.ch/foen/ubd0066/19/Station/3_1>\n<https://environment.ld.admin.ch/foen/ubd0066/19/Station/4_1>\n<https://environment.ld.admin.ch/foen/ubd0066/19/Station/9_1>\n<https://environment.ld.admin.ch/foen/ubd0066/19/Station/11_1>\n<https://environment.ld.admin.ch/foen/ubd0066/19/Station/13_1>\n<https://environment.ld.admin.ch/foen/ubd0066/19/Station/14_1>\n<https://environment.ld.admin.ch/foen/ubd0066/19/Station/15_1>\n<https://environment.ld.admin.ch/foen/ubd0066/19/Station/20_1>\n<https://environment.ld.admin.ch/foen/ubd0066/19/Station/23_1>\n<https://environment.ld.admin.ch/foen/ubd0066/19/Station/25_1>\n<https://environment.ld.admin.ch/foen/ubd0066/19/Station/26_1>\n<https://environment.ld.admin.ch/foen/ubd0066/19/Station/28_1>\n<https://environment.ld.admin.ch/foen/ubd0066/19/Station/33_1>\n<https://environment.ld.admin.ch/foen/ubd0066/19/Station/17_1>\n<https://environment.ld.admin.ch/foen/ubd0066/19/Station/21_1>\n<https://environment.ld.admin.ch/foen/ubd0066/19/Station/29_1>\n<https://environment.ld.admin.ch/foen/ubd0066/19/Station/31_1>\n<https://environment.ld.admin.ch/foen/ubd0066/19/Station/36_1>\n<https://environment.ld.admin.ch/foen/ubd0066/19/Station/38_1>\n<https://environment.ld.admin.ch/foen/ubd0066/19/Station/46_1>\n<https://environment.ld.admin.ch/foen/ubd0066/19/Station/48_1>\n<https://environment.ld.admin.ch/foen/ubd0066/19/Station/51_1>\n<https://environment.ld.admin.ch/foen/ubd0066/19/Station/39_1>\n<https://environment.ld.admin.ch/foen/ubd0066/19/Station/44_1>\n<https://environment.ld.admin.ch/foen/ubd0066/19/Station/53_1>\n<https://environment.ld.admin.ch/foen/ubd0066/19/Station/54_1>\n<https://environment.ld.admin.ch/foen/ubd0066/19/Station/55_1>\n<https://environment.ld.admin.ch/foen/ubd0066/19/Station/56_1>\n<https://environment.ld.admin.ch/foen/ubd0066/19/Station/57_1>\n<https://environment.ld.admin.ch/foen/ubd0066/19/Station/58_1>\n<https://environment.ld.admin.ch/foen/ubd0066/19/Station/59_1>\n<https://environment.ld.admin.ch/foen/ubd0066/19/Station/60_1>\n<https://environment.ld.admin.ch/foen/ubd0066/19/Station/61_1>\n<https://environment.ld.admin.ch/foen/ubd0066/19/Station/62_1>\n<https://environment.ld.admin.ch/foen/ubd0066/19/Station/63_1>\n<https://environment.ld.admin.ch/foen/ubd0066/19/Station/64_1>\n<https://environment.ld.admin.ch/foen/ubd0066/19/Station/65_1>\n<https://environment.ld.admin.ch/foen/ubd0066/19/Station/66_1>\n<https://environment.ld.admin.ch/foen/ubd0066/19/Station/67_1>\n<https://environment.ld.admin.ch/foen/ubd0066/19/Station/68_1>\n<https://environment.ld.admin.ch/foen/ubd0066/19/Station/69_1>\n<https://environment.ld.admin.ch/foen/ubd0066/19/Station/70_1>\n<https://environment.ld.admin.ch/foen/ubd0066/19/Station/71_1>\n<https://environment.ld.admin.ch/foen/ubd0066/19/Station/72_1>\n<https://environment.ld.admin.ch/foen/ubd0066/19/Station/73_1>\n<https://environment.ld.admin.ch/foen/ubd0066/19/Station/74_1>\n<https://environment.ld.admin.ch/foen/ubd0066/19/Station/75_1>\n<https://environment.ld.admin.ch/foen/ubd0066/19/Station/76_1>\n<https://environment.ld.admin.ch/foen/ubd0066/19/Station/77_1>\n<https://environment.ld.admin.ch/foen/ubd0066/19/Station/78_1>\n<https://environment.ld.admin.ch/foen/ubd0066/19/Station/79_1>\n<https://environment.ld.admin.ch/foen/ubd0066/19/Station/80_1>\n<https://environment.ld.admin.ch/foen/ubd0066/19/Station/81_1>\n<https://environment.ld.admin.ch/foen/ubd0066/19/Station/82_1>\n<https://environment.ld.admin.ch/foen/ubd0066/19/Station/83_1>\n<https://environment.ld.admin.ch/foen/ubd0066/19/Station/84_1>\n<https://environment.ld.admin.ch/foen/ubd0066/19/Station/85_1>\n<https://environment.ld.admin.ch/foen/ubd0066/19/Station/86_1>\n<https://environment.ld.admin.ch/foen/ubd0066/19/Station/87_1>\n<https://environment.ld.admin.ch/foen/ubd0066/19/Station/88_1>\n<https://environment.ld.admin.ch/foen/ubd0066/19/Station/89_1>\n<https://environment.ld.admin.ch/foen/ubd0066/19/Station/90_1>\n<https://environment.ld.admin.ch/foen/ubd0066/19/Station/91_1>\n<https://environment.ld.admin.ch/foen/ubd0066/19/Station/92_1>\n<https://environment.ld.admin.ch/foen/ubd0066/19/Station/93_1>\n<https://environment.ld.admin.ch/foen/ubd0066/19/Station/94_1>\n<https://environment.ld.admin.ch/foen/ubd0066/19/Station/95_1>\n<https://environment.ld.admin.ch/foen/ubd0066/19/Station/27_1>\n<https://environment.ld.admin.ch/foen/ubd0066/19/Station/41_1>\n<https://environment.ld.admin.ch/foen/ubd0066/19/Station/102_1>\n<https://environment.ld.admin.ch/foen/ubd0066/19/Station/1_1>\n<https://environment.ld.admin.ch/foen/ubd0066/19/Station/6_1>\n<https://environment.ld.admin.ch/foen/ubd0066/19/Station/7_1>\n<https://environment.ld.admin.ch/foen/ubd0066/19/Station/8_1>\n<https://environment.ld.admin.ch/foen/ubd0066/19/Station/10_1>\n<https://environment.ld.admin.ch/foen/ubd0066/19/Station/12_1>\n<https://environment.ld.admin.ch/foen/ubd0066/19/Station/16_1>\n<https://environment.ld.admin.ch/foen/ubd0066/19/Station/18_1>\n<https://environment.ld.admin.ch/foen/ubd0066/19/Station/19_1>\n<https://environment.ld.admin.ch/foen/ubd0066/19/Station/22_1>\n<https://environment.ld.admin.ch/foen/ubd0066/19/Station/24_1>\n<https://environment.ld.admin.ch/foen/ubd0066/19/Station/30_1>\n<https://environment.ld.admin.ch/foen/ubd0066/19/Station/32_1>\n<https://environment.ld.admin.ch/foen/ubd0066/19/Station/34_1>\n<https://environment.ld.admin.ch/foen/ubd0066/19/Station/35_1>\n<https://environment.ld.admin.ch/foen/ubd0066/19/Station/37_1>\n<https://environment.ld.admin.ch/foen/ubd0066/19/Station/40_1>\n<https://environment.ld.admin.ch/foen/ubd0066/19/Station/42_1>\n<https://environment.ld.admin.ch/foen/ubd0066/19/Station/43_1>\n<https://environment.ld.admin.ch/foen/ubd0066/19/Station/45_1>\n<https://environment.ld.admin.ch/foen/ubd0066/19/Station/47_1>\n<https://environment.ld.admin.ch/foen/ubd0066/19/Station/49_1>\n<https://environment.ld.admin.ch/foen/ubd0066/19/Station/50_1>\n<https://environment.ld.admin.ch/foen/ubd0066/19/Station/52_1>\n<https://environment.ld.admin.ch/foen/ubd0066/19/Station/96_1>\n<https://environment.ld.admin.ch/foen/ubd0066/19/Station/97_1>\n<https://environment.ld.admin.ch/foen/ubd0066/19/Station/98_1>\n<https://environment.ld.admin.ch/foen/ubd0066/19/Station/99_1>\n<https://environment.ld.admin.ch/foen/ubd0066/19/Station/100_1>\n<https://environment.ld.admin.ch/foen/ubd0066/19/Station/101_1>\n<https://environment.ld.admin.ch/foen/ubd0066/19/Station/5_1>\n<https://environment.ld.admin.ch/foen/ubd0066/19/Station/2_1>\n<https://environment.ld.admin.ch/foen/ubd0066/19/Station/103_1>\n<https://environment.ld.admin.ch/foen/ubd0066/19/Station/104_1>\n<https://environment.ld.admin.ch/foen/ubd0066/19/Station/105_1>\n<https://environment.ld.admin.ch/foen/ubd0066/19/Station/59_2>\n<https://environment.ld.admin.ch/foen/ubd0066/19/Station/106_1>\n<https://environment.ld.admin.ch/foen/ubd0066/19/Station/92_2>\n<https://environment.ld.admin.ch/foen/ubd0066/19/Station/42_2>\n      }\n\n      OPTIONAL { ?iri schema:identifier ?identifier. }\nOPTIONAL { ?iri schema:color ?color. }\n    \n}\n\n\n\n"},{"startTime":1666286119314,"endTime":1666286119419,"text":"#pragma describe.strategy cbd\n#pragma join.hash off\n\n\nPREFIX schema: <http://schema.org/>\n\nSELECT DISTINCT ?value\n\nWHERE {\n\n    <https://environment.ld.admin.ch/foen/ubd0066/19> <https://cube.link/observationSet> ?observationSet .\n    ?observationSet <https://cube.link/observation> ?observation .\n    ?observation <https://environment.ld.admin.ch/foen/ubd0066/landuse> ?value .\n    ?dimension0 schema:sameAs ?dimension_unversioned0.\n            ?observation <https://environment.ld.admin.ch/foen/ubd0066/station> ?dimension0.\n            FILTER ( (?dimension_unversioned0 = <https://environment.ld.admin.ch/foen/ubd0066/Station/100_1>) )\n  \n}\n\n\n\n"},{"startTime":1666286119429,"endTime":1666286119543,"text":"#pragma describe.strategy cbd\n#pragma join.hash off\n\n\nPREFIX schema: <http://schema.org/>\n\nSELECT DISTINCT ?iri ?identifier\n?position\n?color\n\nWHERE {\n\n      values ?iri {\n        <https://environment.ld.admin.ch/foen/ubd0066/19/Landuse/3>\n      }\n\n      OPTIONAL { ?iri schema:identifier ?identifier. }\nOPTIONAL { ?iri schema:color ?color. }\n    \n}\n\n\n\n"},{"startTime":1666286119419,"endTime":1666286119543,"text":"#pragma describe.strategy cbd\n#pragma join.hash off\n\n\nPREFIX schema: <http://schema.org/>\n\nSELECT DISTINCT ?iri ?label\n\nWHERE {\n\n      values ?iri {\n        <https://environment.ld.admin.ch/foen/ubd0066/19/Landuse/3>\n      }\n      OPTIONAL {\n    ?iri schema:name ?label_en\n    FILTER (LANGMATCHES(LANG(?label_en), \"en\"))\n  }\nOPTIONAL {\n    ?iri schema:name ?label_de\n    FILTER (LANGMATCHES(LANG(?label_de), \"de\"))\n  }\nOPTIONAL {\n    ?iri schema:name ?label_fr\n    FILTER (LANGMATCHES(LANG(?label_fr), \"fr\"))\n  }\nOPTIONAL {\n    ?iri schema:name ?label_it\n    FILTER (LANGMATCHES(LANG(?label_it), \"it\"))\n  }\nOPTIONAL {\n    ?iri schema:name ?label_\n    FILTER ((LANG(?label_) = \"\"))\n  }\n  BIND(COALESCE(?label_en,?label_de,?label_fr,?label_it,?label_) as ?label)\n  \n    \n}\n\n\n\n"},{"startTime":1666286119431,"endTime":1666286119543,"text":"#pragma describe.strategy cbd\n#pragma join.hash off\n\n\nPREFIX schema: <http://schema.org/>\n\nSELECT DISTINCT ?iri ?sameAs\n\nWHERE {\n\n    values ?iri {\n      <https://environment.ld.admin.ch/foen/ubd0066/19/Landuse/3>\n    }\n    ?iri schema:sameAs ?sameAs .\n  \n}\n\n\n\n"},{"startTime":1666286119545,"endTime":1666286119633,"text":"#pragma describe.strategy cbd\n#pragma join.hash off\n\n\nPREFIX schema: <http://schema.org/>\n\nSELECT DISTINCT ?value\n\nWHERE {\n\n    <https://environment.ld.admin.ch/foen/ubd0066/19> <https://cube.link/observationSet> ?observationSet .\n    ?observationSet <https://cube.link/observation> ?observation .\n    ?observation <https://environment.ld.admin.ch/foen/ubd0066/samplingperiod> ?value .\n    ?dimension0 schema:sameAs ?dimension_unversioned0.\n            ?observation <https://environment.ld.admin.ch/foen/ubd0066/station> ?dimension0.\n            FILTER ( (?dimension_unversioned0 = <https://environment.ld.admin.ch/foen/ubd0066/Station/100_1>) )\n  \n}\n\n\n\n"},{"startTime":1666286119635,"endTime":1666286119708,"text":"#pragma describe.strategy cbd\n#pragma join.hash off\n\n\nPREFIX schema: <http://schema.org/>\n\nSELECT DISTINCT ?iri ?identifier\n?position\n?color\n\nWHERE {\n\n      values ?iri {\n        <https://environment.ld.admin.ch/foen/ubd0066/19/samplingperiod/1>\n<https://environment.ld.admin.ch/foen/ubd0066/19/samplingperiod/2>\n<https://environment.ld.admin.ch/foen/ubd0066/19/samplingperiod/3>\n<https://environment.ld.admin.ch/foen/ubd0066/19/samplingperiod/4>\n<https://environment.ld.admin.ch/foen/ubd0066/19/samplingperiod/5>\n<https://environment.ld.admin.ch/foen/ubd0066/19/samplingperiod/6>\n      }\n\n      OPTIONAL { ?iri schema:identifier ?identifier. }\nOPTIONAL { ?iri schema:color ?color. }\n    \n}\n\n\n\n"},{"startTime":1666286119637,"endTime":1666286119708,"text":"#pragma describe.strategy cbd\n#pragma join.hash off\n\n\nPREFIX schema: <http://schema.org/>\n\nSELECT DISTINCT ?iri ?sameAs\n\nWHERE {\n\n    values ?iri {\n      <https://environment.ld.admin.ch/foen/ubd0066/19/samplingperiod/1>\n<https://environment.ld.admin.ch/foen/ubd0066/19/samplingperiod/2>\n<https://environment.ld.admin.ch/foen/ubd0066/19/samplingperiod/3>\n<https://environment.ld.admin.ch/foen/ubd0066/19/samplingperiod/4>\n<https://environment.ld.admin.ch/foen/ubd0066/19/samplingperiod/5>\n<https://environment.ld.admin.ch/foen/ubd0066/19/samplingperiod/6>\n    }\n    ?iri schema:sameAs ?sameAs .\n  \n}\n\n\n\n"},{"startTime":1666286119633,"endTime":1666286119721,"text":"#pragma describe.strategy cbd\n#pragma join.hash off\n\n\nPREFIX schema: <http://schema.org/>\n\nSELECT DISTINCT ?iri ?label\n\nWHERE {\n\n      values ?iri {\n        <https://environment.ld.admin.ch/foen/ubd0066/19/samplingperiod/1>\n<https://environment.ld.admin.ch/foen/ubd0066/19/samplingperiod/2>\n<https://environment.ld.admin.ch/foen/ubd0066/19/samplingperiod/3>\n<https://environment.ld.admin.ch/foen/ubd0066/19/samplingperiod/4>\n<https://environment.ld.admin.ch/foen/ubd0066/19/samplingperiod/5>\n<https://environment.ld.admin.ch/foen/ubd0066/19/samplingperiod/6>\n      }\n      OPTIONAL {\n    ?iri schema:name ?label_en\n    FILTER (LANGMATCHES(LANG(?label_en), \"en\"))\n  }\nOPTIONAL {\n    ?iri schema:name ?label_de\n    FILTER (LANGMATCHES(LANG(?label_de), \"de\"))\n  }\nOPTIONAL {\n    ?iri schema:name ?label_fr\n    FILTER (LANGMATCHES(LANG(?label_fr), \"fr\"))\n  }\nOPTIONAL {\n    ?iri schema:name ?label_it\n    FILTER (LANGMATCHES(LANG(?label_it), \"it\"))\n  }\nOPTIONAL {\n    ?iri schema:name ?label_\n    FILTER ((LANG(?label_) = \"\"))\n  }\n  BIND(COALESCE(?label_en,?label_de,?label_fr,?label_it,?label_) as ?label)\n  \n    \n}\n\n\n\n"},{"startTime":1666286119723,"endTime":1666286119815,"text":"#pragma describe.strategy cbd\n#pragma join.hash off\n\n\nPREFIX schema: <http://schema.org/>\n\nSELECT DISTINCT ?value\n\nWHERE {\n\n    <https://environment.ld.admin.ch/foen/ubd0066/19> <https://cube.link/observationSet> ?observationSet .\n    ?observationSet <https://cube.link/observation> ?observation .\n    ?observation <https://environment.ld.admin.ch/foen/ubd0066/notes> ?value .\n    ?dimension0 schema:sameAs ?dimension_unversioned0.\n            ?observation <https://environment.ld.admin.ch/foen/ubd0066/station> ?dimension0.\n            FILTER ( (?dimension_unversioned0 = <https://environment.ld.admin.ch/foen/ubd0066/Station/100_1>) )\n  \n}\n\n\n\n"},{"startTime":1666286119815,"endTime":1666286119914,"text":"#pragma describe.strategy cbd\n#pragma join.hash off\n\n\nPREFIX schema: <http://schema.org/>\n\nSELECT DISTINCT ?iri ?label\n\nWHERE {\n\n      values ?iri {\n        <https://environment.ld.admin.ch/foen/ubd0066/19/Notes/0>\n<https://environment.ld.admin.ch/foen/ubd0066/19/Notes/1>\n      }\n      OPTIONAL {\n    ?iri schema:name ?label_en\n    FILTER (LANGMATCHES(LANG(?label_en), \"en\"))\n  }\nOPTIONAL {\n    ?iri schema:name ?label_de\n    FILTER (LANGMATCHES(LANG(?label_de), \"de\"))\n  }\nOPTIONAL {\n    ?iri schema:name ?label_fr\n    FILTER (LANGMATCHES(LANG(?label_fr), \"fr\"))\n  }\nOPTIONAL {\n    ?iri schema:name ?label_it\n    FILTER (LANGMATCHES(LANG(?label_it), \"it\"))\n  }\nOPTIONAL {\n    ?iri schema:name ?label_\n    FILTER ((LANG(?label_) = \"\"))\n  }\n  BIND(COALESCE(?label_en,?label_de,?label_fr,?label_it,?label_) as ?label)\n  \n    \n}\n\n\n\n"},{"startTime":1666286119819,"endTime":1666286119914,"text":"#pragma describe.strategy cbd\n#pragma join.hash off\n\n\nPREFIX schema: <http://schema.org/>\n\nSELECT DISTINCT ?iri ?sameAs\n\nWHERE {\n\n    values ?iri {\n      <https://environment.ld.admin.ch/foen/ubd0066/19/Notes/0>\n<https://environment.ld.admin.ch/foen/ubd0066/19/Notes/1>\n    }\n    ?iri schema:sameAs ?sameAs .\n  \n}\n\n\n\n"},{"startTime":1666286119817,"endTime":1666286119914,"text":"#pragma describe.strategy cbd\n#pragma join.hash off\n\n\nPREFIX schema: <http://schema.org/>\n\nSELECT DISTINCT ?iri ?identifier\n?position\n?color\n\nWHERE {\n\n      values ?iri {\n        <https://environment.ld.admin.ch/foen/ubd0066/19/Notes/0>\n<https://environment.ld.admin.ch/foen/ubd0066/19/Notes/1>\n      }\n\n      OPTIONAL { ?iri schema:identifier ?identifier. }\nOPTIONAL { ?iri schema:color ?color. }\n    \n}\n\n\n\n"}],"timings":{"children":{"dataCubeByIri":{"children":{"measures":{"children":{"0":{"children":{"values":{"children":{},"start":1666286117666,"end":1666286117668},"hierarchy":{"children":{},"start":1666286117666,"end":1666286118802}}}}},"dimensions":{"children":{"0":{"children":{"hierarchy":{"children":{},"start":1666286117720,"end":1666286118825},"values":{"children":{},"start":1666286117720,"end":1666286119914}}},"1":{"children":{"hierarchy":{"children":{},"start":1666286117720,"end":1666286118848},"values":{"children":{},"start":1666286117720,"end":1666286119914}}},"2":{"children":{"hierarchy":{"children":{},"start":1666286117720,"end":1666286118857},"values":{"children":{},"start":1666286117720,"end":1666286119914}}},"3":{"children":{"hierarchy":{"children":{},"start":1666286117720,"end":1666286118825},"values":{"children":{},"start":1666286117720,"end":1666286119914}}},"4":{"children":{"hierarchy":{"children":{},"start":1666286117720,"end":1666286118865},"values":{"children":{},"start":1666286117720,"end":1666286119914}}},"5":{"children":{"hierarchy":{"children":{},"start":1666286117720,"end":1666286118858},"values":{"children":{},"start":1666286117720,"end":1666286119914}}},"6":{"children":{"values":{"children":{},"start":1666286117720,"end":1666286119914},"hierarchy":{"children":{},"start":1666286117720,"end":1666286121873}}}},"start":1666286117529,"end":1666286117720},"observations":{"children":{"data":{"children":{},"start":1666286117943,"end":1666286117944},"sparqlEditorUrl":{"children":{},"start":1666286117943,"end":1666286117944}},"start":1666286117529,"end":1666286117943}},"start":1666286116648,"end":1666286117528}}}}}
