{"data":{"dataCubeByIri":{"iri":"https://environment.ld.admin.ch/foen/ubd0066/19","identifier":"ubd0066","title":"Heavy Metal Soil Contamination","description":"The measurement data are the surveyed mean values of heavy metal concentrations recorded in the top 20 cm of the soil in around 100 permanent monitoring sites operated by the Swiss National Soil Monitoring Network (NABO).","publisher":"Bundesamt für Umwelt ","version":"19","workExamples":["https://ld.admin.ch/application/visualize","https://ld.admin.ch/application/opendataswiss","b3055_genid2ddb64988734c74fb69559188561d184d82d5ryjkXh6nBSFwnIb1481","b3055_genid2ddb64988734c74fb69559188561d184d82d5ryjkXh6nBSFwnIb1482"],"contactName":"Nationale Bodenbeobachtung NABO","contactEmail":"nabo@bafu.admin.ch","landingPage":"https://www.bafu.admin.ch/bafu/de/home/themen/boden/publikationen-studien/publikationen/bodenbeobachtung-nabo-1985-2009.html","expires":null,"datePublished":"2022-05-13","dateModified":"2022-09-12T13:38:11.227Z","publicationStatus":"PUBLISHED","themes":[{"iri":"https://register.ld.admin.ch/opendataswiss/category/agriculture","label":"Agriculture, forestry","__typename":"DataCubeTheme"},{"iri":"https://register.ld.admin.ch/opendataswiss/category/territory","label":"Territory and environment","__typename":"DataCubeTheme"}],"creator":{"iri":"https://register.ld.admin.ch/opendataswiss/org/bundesamt-fur-umwelt-bafu","label":"Federal Office for the Environment FOEN","__typename":"DataCubeOrganization"},"__typename":"DataCube"}},"extensions":{"queries":[{"startTime":1666286117581,"endTime":1666286117735,"text":"#pragma describe.strategy cbd\n#pragma join.hash off\n\n\nPREFIX schema: <http://schema.org/>\n\nSELECT *\n\nWHERE {\n\n    graph   <https://lindas.admin.ch/sfa/opendataswiss> {\n      ?theme a schema:DefinedTerm ;\n        schema:inDefinedTermSet <https://register.ld.admin.ch/opendataswiss/category>; \n        OPTIONAL {\n    ?theme schema:name ?name_en\n    FILTER (LANGMATCHES(LANG(?name_en), \"en\"))\n  }\nOPTIONAL {\n    ?theme schema:name ?name_de\n    FILTER (LANGMATCHES(LANG(?name_de), \"de\"))\n  }\nOPTIONAL {\n    ?theme schema:name ?name_fr\n    FILTER (LANGMATCHES(LANG(?name_fr), \"fr\"))\n  }\nOPTIONAL {\n    ?theme schema:name ?name_it\n    FILTER (LANGMATCHES(LANG(?name_it), \"it\"))\n  }\nOPTIONAL {\n    ?theme schema:name ?name_\n    FILTER ((LANG(?name_) = \"\"))\n  }\n  BIND(COALESCE(?name_en,?name_de,?name_fr,?name_it,?name_) as ?name)\n  \n    }\n}\n\n\n\n"},{"startTime":1666286117582,"endTime":1666286117743,"text":"#pragma describe.strategy cbd\n#pragma join.hash off\n\n\nPREFIX schema: <http://schema.org/>\n\nSELECT *\n\nWHERE {\n\n    graph   <https://lindas.admin.ch/sfa/opendataswiss> {\n      ?theme a schema:Organization ;\n      OPTIONAL {\n    ?theme schema:name ?name_en\n    FILTER (LANGMATCHES(LANG(?name_en), \"en\"))\n  }\nOPTIONAL {\n    ?theme schema:name ?name_de\n    FILTER (LANGMATCHES(LANG(?name_de), \"de\"))\n  }\nOPTIONAL {\n    ?theme schema:name ?name_fr\n    FILTER (LANGMATCHES(LANG(?name_fr), \"fr\"))\n  }\nOPTIONAL {\n    ?theme schema:name ?name_it\n    FILTER (LANGMATCHES(LANG(?name_it), \"it\"))\n  }\nOPTIONAL {\n    ?theme schema:name ?name_\n    FILTER ((LANG(?name_) = \"\"))\n  }\n  BIND(COALESCE(?name_en,?name_de,?name_fr,?name_it,?name_) as ?name)\n  \n    }\n}\n\n\n\n"}],"timings":{"children":{"dataCubeByIri":{"children":{"themes":{"children":{"0":{"children":{"label":{"children":{},"start":1666286117581,"end":1666286117735}}},"1":{"children":{"label":{"children":{},"start":1666286117581,"end":1666286117735}}}}},"creator":{"children":{"label":{"children":{},"start":1666286117581,"end":1666286117744}}}},"start":1666286116645,"end":1666286117581}}}}}
