{"query":"query DataCubeObservations($iri: String!, $sourceType: String!, $sourceUrl: String!, $locale: String!, $dimensions: [String!], $filters: Filters, $latest: Boolean, $limit: Int) {\n  dataCubeByIri(\n    iri: $iri\n    sourceType: $sourceType\n    sourceUrl: $sourceUrl\n    locale: $locale\n    latest: $latest\n  ) {\n    iri\n    title\n    description\n    dimensions(sourceType: $sourceType, sourceUrl: $sourceUrl) {\n      ...dimensionMetadata\n      __typename\n    }\n    measures(sourceType: $sourceType, sourceUrl: $sourceUrl) {\n      ...dimensionMetadata\n      __typename\n    }\n    observations(\n      sourceType: $sourceType\n      sourceUrl: $sourceUrl\n      dimensions: $dimensions\n      filters: $filters\n      limit: $limit\n    ) {\n      data\n      sparqlEditorUrl\n      __typename\n    }\n    __typename\n  }\n}\n\nfragment dimensionMetadata on Dimension {\n  iri\n  label\n  description\n  isNumerical\n  isKeyDimension\n  order\n  values(sourceType: $sourceType, sourceUrl: $sourceUrl, filters: $filters)\n  unit\n  related {\n    iri\n    type\n    __typename\n  }\n  ...hierarchyMetadata\n  ... on TemporalDimension {\n    timeUnit\n    timeFormat\n    __typename\n  }\n  ... on NumericalMeasure {\n    isCurrency\n    currencyExponent\n    resolution\n    __typename\n  }\n}\n\nfragment hierarchyMetadata on Dimension {\n  hierarchy(sourceType: $sourceType, sourceUrl: $sourceUrl) {\n    ...hierarchyValueFields\n    children {\n      ...hierarchyValueFields\n      children {\n        ...hierarchyValueFields\n        children {\n          ...hierarchyValueFields\n          __typename\n        }\n        __typename\n      }\n      __typename\n    }\n    __typename\n  }\n}\n\nfragment hierarchyValueFields on HierarchyValue {\n  value\n  dimensionIri\n  depth\n  label\n  hasValue\n}\n","operationName":"DataCubeObservations","variables":{"iri":"https://environment.ld.admin.ch/foen/ubd0066/15","sourceType":"sparql","sourceUrl":"https://int.lindas.admin.ch/query","locale":"en","dimensions":null,"filters":{"https://environment.ld.admin.ch/foen/ubd0066/station":{"type":"single","value":"https://environment.ld.admin.ch/foen/ubd0066/Station/100_1"},"https://environment.ld.admin.ch/foen/ubd0066/samplingperiod":{"type":"single","value":"https://environment.ld.admin.ch/foen/ubd0066/samplingperiod/1"}}}}