{"vector_layers":[{"id":"contour","description":"Contour lines with height and additional information for index line styling.","minzoom":9,"maxzoom":14,"fields":{"height":"Elevation in meters (10m resolution)","nth_line":"Marks every other, 2nd, 5th or 10th line"}}],"tilestats":{"layers":[{"layer":"contour","geometry":"LineString","attributes":[{"max":8740,"min":-420,"type":"Number","attribute":"height"},{"type":"Number","values":[1,2,5,10],"attribute":"nth_line"}],"attributeCount":2}],"layerCount":1},"maxzoom":14,"minzoom":9,"id":"contours","format":"pbf","type":"overlay","version":"v1.3","mtime":"1515427200000","generator":"MapTiler Data","attribution":"<a href=\"https://www.maptiler.com/copyright/\" target=\"_blank\">&copy; MapTiler</a> <a href=\"https://www.openstreetmap.org/copyright\" target=\"_blank\">&copy; OpenStreetMap contributors</a>","bounds":[-180,-56.17002298293205,180,72.18180355624854],"center":[8.4773,47.0879,10],"logo":"https://api.maptiler.com/resources/logo.svg","tilejson":"2.0.0","name":"Contours NoSwitzerland","crs":"EPSG:3857","crs_wkt":"PROJCS[\"WGS 84 / Pseudo-Mercator\",GEOGCS[\"WGS 84\",DATUM[\"WGS_1984\",SPHEROID[\"WGS 84\",6378137,298.257223563,AUTHORITY[\"EPSG\",\"7030\"]],AUTHORITY[\"EPSG\",\"6326\"]],PRIMEM[\"Greenwich\",0,AUTHORITY[\"EPSG\",\"8901\"]],UNIT[\"degree\",0.0174532925199433,AUTHORITY[\"EPSG\",\"9122\"]],AUTHORITY[\"EPSG\",\"4326\"]],PROJECTION[\"Mercator_1SP\"],PARAMETER[\"central_meridian\",0],PARAMETER[\"scale_factor\",1],PARAMETER[\"false_easting\",0],PARAMETER[\"false_northing\",0],UNIT[\"metre\",1,AUTHORITY[\"EPSG\",\"9001\"]],AXIS[\"Easting\",EAST],AXIS[\"Northing\",NORTH],EXTENSION[\"PROJ4\",\"+proj=merc +a=6378137 +b=6378137 +lat_ts=0 +lon_0=0 +x_0=0 +y_0=0 +k=1 +units=m +nadgrids=@null +wktext +no_defs\"],AUTHORITY[\"EPSG\",\"3857\"]]","extent":[-20037508.342789244,-7592337.145509988,20037508.342789244,11818999.061567094],"tiles":["https://api.maptiler.com/tiles/contours-switzerland/{z}/{x}/{y}.pbf?key=dACmqkxBnLX32ZNiySDc"]}