{"query":"query DataCubeObservations($sourceType: String!, $sourceUrl: String!, $locale: String!, $cubeFilter: DataCubeObservationFilter!) {\n  dataCubeObservations(\n    sourceType: $sourceType\n    sourceUrl: $sourceUrl\n    locale: $locale\n    cubeFilter: $cubeFilter\n  )\n}\n","operationName":"DataCubeObservations","variables":{"locale":"en","sourceType":"sparql","sourceUrl":"https://lindas-cached.cluster.ldbar.ch/query","cubeFilter":{"iri":"https://environment.ld.admin.ch/foen/gefahren-waldbrand-warnung/1","componentIris":["http://schema.org/validFrom","https://environment.ld.admin.ch/foen/gefahren-waldbrand-warnung/canton","https://environment.ld.admin.ch/foen/gefahren-waldbrand-warnung/level","https://environment.ld.admin.ch/foen/gefahren-waldbrand-warnung/region"],"filters":{}}}}