{"vector_layers":[{"id":"aerodrome_label","description":"[Aerodrome labels](http://wiki.openstreetmap.org/wiki/Tag:aeroway%3Daerodrome)","minzoom":8,"maxzoom":14,"fields":{"class":"String","ele":"Number","ele_ft":"Number","iata":"String","icao":"String","name":"String","name:ar":"String","name:az":"String","name:be":"String","name:bg":"String","name:bn":"String","name:br":"String","name:bs":"String","name:ca":"String","name:co":"String","name:cs":"String","name:cy":"String","name:da":"String","name:de":"String","name:el":"String","name:en":"String","name:eo":"String","name:es":"String","name:et":"String","name:eu":"String","name:fa":"String","name:fi":"String","name:fr":"String","name:fy":"String","name:ga":"String","name:gd":"String","name:he":"String","name:hi":"String","name:hr":"String","name:hu":"String","name:hy":"String","name:id":"String","name:is":"String","name:it":"String","name:ja":"String","name:ja-Hira":"String","name:ja-Latn":"String","name:ja_kana":"String","name:ja_rm":"String","name:ka":"String","name:kk":"String","name:kn":"String","name:ko":"String","name:ko-Latn":"String","name:ku":"String","name:la":"String","name:latin":"String","name:lb":"String","name:lt":"String","name:lv":"String","name:mk":"String","name:ml":"String","name:mt":"String","name:nl":"String","name:no":"String","name:nonlatin":"String","name:oc":"String","name:pa":"String","name:pl":"String","name:pnb":"String","name:pt":"String","name:rm":"String","name:ro":"String","name:ru":"String","name:sk":"String","name:sl":"String","name:sq":"String","name:sr":"String","name:sr-Latn":"String","name:sv":"String","name:ta":"String","name:te":"String","name:th":"String","name:tr":"String","name:uk":"String","name:ur":"String","name:vi":"String","name:zh":"String","name:zh-Hans":"String","name:zh-Hant":"String","name_de":"String","name_en":"String","name_int":"String"}},{"id":"aeroway","description":"Airport buildings are contained in the **building** layer but all\nother airport related polygons can be found in the **aeroway** layer.","minzoom":10,"maxzoom":14,"fields":{"class":"String","ref":"String"}},{"id":"area_name","description":"area_name layer for the LBM, contains points and lines for labelling areas.","minzoom":11,"maxzoom":14,"fields":{"class":"String","name":"String","name:de":"String","name:fr":"String","name:it":"String","name:latin":"String","name:rm":"String","subclass":"String"}},{"id":"boundary","description":"Contains administrative boundaries as linestrings.","minzoom":0,"maxzoom":14,"fields":{"adm0_l":"String","adm0_r":"String","adm4_l":"String","adm4_r":"String","admin_level":"Number","claimed_by":"String","class":"String","disputed":"Number","disputed_name":"String","maritime":"Number","name":"String","name:az":"String","name:br":"String","name:de":"String","name:en":"String","name:eo":"String","name:es":"String","name:fr":"String","name:it":"String","name:ko":"String","name:latin":"String","name:nonlatin":"String","name:pt":"String","name:uk":"String","name_de":"String","name_en":"String","name_int":"String"}},{"id":"building","description":"buildings including roofs without sidewalls","minzoom":13,"maxzoom":14,"fields":{"colour":"String","hide_3d":"Boolean","render_height":"Number","render_min_height":"Number"}},{"id":"building_ln","description":"building_line layer for the LBM","minzoom":13,"maxzoom":14,"fields":{"class":"String","name":"String","name:de":"String","name:fr":"String","name:it":"String","name:latin":"String","name:rm":"String"}},{"id":"construct","description":"manmade structures not suitable for the layer building.","minzoom":13,"maxzoom":14,"fields":{"class":"String"}},{"id":"contour_line","description":"contour lines","minzoom":13,"maxzoom":14,"fields":{"class":"String","ele":"Number","ele_ft":"Number"}},{"id":"housenumber","description":"","minzoom":14,"maxzoom":14,"fields":{"housenumber":"String"}},{"id":"landcover","description":"Landcover is used to describe the physical material at the surface of the earth.","minzoom":0,"maxzoom":14,"fields":{"class":"String","subclass":"String"}},{"id":"landuse","description":"Landuse is used to describe use of land by humans.","minzoom":4,"maxzoom":14,"fields":{"class":"String"}},{"id":"mountain_peak","description":"peaks or other topographical landmarks.","minzoom":7,"maxzoom":14,"fields":{"class":"String","customary_ft":"Number","ele":"Number","ele_ft":"Number","name":"String","name:am":"String","name:ar":"String","name:az":"String","name:be":"String","name:bg":"String","name:bn":"String","name:br":"String","name:bs":"String","name:ca":"String","name:co":"String","name:cs":"String","name:cy":"String","name:da":"String","name:de":"String","name:el":"String","name:en":"String","name:eo":"String","name:es":"String","name:et":"String","name:eu":"String","name:fa":"String","name:fi":"String","name:fr":"String","name:fy":"String","name:ga":"String","name:gd":"String","name:he":"String","name:hi":"String","name:hr":"String","name:hu":"String","name:hy":"String","name:id":"String","name:is":"String","name:it":"String","name:ja":"String","name:ja-Hira":"String","name:ja-Latn":"String","name:ja_kana":"String","name:ja_rm":"String","name:ka":"String","name:kk":"String","name:kn":"String","name:ko":"String","name:ko-Latn":"String","name:ku":"String","name:la":"String","name:latin":"String","name:lb":"String","name:lt":"String","name:lv":"String","name:mk":"String","name:ml":"String","name:nl":"String","name:no":"String","name:nonlatin":"String","name:oc":"String","name:pa":"String","name:pl":"String","name:pnb":"String","name:pt":"String","name:rm":"String","name:ro":"String","name:ru":"String","name:sk":"String","name:sl":"String","name:sq":"String","name:sr":"String","name:sr-Latn":"String","name:sv":"String","name:ta":"String","name:te":"String","name:th":"String","name:tr":"String","name:uk":"String","name:ur":"String","name:vi":"String","name:zh":"String","name:zh-Hans":"String","name:zh-Hant":"String","name_de":"String","name_en":"String","name_int":"String","rank":"Number"}},{"id":"park","description":"The park layer contains parks from national park and protected areas. contains polygons for area and points for labelling","minzoom":4,"maxzoom":14,"fields":{"class":"String","name":"String","name:am":"String","name:ar":"String","name:az":"String","name:be":"String","name:bg":"String","name:bn":"String","name:br":"String","name:bs":"String","name:ca":"String","name:co":"String","name:cs":"String","name:cy":"String","name:da":"String","name:de":"String","name:el":"String","name:en":"String","name:eo":"String","name:es":"String","name:et":"String","name:eu":"String","name:fa":"String","name:fi":"String","name:fr":"String","name:fy":"String","name:ga":"String","name:gd":"String","name:he":"String","name:hi":"String","name:hr":"String","name:hu":"String","name:hy":"String","name:id":"String","name:is":"String","name:it":"String","name:ja":"String","name:ja-Hira":"String","name:ja-Latn":"String","name:ja_kana":"String","name:ja_rm":"String","name:ka":"String","name:kk":"String","name:kn":"String","name:ko":"String","name:ko-Latn":"String","name:ku":"String","name:la":"String","name:latin":"String","name:lb":"String","name:lt":"String","name:lv":"String","name:mk":"String","name:ml":"String","name:nl":"String","name:no":"String","name:nonlatin":"String","name:oc":"String","name:pa":"String","name:pl":"String","name:pnb":"String","name:pt":"String","name:rm":"String","name:ro":"String","name:ru":"String","name:sk":"String","name:sl":"String","name:sq":"String","name:sr":"String","name:sr-Latn":"String","name:sv":"String","name:ta":"String","name:te":"String","name:th":"String","name:tr":"String","name:uk":"String","name:ur":"String","name:vi":"String","name:zh":"String","name:zh-Hans":"String","name:zh-Hant":"String","name_de":"String","name_en":"String","name_int":"String","rank":"Number"}},{"id":"place","description":"used to label places.","minzoom":0,"maxzoom":14,"fields":{"capital":"Number","class":"String","iso_a2":"String","name":"String","name:am":"String","name:ar":"String","name:az":"String","name:be":"String","name:bg":"String","name:bn":"String","name:br":"String","name:bs":"String","name:ca":"String","name:co":"String","name:cs":"String","name:cy":"String","name:da":"String","name:de":"String","name:el":"String","name:en":"String","name:eo":"String","name:es":"String","name:et":"String","name:eu":"String","name:fa":"String","name:fi":"String","name:fr":"String","name:fy":"String","name:ga":"String","name:gd":"String","name:he":"String","name:hi":"String","name:hr":"String","name:hu":"String","name:hy":"String","name:id":"String","name:is":"String","name:it":"String","name:ja":"String","name:ja-Hira":"String","name:ja-Latn":"String","name:ja_kana":"String","name:ja_rm":"String","name:ka":"String","name:kk":"String","name:kn":"String","name:ko":"String","name:ko-Latn":"String","name:ku":"String","name:la":"String","name:latin":"String","name:lb":"String","name:lt":"String","name:lv":"String","name:mk":"String","name:ml":"String","name:mt":"String","name:nl":"String","name:no":"String","name:nonlatin":"String","name:oc":"String","name:pa":"String","name:pl":"String","name:pnb":"String","name:pt":"String","name:rm":"String","name:ro":"String","name:ru":"String","name:sk":"String","name:sl":"String","name:sq":"String","name:sr":"String","name:sr-Latn":"String","name:sv":"String","name:ta":"String","name:te":"String","name:th":"String","name:tr":"String","name:uk":"String","name:ur":"String","name:vi":"String","name:zh":"String","name:zh-Hans":"String","name:zh-Hant":"String","name_de":"String","name_en":"String","name_int":"String","population":"Number","rank":"Number"}},{"id":"poi","description":"LBM POIs","minzoom":11,"maxzoom":14,"fields":{"agg_stop":"Number","class":"String","direction":"Number","indoor":"Number","layer":"Number","level":"Number","name":"String","name:am":"String","name:ar":"String","name:az":"String","name:be":"String","name:bg":"String","name:bn":"String","name:br":"String","name:bs":"String","name:ca":"String","name:co":"String","name:cs":"String","name:cy":"String","name:da":"String","name:de":"String","name:el":"String","name:en":"String","name:eo":"String","name:es":"String","name:et":"String","name:eu":"String","name:fa":"String","name:fi":"String","name:fr":"String","name:fy":"String","name:ga":"String","name:gd":"String","name:he":"String","name:hi":"String","name:hr":"String","name:hu":"String","name:hy":"String","name:id":"String","name:is":"String","name:it":"String","name:ja":"String","name:ja-Hira":"String","name:ja-Latn":"String","name:ja_kana":"String","name:ja_rm":"String","name:ka":"String","name:kk":"String","name:kn":"String","name:ko":"String","name:ko-Latn":"String","name:ku":"String","name:la":"String","name:latin":"String","name:lb":"String","name:lt":"String","name:lv":"String","name:mk":"String","name:ml":"String","name:mt":"String","name:nl":"String","name:no":"String","name:nonlatin":"String","name:oc":"String","name:pa":"String","name:pl":"String","name:pnb":"String","name:pt":"String","name:rm":"String","name:ro":"String","name:ru":"String","name:sk":"String","name:sl":"String","name:sq":"String","name:sr":"String","name:sr-Latn":"String","name:sv":"String","name:ta":"String","name:te":"String","name:th":"String","name:tr":"String","name:uk":"String","name:ur":"String","name:vi":"String","name:zh":"String","name:zh-Hans":"String","name:zh-Hant":"String","name_de":"String","name_en":"String","name_int":"String","rank":"Number","subclass":"String"}},{"id":"spot_elevation","description":"spot elevation.","minzoom":9,"maxzoom":14,"fields":{"class":"String","ele":"Number","ele_ft":"Number","lake_depth":"Number","lake_depth_ft":"Number"}},{"id":"transportation","description":"**transportation** contains roads, railways, aerialways, and ferry lines.\nIt contains all roads from motorways to primary, secondary and\ntertiary roads to residential roads and\nfoot paths. Styling the roads is the most essential part of the map.","minzoom":4,"maxzoom":14,"fields":{"access":"String","bicycle":"String","brunnel":"String","class":"String","expressway":"Number","foot":"String","horse":"String","indoor":"Number","is_route":"Number","layer":"Number","level":"Number","mtb_scale":"String","network":"String","oneway":"Number","ramp":"Number","sac_scale":"String","service":"String","subclass":"String","surface":"String","toll":"Number"}},{"id":"transportation_name","description":"Labeling geometry for transportation layer.","minzoom":6,"maxzoom":14,"fields":{"brunnel":"String","class":"String","indoor":"Number","is_route":"Number","layer":"Number","level":"Number","name":"String","name:am":"String","name:ar":"String","name:az":"String","name:be":"String","name:bg":"String","name:bn":"String","name:br":"String","name:bs":"String","name:ca":"String","name:co":"String","name:cs":"String","name:cy":"String","name:da":"String","name:de":"String","name:el":"String","name:en":"String","name:eo":"String","name:es":"String","name:et":"String","name:eu":"String","name:fa":"String","name:fi":"String","name:fr":"String","name:fy":"String","name:ga":"String","name:gd":"String","name:he":"String","name:hi":"String","name:hr":"String","name:hu":"String","name:hy":"String","name:id":"String","name:is":"String","name:it":"String","name:ja":"String","name:ja-Hira":"String","name:ja-Latn":"String","name:ja_kana":"String","name:ja_rm":"String","name:ka":"String","name:kk":"String","name:kn":"String","name:ko":"String","name:ko-Latn":"String","name:ku":"String","name:la":"String","name:latin":"String","name:lb":"String","name:lt":"String","name:lv":"String","name:mk":"String","name:ml":"String","name:mt":"String","name:nl":"String","name:no":"String","name:nonlatin":"String","name:oc":"String","name:pa":"String","name:pl":"String","name:pnb":"String","name:pt":"String","name:rm":"String","name:ro":"String","name:ru":"String","name:sk":"String","name:sl":"String","name:sq":"String","name:sr":"String","name:sr-Latn":"String","name:sv":"String","name:ta":"String","name:te":"String","name:th":"String","name:tr":"String","name:uk":"String","name:ur":"String","name:vi":"String","name:zh":"String","name:zh-Hans":"String","name:zh-Hant":"String","name_de":"String","name_en":"String","name_int":"String","network":"String","ref":"String","ref_length":"Number","route_10_colour":"String","route_10_name":"String","route_10_network":"String","route_10_ref":"String","route_11_colour":"String","route_11_name":"String","route_11_network":"String","route_11_ref":"String","route_12_colour":"String","route_12_name":"String","route_12_network":"String","route_12_ref":"String","route_13_colour":"String","route_13_name":"String","route_13_network":"String","route_13_ref":"String","route_14_colour":"String","route_14_name":"String","route_14_network":"String","route_14_ref":"String","route_15_colour":"String","route_15_name":"String","route_15_network":"String","route_15_ref":"String","route_16_colour":"String","route_16_name":"String","route_16_network":"String","route_16_ref":"String","route_17_name":"String","route_17_network":"String","route_17_ref":"String","route_18_name":"String","route_18_network":"String","route_18_ref":"String","route_19_name":"String","route_19_network":"String","route_19_ref":"String","route_1_colour":"String","route_1_name":"String","route_1_network":"String","route_1_ref":"String","route_20_name":"String","route_20_network":"String","route_21_name":"String","route_21_network":"String","route_2_colour":"String","route_2_name":"String","route_2_network":"String","route_2_ref":"String","route_3_colour":"String","route_3_name":"String","route_3_network":"String","route_3_ref":"String","route_4_colour":"String","route_4_name":"String","route_4_network":"String","route_4_ref":"String","route_5_colour":"String","route_5_name":"String","route_5_network":"String","route_5_ref":"String","route_6_colour":"String","route_6_name":"String","route_6_network":"String","route_6_ref":"String","route_7_colour":"String","route_7_name":"String","route_7_network":"String","route_7_ref":"String","route_8_colour":"String","route_8_name":"String","route_8_network":"String","route_8_ref":"String","route_9_colour":"String","route_9_name":"String","route_9_network":"String","route_9_ref":"String","subclass":"String"}},{"id":"water","description":"Water polygons representing rivers and lakes but also artificial constructions such as pools","minzoom":0,"maxzoom":14,"fields":{"brunnel":"String","class":"String","id":"Number","intermittent":"Number"}},{"id":"water_name","description":"The water_name layer contains points to label waterbodies.","minzoom":0,"maxzoom":14,"fields":{"class":"String","direction":"Number","intermittent":"Number","name":"String","name:am":"String","name:ar":"String","name:az":"String","name:be":"String","name:bg":"String","name:bn":"String","name:br":"String","name:bs":"String","name:ca":"String","name:co":"String","name:cs":"String","name:cy":"String","name:da":"String","name:de":"String","name:el":"String","name:en":"String","name:eo":"String","name:es":"String","name:et":"String","name:eu":"String","name:fa":"String","name:fi":"String","name:fr":"String","name:fy":"String","name:ga":"String","name:gd":"String","name:he":"String","name:hi":"String","name:hr":"String","name:hu":"String","name:hy":"String","name:id":"String","name:is":"String","name:it":"String","name:ja":"String","name:ja-Hira":"String","name:ja-Latn":"String","name:ja_kana":"String","name:ja_rm":"String","name:ka":"String","name:kk":"String","name:kn":"String","name:ko":"String","name:ko-Latn":"String","name:ku":"String","name:la":"String","name:latin":"String","name:lb":"String","name:lt":"String","name:lv":"String","name:mk":"String","name:ml":"String","name:mt":"String","name:nl":"String","name:no":"String","name:nonlatin":"String","name:oc":"String","name:pa":"String","name:pl":"String","name:pnb":"String","name:pt":"String","name:rm":"String","name:ro":"String","name:ru":"String","name:sk":"String","name:sl":"String","name:sq":"String","name:sr":"String","name:sr-Latn":"String","name:sv":"String","name:ta":"String","name:te":"String","name:th":"String","name:tr":"String","name:uk":"String","name:ur":"String","name:vi":"String","name:zh":"String","name:zh-Hans":"String","name:zh-Hant":"String","name_de":"String","name_en":"String","name_int":"String","size":"Number"}},{"id":"waterway","description":"Lines of waterways or outlines of waterbodies. Underground waterways are not included.","minzoom":3,"maxzoom":14,"fields":{"brunnel":"String","class":"String","intermittent":"Number","name":"String","name:am":"String","name:ar":"String","name:az":"String","name:be":"String","name:bg":"String","name:bn":"String","name:br":"String","name:bs":"String","name:ca":"String","name:co":"String","name:cs":"String","name:cy":"String","name:da":"String","name:de":"String","name:el":"String","name:en":"String","name:eo":"String","name:es":"String","name:et":"String","name:eu":"String","name:fa":"String","name:fi":"String","name:fr":"String","name:fy":"String","name:ga":"String","name:gd":"String","name:he":"String","name:hi":"String","name:hr":"String","name:hu":"String","name:hy":"String","name:id":"String","name:is":"String","name:it":"String","name:ja":"String","name:ja-Hira":"String","name:ja-Latn":"String","name:ja_kana":"String","name:ja_rm":"String","name:ka":"String","name:kk":"String","name:kn":"String","name:ko":"String","name:ko-Latn":"String","name:ku":"String","name:la":"String","name:latin":"String","name:lb":"String","name:lt":"String","name:lv":"String","name:mk":"String","name:ml":"String","name:mt":"String","name:nl":"String","name:no":"String","name:nonlatin":"String","name:oc":"String","name:pa":"String","name:pl":"String","name:pnb":"String","name:pt":"String","name:rm":"String","name:ro":"String","name:ru":"String","name:sk":"String","name:sl":"String","name:sq":"String","name:sr":"String","name:sr-Latn":"String","name:sv":"String","name:ta":"String","name:te":"String","name:th":"String","name:tr":"String","name:uk":"String","name:ur":"String","name:vi":"String","name:zh":"String","name:zh-Hans":"String","name:zh-Hant":"String","name_de":"String","name_en":"String","name_int":"String","width":"Number"}}],"tilestats":{"layers":[{"layer":"water","geometry":"Polygon","attributes":[{"type":"Number","attribute":"id"},{"type":"String","values":["dock","river","lake","ocean","swimming_pool","pond"],"attribute":"class"},{"type":"Number","values":[0,1],"attribute":"intermittent"},{"type":"String","values":["bridge","tunnel"],"attribute":"brunnel"}],"attributeCount":4},{"layer":"waterway","geometry":"LineString","attributes":[{"type":"String","attribute":"name"},{"type":"String","values":["stream","river","canal","drain","ditch"],"attribute":"class"},{"type":"String","values":["bridge","tunnel"],"attribute":"brunnel"},{"type":"Number","values":[0,1],"attribute":"intermittent"}],"attributeCount":6},{"layer":"landcover","geometry":"Polygon","attributes":[{"type":"String","values":["farmland","ice","wood","rock","grass","wetland","sand"],"attribute":"class"},{"type":"String","values":["allotments","bare_rock","beach","bog","dune","scrub","shrubbery","farm","farmland","fell","forest","garden","glacier","grass","grassland","golf_course","heath","ice_shelf","mangrove","marsh","meadow","orchard","park","plant_nursery","recreation_ground","reedbed","saltern","saltmarsh","sand","scree","swamp","tidalflat","tundra","village_green","vineyard","wet_meadow","wetland","wood"],"attribute":"subclass"}],"attributeCount":2},{"layer":"landuse","geometry":"Polygon","attributes":[{"type":"String","values":["railway","cemetery","military","residential","commercial","industrial","garages","retail","bus_station","school","university","kindergarten","college","library","hospital","stadium","pitch","playground","track","theme_park","zoo","suburb","quarter","neighbourhood","dam","quarry"],"attribute":"class"}],"attributeCount":1},{"layer":"mountain_peak","geometry":["Point","LineString"],"attributes":[{"type":"String","attribute":"name"},{"type":"String","values":["peak","volcano","saddle","ridge","cliff","arete"],"attribute":"class"},{"max":9825,"min":-180,"type":"Number","attribute":"ele"},{"max":32234,"min":-591,"type":"Number","attribute":"ele_ft"},{"type":"Number","values":[1],"attribute":"customary_ft"},{"max":406,"min":1,"type":"Number","attribute":"rank"}],"attributeCount":8},{"layer":"park","geometry":["Polygon","Point"],"attributes":[{"type":"String","attribute":"class"},{"type":"String","attribute":"name"},{"type":"Number","attribute":"rank","values":[1,2,3,4,5,6,7,8,9,10,11,12,13,14,15,16,17,18,19,20,21,22,23,24,25,26,27,28,29,30,31,32,33,34,35,36,37,38,39,40,41,42,43]}],"attributeCount":5},{"layer":"boundary","geometry":"LineString","attributes":[{"type":"Number","values":[2,3,4,5,6,7,8,9,10],"attribute":"admin_level"},{"type":"String","attribute":"adm0_l"},{"type":"String","attribute":"adm0_r"},{"type":"Number","values":[0,1],"attribute":"disputed"},{"type":"String","attribute":"disputed_name"},{"type":"String","values":["AM","BF","BJ","BT","CN","EG","EH","ES","ET","FR","GY","IL","IN","IT","JP","KE","KG","MW","NP","PK","PS","RU","SD","SS","SY","TR","TZ","UA","UN","XA","XK","XN","XS"],"attribute":"claimed_by"},{"type":"Number","values":[0,1],"attribute":"maritime"},{"attribute":"adm4_l","type":"String","values":["Aargau","Appenzell Ausserrhoden","Appenzell Innerrhoden","Basel-Landschaft","Basel-Stadt","Bern","Deutschland","Fribourg","Genève","Glarus","Graubünden","Italia","Jura","Liechtenstein","Luzern","Neuchâtel","Nidwalden","Obwalden","Schaffhausen","Schwyz","Solothurn","St. Gallen","Thurgau","Ticino","Uri","Valais","Vaud","Zug","Zürich"]},{"attribute":"adm4_r","type":"String","values":["Aargau","Appenzell Ausserrhoden","Appenzell Innerrhoden","Basel-Landschaft","Basel-Stadt","Bern","Deutschland","Fribourg","Genève","Glarus","Graubünden","Italia","Jura","Liechtenstein","Luzern","Neuchâtel","Nidwalden","Obwalden","Schaffhausen","Schwyz","Solothurn","St. Gallen","Thurgau","Ticino","Uri","Valais","Vaud","Zug","Zürich"]},{"attribute":"class","type":"string","values":["aboriginal_lands"]},{"attribute":"name","type":"string"}],"attributeCount":11},{"layer":"aeroway","geometry":["LineString","Polygon","Point"],"attributes":[{"type":"String","attribute":"ref"},{"type":"String","values":["aerodrome","heliport","runway","helipad","taxiway","apron","gate"],"attribute":"class"}],"attributeCount":2},{"layer":"transportation","geometry":["LineString","Polygon"],"attributes":[{"type":"String","values":["transit","storage_tank","tertiary","service","primary_construction","path","raceway","motorway","trunk","primary","track","tertiary_construction","ferry","raceway_construction","minor_construction","motorway_construction","secondary_construction","secondary","service_construction","aerialway","bus_guideway","rail","bridge","path_construction","minor","trunk_construction","track_construction","pier","courtyard","busway"],"attribute":"class"},{"type":"String","values":["funicular","cycleway","stop_area","light_rail","narrow_gauge","yes","t-bar","path","platter","platform","corridor","pedestrian","preserved","no","mixed_lift","subway","stop_position","j-bar","chair_lift","bridleway","drag_lift","steps","tram","platform_access","monorail","rail","cable_car","disused","gondola","footway","entrance_pass","entrance","station"],"attribute":"subclass"},{"type":"String","attribute":"network"},{"type":"String","values":["bridge","tunnel","ford"],"attribute":"brunnel"},{"type":"Number","values":[1,-1],"attribute":"oneway"},{"type":"Number","values":[1],"attribute":"ramp"},{"type":"String","values":["spur","yard","siding","crossover","driveway","alley","parking_aisle"],"attribute":"service"},{"type":"String","values":["no"],"attribute":"access"},{"type":"Number","values":[1],"attribute":"toll"},{"type":"Number","values":[1],"attribute":"expressway"},{"max":100,"min":-112,"type":"Number","attribute":"layer"},{"max":12,"min":-19,"type":"Number","attribute":"level"},{"type":"Number","values":[1],"attribute":"indoor"},{"type":"String","attribute":"bicycle"},{"type":"String","attribute":"foot"},{"type":"String","attribute":"horse"},{"type":"String","attribute":"mtb_scale"},{"type":"String","values":["paved","unpaved"],"attribute":"surface"}],"attributeCount":18},{"layer":"building","geometry":"Polygon","attributes":[{"max":3467,"min":-192,"type":"Number","attribute":"render_height"},{"max":583,"min":-26,"type":"Number","attribute":"render_min_height"},{"type":"String","attribute":"colour"},{"type":"Boolean","values":[true],"attribute":"hide_3d"}],"attributeCount":4},{"layer":"water_name","geometry":["Point","LineString"],"attributes":[{"type":"String","attribute":"name"},{"type":"String","values":["lake","sea","ocean"],"attribute":"class"},{"type":"Number","values":[0,1],"attribute":"intermittent"}],"attributeCount":5},{"layer":"transportation_name","geometry":"LineString","attributes":[{"type":"String","attribute":"name"},{"type":"String","attribute":"ref"},{"max":147,"min":1,"type":"Number","attribute":"ref_length"},{"type":"String","values":["us-interstate","us-highway","us-state","ca-transcanada","gb-motorway","gb-trunk","road (default)"],"attribute":"network"},{"type":"String","values":["motorway","trunk","primary","secondary","tertiary","minor","service","track","path","raceway","motorway_construction","trunk_construction","primary_construction","secondary_construction","tertiary_construction","minor_construction","service_construction","track_construction","path_construction","raceway_construction","motorway_junction","bus_guideway","busway","ferry"],"attribute":"class"},{"type":"String","values":["path","footway","cycleway","pedestrian","junction","steps","residential","motorway","bridleway","ferry","trunk","chair_lift","primary","secondary","tertiary","corridor","platter","drag_lift","t-bar","minor","unclassified","motorway_link","gondola","service","yes","cable_car","trunk_link","living_street","widening","track","highway","primary_link","no","j-bar","secondary_link","mixed_lift","proposed","road","tertiary_link","rail","construction","rest_area","platform","motoway","bridge","busway","services","industrial"],"attribute":"subclass"},{"type":"String","values":["bridge","tunnel","ford"],"attribute":"brunnel"},{"values":[-7,-6,-5,-4,-3,-2,-1,0,1,2,3,4,5,6,7,8,25],"type":"Number","attribute":"level"},{"max":10,"min":-17,"type":"Number","attribute":"layer"},{"type":"Number","values":[1],"attribute":"indoor"},{"attribute":"route_1_colour","type":"string"},{"attribute":"route_1_name","type":"string"},{"attribute":"route_1_network","type":"string"},{"attribute":"route_1_ref","type":"string"},{"attribute":"route_2_colour","type":"string"},{"attribute":"route_2_name","type":"string"},{"attribute":"route_2_network","type":"string"},{"attribute":"route_2_ref","type":"string"},{"attribute":"route_3_colour","type":"string"},{"attribute":"route_3_name","type":"string"},{"attribute":"route_3_network","type":"string"},{"attribute":"route_3_ref","type":"string"},{"attribute":"route_4_colour","type":"string"},{"attribute":"route_4_name","type":"string"},{"attribute":"route_4_network","type":"string"},{"attribute":"route_4_ref","type":"string"},{"attribute":"route_5_colour","type":"string"},{"attribute":"route_5_name","type":"string"},{"attribute":"route_5_network","type":"string"},{"attribute":"route_5_ref","type":"string"},{"attribute":"route_6_colour","type":"string"},{"attribute":"route_6_name","type":"string"},{"attribute":"route_6_network","type":"string"},{"attribute":"route_6_ref","type":"string"}],"attributeCount":34},{"layer":"place","geometry":"Point","attributes":[{"type":"String","attribute":"name"},{"type":"Number","values":[2,3,4,5,6],"attribute":"capital"},{"type":"String","values":["continent","country","state","province","city","town","village","hamlet","suburb","quarter","neighbourhood","isolated_dwelling","island"],"attribute":"class"},{"type":"String","attribute":"iso_a2"},{"max":54,"min":0,"type":"Number","attribute":"rank"}],"attributeCount":5},{"layer":"housenumber","geometry":"Point","attributes":[{"type":"String","attribute":"housenumber"}],"attributeCount":1},{"layer":"poi","geometry":"Point","attributes":[{"type":"String","attribute":"name"},{"type":"String","attribute":"class"},{"type":"String","attribute":"subclass"},{"max":1478,"min":1,"type":"Number","attribute":"rank"},{"type":"Number","values":[1],"attribute":"agg_stop"},{"max":1554,"min":-26,"type":"Number","attribute":"level"},{"max":60,"min":-13,"type":"Number","attribute":"layer"},{"type":"Number","values":[1],"attribute":"indoor"}],"attributeCount":8},{"layer":"aerodrome_label","geometry":"Point","attributes":[{"type":"String","attribute":"name"},{"type":"String","values":["international","public","regional","military","private","other"],"attribute":"class"},{"type":"String","attribute":"iata"},{"type":"String","attribute":"icao"},{"max":6752,"min":-378,"type":"Number","attribute":"ele"},{"max":22152,"min":-1240,"type":"Number","attribute":"ele_ft"}],"attributeCount":8},{"layer":"area_name","geometry":"LineString","attributeCount":8,"attributes":[{"attribute":"class","type":"String","values":["place"]},{"attribute":"name","type":"String"},{"attribute":"name:de","type":"String"},{"attribute":"name:fr","type":"String"},{"attribute":"name:it","type":"String"},{"attribute":"name:latin","type":"String"},{"attribute":"name:rm","type":"String"},{"attribute":"subclass","type":"String","values":["glacier","massif"]}]},{"layer":"building_ln","geometry":"LineString","attributeCount":7,"attributes":[{"attribute":"class","type":"String","values":["horse_racing","ski_jump","toboggan","track","weir"]},{"attribute":"name","type":"String"},{"attribute":"name:de","type":"String"},{"attribute":"name:fr","type":"String"},{"attribute":"name:it","type":"String"},{"attribute":"name:latin","type":"String"},{"attribute":"name:rm","type":"String"}]},{"layer":"construct","geometry":"Polygon","attributeCount":1,"attributes":[{"attribute":"class","type":"String","values":["dam","lock","platform"]}]},{"layer":"contour_line","geometry":"LineString","attributeCount":3,"attributes":[{"attribute":"class","type":"String","values":["ice","land","scree","water"]},{"attribute":"ele","type":"String","min":-160,"max":4590},{"attribute":"ele_ft","type":"String","min":-525,"max":15059}]},{"layer":"spot_elevation","geometry":"Point","attributeCount":5,"attributes":[{"attribute":"class","type":"String","values":["doline","lake_elevation","sinkhole","sinkhole_ice","sinkhole_rock","sinkhole_scree","spot_elevation","terrain_spot_elevation"]},{"attribute":"ele","type":"String","min":-79,"max":4500},{"attribute":"ele_ft","type":"String","min":-259,"max":14764},{"attribute":"lake_depth","type":"String","min":4,"max":256},{"attribute":"lake_depth_ft","type":"String","min":13,"max":840}]}],"layerCount":21,"languages":["latin","de","fr","it","rm"]},"version":"2","minzoom":0,"maxzoom":14,"format":"pbf","generator":"MapTiler Data","mtime":"1715218889278","id":"v3-swisstopo","attribution":"<a href=\"https://www.maptiler.com/copyright/\" target=\"_blank\">&copy; MapTiler</a> <a href=\"https://www.openstreetmap.org/copyright\" target=\"_blank\">&copy; OpenStreetMap contributors</a> <a href=\"https://www.swisstopo.admin.ch/en/home.html\" target=\"_blank\">&copy; swisstopo</a>","bounds":[-180,-85.05110000000002,180,85.05110000000002],"center":[0,0,1],"logo":"https://api.maptiler.com/resources/logo.svg","tilejson":"2.0.0","name":"v3-swisstopo","crs":"EPSG:3857","crs_wkt":"PROJCS[\"WGS 84 / Pseudo-Mercator\",GEOGCS[\"WGS 84\",DATUM[\"WGS_1984\",SPHEROID[\"WGS 84\",6378137,298.257223563,AUTHORITY[\"EPSG\",\"7030\"]],AUTHORITY[\"EPSG\",\"6326\"]],PRIMEM[\"Greenwich\",0,AUTHORITY[\"EPSG\",\"8901\"]],UNIT[\"degree\",0.0174532925199433,AUTHORITY[\"EPSG\",\"9122\"]],AUTHORITY[\"EPSG\",\"4326\"]],PROJECTION[\"Mercator_1SP\"],PARAMETER[\"central_meridian\",0],PARAMETER[\"scale_factor\",1],PARAMETER[\"false_easting\",0],PARAMETER[\"false_northing\",0],UNIT[\"metre\",1,AUTHORITY[\"EPSG\",\"9001\"]],AXIS[\"Easting\",EAST],AXIS[\"Northing\",NORTH],EXTENSION[\"PROJ4\",\"+proj=merc +a=6378137 +b=6378137 +lat_ts=0 +lon_0=0 +x_0=0 +y_0=0 +k=1 +units=m +nadgrids=@null +wktext +no_defs\"],AUTHORITY[\"EPSG\",\"3857\"]]","extent":[-20037508.342789244,-20037471.205137074,20037508.342789244,20037471.205137093],"tiles":["https://api.maptiler.com/tiles/v3-swisstopo/{z}/{x}/{y}.pbf?key=dACmqkxBnLX32ZNiySDc"]}