{"data":{"dataCubeObservations":{"data":[{"https://environment.ld.admin.ch/foen/ubd0104/dateofprobing":"2009-08-25","https://environment.ld.admin.ch/foen/ubd0104/parametertype":"E.coli","https://environment.ld.admin.ch/foen/ubd0104/value":"160","https://environment.ld.admin.ch/foen/ubd0104/location/__iri__":"https://ld.admin.ch/dimension/bgdi/inlandwaters/bathingwater/CH19007","https://environment.ld.admin.ch/foen/ubd0104/location":"Seerose"},{"https://environment.ld.admin.ch/foen/ubd0104/dateofprobing":"2016-07-29","https://environment.ld.admin.ch/foen/ubd0104/parametertype":"E.coli","https://environment.ld.admin.ch/foen/ubd0104/value":"6","https://environment.ld.admin.ch/foen/ubd0104/location/__iri__":"https://ld.admin.ch/dimension/bgdi/inlandwaters/bathingwater/CH19007","https://environment.ld.admin.ch/foen/ubd0104/location":"Seerose"},{"https://environment.ld.admin.ch/foen/ubd0104/dateofprobing":"2020-09-28","https://environment.ld.admin.ch/foen/ubd0104/parametertype":"E.coli","https://environment.ld.admin.ch/foen/ubd0104/value":"14","https://environment.ld.admin.ch/foen/ubd0104/location/__iri__":"https://ld.admin.ch/dimension/bgdi/inlandwaters/bathingwater/CH19007","https://environment.ld.admin.ch/foen/ubd0104/location":"Seerose"},{"https://environment.ld.admin.ch/foen/ubd0104/dateofprobing":"2020-08-06","https://environment.ld.admin.ch/foen/ubd0104/parametertype":"E.coli","https://environment.ld.admin.ch/foen/ubd0104/value":"15","https://environment.ld.admin.ch/foen/ubd0104/location/__iri__":"https://ld.admin.ch/dimension/bgdi/inlandwaters/bathingwater/CH19007","https://environment.ld.admin.ch/foen/ubd0104/location":"Seerose"},{"https://environment.ld.admin.ch/foen/ubd0104/dateofprobing":"2013-09-16","https://environment.ld.admin.ch/foen/ubd0104/parametertype":"E.coli","https://environment.ld.admin.ch/foen/ubd0104/value":"12","https://environment.ld.admin.ch/foen/ubd0104/location/__iri__":"https://ld.admin.ch/dimension/bgdi/inlandwaters/bathingwater/CH19007","https://environment.ld.admin.ch/foen/ubd0104/location":"Seerose"},{"https://environment.ld.admin.ch/foen/ubd0104/dateofprobing":"2014-08-25","https://environment.ld.admin.ch/foen/ubd0104/parametertype":"E.coli","https://environment.ld.admin.ch/foen/ubd0104/value":"17","https://environment.ld.admin.ch/foen/ubd0104/location/__iri__":"https://ld.admin.ch/dimension/bgdi/inlandwaters/bathingwater/CH19007","https://environment.ld.admin.ch/foen/ubd0104/location":"Seerose"},{"https://environment.ld.admin.ch/foen/ubd0104/dateofprobing":"2019-05-13","https://environment.ld.admin.ch/foen/ubd0104/parametertype":"E.coli","https://environment.ld.admin.ch/foen/ubd0104/value":"1","https://environment.ld.admin.ch/foen/ubd0104/location/__iri__":"https://ld.admin.ch/dimension/bgdi/inlandwaters/bathingwater/CH19007","https://environment.ld.admin.ch/foen/ubd0104/location":"Seerose"},{"https://environment.ld.admin.ch/foen/ubd0104/dateofprobing":"2017-05-30","https://environment.ld.admin.ch/foen/ubd0104/parametertype":"E.coli","https://environment.ld.admin.ch/foen/ubd0104/value":"14","https://environment.ld.admin.ch/foen/ubd0104/location/__iri__":"https://ld.admin.ch/dimension/bgdi/inlandwaters/bathingwater/CH19007","https://environment.ld.admin.ch/foen/ubd0104/location":"Seerose"},{"https://environment.ld.admin.ch/foen/ubd0104/dateofprobing":"2019-08-05","https://environment.ld.admin.ch/foen/ubd0104/parametertype":"E.coli","https://environment.ld.admin.ch/foen/ubd0104/value":"2","https://environment.ld.admin.ch/foen/ubd0104/location/__iri__":"https://ld.admin.ch/dimension/bgdi/inlandwaters/bathingwater/CH19007","https://environment.ld.admin.ch/foen/ubd0104/location":"Seerose"},{"https://environment.ld.admin.ch/foen/ubd0104/dateofprobing":"2020-05-26","https://environment.ld.admin.ch/foen/ubd0104/parametertype":"E.coli","https://environment.ld.admin.ch/foen/ubd0104/value":"3","https://environment.ld.admin.ch/foen/ubd0104/location/__iri__":"https://ld.admin.ch/dimension/bgdi/inlandwaters/bathingwater/CH19007","https://environment.ld.admin.ch/foen/ubd0104/location":"Seerose"},{"https://environment.ld.admin.ch/foen/ubd0104/dateofprobing":"2011-06-28","https://environment.ld.admin.ch/foen/ubd0104/parametertype":"E.coli","https://environment.ld.admin.ch/foen/ubd0104/value":"120","https://environment.ld.admin.ch/foen/ubd0104/location/__iri__":"https://ld.admin.ch/dimension/bgdi/inlandwaters/bathingwater/CH19007","https://environment.ld.admin.ch/foen/ubd0104/location":"Seerose"},{"https://environment.ld.admin.ch/foen/ubd0104/dateofprobing":"2019-07-01","https://environment.ld.admin.ch/foen/ubd0104/parametertype":"E.coli","https://environment.ld.admin.ch/foen/ubd0104/value":"5","https://environment.ld.admin.ch/foen/ubd0104/location/__iri__":"https://ld.admin.ch/dimension/bgdi/inlandwaters/bathingwater/CH19007","https://environment.ld.admin.ch/foen/ubd0104/location":"Seerose"},{"https://environment.ld.admin.ch/foen/ubd0104/dateofprobing":"2012-08-14","https://environment.ld.admin.ch/foen/ubd0104/parametertype":"E.coli","https://environment.ld.admin.ch/foen/ubd0104/value":"1","https://environment.ld.admin.ch/foen/ubd0104/location/__iri__":"https://ld.admin.ch/dimension/bgdi/inlandwaters/bathingwater/CH19007","https://environment.ld.admin.ch/foen/ubd0104/location":"Seerose"},{"https://environment.ld.admin.ch/foen/ubd0104/dateofprobing":"2012-09-07","https://environment.ld.admin.ch/foen/ubd0104/parametertype":"E.coli","https://environment.ld.admin.ch/foen/ubd0104/value":"40","https://environment.ld.admin.ch/foen/ubd0104/location/__iri__":"https://ld.admin.ch/dimension/bgdi/inlandwaters/bathingwater/CH19007","https://environment.ld.admin.ch/foen/ubd0104/location":"Seerose"},{"https://environment.ld.admin.ch/foen/ubd0104/dateofprobing":"2020-06-16","https://environment.ld.admin.ch/foen/ubd0104/parametertype":"E.coli","https://environment.ld.admin.ch/foen/ubd0104/value":"15","https://environment.ld.admin.ch/foen/ubd0104/location/__iri__":"https://ld.admin.ch/dimension/bgdi/inlandwaters/bathingwater/CH19007","https://environment.ld.admin.ch/foen/ubd0104/location":"Seerose"},{"https://environment.ld.admin.ch/foen/ubd0104/dateofprobing":"2015-05-18","https://environment.ld.admin.ch/foen/ubd0104/parametertype":"E.coli","https://environment.ld.admin.ch/foen/ubd0104/value":"1","https://environment.ld.admin.ch/foen/ubd0104/location/__iri__":"https://ld.admin.ch/dimension/bgdi/inlandwaters/bathingwater/CH19007","https://environment.ld.admin.ch/foen/ubd0104/location":"Seerose"},{"https://environment.ld.admin.ch/foen/ubd0104/dateofprobing":"2015-07-06","https://environment.ld.admin.ch/foen/ubd0104/parametertype":"E.coli","https://environment.ld.admin.ch/foen/ubd0104/value":"220","https://environment.ld.admin.ch/foen/ubd0104/location/__iri__":"https://ld.admin.ch/dimension/bgdi/inlandwaters/bathingwater/CH19007","https://environment.ld.admin.ch/foen/ubd0104/location":"Seerose"},{"https://environment.ld.admin.ch/foen/ubd0104/dateofprobing":"2015-08-03","https://environment.ld.admin.ch/foen/ubd0104/parametertype":"E.coli","https://environment.ld.admin.ch/foen/ubd0104/value":"8","https://environment.ld.admin.ch/foen/ubd0104/location/__iri__":"https://ld.admin.ch/dimension/bgdi/inlandwaters/bathingwater/CH19007","https://environment.ld.admin.ch/foen/ubd0104/location":"Seerose"},{"https://environment.ld.admin.ch/foen/ubd0104/dateofprobing":"2013-08-26","https://environment.ld.admin.ch/foen/ubd0104/parametertype":"E.coli","https://environment.ld.admin.ch/foen/ubd0104/value":"11","https://environment.ld.admin.ch/foen/ubd0104/location/__iri__":"https://ld.admin.ch/dimension/bgdi/inlandwaters/bathingwater/CH19007","https://environment.ld.admin.ch/foen/ubd0104/location":"Seerose"},{"https://environment.ld.admin.ch/foen/ubd0104/dateofprobing":"2014-07-14","https://environment.ld.admin.ch/foen/ubd0104/parametertype":"E.coli","https://environment.ld.admin.ch/foen/ubd0104/value":"37","https://environment.ld.admin.ch/foen/ubd0104/location/__iri__":"https://ld.admin.ch/dimension/bgdi/inlandwaters/bathingwater/CH19007","https://environment.ld.admin.ch/foen/ubd0104/location":"Seerose"},{"https://environment.ld.admin.ch/foen/ubd0104/dateofprobing":"2014-06-16","https://environment.ld.admin.ch/foen/ubd0104/parametertype":"E.coli","https://environment.ld.admin.ch/foen/ubd0104/value":"20","https://environment.ld.admin.ch/foen/ubd0104/location/__iri__":"https://ld.admin.ch/dimension/bgdi/inlandwaters/bathingwater/CH19007","https://environment.ld.admin.ch/foen/ubd0104/location":"Seerose"},{"https://environment.ld.admin.ch/foen/ubd0104/dateofprobing":"2019-06-12","https://environment.ld.admin.ch/foen/ubd0104/parametertype":"E.coli","https://environment.ld.admin.ch/foen/ubd0104/value":"530","https://environment.ld.admin.ch/foen/ubd0104/location/__iri__":"https://ld.admin.ch/dimension/bgdi/inlandwaters/bathingwater/CH19007","https://environment.ld.admin.ch/foen/ubd0104/location":"Seerose"},{"https://environment.ld.admin.ch/foen/ubd0104/dateofprobing":"2013-05-14","https://environment.ld.admin.ch/foen/ubd0104/parametertype":"E.coli","https://environment.ld.admin.ch/foen/ubd0104/value":"2","https://environment.ld.admin.ch/foen/ubd0104/location/__iri__":"https://ld.admin.ch/dimension/bgdi/inlandwaters/bathingwater/CH19007","https://environment.ld.admin.ch/foen/ubd0104/location":"Seerose"},{"https://environment.ld.admin.ch/foen/ubd0104/dateofprobing":"2017-07-17","https://environment.ld.admin.ch/foen/ubd0104/parametertype":"E.coli","https://environment.ld.admin.ch/foen/ubd0104/value":"0","https://environment.ld.admin.ch/foen/ubd0104/location/__iri__":"https://ld.admin.ch/dimension/bgdi/inlandwaters/bathingwater/CH19007","https://environment.ld.admin.ch/foen/ubd0104/location":"Seerose"},{"https://environment.ld.admin.ch/foen/ubd0104/dateofprobing":"2018-07-02","https://environment.ld.admin.ch/foen/ubd0104/parametertype":"E.coli","https://environment.ld.admin.ch/foen/ubd0104/value":"4","https://environment.ld.admin.ch/foen/ubd0104/location/__iri__":"https://ld.admin.ch/dimension/bgdi/inlandwaters/bathingwater/CH19007","https://environment.ld.admin.ch/foen/ubd0104/location":"Seerose"},{"https://environment.ld.admin.ch/foen/ubd0104/dateofprobing":"2010-06-05","https://environment.ld.admin.ch/foen/ubd0104/parametertype":"E.coli","https://environment.ld.admin.ch/foen/ubd0104/value":"200","https://environment.ld.admin.ch/foen/ubd0104/location/__iri__":"https://ld.admin.ch/dimension/bgdi/inlandwaters/bathingwater/CH19007","https://environment.ld.admin.ch/foen/ubd0104/location":"Seerose"},{"https://environment.ld.admin.ch/foen/ubd0104/dateofprobing":"2009-07-13","https://environment.ld.admin.ch/foen/ubd0104/parametertype":"E.coli","https://environment.ld.admin.ch/foen/ubd0104/value":"10","https://environment.ld.admin.ch/foen/ubd0104/location/__iri__":"https://ld.admin.ch/dimension/bgdi/inlandwaters/bathingwater/CH19007","https://environment.ld.admin.ch/foen/ubd0104/location":"Seerose"},{"https://environment.ld.admin.ch/foen/ubd0104/dateofprobing":"2019-09-12","https://environment.ld.admin.ch/foen/ubd0104/parametertype":"E.coli","https://environment.ld.admin.ch/foen/ubd0104/value":"9","https://environment.ld.admin.ch/foen/ubd0104/location/__iri__":"https://ld.admin.ch/dimension/bgdi/inlandwaters/bathingwater/CH19007","https://environment.ld.admin.ch/foen/ubd0104/location":"Seerose"},{"https://environment.ld.admin.ch/foen/ubd0104/dateofprobing":"2013-06-03","https://environment.ld.admin.ch/foen/ubd0104/parametertype":"E.coli","https://environment.ld.admin.ch/foen/ubd0104/value":"32","https://environment.ld.admin.ch/foen/ubd0104/location/__iri__":"https://ld.admin.ch/dimension/bgdi/inlandwaters/bathingwater/CH19007","https://environment.ld.admin.ch/foen/ubd0104/location":"Seerose"},{"https://environment.ld.admin.ch/foen/ubd0104/dateofprobing":"2013-08-05","https://environment.ld.admin.ch/foen/ubd0104/parametertype":"E.coli","https://environment.ld.admin.ch/foen/ubd0104/value":"1","https://environment.ld.admin.ch/foen/ubd0104/location/__iri__":"https://ld.admin.ch/dimension/bgdi/inlandwaters/bathingwater/CH19007","https://environment.ld.admin.ch/foen/ubd0104/location":"Seerose"},{"https://environment.ld.admin.ch/foen/ubd0104/dateofprobing":"2018-09-21","https://environment.ld.admin.ch/foen/ubd0104/parametertype":"E.coli","https://environment.ld.admin.ch/foen/ubd0104/value":"7","https://environment.ld.admin.ch/foen/ubd0104/location/__iri__":"https://ld.admin.ch/dimension/bgdi/inlandwaters/bathingwater/CH19007","https://environment.ld.admin.ch/foen/ubd0104/location":"Seerose"},{"https://environment.ld.admin.ch/foen/ubd0104/dateofprobing":"2017-08-08","https://environment.ld.admin.ch/foen/ubd0104/parametertype":"E.coli","https://environment.ld.admin.ch/foen/ubd0104/value":"20","https://environment.ld.admin.ch/foen/ubd0104/location/__iri__":"https://ld.admin.ch/dimension/bgdi/inlandwaters/bathingwater/CH19007","https://environment.ld.admin.ch/foen/ubd0104/location":"Seerose"},{"https://environment.ld.admin.ch/foen/ubd0104/dateofprobing":"2012-07-16","https://environment.ld.admin.ch/foen/ubd0104/parametertype":"E.coli","https://environment.ld.admin.ch/foen/ubd0104/value":"10","https://environment.ld.admin.ch/foen/ubd0104/location/__iri__":"https://ld.admin.ch/dimension/bgdi/inlandwaters/bathingwater/CH19007","https://environment.ld.admin.ch/foen/ubd0104/location":"Seerose"},{"https://environment.ld.admin.ch/foen/ubd0104/dateofprobing":"2018-06-04","https://environment.ld.admin.ch/foen/ubd0104/parametertype":"E.coli","https://environment.ld.admin.ch/foen/ubd0104/value":"5","https://environment.ld.admin.ch/foen/ubd0104/location/__iri__":"https://ld.admin.ch/dimension/bgdi/inlandwaters/bathingwater/CH19007","https://environment.ld.admin.ch/foen/ubd0104/location":"Seerose"},{"https://environment.ld.admin.ch/foen/ubd0104/dateofprobing":"2018-08-27","https://environment.ld.admin.ch/foen/ubd0104/parametertype":"E.coli","https://environment.ld.admin.ch/foen/ubd0104/value":"15","https://environment.ld.admin.ch/foen/ubd0104/location/__iri__":"https://ld.admin.ch/dimension/bgdi/inlandwaters/bathingwater/CH19007","https://environment.ld.admin.ch/foen/ubd0104/location":"Seerose"},{"https://environment.ld.admin.ch/foen/ubd0104/dateofprobing":"2019-08-26","https://environment.ld.admin.ch/foen/ubd0104/parametertype":"E.coli","https://environment.ld.admin.ch/foen/ubd0104/value":"1","https://environment.ld.admin.ch/foen/ubd0104/location/__iri__":"https://ld.admin.ch/dimension/bgdi/inlandwaters/bathingwater/CH19007","https://environment.ld.admin.ch/foen/ubd0104/location":"Seerose"},{"https://environment.ld.admin.ch/foen/ubd0104/dateofprobing":"2016-08-23","https://environment.ld.admin.ch/foen/ubd0104/parametertype":"E.coli","https://environment.ld.admin.ch/foen/ubd0104/value":"100","https://environment.ld.admin.ch/foen/ubd0104/location/__iri__":"https://ld.admin.ch/dimension/bgdi/inlandwaters/bathingwater/CH19007","https://environment.ld.admin.ch/foen/ubd0104/location":"Seerose"},{"https://environment.ld.admin.ch/foen/ubd0104/dateofprobing":"2015-06-08","https://environment.ld.admin.ch/foen/ubd0104/parametertype":"E.coli","https://environment.ld.admin.ch/foen/ubd0104/value":"130","https://environment.ld.admin.ch/foen/ubd0104/location/__iri__":"https://ld.admin.ch/dimension/bgdi/inlandwaters/bathingwater/CH19007","https://environment.ld.admin.ch/foen/ubd0104/location":"Seerose"},{"https://environment.ld.admin.ch/foen/ubd0104/dateofprobing":"2014-05-19","https://environment.ld.admin.ch/foen/ubd0104/parametertype":"E.coli","https://environment.ld.admin.ch/foen/ubd0104/value":"0","https://environment.ld.admin.ch/foen/ubd0104/location/__iri__":"https://ld.admin.ch/dimension/bgdi/inlandwaters/bathingwater/CH19007","https://environment.ld.admin.ch/foen/ubd0104/location":"Seerose"},{"https://environment.ld.admin.ch/foen/ubd0104/dateofprobing":"2016-07-04","https://environment.ld.admin.ch/foen/ubd0104/parametertype":"E.coli","https://environment.ld.admin.ch/foen/ubd0104/value":"40","https://environment.ld.admin.ch/foen/ubd0104/location/__iri__":"https://ld.admin.ch/dimension/bgdi/inlandwaters/bathingwater/CH19007","https://environment.ld.admin.ch/foen/ubd0104/location":"Seerose"},{"https://environment.ld.admin.ch/foen/ubd0104/dateofprobing":"2018-07-27","https://environment.ld.admin.ch/foen/ubd0104/parametertype":"E.coli","https://environment.ld.admin.ch/foen/ubd0104/value":"7","https://environment.ld.admin.ch/foen/ubd0104/location/__iri__":"https://ld.admin.ch/dimension/bgdi/inlandwaters/bathingwater/CH19007","https://environment.ld.admin.ch/foen/ubd0104/location":"Seerose"},{"https://environment.ld.admin.ch/foen/ubd0104/dateofprobing":"2020-09-03","https://environment.ld.admin.ch/foen/ubd0104/parametertype":"E.coli","https://environment.ld.admin.ch/foen/ubd0104/value":"16","https://environment.ld.admin.ch/foen/ubd0104/location/__iri__":"https://ld.admin.ch/dimension/bgdi/inlandwaters/bathingwater/CH19007","https://environment.ld.admin.ch/foen/ubd0104/location":"Seerose"},{"https://environment.ld.admin.ch/foen/ubd0104/dateofprobing":"2012-06-25","https://environment.ld.admin.ch/foen/ubd0104/parametertype":"E.coli","https://environment.ld.admin.ch/foen/ubd0104/value":"20","https://environment.ld.admin.ch/foen/ubd0104/location/__iri__":"https://ld.admin.ch/dimension/bgdi/inlandwaters/bathingwater/CH19007","https://environment.ld.admin.ch/foen/ubd0104/location":"Seerose"},{"https://environment.ld.admin.ch/foen/ubd0104/dateofprobing":"2016-06-15","https://environment.ld.admin.ch/foen/ubd0104/parametertype":"E.coli","https://environment.ld.admin.ch/foen/ubd0104/value":"12","https://environment.ld.admin.ch/foen/ubd0104/location/__iri__":"https://ld.admin.ch/dimension/bgdi/inlandwaters/bathingwater/CH19007","https://environment.ld.admin.ch/foen/ubd0104/location":"Seerose"},{"https://environment.ld.admin.ch/foen/ubd0104/dateofprobing":"2017-09-18","https://environment.ld.admin.ch/foen/ubd0104/parametertype":"E.coli","https://environment.ld.admin.ch/foen/ubd0104/value":"10","https://environment.ld.admin.ch/foen/ubd0104/location/__iri__":"https://ld.admin.ch/dimension/bgdi/inlandwaters/bathingwater/CH19007","https://environment.ld.admin.ch/foen/ubd0104/location":"Seerose"},{"https://environment.ld.admin.ch/foen/ubd0104/dateofprobing":"2014-09-15","https://environment.ld.admin.ch/foen/ubd0104/parametertype":"E.coli","https://environment.ld.admin.ch/foen/ubd0104/value":"17","https://environment.ld.admin.ch/foen/ubd0104/location/__iri__":"https://ld.admin.ch/dimension/bgdi/inlandwaters/bathingwater/CH19007","https://environment.ld.admin.ch/foen/ubd0104/location":"Seerose"},{"https://environment.ld.admin.ch/foen/ubd0104/dateofprobing":"2016-05-27","https://environment.ld.admin.ch/foen/ubd0104/parametertype":"E.coli","https://environment.ld.admin.ch/foen/ubd0104/value":"28","https://environment.ld.admin.ch/foen/ubd0104/location/__iri__":"https://ld.admin.ch/dimension/bgdi/inlandwaters/bathingwater/CH19007","https://environment.ld.admin.ch/foen/ubd0104/location":"Seerose"},{"https://environment.ld.admin.ch/foen/ubd0104/dateofprobing":"2014-08-12","https://environment.ld.admin.ch/foen/ubd0104/parametertype":"E.coli","https://environment.ld.admin.ch/foen/ubd0104/value":"16","https://environment.ld.admin.ch/foen/ubd0104/location/__iri__":"https://ld.admin.ch/dimension/bgdi/inlandwaters/bathingwater/CH19007","https://environment.ld.admin.ch/foen/ubd0104/location":"Seerose"},{"https://environment.ld.admin.ch/foen/ubd0104/dateofprobing":"2017-06-19","https://environment.ld.admin.ch/foen/ubd0104/parametertype":"E.coli","https://environment.ld.admin.ch/foen/ubd0104/value":"16","https://environment.ld.admin.ch/foen/ubd0104/location/__iri__":"https://ld.admin.ch/dimension/bgdi/inlandwaters/bathingwater/CH19007","https://environment.ld.admin.ch/foen/ubd0104/location":"Seerose"}],"sparqlEditorUrl":"https://int.lindas.admin.ch/sparql#query=SELECT%20DISTINCT%20%3Fdimension0%20%3Fdimension1%20%3Fdimension2%20%3Fdimension3%20%3Fdimension4%20WHERE%20%7B%0A%20%20%3Chttps%3A%2F%2Fenvironment.ld.admin.ch%2Ffoen%2Fubd0104%2F11%3E%20%3Chttps%3A%2F%2Fcube.link%2FobservationSet%3E%20%3FobservationSet0%20.%0A%20%20%3FobservationSet0%20%3Chttps%3A%2F%2Fcube.link%2Fobservation%3E%20%3Fsource0%20.%0A%20%20%3Fsource0%20%3Chttps%3A%2F%2Fenvironment.ld.admin.ch%2Ffoen%2Fubd0104%2Fdateofprobing%3E%20%3Fdimension0%20.%0A%20%20%3Fsource0%20%3Chttps%3A%2F%2Fenvironment.ld.admin.ch%2Ffoen%2Fubd0104%2Fparametertype%3E%20%3Fdimension1%20.%0A%20%20%3Fsource0%20%3Chttps%3A%2F%2Fenvironment.ld.admin.ch%2Ffoen%2Fubd0104%2Fvalue%3E%20%3Fdimension2%20.%0A%20%20%3Fsource0%20%3Chttps%3A%2F%2Fenvironment.ld.admin.ch%2Ffoen%2Fubd0104%2Flocation%3E%20%3Fdimension3%20.%0A%20%20FILTER%20(%0A%20%20%20%20(%3Fdimension3%20%3D%20%3Chttps%3A%2F%2Fld.admin.ch%2Fdimension%2Fbgdi%2Finlandwaters%2Fbathingwater%2FCH19007%3E)%0A%20%20)%0A%20%20FILTER%20(%0A%20%20%20%20(%3Fdimension1%20%3D%20%22E.coli%22)%0A%20%20)%0A%20%20OPTIONAL%20%7B%0A%20%20%20%20%3Fdimension3%20%3Chttp%3A%2F%2Fschema.org%2Fname%3E%20%3Fdimension4_0%20.%0A%20%20%20%20FILTER%20(%0A%20%20%20%20%20%20LANGMATCHES(LANG(%3Fdimension4_0)%2C%20%22en%22)%0A%20%20%20%20)%0A%20%20%7D%0A%20%20OPTIONAL%20%7B%0A%20%20%20%20%3Fdimension3%20%3Chttp%3A%2F%2Fschema.org%2Fname%3E%20%3Fdimension4_1%20.%0A%20%20%20%20FILTER%20(%0A%20%20%20%20%20%20LANGMATCHES(LANG(%3Fdimension4_1)%2C%20%22de%22)%0A%20%20%20%20)%0A%20%20%7D%0A%20%20OPTIONAL%20%7B%0A%20%20%20%20%3Fdimension3%20%3Chttp%3A%2F%2Fschema.org%2Fname%3E%20%3Fdimension4_2%20.%0A%20%20%20%20FILTER%20(%0A%20%20%20%20%20%20LANGMATCHES(LANG(%3Fdimension4_2)%2C%20%22fr%22)%0A%20%20%20%20)%0A%20%20%7D%0A%20%20OPTIONAL%20%7B%0A%20%20%20%20%3Fdimension3%20%3Chttp%3A%2F%2Fschema.org%2Fname%3E%20%3Fdimension4_3%20.%0A%20%20%20%20FILTER%20(%0A%20%20%20%20%20%20LANGMATCHES(LANG(%3Fdimension4_3)%2C%20%22it%22)%0A%20%20%20%20)%0A%20%20%7D%0A%20%20OPTIONAL%20%7B%0A%20%20%20%20%3Fdimension3%20%3Chttp%3A%2F%2Fschema.org%2Fname%3E%20%3Fdimension4_4%20.%0A%20%20%20%20FILTER%20(%0A%20%20%20%20%20%20(LANG(%3Fdimension4_4)%20%3D%20%22%22)%0A%20%20%20%20)%0A%20%20%7D%0A%20%20BIND(COALESCE(%3Fdimension4_0%2C%20%3Fdimension4_1%2C%20%3Fdimension4_2%2C%20%3Fdimension4_3%2C%20%3Fdimension4_4)%20AS%20%3Fdimension4)%0A%7D%0AGROUP%20BY%20%3Fdimension0%20%3Fdimension1%20%3Fdimension2%20%3Fdimension3%20%3Fdimension4&requestMethod=POST"}}}
