{"query":"query DataCubeComponents($sourceType: String!, $sourceUrl: String!, $locale: String!, $cubeFilter: DataCubeComponentFilter!) {\n  dataCubeComponents(\n    sourceType: $sourceType\n    sourceUrl: $sourceUrl\n    locale: $locale\n    cubeFilter: $cubeFilter\n  )\n}\n","operationName":"DataCubeComponents","variables":{"locale":"en","sourceType":"sparql","sourceUrl":"https://int.lindas.admin.ch/query","cubeFilter":{"iri":"https://environment.ld.admin.ch/foen/ubd0104/11","componentIris":["https://environment.ld.admin.ch/foen/ubd0104/dateofprobing","https://environment.ld.admin.ch/foen/ubd0104/location","https://environment.ld.admin.ch/foen/ubd0104/parametertype","https://environment.ld.admin.ch/foen/ubd0104/value"],"loadValues":true}}}