{"data":{"searchCubes":[{"highlightedTitle":"NFI: Change","highlightedDescription":"The National Forest Inventory (NFI) is a periodic survey of condition and development of the Swiss forest. It is produced in close cooperation between the Federal Office for the Environment (FOEN) and the Swiss Federal Institute for Forest, Snow and Landscape Research (WSL). This record contains information about: increment (gross increment), increment (gross increment) per forest area, fellings and mortality, fellings and mortality per forest area, fellings, fellings per forest area, mortality, mortality per forest area, net increment and net increment per forest area","cube":{"iri":"https://environment.ld.admin.ch/foen/nfi/nfi_T-changes/cube/2024-1","title":"NFI: Change","description":"The National Forest Inventory (NFI) is a periodic survey of condition and development of the Swiss forest. It is produced in close cooperation between the Federal Office for the Environment (FOEN) and the Swiss Federal Institute for Forest, Snow and Landscape Research (WSL). This record contains information about: increment (gross increment), increment (gross increment) per forest area, fellings and mortality, fellings and mortality per forest area, fellings, fellings per forest area, mortality, mortality per forest area, net increment and net increment per forest area","publicationStatus":"PUBLISHED","datePublished":"2024-02-29","creator":{"iri":"https://register.ld.admin.ch/opendataswiss/org/bundesamt-fur-umwelt-bafu","label":"Federal Office for the Environment FOEN"},"themes":[{"iri":"https://register.ld.admin.ch/opendataswiss/category/agriculture","label":"Agriculture, forestry"},{"iri":"https://register.ld.admin.ch/opendataswiss/category/territory","label":"Territory and environment"}],"subthemes":[{"iri":"https://register.ld.admin.ch/foen/theme/14","label":"Forest and wood"}],"dimensions":[]},"__typename":"SearchCubeResult"},{"highlightedTitle":"Bathing water quality","highlightedDescription":"The assessment of bathing waters is made on the basis of hygienic quality using E.coli and intestinal enterococci. They provide indications on the effectiveness of water protection measures and in particular the extent to which waste water treatment plants are fulfilling their function.","cube":{"iri":"https://environment.ld.admin.ch/foen/ubd01041prod/4","title":"Bathing water quality","description":"The assessment of bathing waters is made on the basis of hygienic quality using E.coli and intestinal enterococci. They provide indications on the effectiveness of water protection measures and in particular the extent to which waste water treatment plants are fulfilling their function.","publicationStatus":"PUBLISHED","datePublished":"2024-02-15","creator":{"iri":"https://register.ld.admin.ch/opendataswiss/org/bundesamt-fur-umwelt-bafu","label":"Federal Office for the Environment FOEN"},"themes":[{"iri":"https://register.ld.admin.ch/opendataswiss/category/territory","label":"Territory and environment"}],"subthemes":[{"iri":"https://register.ld.admin.ch/foen/theme/15","label":"Water"}],"dimensions":[]},"__typename":"SearchCubeResult"},{"highlightedTitle":"NFI: Topics by ownership","highlightedDescription":"The National Forest Inventory (NFI) is a periodic survey of condition and development of the Swiss forest. It is produced in close cooperation between the Federal Office for the Environment (FOEN) and the Swiss Federal Institute for Forest, Snow and Landscape Research (WSL). This record contains information about: sample size (number of forest plots), basal area of deadwood per forest area, growing stock (stemwood), deadwood quantity, deadwood quantity per forest area, deadwood volume (merch. wood without piles of branches), lying , deadwood volume (merch. wood without piles of branches), lying  per forest area, growing stock (stemwood) per forest area, total wood volume (stemwood), total wood volume (stemwood) per forest area, volume of dead wood, volume of dead wood per forest area, total basal area per forest area, total stem number, area of vehicle tracks (soil disturbance), area of vehicle tracks (soil disturbance) per forest area, deadwood volume of stumps, deadwood volume of stumps per forest area, biomass of the stump, biomass of the stump per forest area, total stem number per forest area, number of microhabitats on standing living trees per forest area, deadwood volume (merchantable wood), lying, deadwood volume (merchantable wood), lying per forest area, forest area, biomass of deadwood, biomass of deadwood per forest area, biomass of LIS-deadwood, biomass of LIS-deadwood per forest area, stem number, stem number per forest area and basal area per forest area","cube":{"iri":"https://environment.ld.admin.ch/foen/nfi/nfi_C-94/cube/2023-1","title":"NFI: Topics by ownership","description":"The National Forest Inventory (NFI) is a periodic survey of condition and development of the Swiss forest. It is produced in close cooperation between the Federal Office for the Environment (FOEN) and the Swiss Federal Institute for Forest, Snow and Landscape Research (WSL). This record contains information about: sample size (number of forest plots), basal area of deadwood per forest area, growing stock (stemwood), deadwood quantity, deadwood quantity per forest area, deadwood volume (merch. wood without piles of branches), lying , deadwood volume (merch. wood without piles of branches), lying  per forest area, growing stock (stemwood) per forest area, total wood volume (stemwood), total wood volume (stemwood) per forest area, volume of dead wood, volume of dead wood per forest area, total basal area per forest area, total stem number, area of vehicle tracks (soil disturbance), area of vehicle tracks (soil disturbance) per forest area, deadwood volume of stumps, deadwood volume of stumps per forest area, biomass of the stump, biomass of the stump per forest area, total stem number per forest area, number of microhabitats on standing living trees per forest area, deadwood volume (merchantable wood), lying, deadwood volume (merchantable wood), lying per forest area, forest area, biomass of deadwood, biomass of deadwood per forest area, biomass of LIS-deadwood, biomass of LIS-deadwood per forest area, stem number, stem number per forest area and basal area per forest area","publicationStatus":"PUBLISHED","datePublished":"2023-11-02","creator":{"iri":"https://register.ld.admin.ch/opendataswiss/org/bundesamt-fur-umwelt-bafu","label":"Federal Office for the Environment FOEN"},"themes":[{"iri":"https://register.ld.admin.ch/opendataswiss/category/agriculture","label":"Agriculture, forestry"},{"iri":"https://register.ld.admin.ch/opendataswiss/category/territory","label":"Territory and environment"}],"subthemes":[{"iri":"https://register.ld.admin.ch/foen/theme/14","label":"Forest and wood"}],"dimensions":[]},"__typename":"SearchCubeResult"},{"highlightedTitle":"NFI: Topics by conifers and broadleaves","highlightedDescription":"The National Forest Inventory (NFI) is a periodic survey of condition and development of the Swiss forest. It is produced in close cooperation between the Federal Office for the Environment (FOEN) and the Swiss Federal Institute for Forest, Snow and Landscape Research (WSL). This record contains information about: number of deadwood stems, number of deadwood stems per forest area, basal area of deadwood per forest area, biomass of living trees, biomass of living trees per forest area, biomass of living trees, aboveground, biomass of living trees, aboveground per forest area, growing stock (stemwood), root mass of living trees, root mass of living trees per forest area, growing stock (stemwood) per forest area, total wood volume (stemwood), total wood volume (stemwood) per forest area, volume of deadwood (stemwood), volume of deadwood (stemwood) per forest area, total basal area per forest area, total number of stems, total number of stems per forest area, mass of merchantable branchwood from living trees, mass of merchantable branchwood from living trees per forest area, branch brushwood mass of living trees, branch brushwood mass of living trees per forest area, mass of needles/ leaves of living trees, mass of needles/ leaves of living trees per forest area, stemwood mass of living trees, stemwood mass of living trees per forest area, biomass of standing dead trees, biomass of standing dead trees per forest area, biomass of lying dead trees, biomass of lying dead trees per forest area, stem number, stem number per forest area and basal area per forest area","cube":{"iri":"https://environment.ld.admin.ch/foen/nfi/nfi_C-96/cube/2023-1","title":"NFI: Topics by conifers and broadleaves","description":"The National Forest Inventory (NFI) is a periodic survey of condition and development of the Swiss forest. It is produced in close cooperation between the Federal Office for the Environment (FOEN) and the Swiss Federal Institute for Forest, Snow and Landscape Research (WSL). This record contains information about: number of deadwood stems, number of deadwood stems per forest area, basal area of deadwood per forest area, biomass of living trees, biomass of living trees per forest area, biomass of living trees, aboveground, biomass of living trees, aboveground per forest area, growing stock (stemwood), root mass of living trees, root mass of living trees per forest area, growing stock (stemwood) per forest area, total wood volume (stemwood), total wood volume (stemwood) per forest area, volume of deadwood (stemwood), volume of deadwood (stemwood) per forest area, total basal area per forest area, total number of stems, total number of stems per forest area, mass of merchantable branchwood from living trees, mass of merchantable branchwood from living trees per forest area, branch brushwood mass of living trees, branch brushwood mass of living trees per forest area, mass of needles/ leaves of living trees, mass of needles/ leaves of living trees per forest area, stemwood mass of living trees, stemwood mass of living trees per forest area, biomass of standing dead trees, biomass of standing dead trees per forest area, biomass of lying dead trees, biomass of lying dead trees per forest area, stem number, stem number per forest area and basal area per forest area","publicationStatus":"PUBLISHED","datePublished":"2023-11-02","creator":{"iri":"https://register.ld.admin.ch/opendataswiss/org/bundesamt-fur-umwelt-bafu","label":"Federal Office for the Environment FOEN"},"themes":[{"iri":"https://register.ld.admin.ch/opendataswiss/category/territory","label":"Territory and environment"},{"iri":"https://register.ld.admin.ch/opendataswiss/category/agriculture","label":"Agriculture, forestry"}],"subthemes":[{"iri":"https://register.ld.admin.ch/foen/theme/14","label":"Forest and wood"}],"dimensions":[]},"__typename":"SearchCubeResult"},{"highlightedTitle":"Wood flow model in Switzerland","highlightedDescription":null,"cube":{"iri":"https://environment.ld.admin.ch/foen/holzfluss/2","title":"Wood flow model in Switzerland","description":null,"publicationStatus":"PUBLISHED","datePublished":"2023-09-04","creator":{"iri":"https://register.ld.admin.ch/opendataswiss/org/bundesamt-fur-umwelt-bafu","label":"Federal Office for the Environment FOEN"},"themes":[{"iri":"https://register.ld.admin.ch/opendataswiss/category/agriculture","label":"Agriculture, forestry"}],"subthemes":[{"iri":"https://register.ld.admin.ch/foen/theme/14","label":"Forest and wood"}],"dimensions":[]},"__typename":"SearchCubeResult"},{"highlightedTitle":"NFI: Topics by stage of stand development","highlightedDescription":"The National Forest Inventory (NFI) is a periodic survey of condition and development of the Swiss forest. It is produced in close cooperation between the Federal Office for the Environment (FOEN) and the Swiss Federal Institute for Forest, Snow and Landscape Research (WSL). This record contains information about: number of woody species (≥40 cm high), growing stock (stemwood), deadwood quantity, deadwood quantity per forest area, deadwood volume (merch. wood without piles of branches), lying , deadwood volume (merch. wood without piles of branches), lying  per forest area, growing stock (stemwood) per forest area, volume of dead wood, volume of dead wood per forest area, diversity of woody species, deadwood volume (merchantable wood), lying, deadwood volume (merchantable wood), lying per forest area, forest area, stem number, stem number per forest area and basal area per forest area","cube":{"iri":"https://environment.ld.admin.ch/foen/nfi/nfi_C-20/cube/2023-3","title":"NFI: Topics by stage of stand development","description":"The National Forest Inventory (NFI) is a periodic survey of condition and development of the Swiss forest. It is produced in close cooperation between the Federal Office for the Environment (FOEN) and the Swiss Federal Institute for Forest, Snow and Landscape Research (WSL). This record contains information about: number of woody species (≥40 cm high), growing stock (stemwood), deadwood quantity, deadwood quantity per forest area, deadwood volume (merch. wood without piles of branches), lying , deadwood volume (merch. wood without piles of branches), lying  per forest area, growing stock (stemwood) per forest area, volume of dead wood, volume of dead wood per forest area, diversity of woody species, deadwood volume (merchantable wood), lying, deadwood volume (merchantable wood), lying per forest area, forest area, stem number, stem number per forest area and basal area per forest area","publicationStatus":"PUBLISHED","datePublished":"2023-06-22","creator":{"iri":"https://register.ld.admin.ch/opendataswiss/org/bundesamt-fur-umwelt-bafu","label":"Federal Office for the Environment FOEN"},"themes":[{"iri":"https://register.ld.admin.ch/opendataswiss/category/agriculture","label":"Agriculture, forestry"},{"iri":"https://register.ld.admin.ch/opendataswiss/category/territory","label":"Territory and environment"}],"subthemes":[{"iri":"https://register.ld.admin.ch/foen/theme/14","label":"Forest and wood"}],"dimensions":[]},"__typename":"SearchCubeResult"},{"highlightedTitle":"NFI: Topics by degree of mixture","highlightedDescription":"The National Forest Inventory (NFI) is a periodic survey of condition and development of the Swiss forest. It is produced in close cooperation between the Federal Office for the Environment (FOEN) and the Swiss Federal Institute for Forest, Snow and Landscape Research (WSL). This record contains information about: number of woody species (≥40 cm high), growing stock (stemwood), deadwood volume (merch. wood without piles of branches), lying , deadwood volume (merch. wood without piles of branches), lying  per forest area, growing stock (stemwood) per forest area, volume of dead wood, volume of dead wood per forest area, diversity of woody species, deadwood volume (merchantable wood), lying, deadwood volume (merchantable wood), lying per forest area and forest area","cube":{"iri":"https://environment.ld.admin.ch/foen/nfi/nfi_C-22/cube/2023-3","title":"NFI: Topics by degree of mixture","description":"The National Forest Inventory (NFI) is a periodic survey of condition and development of the Swiss forest. It is produced in close cooperation between the Federal Office for the Environment (FOEN) and the Swiss Federal Institute for Forest, Snow and Landscape Research (WSL). This record contains information about: number of woody species (≥40 cm high), growing stock (stemwood), deadwood volume (merch. wood without piles of branches), lying , deadwood volume (merch. wood without piles of branches), lying  per forest area, growing stock (stemwood) per forest area, volume of dead wood, volume of dead wood per forest area, diversity of woody species, deadwood volume (merchantable wood), lying, deadwood volume (merchantable wood), lying per forest area and forest area","publicationStatus":"PUBLISHED","datePublished":"2023-06-22","creator":{"iri":"https://register.ld.admin.ch/opendataswiss/org/bundesamt-fur-umwelt-bafu","label":"Federal Office for the Environment FOEN"},"themes":[{"iri":"https://register.ld.admin.ch/opendataswiss/category/agriculture","label":"Agriculture, forestry"},{"iri":"https://register.ld.admin.ch/opendataswiss/category/territory","label":"Territory and environment"}],"subthemes":[{"iri":"https://register.ld.admin.ch/foen/theme/14","label":"Forest and wood"}],"dimensions":[]},"__typename":"SearchCubeResult"},{"highlightedTitle":"NFI: Topics by main tree species","highlightedDescription":"The National Forest Inventory (NFI) is a periodic survey of condition and development of the Swiss forest. It is produced in close cooperation between the Federal Office for the Environment (FOEN) and the Swiss Federal Institute for Forest, Snow and Landscape Research (WSL). This record contains information about: number of deadwood stems, number of deadwood stems per forest area, basal area of deadwood per forest area, biomass of living trees, biomass of living trees per forest area, growing stock (stemwood), growing stock (stemwood) per forest area, total wood volume (stemwood), total wood volume (stemwood) per forest area, volume of deadwood (stemwood), volume of deadwood (stemwood) per forest area, total basal area per forest area, total number of stems, total number of stems per forest area, stem number, stem number per forest area and basal area per forest area","cube":{"iri":"https://environment.ld.admin.ch/foen/nfi/nfi_C-90/cube/2023-3","title":"NFI: Topics by main tree species","description":"The National Forest Inventory (NFI) is a periodic survey of condition and development of the Swiss forest. It is produced in close cooperation between the Federal Office for the Environment (FOEN) and the Swiss Federal Institute for Forest, Snow and Landscape Research (WSL). This record contains information about: number of deadwood stems, number of deadwood stems per forest area, basal area of deadwood per forest area, biomass of living trees, biomass of living trees per forest area, growing stock (stemwood), growing stock (stemwood) per forest area, total wood volume (stemwood), total wood volume (stemwood) per forest area, volume of deadwood (stemwood), volume of deadwood (stemwood) per forest area, total basal area per forest area, total number of stems, total number of stems per forest area, stem number, stem number per forest area and basal area per forest area","publicationStatus":"PUBLISHED","datePublished":"2023-06-22","creator":{"iri":"https://register.ld.admin.ch/opendataswiss/org/bundesamt-fur-umwelt-bafu","label":"Federal Office for the Environment FOEN"},"themes":[{"iri":"https://register.ld.admin.ch/opendataswiss/category/territory","label":"Territory and environment"},{"iri":"https://register.ld.admin.ch/opendataswiss/category/agriculture","label":"Agriculture, forestry"}],"subthemes":[{"iri":"https://register.ld.admin.ch/foen/theme/14","label":"Forest and wood"}],"dimensions":[]},"__typename":"SearchCubeResult"},{"highlightedTitle":"NFI: Topics by tree status","highlightedDescription":"The National Forest Inventory (NFI) is a periodic survey of condition and development of the Swiss forest. It is produced in close cooperation between the Federal Office for the Environment (FOEN) and the Swiss Federal Institute for Forest, Snow and Landscape Research (WSL). This record contains information about: total wood volume (stemwood), total wood volume (stemwood) per forest area, total stem number and total stem number per forest area","cube":{"iri":"https://environment.ld.admin.ch/foen/nfi/nfi_C-98/cube/2023-3","title":"NFI: Topics by tree status","description":"The National Forest Inventory (NFI) is a periodic survey of condition and development of the Swiss forest. It is produced in close cooperation between the Federal Office for the Environment (FOEN) and the Swiss Federal Institute for Forest, Snow and Landscape Research (WSL). This record contains information about: total wood volume (stemwood), total wood volume (stemwood) per forest area, total stem number and total stem number per forest area","publicationStatus":"PUBLISHED","datePublished":"2023-06-22","creator":{"iri":"https://register.ld.admin.ch/opendataswiss/org/bundesamt-fur-umwelt-bafu","label":"Federal Office for the Environment FOEN"},"themes":[{"iri":"https://register.ld.admin.ch/opendataswiss/category/territory","label":"Territory and environment"},{"iri":"https://register.ld.admin.ch/opendataswiss/category/agriculture","label":"Agriculture, forestry"}],"subthemes":[{"iri":"https://register.ld.admin.ch/foen/theme/14","label":"Forest and wood"}],"dimensions":[]},"__typename":"SearchCubeResult"},{"highlightedTitle":"NFI: Topics by forest type and stage of development","highlightedDescription":"The National Forest Inventory (NFI) is a periodic survey of condition and development of the Swiss forest. It is produced in close cooperation between the Federal Office for the Environment (FOEN) and the Swiss Federal Institute for Forest, Snow and Landscape Research (WSL). This record contains information about: growing stock (stemwood), growing stock (stemwood) per forest area, forest area, stem number, stem number per forest area and basal area per forest area","cube":{"iri":"https://environment.ld.admin.ch/foen/nfi/nfi_C-501/cube/2023-3","title":"NFI: Topics by forest type and stage of development","description":"The National Forest Inventory (NFI) is a periodic survey of condition and development of the Swiss forest. It is produced in close cooperation between the Federal Office for the Environment (FOEN) and the Swiss Federal Institute for Forest, Snow and Landscape Research (WSL). This record contains information about: growing stock (stemwood), growing stock (stemwood) per forest area, forest area, stem number, stem number per forest area and basal area per forest area","publicationStatus":"PUBLISHED","datePublished":"2023-06-22","creator":{"iri":"https://register.ld.admin.ch/opendataswiss/org/bundesamt-fur-umwelt-bafu","label":"Federal Office for the Environment FOEN"},"themes":[{"iri":"https://register.ld.admin.ch/opendataswiss/category/territory","label":"Territory and environment"},{"iri":"https://register.ld.admin.ch/opendataswiss/category/agriculture","label":"Agriculture, forestry"}],"subthemes":[{"iri":"https://register.ld.admin.ch/foen/theme/14","label":"Forest and wood"}],"dimensions":[]},"__typename":"SearchCubeResult"},{"highlightedTitle":"NFI: Topics by degree of damage","highlightedDescription":"The National Forest Inventory (NFI) is a periodic survey of condition and development of the Swiss forest. It is produced in close cooperation between the Federal Office for the Environment (FOEN) and the Swiss Federal Institute for Forest, Snow and Landscape Research (WSL). This record contains information about: total stem number and total stem number per forest area","cube":{"iri":"https://environment.ld.admin.ch/foen/nfi/nfi_C-593/cube/2023-3","title":"NFI: Topics by degree of damage","description":"The National Forest Inventory (NFI) is a periodic survey of condition and development of the Swiss forest. It is produced in close cooperation between the Federal Office for the Environment (FOEN) and the Swiss Federal Institute for Forest, Snow and Landscape Research (WSL). This record contains information about: total stem number and total stem number per forest area","publicationStatus":"PUBLISHED","datePublished":"2023-06-22","creator":{"iri":"https://register.ld.admin.ch/opendataswiss/org/bundesamt-fur-umwelt-bafu","label":"Federal Office for the Environment FOEN"},"themes":[{"iri":"https://register.ld.admin.ch/opendataswiss/category/agriculture","label":"Agriculture, forestry"},{"iri":"https://register.ld.admin.ch/opendataswiss/category/territory","label":"Territory and environment"}],"subthemes":[{"iri":"https://register.ld.admin.ch/foen/theme/14","label":"Forest and wood"}],"dimensions":[]},"__typename":"SearchCubeResult"},{"highlightedTitle":"NFI: Topics by number of damages","highlightedDescription":"The National Forest Inventory (NFI) is a periodic survey of condition and development of the Swiss forest. It is produced in close cooperation between the Federal Office for the Environment (FOEN) and the Swiss Federal Institute for Forest, Snow and Landscape Research (WSL). This record contains information about: total stem number, total stem number per forest area, stem number and stem number per forest area","cube":{"iri":"https://environment.ld.admin.ch/foen/nfi/nfi_C-653/cube/2023-3","title":"NFI: Topics by number of damages","description":"The National Forest Inventory (NFI) is a periodic survey of condition and development of the Swiss forest. It is produced in close cooperation between the Federal Office for the Environment (FOEN) and the Swiss Federal Institute for Forest, Snow and Landscape Research (WSL). This record contains information about: total stem number, total stem number per forest area, stem number and stem number per forest area","publicationStatus":"PUBLISHED","datePublished":"2023-06-22","creator":{"iri":"https://register.ld.admin.ch/opendataswiss/org/bundesamt-fur-umwelt-bafu","label":"Federal Office for the Environment FOEN"},"themes":[{"iri":"https://register.ld.admin.ch/opendataswiss/category/agriculture","label":"Agriculture, forestry"},{"iri":"https://register.ld.admin.ch/opendataswiss/category/territory","label":"Territory and environment"}],"subthemes":[{"iri":"https://register.ld.admin.ch/foen/theme/14","label":"Forest and wood"}],"dimensions":[]},"__typename":"SearchCubeResult"},{"highlightedTitle":"NFI: Topics by time of last treatment","highlightedDescription":"The National Forest Inventory (NFI) is a periodic survey of condition and development of the Swiss forest. It is produced in close cooperation between the Federal Office for the Environment (FOEN) and the Swiss Federal Institute for Forest, Snow and Landscape Research (WSL). This record contains information about: volume of deadwood (stemwood) and volume of deadwood (stemwood) per forest area","cube":{"iri":"https://environment.ld.admin.ch/foen/nfi/nfi_C-711/cube/2023-3","title":"NFI: Topics by time of last treatment","description":"The National Forest Inventory (NFI) is a periodic survey of condition and development of the Swiss forest. It is produced in close cooperation between the Federal Office for the Environment (FOEN) and the Swiss Federal Institute for Forest, Snow and Landscape Research (WSL). This record contains information about: volume of deadwood (stemwood) and volume of deadwood (stemwood) per forest area","publicationStatus":"PUBLISHED","datePublished":"2023-06-22","creator":{"iri":"https://register.ld.admin.ch/opendataswiss/org/bundesamt-fur-umwelt-bafu","label":"Federal Office for the Environment FOEN"},"themes":[{"iri":"https://register.ld.admin.ch/opendataswiss/category/agriculture","label":"Agriculture, forestry"},{"iri":"https://register.ld.admin.ch/opendataswiss/category/territory","label":"Territory and environment"}],"subthemes":[{"iri":"https://register.ld.admin.ch/foen/theme/14","label":"Forest and wood"}],"dimensions":[]},"__typename":"SearchCubeResult"},{"highlightedTitle":"NFI: Topics by site quality","highlightedDescription":"The National Forest Inventory (NFI) is a periodic survey of condition and development of the Swiss forest. It is produced in close cooperation between the Federal Office for the Environment (FOEN) and the Swiss Federal Institute for Forest, Snow and Landscape Research (WSL). This record contains information about: growing stock (stemwood), growing stock (stemwood) per forest area, forest area and basal area per forest area","cube":{"iri":"https://environment.ld.admin.ch/foen/nfi/nfi_C-894/cube/2023-3","title":"NFI: Topics by site quality","description":"The National Forest Inventory (NFI) is a periodic survey of condition and development of the Swiss forest. It is produced in close cooperation between the Federal Office for the Environment (FOEN) and the Swiss Federal Institute for Forest, Snow and Landscape Research (WSL). This record contains information about: growing stock (stemwood), growing stock (stemwood) per forest area, forest area and basal area per forest area","publicationStatus":"PUBLISHED","datePublished":"2023-06-22","creator":{"iri":"https://register.ld.admin.ch/opendataswiss/org/bundesamt-fur-umwelt-bafu","label":"Federal Office for the Environment FOEN"},"themes":[{"iri":"https://register.ld.admin.ch/opendataswiss/category/agriculture","label":"Agriculture, forestry"},{"iri":"https://register.ld.admin.ch/opendataswiss/category/territory","label":"Territory and environment"}],"subthemes":[{"iri":"https://register.ld.admin.ch/foen/theme/14","label":"Forest and wood"}],"dimensions":[]},"__typename":"SearchCubeResult"},{"highlightedTitle":"NFI: Topics by forest type (12 classes)","highlightedDescription":"The National Forest Inventory (NFI) is a periodic survey of condition and development of the Swiss forest. It is produced in close cooperation between the Federal Office for the Environment (FOEN) and the Swiss Federal Institute for Forest, Snow and Landscape Research (WSL). This record contains information about: growing stock (stemwood), deadwood quantity, deadwood quantity per forest area, growing stock (stemwood) per forest area, deadwood volume of stumps, deadwood volume of stumps per forest area, biomass of the stump, biomass of the stump per forest area, forest area, stem number, stem number per forest area and basal area per forest area","cube":{"iri":"https://environment.ld.admin.ch/foen/nfi/nfi_C-898/cube/2023-3","title":"NFI: Topics by forest type (12 classes)","description":"The National Forest Inventory (NFI) is a periodic survey of condition and development of the Swiss forest. It is produced in close cooperation between the Federal Office for the Environment (FOEN) and the Swiss Federal Institute for Forest, Snow and Landscape Research (WSL). This record contains information about: growing stock (stemwood), deadwood quantity, deadwood quantity per forest area, growing stock (stemwood) per forest area, deadwood volume of stumps, deadwood volume of stumps per forest area, biomass of the stump, biomass of the stump per forest area, forest area, stem number, stem number per forest area and basal area per forest area","publicationStatus":"PUBLISHED","datePublished":"2023-06-22","creator":{"iri":"https://register.ld.admin.ch/opendataswiss/org/bundesamt-fur-umwelt-bafu","label":"Federal Office for the Environment FOEN"},"themes":[{"iri":"https://register.ld.admin.ch/opendataswiss/category/agriculture","label":"Agriculture, forestry"},{"iri":"https://register.ld.admin.ch/opendataswiss/category/territory","label":"Territory and environment"}],"subthemes":[{"iri":"https://register.ld.admin.ch/foen/theme/14","label":"Forest and wood"}],"dimensions":[]},"__typename":"SearchCubeResult"},{"highlightedTitle":"NFI: Topics by diameter classes","highlightedDescription":"The National Forest Inventory (NFI) is a periodic survey of condition and development of the Swiss forest. It is produced in close cooperation between the Federal Office for the Environment (FOEN) and the Swiss Federal Institute for Forest, Snow and Landscape Research (WSL). This record contains information about: growing stock (stemwood), growing stock (stemwood) per forest area, stem number, stem number per forest area and basal area per forest area","cube":{"iri":"https://environment.ld.admin.ch/foen/nfi/nfi_C-1029/cube/2023-3","title":"NFI: Topics by diameter classes","description":"The National Forest Inventory (NFI) is a periodic survey of condition and development of the Swiss forest. It is produced in close cooperation between the Federal Office for the Environment (FOEN) and the Swiss Federal Institute for Forest, Snow and Landscape Research (WSL). This record contains information about: growing stock (stemwood), growing stock (stemwood) per forest area, stem number, stem number per forest area and basal area per forest area","publicationStatus":"PUBLISHED","datePublished":"2023-06-22","creator":{"iri":"https://register.ld.admin.ch/opendataswiss/org/bundesamt-fur-umwelt-bafu","label":"Federal Office for the Environment FOEN"},"themes":[{"iri":"https://register.ld.admin.ch/opendataswiss/category/territory","label":"Territory and environment"},{"iri":"https://register.ld.admin.ch/opendataswiss/category/agriculture","label":"Agriculture, forestry"}],"subthemes":[{"iri":"https://register.ld.admin.ch/foen/theme/14","label":"Forest and wood"}],"dimensions":[]},"__typename":"SearchCubeResult"},{"highlightedTitle":"NFI: Topics by diameter at breast height (4 cm classes)","highlightedDescription":"The National Forest Inventory (NFI) is a periodic survey of condition and development of the Swiss forest. It is produced in close cooperation between the Federal Office for the Environment (FOEN) and the Swiss Federal Institute for Forest, Snow and Landscape Research (WSL). This record contains information about: number of stems and number of stems per forest area","cube":{"iri":"https://environment.ld.admin.ch/foen/nfi/nfi_C-1030/cube/2023-3","title":"NFI: Topics by diameter at breast height (4 cm classes)","description":"The National Forest Inventory (NFI) is a periodic survey of condition and development of the Swiss forest. It is produced in close cooperation between the Federal Office for the Environment (FOEN) and the Swiss Federal Institute for Forest, Snow and Landscape Research (WSL). This record contains information about: number of stems and number of stems per forest area","publicationStatus":"PUBLISHED","datePublished":"2023-06-22","creator":{"iri":"https://register.ld.admin.ch/opendataswiss/org/bundesamt-fur-umwelt-bafu","label":"Federal Office for the Environment FOEN"},"themes":[{"iri":"https://register.ld.admin.ch/opendataswiss/category/agriculture","label":"Agriculture, forestry"},{"iri":"https://register.ld.admin.ch/opendataswiss/category/territory","label":"Territory and environment"}],"subthemes":[{"iri":"https://register.ld.admin.ch/foen/theme/14","label":"Forest and wood"}],"dimensions":[]},"__typename":"SearchCubeResult"},{"highlightedTitle":"NFI: Topics by exposition (8 classes)","highlightedDescription":"The National Forest Inventory (NFI) is a periodic survey of condition and development of the Swiss forest. It is produced in close cooperation between the Federal Office for the Environment (FOEN) and the Swiss Federal Institute for Forest, Snow and Landscape Research (WSL). This record contains information about: growing stock (stemwood), growing stock (stemwood) per forest area, forest area and basal area per forest area","cube":{"iri":"https://environment.ld.admin.ch/foen/nfi/nfi_C-1034/cube/2023-3","title":"NFI: Topics by exposition (8 classes)","description":"The National Forest Inventory (NFI) is a periodic survey of condition and development of the Swiss forest. It is produced in close cooperation between the Federal Office for the Environment (FOEN) and the Swiss Federal Institute for Forest, Snow and Landscape Research (WSL). This record contains information about: growing stock (stemwood), growing stock (stemwood) per forest area, forest area and basal area per forest area","publicationStatus":"PUBLISHED","datePublished":"2023-06-22","creator":{"iri":"https://register.ld.admin.ch/opendataswiss/org/bundesamt-fur-umwelt-bafu","label":"Federal Office for the Environment FOEN"},"themes":[{"iri":"https://register.ld.admin.ch/opendataswiss/category/agriculture","label":"Agriculture, forestry"},{"iri":"https://register.ld.admin.ch/opendataswiss/category/territory","label":"Territory and environment"}],"subthemes":[{"iri":"https://register.ld.admin.ch/foen/theme/14","label":"Forest and wood"}],"dimensions":[]},"__typename":"SearchCubeResult"},{"highlightedTitle":"NFI: Topics by tree species (5 classes)","highlightedDescription":"The National Forest Inventory (NFI) is a periodic survey of condition and development of the Swiss forest. It is produced in close cooperation between the Federal Office for the Environment (FOEN) and the Swiss Federal Institute for Forest, Snow and Landscape Research (WSL). This record contains information about: growing stock (stemwood), growing stock (stemwood) per forest area, total wood volume (stemwood), total wood volume (stemwood) per forest area, volume of deadwood (stemwood), volume of deadwood (stemwood) per forest area, total basal area per forest area, total number of stems, total number of stems per forest area, stem number, stem number per forest area and basal area per forest area","cube":{"iri":"https://environment.ld.admin.ch/foen/nfi/nfi_C-1157/cube/2023-3","title":"NFI: Topics by tree species (5 classes)","description":"The National Forest Inventory (NFI) is a periodic survey of condition and development of the Swiss forest. It is produced in close cooperation between the Federal Office for the Environment (FOEN) and the Swiss Federal Institute for Forest, Snow and Landscape Research (WSL). This record contains information about: growing stock (stemwood), growing stock (stemwood) per forest area, total wood volume (stemwood), total wood volume (stemwood) per forest area, volume of deadwood (stemwood), volume of deadwood (stemwood) per forest area, total basal area per forest area, total number of stems, total number of stems per forest area, stem number, stem number per forest area and basal area per forest area","publicationStatus":"PUBLISHED","datePublished":"2023-06-22","creator":{"iri":"https://register.ld.admin.ch/opendataswiss/org/bundesamt-fur-umwelt-bafu","label":"Federal Office for the Environment FOEN"},"themes":[{"iri":"https://register.ld.admin.ch/opendataswiss/category/territory","label":"Territory and environment"},{"iri":"https://register.ld.admin.ch/opendataswiss/category/agriculture","label":"Agriculture, forestry"}],"subthemes":[{"iri":"https://register.ld.admin.ch/foen/theme/14","label":"Forest and wood"}],"dimensions":[]},"__typename":"SearchCubeResult"},{"highlightedTitle":"NFI: Topics by tree state (alive/dead)","highlightedDescription":"The National Forest Inventory (NFI) is a periodic survey of condition and development of the Swiss forest. It is produced in close cooperation between the Federal Office for the Environment (FOEN) and the Swiss Federal Institute for Forest, Snow and Landscape Research (WSL). This record contains information about: total wood volume (stemwood), total wood volume (stemwood) per forest area, total stem number and total stem number per forest area","cube":{"iri":"https://environment.ld.admin.ch/foen/nfi/nfi_C-1265/cube/2023-3","title":"NFI: Topics by tree state (alive/dead)","description":"The National Forest Inventory (NFI) is a periodic survey of condition and development of the Swiss forest. It is produced in close cooperation between the Federal Office for the Environment (FOEN) and the Swiss Federal Institute for Forest, Snow and Landscape Research (WSL). This record contains information about: total wood volume (stemwood), total wood volume (stemwood) per forest area, total stem number and total stem number per forest area","publicationStatus":"PUBLISHED","datePublished":"2023-06-22","creator":{"iri":"https://register.ld.admin.ch/opendataswiss/org/bundesamt-fur-umwelt-bafu","label":"Federal Office for the Environment FOEN"},"themes":[{"iri":"https://register.ld.admin.ch/opendataswiss/category/agriculture","label":"Agriculture, forestry"},{"iri":"https://register.ld.admin.ch/opendataswiss/category/territory","label":"Territory and environment"}],"subthemes":[{"iri":"https://register.ld.admin.ch/foen/theme/14","label":"Forest and wood"}],"dimensions":[]},"__typename":"SearchCubeResult"},{"highlightedTitle":"NFI: Topics by tree state (standing/lying)","highlightedDescription":"The National Forest Inventory (NFI) is a periodic survey of condition and development of the Swiss forest. It is produced in close cooperation between the Federal Office for the Environment (FOEN) and the Swiss Federal Institute for Forest, Snow and Landscape Research (WSL). This record contains information about: basal area of deadwood per forest area, volume of dead wood and volume of dead wood per forest area","cube":{"iri":"https://environment.ld.admin.ch/foen/nfi/nfi_C-1266/cube/2023-3","title":"NFI: Topics by tree state (standing/lying)","description":"The National Forest Inventory (NFI) is a periodic survey of condition and development of the Swiss forest. It is produced in close cooperation between the Federal Office for the Environment (FOEN) and the Swiss Federal Institute for Forest, Snow and Landscape Research (WSL). This record contains information about: basal area of deadwood per forest area, volume of dead wood and volume of dead wood per forest area","publicationStatus":"PUBLISHED","datePublished":"2023-06-22","creator":{"iri":"https://register.ld.admin.ch/opendataswiss/org/bundesamt-fur-umwelt-bafu","label":"Federal Office for the Environment FOEN"},"themes":[{"iri":"https://register.ld.admin.ch/opendataswiss/category/territory","label":"Territory and environment"},{"iri":"https://register.ld.admin.ch/opendataswiss/category/agriculture","label":"Agriculture, forestry"}],"subthemes":[{"iri":"https://register.ld.admin.ch/foen/theme/14","label":"Forest and wood"}],"dimensions":[]},"__typename":"SearchCubeResult"},{"highlightedTitle":"NFI: Topics by giants","highlightedDescription":"The National Forest Inventory (NFI) is a periodic survey of condition and development of the Swiss forest. It is produced in close cooperation between the Federal Office for the Environment (FOEN) and the Swiss Federal Institute for Forest, Snow and Landscape Research (WSL). This record contains information about: total stem number, total stem number per forest area, stem number and stem number per forest area","cube":{"iri":"https://environment.ld.admin.ch/foen/nfi/nfi_C-1282/cube/2023-3","title":"NFI: Topics by giants","description":"The National Forest Inventory (NFI) is a periodic survey of condition and development of the Swiss forest. It is produced in close cooperation between the Federal Office for the Environment (FOEN) and the Swiss Federal Institute for Forest, Snow and Landscape Research (WSL). This record contains information about: total stem number, total stem number per forest area, stem number and stem number per forest area","publicationStatus":"PUBLISHED","datePublished":"2023-06-22","creator":{"iri":"https://register.ld.admin.ch/opendataswiss/org/bundesamt-fur-umwelt-bafu","label":"Federal Office for the Environment FOEN"},"themes":[{"iri":"https://register.ld.admin.ch/opendataswiss/category/territory","label":"Territory and environment"},{"iri":"https://register.ld.admin.ch/opendataswiss/category/agriculture","label":"Agriculture, forestry"}],"subthemes":[{"iri":"https://register.ld.admin.ch/foen/theme/14","label":"Forest and wood"}],"dimensions":[]},"__typename":"SearchCubeResult"},{"highlightedTitle":"NFI: Topics by extent of areal damage (10 classes)","highlightedDescription":"The National Forest Inventory (NFI) is a periodic survey of condition and development of the Swiss forest. It is produced in close cooperation between the Federal Office for the Environment (FOEN) and the Swiss Federal Institute for Forest, Snow and Landscape Research (WSL). This record contains information about: basal area of deadwood per forest area, volume of dead wood and volume of dead wood per forest area","cube":{"iri":"https://environment.ld.admin.ch/foen/nfi/nfi_C-1310/cube/2023-3","title":"NFI: Topics by extent of areal damage (10 classes)","description":"The National Forest Inventory (NFI) is a periodic survey of condition and development of the Swiss forest. It is produced in close cooperation between the Federal Office for the Environment (FOEN) and the Swiss Federal Institute for Forest, Snow and Landscape Research (WSL). This record contains information about: basal area of deadwood per forest area, volume of dead wood and volume of dead wood per forest area","publicationStatus":"PUBLISHED","datePublished":"2023-06-22","creator":{"iri":"https://register.ld.admin.ch/opendataswiss/org/bundesamt-fur-umwelt-bafu","label":"Federal Office for the Environment FOEN"},"themes":[{"iri":"https://register.ld.admin.ch/opendataswiss/category/territory","label":"Territory and environment"},{"iri":"https://register.ld.admin.ch/opendataswiss/category/agriculture","label":"Agriculture, forestry"}],"subthemes":[{"iri":"https://register.ld.admin.ch/foen/theme/14","label":"Forest and wood"}],"dimensions":[]},"__typename":"SearchCubeResult"},{"highlightedTitle":"NFI: Topics by dominant diameter (class size 10cm)","highlightedDescription":"The National Forest Inventory (NFI) is a periodic survey of condition and development of the Swiss forest. It is produced in close cooperation between the Federal Office for the Environment (FOEN) and the Swiss Federal Institute for Forest, Snow and Landscape Research (WSL). This record contains information about: forest area and basal area per forest area","cube":{"iri":"https://environment.ld.admin.ch/foen/nfi/nfi_C-1316/cube/2023-3","title":"NFI: Topics by dominant diameter (class size 10cm)","description":"The National Forest Inventory (NFI) is a periodic survey of condition and development of the Swiss forest. It is produced in close cooperation between the Federal Office for the Environment (FOEN) and the Swiss Federal Institute for Forest, Snow and Landscape Research (WSL). This record contains information about: forest area and basal area per forest area","publicationStatus":"PUBLISHED","datePublished":"2023-06-22","creator":{"iri":"https://register.ld.admin.ch/opendataswiss/org/bundesamt-fur-umwelt-bafu","label":"Federal Office for the Environment FOEN"},"themes":[{"iri":"https://register.ld.admin.ch/opendataswiss/category/territory","label":"Territory and environment"},{"iri":"https://register.ld.admin.ch/opendataswiss/category/agriculture","label":"Agriculture, forestry"}],"subthemes":[{"iri":"https://register.ld.admin.ch/foen/theme/14","label":"Forest and wood"}],"dimensions":[]},"__typename":"SearchCubeResult"},{"highlightedTitle":"NFI: Topics by diameter (class size 10 cm)","highlightedDescription":"The National Forest Inventory (NFI) is a periodic survey of condition and development of the Swiss forest. It is produced in close cooperation between the Federal Office for the Environment (FOEN) and the Swiss Federal Institute for Forest, Snow and Landscape Research (WSL). This record contains information about: growing stock (stemwood), growing stock (stemwood) per forest area, volume of dead wood, volume of dead wood per forest area, stem number and stem number per forest area","cube":{"iri":"https://environment.ld.admin.ch/foen/nfi/nfi_C-1317/cube/2023-3","title":"NFI: Topics by diameter (class size 10 cm)","description":"The National Forest Inventory (NFI) is a periodic survey of condition and development of the Swiss forest. It is produced in close cooperation between the Federal Office for the Environment (FOEN) and the Swiss Federal Institute for Forest, Snow and Landscape Research (WSL). This record contains information about: growing stock (stemwood), growing stock (stemwood) per forest area, volume of dead wood, volume of dead wood per forest area, stem number and stem number per forest area","publicationStatus":"PUBLISHED","datePublished":"2023-06-22","creator":{"iri":"https://register.ld.admin.ch/opendataswiss/org/bundesamt-fur-umwelt-bafu","label":"Federal Office for the Environment FOEN"},"themes":[{"iri":"https://register.ld.admin.ch/opendataswiss/category/territory","label":"Territory and environment"},{"iri":"https://register.ld.admin.ch/opendataswiss/category/agriculture","label":"Agriculture, forestry"}],"subthemes":[{"iri":"https://register.ld.admin.ch/foen/theme/14","label":"Forest and wood"}],"dimensions":[]},"__typename":"SearchCubeResult"},{"highlightedTitle":"NFI: Topics by length of lying dead sample tree (6 classes)","highlightedDescription":"The National Forest Inventory (NFI) is a periodic survey of condition and development of the Swiss forest. It is produced in close cooperation between the Federal Office for the Environment (FOEN) and the Swiss Federal Institute for Forest, Snow and Landscape Research (WSL). This record contains information about: number of deadwood stems and number of deadwood stems per forest area","cube":{"iri":"https://environment.ld.admin.ch/foen/nfi/nfi_C-1335/cube/2023-3","title":"NFI: Topics by length of lying dead sample tree (6 classes)","description":"The National Forest Inventory (NFI) is a periodic survey of condition and development of the Swiss forest. It is produced in close cooperation between the Federal Office for the Environment (FOEN) and the Swiss Federal Institute for Forest, Snow and Landscape Research (WSL). This record contains information about: number of deadwood stems and number of deadwood stems per forest area","publicationStatus":"PUBLISHED","datePublished":"2023-06-22","creator":{"iri":"https://register.ld.admin.ch/opendataswiss/org/bundesamt-fur-umwelt-bafu","label":"Federal Office for the Environment FOEN"},"themes":[{"iri":"https://register.ld.admin.ch/opendataswiss/category/agriculture","label":"Agriculture, forestry"},{"iri":"https://register.ld.admin.ch/opendataswiss/category/territory","label":"Territory and environment"}],"subthemes":[{"iri":"https://register.ld.admin.ch/foen/theme/14","label":"Forest and wood"}],"dimensions":[]},"__typename":"SearchCubeResult"},{"highlightedTitle":"NFI: Topics by stem height of broken snags (6 classes)","highlightedDescription":"The National Forest Inventory (NFI) is a periodic survey of condition and development of the Swiss forest. It is produced in close cooperation between the Federal Office for the Environment (FOEN) and the Swiss Federal Institute for Forest, Snow and Landscape Research (WSL). This record contains information about: number of deadwood stems and number of deadwood stems per forest area","cube":{"iri":"https://environment.ld.admin.ch/foen/nfi/nfi_C-1805/cube/2023-3","title":"NFI: Topics by stem height of broken snags (6 classes)","description":"The National Forest Inventory (NFI) is a periodic survey of condition and development of the Swiss forest. It is produced in close cooperation between the Federal Office for the Environment (FOEN) and the Swiss Federal Institute for Forest, Snow and Landscape Research (WSL). This record contains information about: number of deadwood stems and number of deadwood stems per forest area","publicationStatus":"PUBLISHED","datePublished":"2023-06-22","creator":{"iri":"https://register.ld.admin.ch/opendataswiss/org/bundesamt-fur-umwelt-bafu","label":"Federal Office for the Environment FOEN"},"themes":[{"iri":"https://register.ld.admin.ch/opendataswiss/category/territory","label":"Territory and environment"},{"iri":"https://register.ld.admin.ch/opendataswiss/category/agriculture","label":"Agriculture, forestry"}],"subthemes":[{"iri":"https://register.ld.admin.ch/foen/theme/14","label":"Forest and wood"}],"dimensions":[]},"__typename":"SearchCubeResult"},{"highlightedTitle":"NFI: Topics by tree age (classes of 40 years)","highlightedDescription":"The National Forest Inventory (NFI) is a periodic survey of condition and development of the Swiss forest. It is produced in close cooperation between the Federal Office for the Environment (FOEN) and the Swiss Federal Institute for Forest, Snow and Landscape Research (WSL). This record contains information about: stem number and stem number per forest area","cube":{"iri":"https://environment.ld.admin.ch/foen/nfi/nfi_C-2171/cube/2023-3","title":"NFI: Topics by tree age (classes of 40 years)","description":"The National Forest Inventory (NFI) is a periodic survey of condition and development of the Swiss forest. It is produced in close cooperation between the Federal Office for the Environment (FOEN) and the Swiss Federal Institute for Forest, Snow and Landscape Research (WSL). This record contains information about: stem number and stem number per forest area","publicationStatus":"PUBLISHED","datePublished":"2023-06-22","creator":{"iri":"https://register.ld.admin.ch/opendataswiss/org/bundesamt-fur-umwelt-bafu","label":"Federal Office for the Environment FOEN"},"themes":[{"iri":"https://register.ld.admin.ch/opendataswiss/category/territory","label":"Territory and environment"},{"iri":"https://register.ld.admin.ch/opendataswiss/category/agriculture","label":"Agriculture, forestry"}],"subthemes":[{"iri":"https://register.ld.admin.ch/foen/theme/14","label":"Forest and wood"}],"dimensions":[]},"__typename":"SearchCubeResult"},{"highlightedTitle":"NFI: Topics by tree species (56 classes)","highlightedDescription":"The National Forest Inventory (NFI) is a periodic survey of condition and development of the Swiss forest. It is produced in close cooperation between the Federal Office for the Environment (FOEN) and the Swiss Federal Institute for Forest, Snow and Landscape Research (WSL). This record contains information about: growing stock (stemwood), growing stock (stemwood) per forest area, stem number, stem number per forest area and basal area per forest area","cube":{"iri":"https://environment.ld.admin.ch/foen/nfi/nfi_C-2207/cube/2023-3","title":"NFI: Topics by tree species (56 classes)","description":"The National Forest Inventory (NFI) is a periodic survey of condition and development of the Swiss forest. It is produced in close cooperation between the Federal Office for the Environment (FOEN) and the Swiss Federal Institute for Forest, Snow and Landscape Research (WSL). This record contains information about: growing stock (stemwood), growing stock (stemwood) per forest area, stem number, stem number per forest area and basal area per forest area","publicationStatus":"PUBLISHED","datePublished":"2023-06-22","creator":{"iri":"https://register.ld.admin.ch/opendataswiss/org/bundesamt-fur-umwelt-bafu","label":"Federal Office for the Environment FOEN"},"themes":[{"iri":"https://register.ld.admin.ch/opendataswiss/category/agriculture","label":"Agriculture, forestry"},{"iri":"https://register.ld.admin.ch/opendataswiss/category/territory","label":"Territory and environment"}],"subthemes":[{"iri":"https://register.ld.admin.ch/foen/theme/14","label":"Forest and wood"}],"dimensions":[]},"__typename":"SearchCubeResult"},{"highlightedTitle":"NFI: Topics by introduced tree species (tree neophytes; 3 classes; from NFI1)","highlightedDescription":"The National Forest Inventory (NFI) is a periodic survey of condition and development of the Swiss forest. It is produced in close cooperation between the Federal Office for the Environment (FOEN) and the Swiss Federal Institute for Forest, Snow and Landscape Research (WSL). This record contains information about: number of stems and number of stems per forest area","cube":{"iri":"https://environment.ld.admin.ch/foen/nfi/nfi_C-2599/cube/2023-3","title":"NFI: Topics by introduced tree species (tree neophytes; 3 classes; from NFI1)","description":"The National Forest Inventory (NFI) is a periodic survey of condition and development of the Swiss forest. It is produced in close cooperation between the Federal Office for the Environment (FOEN) and the Swiss Federal Institute for Forest, Snow and Landscape Research (WSL). This record contains information about: number of stems and number of stems per forest area","publicationStatus":"PUBLISHED","datePublished":"2023-06-22","creator":{"iri":"https://register.ld.admin.ch/opendataswiss/org/bundesamt-fur-umwelt-bafu","label":"Federal Office for the Environment FOEN"},"themes":[{"iri":"https://register.ld.admin.ch/opendataswiss/category/territory","label":"Territory and environment"},{"iri":"https://register.ld.admin.ch/opendataswiss/category/agriculture","label":"Agriculture, forestry"}],"subthemes":[{"iri":"https://register.ld.admin.ch/foen/theme/14","label":"Forest and wood"}],"dimensions":[]},"__typename":"SearchCubeResult"},{"highlightedTitle":"NFI: Topics by introduced tree species (tree neophytes; 8 classes)","highlightedDescription":"The National Forest Inventory (NFI) is a periodic survey of condition and development of the Swiss forest. It is produced in close cooperation between the Federal Office for the Environment (FOEN) and the Swiss Federal Institute for Forest, Snow and Landscape Research (WSL). This record contains information about: number of stems and number of stems per forest area","cube":{"iri":"https://environment.ld.admin.ch/foen/nfi/nfi_C-2630/cube/2023-3","title":"NFI: Topics by introduced tree species (tree neophytes; 8 classes)","description":"The National Forest Inventory (NFI) is a periodic survey of condition and development of the Swiss forest. It is produced in close cooperation between the Federal Office for the Environment (FOEN) and the Swiss Federal Institute for Forest, Snow and Landscape Research (WSL). This record contains information about: number of stems and number of stems per forest area","publicationStatus":"PUBLISHED","datePublished":"2023-06-22","creator":{"iri":"https://register.ld.admin.ch/opendataswiss/org/bundesamt-fur-umwelt-bafu","label":"Federal Office for the Environment FOEN"},"themes":[{"iri":"https://register.ld.admin.ch/opendataswiss/category/agriculture","label":"Agriculture, forestry"},{"iri":"https://register.ld.admin.ch/opendataswiss/category/territory","label":"Territory and environment"}],"subthemes":[{"iri":"https://register.ld.admin.ch/foen/theme/14","label":"Forest and wood"}],"dimensions":[]},"__typename":"SearchCubeResult"},{"highlightedTitle":"NFI: Topics by altitudinal vegetation belts (NaiS; 10 classes) ","highlightedDescription":"The National Forest Inventory (NFI) is a periodic survey of condition and development of the Swiss forest. It is produced in close cooperation between the Federal Office for the Environment (FOEN) and the Swiss Federal Institute for Forest, Snow and Landscape Research (WSL). This record contains information about: number of woody species (≥40 cm high), basal area of deadwood per forest area, growing stock (stemwood), deadwood quantity, deadwood quantity per forest area, deadwood volume (merch. wood without piles of branches), lying , deadwood volume (merch. wood without piles of branches), lying  per forest area, growing stock (stemwood) per forest area, total wood volume (stemwood), total wood volume (stemwood) per forest area, volume of dead wood, volume of dead wood per forest area, stand density (SDI), total basal area per forest area, total number of stems, diversity of woody species, deadwood volume of stumps, deadwood volume of stumps per forest area, biomass of the stump, biomass of the stump per forest area, total number of stems per forest area, number of microhabitats on standing living trees per forest area, deadwood volume (merchantable wood), lying, deadwood volume (merchantable wood), lying per forest area, forest area, stem number, stem number per forest area and basal area per forest area","cube":{"iri":"https://environment.ld.admin.ch/foen/nfi/nfi_C-2632/cube/2023-3","title":"NFI: Topics by altitudinal vegetation belts (NaiS; 10 classes) ","description":"The National Forest Inventory (NFI) is a periodic survey of condition and development of the Swiss forest. It is produced in close cooperation between the Federal Office for the Environment (FOEN) and the Swiss Federal Institute for Forest, Snow and Landscape Research (WSL). This record contains information about: number of woody species (≥40 cm high), basal area of deadwood per forest area, growing stock (stemwood), deadwood quantity, deadwood quantity per forest area, deadwood volume (merch. wood without piles of branches), lying , deadwood volume (merch. wood without piles of branches), lying  per forest area, growing stock (stemwood) per forest area, total wood volume (stemwood), total wood volume (stemwood) per forest area, volume of dead wood, volume of dead wood per forest area, stand density (SDI), total basal area per forest area, total number of stems, diversity of woody species, deadwood volume of stumps, deadwood volume of stumps per forest area, biomass of the stump, biomass of the stump per forest area, total number of stems per forest area, number of microhabitats on standing living trees per forest area, deadwood volume (merchantable wood), lying, deadwood volume (merchantable wood), lying per forest area, forest area, stem number, stem number per forest area and basal area per forest area","publicationStatus":"PUBLISHED","datePublished":"2023-06-22","creator":{"iri":"https://register.ld.admin.ch/opendataswiss/org/bundesamt-fur-umwelt-bafu","label":"Federal Office for the Environment FOEN"},"themes":[{"iri":"https://register.ld.admin.ch/opendataswiss/category/agriculture","label":"Agriculture, forestry"},{"iri":"https://register.ld.admin.ch/opendataswiss/category/territory","label":"Territory and environment"}],"subthemes":[{"iri":"https://register.ld.admin.ch/foen/theme/14","label":"Forest and wood"}],"dimensions":[]},"__typename":"SearchCubeResult"},{"highlightedTitle":"NFI: Topics by altitudinal NaiS-vegetation zone (6 classes)","highlightedDescription":"The National Forest Inventory (NFI) is a periodic survey of condition and development of the Swiss forest. It is produced in close cooperation between the Federal Office for the Environment (FOEN) and the Swiss Federal Institute for Forest, Snow and Landscape Research (WSL). This record contains information about: sample size (number of forest plots), number of woody species (≥40 cm high), basal area of deadwood per forest area, growing stock (stemwood), deadwood quantity, deadwood quantity per forest area, deadwood volume (merch. wood without piles of branches), lying , deadwood volume (merch. wood without piles of branches), lying  per forest area, growing stock (stemwood) per forest area, total wood volume (stemwood), total wood volume (stemwood) per forest area, volume of dead wood, volume of dead wood per forest area, stand density (SDI), total basal area per forest area, total stem number, diversity of woody species, deadwood volume of stumps, deadwood volume of stumps per forest area, biomass of the stump, biomass of the stump per forest area, total stem number per forest area, number of microhabitats on standing living trees per forest area, deadwood volume (merchantable wood), lying, deadwood volume (merchantable wood), lying per forest area, forest area, stem number, stem number per forest area and basal area per forest area","cube":{"iri":"https://environment.ld.admin.ch/foen/nfi/nfi_C-2633/cube/2023-3","title":"NFI: Topics by altitudinal NaiS-vegetation zone (6 classes)","description":"The National Forest Inventory (NFI) is a periodic survey of condition and development of the Swiss forest. It is produced in close cooperation between the Federal Office for the Environment (FOEN) and the Swiss Federal Institute for Forest, Snow and Landscape Research (WSL). This record contains information about: sample size (number of forest plots), number of woody species (≥40 cm high), basal area of deadwood per forest area, growing stock (stemwood), deadwood quantity, deadwood quantity per forest area, deadwood volume (merch. wood without piles of branches), lying , deadwood volume (merch. wood without piles of branches), lying  per forest area, growing stock (stemwood) per forest area, total wood volume (stemwood), total wood volume (stemwood) per forest area, volume of dead wood, volume of dead wood per forest area, stand density (SDI), total basal area per forest area, total stem number, diversity of woody species, deadwood volume of stumps, deadwood volume of stumps per forest area, biomass of the stump, biomass of the stump per forest area, total stem number per forest area, number of microhabitats on standing living trees per forest area, deadwood volume (merchantable wood), lying, deadwood volume (merchantable wood), lying per forest area, forest area, stem number, stem number per forest area and basal area per forest area","publicationStatus":"PUBLISHED","datePublished":"2023-06-22","creator":{"iri":"https://register.ld.admin.ch/opendataswiss/org/bundesamt-fur-umwelt-bafu","label":"Federal Office for the Environment FOEN"},"themes":[{"iri":"https://register.ld.admin.ch/opendataswiss/category/territory","label":"Territory and environment"},{"iri":"https://register.ld.admin.ch/opendataswiss/category/agriculture","label":"Agriculture, forestry"}],"subthemes":[{"iri":"https://register.ld.admin.ch/foen/theme/14","label":"Forest and wood"}],"dimensions":[]},"__typename":"SearchCubeResult"},{"highlightedTitle":"NFI: Topics by higher or lower altitude zones (NaiS)","highlightedDescription":"The National Forest Inventory (NFI) is a periodic survey of condition and development of the Swiss forest. It is produced in close cooperation between the Federal Office for the Environment (FOEN) and the Swiss Federal Institute for Forest, Snow and Landscape Research (WSL). This record contains information about: sample size (number of forest plots), growing stock (stemwood), deadwood quantity, deadwood quantity per forest area, deadwood volume (merch. wood without piles of branches), lying , deadwood volume (merch. wood without piles of branches), lying  per forest area, growing stock (stemwood) per forest area, total wood volume (stemwood), total wood volume (stemwood) per forest area, volume of dead wood, volume of dead wood per forest area, total basal area per forest area, total stem number, area of vehicle tracks (soil disturbance), area of vehicle tracks (soil disturbance) per forest area, deadwood volume of stumps, deadwood volume of stumps per forest area, biomass of the stump, biomass of the stump per forest area, total stem number per forest area, number of microhabitats on standing living trees per forest area, deadwood volume (merchantable wood), lying, deadwood volume (merchantable wood), lying per forest area, forest area, stem number, stem number per forest area and basal area per forest area","cube":{"iri":"https://environment.ld.admin.ch/foen/nfi/nfi_C-2635/cube/2023-3","title":"NFI: Topics by higher or lower altitude zones (NaiS)","description":"The National Forest Inventory (NFI) is a periodic survey of condition and development of the Swiss forest. It is produced in close cooperation between the Federal Office for the Environment (FOEN) and the Swiss Federal Institute for Forest, Snow and Landscape Research (WSL). This record contains information about: sample size (number of forest plots), growing stock (stemwood), deadwood quantity, deadwood quantity per forest area, deadwood volume (merch. wood without piles of branches), lying , deadwood volume (merch. wood without piles of branches), lying  per forest area, growing stock (stemwood) per forest area, total wood volume (stemwood), total wood volume (stemwood) per forest area, volume of dead wood, volume of dead wood per forest area, total basal area per forest area, total stem number, area of vehicle tracks (soil disturbance), area of vehicle tracks (soil disturbance) per forest area, deadwood volume of stumps, deadwood volume of stumps per forest area, biomass of the stump, biomass of the stump per forest area, total stem number per forest area, number of microhabitats on standing living trees per forest area, deadwood volume (merchantable wood), lying, deadwood volume (merchantable wood), lying per forest area, forest area, stem number, stem number per forest area and basal area per forest area","publicationStatus":"PUBLISHED","datePublished":"2023-06-22","creator":{"iri":"https://register.ld.admin.ch/opendataswiss/org/bundesamt-fur-umwelt-bafu","label":"Federal Office for the Environment FOEN"},"themes":[{"iri":"https://register.ld.admin.ch/opendataswiss/category/agriculture","label":"Agriculture, forestry"},{"iri":"https://register.ld.admin.ch/opendataswiss/category/territory","label":"Territory and environment"}],"subthemes":[{"iri":"https://register.ld.admin.ch/foen/theme/14","label":"Forest and wood"}],"dimensions":[]},"__typename":"SearchCubeResult"},{"highlightedTitle":"NFI: Topics by forest formations (10 classes)","highlightedDescription":"The National Forest Inventory (NFI) is a periodic survey of condition and development of the Swiss forest. It is produced in close cooperation between the Federal Office for the Environment (FOEN) and the Swiss Federal Institute for Forest, Snow and Landscape Research (WSL). This record contains information about: number of woody species (≥40 cm high) and forest area","cube":{"iri":"https://environment.ld.admin.ch/foen/nfi/nfi_C-2637/cube/2023-3","title":"NFI: Topics by forest formations (10 classes)","description":"The National Forest Inventory (NFI) is a periodic survey of condition and development of the Swiss forest. It is produced in close cooperation between the Federal Office for the Environment (FOEN) and the Swiss Federal Institute for Forest, Snow and Landscape Research (WSL). This record contains information about: number of woody species (≥40 cm high) and forest area","publicationStatus":"PUBLISHED","datePublished":"2023-06-22","creator":{"iri":"https://register.ld.admin.ch/opendataswiss/org/bundesamt-fur-umwelt-bafu","label":"Federal Office for the Environment FOEN"},"themes":[{"iri":"https://register.ld.admin.ch/opendataswiss/category/territory","label":"Territory and environment"},{"iri":"https://register.ld.admin.ch/opendataswiss/category/agriculture","label":"Agriculture, forestry"}],"subthemes":[{"iri":"https://register.ld.admin.ch/foen/theme/14","label":"Forest and wood"}],"dimensions":[]},"__typename":"SearchCubeResult"},{"highlightedTitle":"Forest fire danger","highlightedDescription":"The FOEN's forest fire danger warning contains the general daily forest fire danger based on meteorological data and the resulting forest fire indices.","cube":{"iri":"https://environment.ld.admin.ch/foen/gefahren-waldbrand-warnung/1","title":"Forest fire danger","description":"The FOEN's forest fire danger warning contains the general daily forest fire danger based on meteorological data and the resulting forest fire indices.","publicationStatus":"PUBLISHED","datePublished":"2023-03-15","creator":{"iri":"https://register.ld.admin.ch/opendataswiss/org/bundesamt-fur-umwelt-bafu","label":"Federal Office for the Environment FOEN"},"themes":[{"iri":"https://register.ld.admin.ch/opendataswiss/category/territory","label":"Territory and environment"},{"iri":"https://register.ld.admin.ch/opendataswiss/category/agriculture","label":"Agriculture, forestry"}],"subthemes":[{"iri":"https://register.ld.admin.ch/foen/theme/14","label":"Forest and wood"}],"dimensions":[]},"__typename":"SearchCubeResult"},{"highlightedTitle":"Forest fire prevention measures","highlightedDescription":"Contains the forest fire prevention measures currently in force in the cantons.","cube":{"iri":"https://environment.ld.admin.ch/foen/gefahren-waldbrand-praeventionsmassnahmen-kantone/1","title":"Forest fire prevention measures","description":"Contains the forest fire prevention measures currently in force in the cantons.","publicationStatus":"PUBLISHED","datePublished":"2023-03-15","creator":{"iri":"https://register.ld.admin.ch/opendataswiss/org/bundesamt-fur-umwelt-bafu","label":"Federal Office for the Environment FOEN"},"themes":[{"iri":"https://register.ld.admin.ch/opendataswiss/category/agriculture","label":"Agriculture, forestry"},{"iri":"https://register.ld.admin.ch/opendataswiss/category/territory","label":"Territory and environment"}],"subthemes":[{"iri":"https://register.ld.admin.ch/foen/theme/14","label":"Forest and wood"}],"dimensions":[]},"__typename":"SearchCubeResult"}]}}
