{"query":"query DataCubeObservations($sourceType: String!, $sourceUrl: String!, $locale: String!, $cubeFilter: DataCubeObservationFilter!) {\n  dataCubeObservations(\n    sourceType: $sourceType\n    sourceUrl: $sourceUrl\n    locale: $locale\n    cubeFilter: $cubeFilter\n  )\n}\n","operationName":"DataCubeObservations","variables":{"locale":"en","sourceType":"sparql","sourceUrl":"https://int.lindas.admin.ch/query","cubeFilter":{"iri":"https://environment.ld.admin.ch/foen/UBD003002/5","componentIris":["https://environment.ld.admin.ch/foen/UBD003002/artengruppe","https://environment.ld.admin.ch/foen/UBD003002/status","https://environment.ld.admin.ch/foen/UBD003002/value"],"filters":{"https://environment.ld.admin.ch/foen/UBD003002/artengruppe":{"type":"single","value":"https://environment.ld.admin.ch/foen/UBD003002/ArtenGruppe/AMPH"}}}}}