{"data":{"dataCubeComponents":{"dimensions":[{"__typename":"NominalDimension","cubeIri":"https://environment.ld.admin.ch/foen/UBD003002/5","iri":"https://environment.ld.admin.ch/foen/UBD003002/artengruppe","label":"Species group","scaleType":"Nominal","order":1,"isNumerical":false,"isKeyDimension":true,"values":[{"value":"https://environment.ld.admin.ch/foen/UBD003002/ArtenGruppe/AMPH","label":"Amphibians (2021)","identifier":"AMPH"},{"value":"https://environment.ld.admin.ch/foen/UBD003002/ArtenGruppe/APID","label":"Bees (1994)","identifier":"APID"},{"value":"https://environment.ld.admin.ch/foen/UBD003002/ArtenGruppe/AVES","label":"Breeding birds (2021)","identifier":"AVES"},{"value":"https://environment.ld.admin.ch/foen/UBD003002/ArtenGruppe/BIVA","label":"Bivalves (2012)","identifier":"BIVA"},{"value":"https://environment.ld.admin.ch/foen/UBD003002/ArtenGruppe/BRYO","label":"Bryophytes (2021)","identifier":"BRYO"},{"value":"https://environment.ld.admin.ch/foen/UBD003002/ArtenGruppe/CHAR","label":"Stoneworts (2012)","identifier":"CHAR"},{"value":"https://environment.ld.admin.ch/foen/UBD003002/ArtenGruppe/CHIR","label":"Bats (2014)","identifier":"CHIR"},{"value":"https://environment.ld.admin.ch/foen/UBD003002/ArtenGruppe/CICA","label":"Cicadas (2021)","identifier":"CICA"},{"value":"https://environment.ld.admin.ch/foen/UBD003002/ArtenGruppe/COCA","label":"Beetles Carabidae (1994)","identifier":"COCA"},{"value":"https://environment.ld.admin.ch/foen/UBD003002/ArtenGruppe/COHY","label":"Aquatic beetles Adefagians (1994)","identifier":"COHY"},{"value":"https://environment.ld.admin.ch/foen/UBD003002/ArtenGruppe/COSA","label":"Coleoptera Buprestides, Cerambicides, Cetonides, Lucanides (2016)","identifier":"COSA"},{"value":"https://environment.ld.admin.ch/foen/UBD003002/ArtenGruppe/DECA","label":"Crayfishes (2021)","identifier":"DECA"},{"value":"https://environment.ld.admin.ch/foen/UBD003002/ArtenGruppe/EPHE","label":"Mayflies (2012)","identifier":"EPHE"},{"value":"https://environment.ld.admin.ch/foen/UBD003002/ArtenGruppe/FORM","label":"Ants (1994)","identifier":"FORM"},{"value":"https://environment.ld.admin.ch/foen/UBD003002/ArtenGruppe/FUNG","label":"Macromycetes (2007)","identifier":"FUNG"},{"value":"https://environment.ld.admin.ch/foen/UBD003002/ArtenGruppe/GAST","label":"Gasteropodi (2012)","identifier":"GAST"},{"value":"https://environment.ld.admin.ch/foen/UBD003002/ArtenGruppe/LEPZ","label":"Diurnal Butterflies and Zigene (2014)","identifier":"LEPZ"},{"value":"https://environment.ld.admin.ch/foen/UBD003002/ArtenGruppe/LICE","label":"Epiphytic lichens (2002)","identifier":"LICE"},{"value":"https://environment.ld.admin.ch/foen/UBD003002/ArtenGruppe/LICH","label":"Lichens (2002)","identifier":"LICH"},{"value":"https://environment.ld.admin.ch/foen/UBD003002/ArtenGruppe/LICT","label":"Soil lichens (2002)","identifier":"LICT"},{"value":"https://environment.ld.admin.ch/foen/UBD003002/ArtenGruppe/MAMM","label":"Mammals, without bats (2021)","identifier":"MAMM"},{"value":"https://environment.ld.admin.ch/foen/UBD003002/ArtenGruppe/MOLL","label":"Molluscs (2012)","identifier":"MOLL"},{"value":"https://environment.ld.admin.ch/foen/UBD003002/ArtenGruppe/NEUR","label":"Neuropterans (1994)","identifier":"NEUR"},{"value":"https://environment.ld.admin.ch/foen/UBD003002/ArtenGruppe/ODON","label":"Dragonflies (2021)","identifier":"ODON"},{"value":"https://environment.ld.admin.ch/foen/UBD003002/ArtenGruppe/ORTH","label":"Ortopterans (2007)","identifier":"ORTH"},{"value":"https://environment.ld.admin.ch/foen/UBD003002/ArtenGruppe/PISC","label":"Fishes and cyclostomes (2021)","identifier":"PISC"},{"value":"https://environment.ld.admin.ch/foen/UBD003002/ArtenGruppe/PLEC","label":"Stoneflies (2012)","identifier":"PLEC"},{"value":"https://environment.ld.admin.ch/foen/UBD003002/ArtenGruppe/PTER","label":"Ferns (2016)","identifier":"PTER"},{"value":"https://environment.ld.admin.ch/foen/UBD003002/ArtenGruppe/REPT","label":"Reptiles (2021)","identifier":"REPT"},{"value":"https://environment.ld.admin.ch/foen/UBD003002/ArtenGruppe/SPER","label":"Flowering plants (2016)","identifier":"SPER"},{"value":"https://environment.ld.admin.ch/foen/UBD003002/ArtenGruppe/TIPU","label":"Diptera Tipulids (1994)","identifier":"TIPU"},{"value":"https://environment.ld.admin.ch/foen/UBD003002/ArtenGruppe/TRAC","label":"Vascular plants (2016)","identifier":"TRAC"},{"value":"https://environment.ld.admin.ch/foen/UBD003002/ArtenGruppe/TRIC","label":"Caddisflies (2012)","identifier":"TRIC"}],"related":[],"hierarchy":null},{"__typename":"OrdinalDimension","cubeIri":"https://environment.ld.admin.ch/foen/UBD003002/5","iri":"https://environment.ld.admin.ch/foen/UBD003002/status","label":"Status","scaleType":"Ordinal","order":2,"isNumerical":false,"isKeyDimension":true,"values":[{"value":"https://environment.ld.admin.ch/foen/UBD003002/Status/DD","label":"Data deficient","description":"Vor 2002 sind keine verlässliche Angaben bekannt (Datenlücke mit fiktiver Zahl als Platzhalter in der Datenreihe). Ab 2002 siehe Anhang Rote Listen IUCN auf der Internetseite BAFU. Alle evaluierten Arten zusammen mit den Arten mit ungenügender Datengrundlage (DD) ergibt die Anzahl bekannter einheimischer (autochthoner) Arten. Zeigt Wissenslücken und bedeutet Forschungbedarf","identifier":"DD","position":0},{"value":"https://environment.ld.admin.ch/foen/UBD003002/Status/LC","label":"Least concern","description":"Vor 2002 entspricht LC bei den Tieren 1994 n, den Pflanzen 1991 U, A (was ein Total von 2599 evaluierten Pflanzen ergibt, vgl. S. 135). Ab 2002 siehe Anhang Rote Listen IUCN auf der Internetseite BAFU. Zählt nicht zu den RL-Arten","identifier":"LC","position":1},{"value":"https://environment.ld.admin.ch/foen/UBD003002/Status/NT","label":"Near threatened","description":"Vor 2002 entspricht NT bei den Tieren 1994 4 (approximativ), den Pflanzen 1991 R (approximativ), den Moosen 1992 nicht gefährdet, aber im Rückgang oder Zweifelsfällen. Ab 2002 siehe Anhang Rote Listen IUCN auf der Internetseite BAFU. Zählt nicht zu den RL-Arten","identifier":"NT","position":2},{"value":"https://environment.ld.admin.ch/foen/UBD003002/Status/VU","label":"Vulnerable","description":"Vor 2002 entspricht VU bei den Tieren 1994  3, den Pflanzen 1991 V, den Moosen 1992 V und R. Ab 2002 siehe Anhang Rote Listen IUCN auf der Internetseite BAFU. Rote-Liste Art","identifier":"VU","position":3},{"value":"https://environment.ld.admin.ch/foen/UBD003002/Status/EN","label":"Endangered","description":"Vor 2002 entspricht EN bei den Tieren 1994 2, den Pflanzen 1991 E, bei den Moosen 1992 V Europaweit gefährdet (approximativ). Ab 2002 siehe Anhang  Rote Listen IUCN auf der Internetseite BAFU. Rote-Liste Art","identifier":"EN","position":4},{"value":"https://environment.ld.admin.ch/foen/UBD003002/Status/CR","label":"Critically endangered","description":"Vor 2002 entspricht CR bei den Tieren 1994 1, den Pflanzen 1991 CR zT Ex, S. 23 (Spermatophyten: 10 Ex, Pteridophyten: 2 Ex) und Moosen 1992 CR = E. Ab 2002 siehe Anhang Rote Listen IUCN auf der Internetseite BAFU.Rote-Liste Art","identifier":"CR","position":5},{"value":"https://environment.ld.admin.ch/foen/UBD003002/Status/RE","label":"Regionally extinct","description":"Vor 2002 entspricht RE bei den Tieren 1994 0, den Pflanzen Ex und Moosen EX (wovon 2 Neophyten abgezogen). Ab 2002 siehe Anhang Rote Listen IUCN auf der Internetseite BAFU. In den letzten 10 Jahren nicht mehr nachgewiesen worden (ausgestorben oder verschollen)","identifier":"RE","position":6},{"value":"https://environment.ld.admin.ch/foen/UBD003002/Status/EX","label":"Extinct in the world","description":"Ausgestorbene endemische Arten, die auf der Welt einzig in der Schweiz vorgekommen sind (Vollendemiten, Schweizer Endemiten)","identifier":"EX","position":7}],"related":[],"hierarchy":null}],"measures":[{"__typename":"NumericalMeasure","isCurrency":false,"isDecimal":false,"resolution":0,"cubeIri":"https://environment.ld.admin.ch/foen/UBD003002/5","iri":"https://environment.ld.admin.ch/foen/UBD003002/value","label":"Number of species","unit":"#","scaleType":"Interval","dataType":"http://www.w3.org/2001/XMLSchema#int","order":3,"isNumerical":true,"isKeyDimension":false,"values":[{"value":11,"label":"11"},{"value":2004,"label":"2004"}],"related":[]}]}}}
