{"query":"query PossibleFilters($iri: String!, $sourceType: String!, $sourceUrl: String!, $filters: SingleFilters!) {\n  possibleFilters(\n    iri: $iri\n    sourceType: $sourceType\n    sourceUrl: $sourceUrl\n    filters: $filters\n  ) {\n    iri\n    type\n    value\n    __typename\n  }\n}\n","operationName":"PossibleFilters","variables":{"iri":"https://environment.ld.admin.ch/foen/UBD003002/5","sourceType":"sparql","sourceUrl":"https://int.lindas.admin.ch/query","filters":{"https://environment.ld.admin.ch/foen/UBD003002/artengruppe":{"type":"single","value":"https://environment.ld.admin.ch/foen/UBD003002/ArtenGruppe/AMPH"}},"filterKey":"https://environment.ld.admin.ch/foen/UBD003002/artengruppe"}}