{"data":{"dataCubes":[{"highlightedTitle":"The Stapfer-Enquête: schooling in Switzerland 1799 (RDF)","highlightedDescription":"Database containing the results of the Stapfer-Enquête: The Stapfer-Enquête is a unique survey of the school situation in the Helvetic Republic dating from 1799. It was initiated by education minister Philipp Albert Stapfer (1766–1840). The authorities sent teachers (including, in a small number of cases, female staff) a standardised questionnaire containing some 60 questions on the local situation, teaching, and personal and economic circumstances. The approximately 2,400 handwritten responses are held by the Swiss Federal Archives (Archiv der Helvetik, fonds B0#C.02.3.1).  Between 2009 and 2015, a team from the University of Bern compiled a database of the Stapfer-Enquête which was then passed to the Federal Archives. This work is also documented on the website www.stapferenquete.ch.","dataCube":{"iri":"https://culture.ld.admin.ch/sfa/stapfer-enquete-1799/1","title":"The Stapfer-Enquête: schooling in Switzerland 1799 (RDF)","workExamples":["https://ld.admin.ch/application/opendataswiss","https://ld.admin.ch/application/visualize","b3474_genid2db18557c6c55e47779c38668d96c33d9d2dVrk7CZqERayOYJzb901","b3474_genid2db18557c6c55e47779c38668d96c33d9d2dVrk7CZqERayOYJzb902"],"creator":{"iri":"https://register.ld.admin.ch/opendataswiss/org/schweizerisches-bundesarchiv-bar","label":"Swiss Federal Archives SFA","__typename":"DataCubeOrganization"},"description":"Database containing the results of the Stapfer-Enquête: The Stapfer-Enquête is a unique survey of the school situation in the Helvetic Republic dating from 1799. It was initiated by education minister Philipp Albert Stapfer (1766–1840). The authorities sent teachers (including, in a small number of cases, female staff) a standardised questionnaire containing some 60 questions on the local situation, teaching, and personal and economic circumstances. The approximately 2,400 handwritten responses are held by the Swiss Federal Archives (Archiv der Helvetik, fonds B0#C.02.3.1).  Between 2009 and 2015, a team from the University of Bern compiled a database of the Stapfer-Enquête which was then passed to the Federal Archives. This work is also documented on the website www.stapferenquete.ch.","publicationStatus":"PUBLISHED","datePublished":null,"themes":[{"iri":"https://register.ld.admin.ch/opendataswiss/category/education","label":"Education and science","__typename":"DataCubeTheme"},{"iri":"https://register.ld.admin.ch/opendataswiss/category/population","label":"Population","__typename":"DataCubeTheme"}],"__typename":"DataCube"},"__typename":"DataCubeResult"},{"highlightedTitle":"State accounts - Office","highlightedDescription":"Dans le compte d’Etat le Conseil fédéral présente les recettes de l’administration fédérale durant l’exercice précédent et rend compte des dépenses.  L’administration fédérale des finances (AFF) consolide les comptes annuels des départements et des offices et en tire le rapport concernant le compte d’Etat. Ce dernier est approuvé par le Conseil fédéral, et est adressé sous forme imprimée au Parlement, qui en prend acte.  Le Conseil fédéral présente également à l’Assemblée fédérale le budget de l’année suivante, préparé lui aussi par l’AFF. En l’adoptant le Parlement autorise les charges prévues et les dépenses générales en même temps qu’il prend connaissance des rendements et recettes escomptés.  Vous trouvez des données complémentaires et le compte d’Etat actuel sur la page Internet de l’AFF : https://www.efv.admin.ch/efv/fr/home.html.","dataCube":{"iri":"https://culture.ld.admin.ch/sfa/StateAccounts_Office/1","title":"State accounts - Office","workExamples":["https://ld.admin.ch/application/opendataswiss","https://ld.admin.ch/application/visualize","b3474_genid2d9bce0398dcac4e8fa8bd95be831740492dalmgQJWXejZHop8b394","b3474_genid2d9bce0398dcac4e8fa8bd95be831740492dalmgQJWXejZHop8b395"],"creator":{"iri":"https://register.ld.admin.ch/opendataswiss/org/schweizerisches-bundesarchiv-bar","label":"Swiss Federal Archives SFA","__typename":"DataCubeOrganization"},"description":"Dans le compte d’Etat le Conseil fédéral présente les recettes de l’administration fédérale durant l’exercice précédent et rend compte des dépenses.  L’administration fédérale des finances (AFF) consolide les comptes annuels des départements et des offices et en tire le rapport concernant le compte d’Etat. Ce dernier est approuvé par le Conseil fédéral, et est adressé sous forme imprimée au Parlement, qui en prend acte.  Le Conseil fédéral présente également à l’Assemblée fédérale le budget de l’année suivante, préparé lui aussi par l’AFF. En l’adoptant le Parlement autorise les charges prévues et les dépenses générales en même temps qu’il prend connaissance des rendements et recettes escomptés.  Vous trouvez des données complémentaires et le compte d’Etat actuel sur la page Internet de l’AFF : https://www.efv.admin.ch/efv/fr/home.html.","publicationStatus":"PUBLISHED","datePublished":null,"themes":[{"iri":"https://register.ld.admin.ch/opendataswiss/category/administration","label":"Administration","__typename":"DataCubeTheme"},{"iri":"https://register.ld.admin.ch/opendataswiss/category/statistical-basis","label":"Statistical basis","__typename":"DataCubeTheme"},{"iri":"https://register.ld.admin.ch/opendataswiss/category/finances","label":"Finances","__typename":"DataCubeTheme"}],"__typename":"DataCube"},"__typename":"DataCubeResult"},{"highlightedTitle":"State accounts - Domain","highlightedDescription":"In the state financial statements, the Federal Council details the receipts of the federal administration for the previous year and accounts for its expenditure.  The Federal Finance Administration (FFA) consolidates the annual financial statements of the departments and, based on them, compiles the report on the state financial statements. The statements are adopted by the Federal Council and forwarded in printed form to Parliament for approval.  The Federal Council also lays the budget for the following year before the Federal Assembly. This is also prepared by the FFA. By this means, Parliament approves the planned expenses and total expenditure of the Confederation and takes note of the estimate of income and receipts.  Further information and the most recent state financial statements can be found on the FFA website: https://www.efv.admin.ch/efv/en/home.html.","dataCube":{"iri":"https://culture.ld.admin.ch/sfa/StateAccounts_Domain/1","title":"State accounts - Domain","workExamples":["https://ld.admin.ch/application/opendataswiss","https://ld.admin.ch/application/visualize","b3474_genid2d1de12bb7576e46f9aae8e4d15251ac992dQY64NIYRwKXxT60b2390","b3474_genid2d1de12bb7576e46f9aae8e4d15251ac992dQY64NIYRwKXxT60b2391"],"creator":{"iri":"https://register.ld.admin.ch/opendataswiss/org/schweizerisches-bundesarchiv-bar","label":"Swiss Federal Archives SFA","__typename":"DataCubeOrganization"},"description":"In the state financial statements, the Federal Council details the receipts of the federal administration for the previous year and accounts for its expenditure.  The Federal Finance Administration (FFA) consolidates the annual financial statements of the departments and, based on them, compiles the report on the state financial statements. The statements are adopted by the Federal Council and forwarded in printed form to Parliament for approval.  The Federal Council also lays the budget for the following year before the Federal Assembly. This is also prepared by the FFA. By this means, Parliament approves the planned expenses and total expenditure of the Confederation and takes note of the estimate of income and receipts.  Further information and the most recent state financial statements can be found on the FFA website: https://www.efv.admin.ch/efv/en/home.html.","publicationStatus":"PUBLISHED","datePublished":null,"themes":[{"iri":"https://register.ld.admin.ch/opendataswiss/category/administration","label":"Administration","__typename":"DataCubeTheme"},{"iri":"https://register.ld.admin.ch/opendataswiss/category/statistical-basis","label":"Statistical basis","__typename":"DataCubeTheme"},{"iri":"https://register.ld.admin.ch/opendataswiss/category/finances","label":"Finances","__typename":"DataCubeTheme"}],"__typename":"DataCube"},"__typename":"DataCubeResult"},{"highlightedTitle":"State accounts - Function","highlightedDescription":"Dans le compte d’Etat le Conseil fédéral présente les recettes de l’administration fédérale durant l’exercice précédent et rend compte des dépenses.  L’administration fédérale des finances (AFF) consolide les comptes annuels des départements et des offices et en tire le rapport concernant le compte d’Etat. Ce dernier est approuvé par le Conseil fédéral, et est adressé sous forme imprimée au Parlement, qui en prend acte.  Le Conseil fédéral présente également à l’Assemblée fédérale le budget de l’année suivante, préparé lui aussi par l’AFF. En l’adoptant le Parlement autorise les charges prévues et les dépenses générales en même temps qu’il prend connaissance des rendements et recettes escomptés.  Vous trouvez des données complémentaires et le compte d’Etat actuel sur la page Internet de l’AFF : https://www.efv.admin.ch/efv/fr/home.html.","dataCube":{"iri":"https://culture.ld.admin.ch/sfa/StateAccounts_Function/1","title":"State accounts - Function","workExamples":["https://ld.admin.ch/application/opendataswiss","https://ld.admin.ch/application/visualize","b3474_genid2d47db2a81b0cb4b83a0c2228a6fe792042d748BuiwZhsJ6JLlb952","b3474_genid2d47db2a81b0cb4b83a0c2228a6fe792042d748BuiwZhsJ6JLlb953"],"creator":{"iri":"https://register.ld.admin.ch/opendataswiss/org/schweizerisches-bundesarchiv-bar","label":"Swiss Federal Archives SFA","__typename":"DataCubeOrganization"},"description":"Dans le compte d’Etat le Conseil fédéral présente les recettes de l’administration fédérale durant l’exercice précédent et rend compte des dépenses.  L’administration fédérale des finances (AFF) consolide les comptes annuels des départements et des offices et en tire le rapport concernant le compte d’Etat. Ce dernier est approuvé par le Conseil fédéral, et est adressé sous forme imprimée au Parlement, qui en prend acte.  Le Conseil fédéral présente également à l’Assemblée fédérale le budget de l’année suivante, préparé lui aussi par l’AFF. En l’adoptant le Parlement autorise les charges prévues et les dépenses générales en même temps qu’il prend connaissance des rendements et recettes escomptés.  Vous trouvez des données complémentaires et le compte d’Etat actuel sur la page Internet de l’AFF : https://www.efv.admin.ch/efv/fr/home.html.","publicationStatus":"PUBLISHED","datePublished":null,"themes":[{"iri":"https://register.ld.admin.ch/opendataswiss/category/administration","label":"Administration","__typename":"DataCubeTheme"},{"iri":"https://register.ld.admin.ch/opendataswiss/category/statistical-basis","label":"Statistical basis","__typename":"DataCubeTheme"},{"iri":"https://register.ld.admin.ch/opendataswiss/category/finances","label":"Finances","__typename":"DataCubeTheme"}],"__typename":"DataCube"},"__typename":"DataCubeResult"},{"highlightedTitle":"State accounts - Category","highlightedDescription":"In the state financial statements, the Federal Council details the receipts of the federal administration for the previous year and accounts for its expenditure.  The Federal Finance Administration (FFA) consolidates the annual financial statements of the departments and, based on them, compiles the report on the state financial statements. The statements are adopted by the Federal Council and forwarded in printed form to Parliament for approval.  The Federal Council also lays the budget for the following year before the Federal Assembly. This is also prepared by the FFA. By this means, Parliament approves the planned expenses and total expenditure of the Confederation and takes note of the estimate of income and receipts.  Further information and the most recent state financial statements can be found on the FFA website: https://www.efv.admin.ch/efv/en/home.html.","dataCube":{"iri":"https://culture.ld.admin.ch/sfa/StateAccounts_Category/1","title":"State accounts - Category","workExamples":["https://ld.admin.ch/application/opendataswiss","https://ld.admin.ch/application/visualize","b3474_genid2d52958c18ea934b14ba900009d71cbaa72dVtWKMrPemC2YRpFb770","b3474_genid2d52958c18ea934b14ba900009d71cbaa72dVtWKMrPemC2YRpFb771"],"creator":{"iri":"https://register.ld.admin.ch/opendataswiss/org/schweizerisches-bundesarchiv-bar","label":"Swiss Federal Archives SFA","__typename":"DataCubeOrganization"},"description":"In the state financial statements, the Federal Council details the receipts of the federal administration for the previous year and accounts for its expenditure.  The Federal Finance Administration (FFA) consolidates the annual financial statements of the departments and, based on them, compiles the report on the state financial statements. The statements are adopted by the Federal Council and forwarded in printed form to Parliament for approval.  The Federal Council also lays the budget for the following year before the Federal Assembly. This is also prepared by the FFA. By this means, Parliament approves the planned expenses and total expenditure of the Confederation and takes note of the estimate of income and receipts.  Further information and the most recent state financial statements can be found on the FFA website: https://www.efv.admin.ch/efv/en/home.html.","publicationStatus":"PUBLISHED","datePublished":null,"themes":[{"iri":"https://register.ld.admin.ch/opendataswiss/category/administration","label":"Administration","__typename":"DataCubeTheme"},{"iri":"https://register.ld.admin.ch/opendataswiss/category/statistical-basis","label":"Statistical basis","__typename":"DataCubeTheme"},{"iri":"https://register.ld.admin.ch/opendataswiss/category/finances","label":"Finances","__typename":"DataCubeTheme"}],"__typename":"DataCube"},"__typename":"DataCubeResult"},{"highlightedTitle":"Einmalvergütung für Photovoltaikanlagen","highlightedDescription":"Seit 2014 werden Photovoltaikanlagen mit einer Einmalvergütung (EIV) gefördert. Dabei wird abhängig von der Leistung, der Anlagenkategorie und dem Inbetriebnahmedatum ein einmaliger Beitrag an die Anlagenbetreiber ausbezahlt. Hier finden Sie pro Kanton und Auszahlungsjahr einen Überblick über die Anzahl geförderter EIV-Anlagen, die installierte Leistung in Kilowatt (kW) sowie den ausbezahlten EIV-Förderbeitrag. Die dargestellten Daten entsprechen nicht vollständig der offiziellen Statistik der erneuerbaren Energien durch das BFE. Da der Abbau der Wartelisten zeitverzögert stattfindet, können Abweichungen entstehen.","dataCube":{"iri":"https://energy.ld.admin.ch/sfoe/bfe_ogd84_einmalverguetung_fuer_photovoltaikanlagen/13","title":"Einmalvergütung für Photovoltaikanlagen","workExamples":["https://ld.admin.ch/application/visualize","b3474_genid2de47b60836dae485e8834fec7f7b8b89a2d1cK4S92zbBlUiT4b498","b3474_genid2de47b60836dae485e8834fec7f7b8b89a2d1cK4S92zbBlUiT4b499"],"creator":{"iri":"https://register.ld.admin.ch/opendataswiss/org/bundesamt-fur-energie-bfe","label":"Swiss Federal Office of Energy SFOE","__typename":"DataCubeOrganization"},"description":"Seit 2014 werden Photovoltaikanlagen mit einer Einmalvergütung (EIV) gefördert. Dabei wird abhängig von der Leistung, der Anlagenkategorie und dem Inbetriebnahmedatum ein einmaliger Beitrag an die Anlagenbetreiber ausbezahlt. Hier finden Sie pro Kanton und Auszahlungsjahr einen Überblick über die Anzahl geförderter EIV-Anlagen, die installierte Leistung in Kilowatt (kW) sowie den ausbezahlten EIV-Förderbeitrag. Die dargestellten Daten entsprechen nicht vollständig der offiziellen Statistik der erneuerbaren Energien durch das BFE. Da der Abbau der Wartelisten zeitverzögert stattfindet, können Abweichungen entstehen.","publicationStatus":"PUBLISHED","datePublished":"2022-02-28","themes":[{"iri":"https://register.ld.admin.ch/opendataswiss/category/national-economy","label":"National economy","__typename":"DataCubeTheme"},{"iri":"https://register.ld.admin.ch/opendataswiss/category/energy","label":"Energy","__typename":"DataCubeTheme"}],"__typename":"DataCube"},"__typename":"DataCubeResult"},{"highlightedTitle":"GEB - Einmalvergütung für Photovoltaikanlagen","highlightedDescription":"Seit 2014 werden Photovoltaikanlagen mit einer Einmalvergütung (EIV) gefördert. Dabei wird abhängig von der Leistung, der Anlagenkategorie und dem Inbetriebnahmedatum ein einmaliger Beitrag an die Anlagenbetreiber ausbezahlt. Hier finden Sie pro Kanton und Auszahlungsjahr einen Überblick über die Anzahl geförderter EIV-Anlagen, die installierte Leistung in Kilowatt (kW) sowie den ausbezahlten EIV-Förderbeitrag. Die dargestellten Daten entsprechen nicht vollständig der offiziellen Statistik der erneuerbaren Energien durch das BFE. Da der Abbau der Wartelisten zeitverzögert stattfindet, können Abweichungen entstehen.","dataCube":{"iri":"https://energy.ld.admin.ch/sfoe/OGD84GebTest/1","title":"GEB - Einmalvergütung für Photovoltaikanlagen","workExamples":["https://ld.admin.ch/application/visualize","b3474_genid2db0eede91d46a4bcb9116e5c8366d229f2dQD6Yu6CxzApsOL8b675","b3474_genid2db0eede91d46a4bcb9116e5c8366d229f2dQD6Yu6CxzApsOL8b676"],"creator":{"iri":"https://register.ld.admin.ch/opendataswiss/org/bundesamt-fur-energie-bfe","label":"Swiss Federal Office of Energy SFOE","__typename":"DataCubeOrganization"},"description":"Seit 2014 werden Photovoltaikanlagen mit einer Einmalvergütung (EIV) gefördert. Dabei wird abhängig von der Leistung, der Anlagenkategorie und dem Inbetriebnahmedatum ein einmaliger Beitrag an die Anlagenbetreiber ausbezahlt. Hier finden Sie pro Kanton und Auszahlungsjahr einen Überblick über die Anzahl geförderter EIV-Anlagen, die installierte Leistung in Kilowatt (kW) sowie den ausbezahlten EIV-Förderbeitrag. Die dargestellten Daten entsprechen nicht vollständig der offiziellen Statistik der erneuerbaren Energien durch das BFE. Da der Abbau der Wartelisten zeitverzögert stattfindet, können Abweichungen entstehen.","publicationStatus":"PUBLISHED","datePublished":null,"themes":[{"iri":"https://register.ld.admin.ch/opendataswiss/category/national-economy","label":"National economy","__typename":"DataCubeTheme"},{"iri":"https://register.ld.admin.ch/opendataswiss/category/energy","label":"Energy","__typename":"DataCubeTheme"}],"__typename":"DataCube"},"__typename":"DataCubeResult"},{"highlightedTitle":"Statistics on hydropower plants (WASTA)","highlightedDescription":"The \"Statistics on hydropower plants\" (WASTA) contain data concerning the Swiss hydropower plants with an output of at least 300 kW. This includes technical data relating to aspects such as power output and expected production levels.","dataCube":{"iri":"https://energy.ld.admin.ch/sfoe/bfe_ogd40_wasta/7","title":"Statistics on hydropower plants (WASTA)","workExamples":["https://ld.admin.ch/application/visualize","b3474_genid2d595817d5924f4621b826f96f952ef52f2dlJbBWO9i742mbwTb853","b3474_genid2d595817d5924f4621b826f96f952ef52f2dlJbBWO9i742mbwTb854"],"creator":{"iri":"https://register.ld.admin.ch/opendataswiss/org/bundesamt-fur-energie-bfe","label":"Swiss Federal Office of Energy SFOE","__typename":"DataCubeOrganization"},"description":"The \"Statistics on hydropower plants\" (WASTA) contain data concerning the Swiss hydropower plants with an output of at least 300 kW. This includes technical data relating to aspects such as power output and expected production levels.","publicationStatus":"PUBLISHED","datePublished":"2022-03-24","themes":[{"iri":"https://register.ld.admin.ch/opendataswiss/category/energy","label":"Energy","__typename":"DataCubeTheme"},{"iri":"https://register.ld.admin.ch/opendataswiss/category/culture","label":"Culture, media, information society, sport","__typename":"DataCubeTheme"},{"iri":"https://register.ld.admin.ch/opendataswiss/category/geography","label":"Geography","__typename":"DataCubeTheme"},{"iri":"https://register.ld.admin.ch/opendataswiss/category/territory","label":"Territory and environment","__typename":"DataCubeTheme"}],"__typename":"DataCube"},"__typename":"DataCubeResult"},{"highlightedTitle":"Key categories for the main pollutants for submission year 2022","highlightedDescription":"Cf. IIR report Submission 2022.","dataCube":{"iri":"https://environment.ld.admin.ch/foen/BAFU_LuChem_EMIS_pollutants_KCA_all_years/7","title":"Key categories for the main pollutants for submission year 2022","workExamples":["https://ld.admin.ch/application/visualize","b3474_genid2dc0c1e13a7b7a4ea09653dc5acc048f7e2dnGqw4hYaCKsevL3b1827","b3474_genid2dc0c1e13a7b7a4ea09653dc5acc048f7e2dnGqw4hYaCKsevL3b1828"],"creator":{"iri":"https://register.ld.admin.ch/opendataswiss/org/bundesamt-fur-umwelt-bafu","label":"Federal Office for the Environment FOEN","__typename":"DataCubeOrganization"},"description":"Cf. IIR report Submission 2022.","publicationStatus":"PUBLISHED","datePublished":"2022-08-17","themes":[{"iri":"https://register.ld.admin.ch/opendataswiss/category/territory","label":"Territory and environment","__typename":"DataCubeTheme"}],"__typename":"DataCube"},"__typename":"DataCubeResult"},{"highlightedTitle":"[test CHF no decimal] State accounts - Office","highlightedDescription":"Dans le compte d’Etat le Conseil fédéral présente les recettes de l’administration fédérale durant l’exercice précédent et rend compte des dépenses.  L’administration fédérale des finances (AFF) consolide les comptes annuels des départements et des offices et en tire le rapport concernant le compte d’Etat. Ce dernier est approuvé par le Conseil fédéral, et est adressé sous forme imprimée au Parlement, qui en prend acte.  Le Conseil fédéral présente également à l’Assemblée fédérale le budget de l’année suivante, préparé lui aussi par l’AFF. En l’adoptant le Parlement autorise les charges prévues et les dépenses générales en même temps qu’il prend connaissance des rendements et recettes escomptés.  Vous trouvez des données complémentaires et le compte d’Etat actuel sur la page Internet de l’AFF : https://www.efv.admin.ch/efv/fr/home.html.","dataCube":{"iri":"https://environment.ld.admin.ch/foen/stateAccounts_office_no_decimal_test/1","title":"[test CHF no decimal] State accounts - Office","workExamples":["https://ld.admin.ch/application/opendataswiss","https://ld.admin.ch/application/visualize","b3474_genid2dfbbb68b6182743fd91fbd2f114a071462dw4KHEA5eXrpG3bwb394","b3474_genid2dfbbb68b6182743fd91fbd2f114a071462dw4KHEA5eXrpG3bwb395"],"creator":{"iri":"https://register.ld.admin.ch/opendataswiss/org/schweizerisches-bundesarchiv-bar","label":"Swiss Federal Archives SFA","__typename":"DataCubeOrganization"},"description":"Dans le compte d’Etat le Conseil fédéral présente les recettes de l’administration fédérale durant l’exercice précédent et rend compte des dépenses.  L’administration fédérale des finances (AFF) consolide les comptes annuels des départements et des offices et en tire le rapport concernant le compte d’Etat. Ce dernier est approuvé par le Conseil fédéral, et est adressé sous forme imprimée au Parlement, qui en prend acte.  Le Conseil fédéral présente également à l’Assemblée fédérale le budget de l’année suivante, préparé lui aussi par l’AFF. En l’adoptant le Parlement autorise les charges prévues et les dépenses générales en même temps qu’il prend connaissance des rendements et recettes escomptés.  Vous trouvez des données complémentaires et le compte d’Etat actuel sur la page Internet de l’AFF : https://www.efv.admin.ch/efv/fr/home.html.","publicationStatus":"PUBLISHED","datePublished":null,"themes":[{"iri":"https://register.ld.admin.ch/opendataswiss/category/administration","label":"Administration","__typename":"DataCubeTheme"},{"iri":"https://register.ld.admin.ch/opendataswiss/category/statistical-basis","label":"Statistical basis","__typename":"DataCubeTheme"},{"iri":"https://register.ld.admin.ch/opendataswiss/category/finances","label":"Finances","__typename":"DataCubeTheme"}],"__typename":"DataCube"},"__typename":"DataCubeResult"},{"highlightedTitle":"Test multiple measures","highlightedDescription":"Test multiple measures","dataCube":{"iri":"https://energy.ld.admin.ch/sfoe/bfe_multiplemeasure_test/6","title":"Test multiple measures","workExamples":["https://ld.admin.ch/application/visualize","b3474_genid2db48f331494df48ab967191c5214bfac72dSGLhg0BOf6ZgJOub434","b3474_genid2db48f331494df48ab967191c5214bfac72dSGLhg0BOf6ZgJOub435"],"creator":{"iri":"https://register.ld.admin.ch/opendataswiss/org/bundesamt-fur-energie-bfe","label":"Swiss Federal Office of Energy SFOE","__typename":"DataCubeOrganization"},"description":"Test multiple measures","publicationStatus":"PUBLISHED","datePublished":"2022-08-26","themes":[{"iri":"https://register.ld.admin.ch/opendataswiss/category/energy","label":"Energy","__typename":"DataCubeTheme"}],"__typename":"DataCube"},"__typename":"DataCubeResult"},{"highlightedTitle":"Heavy Metal Soil Contamination","highlightedDescription":"The measurement data are the surveyed mean values of heavy metal concentrations recorded in the top 20 cm of the soil in around 100 permanent monitoring sites operated by the Swiss National Soil Monitoring Network (NABO).","dataCube":{"iri":"https://environment.ld.admin.ch/foen/ubd0066/19","title":"Heavy Metal Soil Contamination","workExamples":["https://ld.admin.ch/application/opendataswiss","https://ld.admin.ch/application/visualize","b3474_genid2ddb64988734c74fb69559188561d184d82d5ryjkXh6nBSFwnIb1481","b3474_genid2ddb64988734c74fb69559188561d184d82d5ryjkXh6nBSFwnIb1482"],"creator":{"iri":"https://register.ld.admin.ch/opendataswiss/org/bundesamt-fur-umwelt-bafu","label":"Federal Office for the Environment FOEN","__typename":"DataCubeOrganization"},"description":"The measurement data are the surveyed mean values of heavy metal concentrations recorded in the top 20 cm of the soil in around 100 permanent monitoring sites operated by the Swiss National Soil Monitoring Network (NABO).","publicationStatus":"PUBLISHED","datePublished":"2022-05-13","themes":[{"iri":"https://register.ld.admin.ch/opendataswiss/category/territory","label":"Territory and environment","__typename":"DataCubeTheme"},{"iri":"https://register.ld.admin.ch/opendataswiss/category/agriculture","label":"Agriculture, forestry","__typename":"DataCubeTheme"}],"__typename":"DataCube"},"__typename":"DataCubeResult"},{"highlightedTitle":"Bathing water quality","highlightedDescription":"The assessment of bathing waters is made on the basis of hygienic quality using E.coli and intestinal enterococci. They provide indications on the effectiveness of water protection measures and in particular the extent to which waste water treatment plants are fulfilling their function.","dataCube":{"iri":"https://environment.ld.admin.ch/foen/ubd0104prod/5","title":"Bathing water quality","workExamples":["https://ld.admin.ch/application/opendataswiss","https://ld.admin.ch/application/visualize","b3474_genid2de2e89a6c525646fe8baf97001e61ae7a2d0jsf81cMZx7gKCnb320","b3474_genid2de2e89a6c525646fe8baf97001e61ae7a2d0jsf81cMZx7gKCnb321"],"creator":{"iri":"https://register.ld.admin.ch/opendataswiss/org/bundesamt-fur-umwelt-bafu","label":"Federal Office for the Environment FOEN","__typename":"DataCubeOrganization"},"description":"The assessment of bathing waters is made on the basis of hygienic quality using E.coli and intestinal enterococci. They provide indications on the effectiveness of water protection measures and in particular the extent to which waste water treatment plants are fulfilling their function.","publicationStatus":"PUBLISHED","datePublished":"2022-07-05","themes":[{"iri":"https://register.ld.admin.ch/opendataswiss/category/territory","label":"Territory and environment","__typename":"DataCubeTheme"}],"__typename":"DataCube"},"__typename":"DataCubeResult"},{"highlightedTitle":"Traffic noise pollution","highlightedDescription":"Percentage of the population, flats and buildings exposed to road, rail and air traffic noise during the day and night. The data is based on area-wide model calculations (sonBASE).","dataCube":{"iri":"https://environment.ld.admin.ch/foen/ubd0037/8","title":"Traffic noise pollution","workExamples":["https://ld.admin.ch/application/opendataswiss","https://ld.admin.ch/application/visualize","b3474_genid2dd72da80aab3f4165a0aafb545bb8ebed2dLIh87360rqNbJgkb1144","b3474_genid2dd72da80aab3f4165a0aafb545bb8ebed2dLIh87360rqNbJgkb1145"],"creator":{"iri":"https://register.ld.admin.ch/opendataswiss/org/bundesamt-fur-umwelt-bafu","label":"Federal Office for the Environment FOEN","__typename":"DataCubeOrganization"},"description":"Percentage of the population, flats and buildings exposed to road, rail and air traffic noise during the day and night. The data is based on area-wide model calculations (sonBASE).","publicationStatus":"PUBLISHED","datePublished":"2021-10-12","themes":[{"iri":"https://register.ld.admin.ch/opendataswiss/category/territory","label":"Territory and environment","__typename":"DataCubeTheme"}],"__typename":"DataCube"},"__typename":"DataCubeResult"},{"highlightedTitle":"Test_Parteispenden","highlightedDescription":"","dataCube":{"iri":"https://culture.ld.admin.ch/sfa/Test_Parteispenden_20_9_22/3","title":"Test_Parteispenden","workExamples":["https://ld.admin.ch/application/visualize","b3474_genid2dfec7dac674124c939bad60cc5555bdab2dxd32CkTvfHLXIiPb219","b3474_genid2dfec7dac674124c939bad60cc5555bdab2dxd32CkTvfHLXIiPb220"],"creator":null,"description":"","publicationStatus":"PUBLISHED","datePublished":"2022-09-20","themes":[{"iri":"https://register.ld.admin.ch/opendataswiss/category/politics","label":"Politics","__typename":"DataCubeTheme"}],"__typename":"DataCube"},"__typename":"DataCubeResult"},{"highlightedTitle":"NFI: forest area by production region and stand structure","highlightedDescription":"The National Forest Inventory (NFI) is a periodic survey of condition and development of the Swiss forest. It is produced in close cooperation between the Federal Office for the Environment (FOEN) and the Swiss Federal Institute for Forest and Snow and Landscape Research (WSL). This record contains information about: forest area","dataCube":{"iri":"https://environment.ld.admin.ch/foen/nfi/49-19-44/cube/1","title":"NFI: forest area by production region and stand structure","workExamples":["https://ld.admin.ch/application/opendataswiss","https://ld.admin.ch/application/visualize","b3474_bnode5f65347a515f27285f41965f99735f817562db9b045f781","b3474_bnode5f65347a515f27285f41965f99735f817562db9b045f782"],"creator":{"iri":"https://register.ld.admin.ch/opendataswiss/org/bundesamt-fur-umwelt-bafu","label":"Federal Office for the Environment FOEN","__typename":"DataCubeOrganization"},"description":"The National Forest Inventory (NFI) is a periodic survey of condition and development of the Swiss forest. It is produced in close cooperation between the Federal Office for the Environment (FOEN) and the Swiss Federal Institute for Forest and Snow and Landscape Research (WSL). This record contains information about: forest area","publicationStatus":"PUBLISHED","datePublished":"2022-08-31","themes":[{"iri":"https://register.ld.admin.ch/opendataswiss/category/territory","label":"Territory and environment","__typename":"DataCubeTheme"},{"iri":"https://register.ld.admin.ch/opendataswiss/category/agriculture","label":"Agriculture, forestry","__typename":"DataCubeTheme"}],"__typename":"DataCube"},"__typename":"DataCubeResult"},{"highlightedTitle":"NFI: volume by production region and stage of stand development","highlightedDescription":"The National Forest Inventory (NFI) is a periodic survey of condition and development of the Swiss forest. It is produced in close cooperation between the Federal Office for the Environment (FOEN) and the Swiss Federal Institute for Forest and Snow and Landscape Research (WSL). This record contains information about: volume","dataCube":{"iri":"https://environment.ld.admin.ch/foen/nfi/49-20-21/cube/1","title":"NFI: volume by production region and stage of stand development","workExamples":["https://ld.admin.ch/application/opendataswiss","https://ld.admin.ch/application/visualize","b3474_bnode5f65347a515f27285f41965f99735f817562db9b045f1270","b3474_bnode5f65347a515f27285f41965f99735f817562db9b045f1271"],"creator":{"iri":"https://register.ld.admin.ch/opendataswiss/org/bundesamt-fur-umwelt-bafu","label":"Federal Office for the Environment FOEN","__typename":"DataCubeOrganization"},"description":"The National Forest Inventory (NFI) is a periodic survey of condition and development of the Swiss forest. It is produced in close cooperation between the Federal Office for the Environment (FOEN) and the Swiss Federal Institute for Forest and Snow and Landscape Research (WSL). This record contains information about: volume","publicationStatus":"PUBLISHED","datePublished":"2022-08-31","themes":[{"iri":"https://register.ld.admin.ch/opendataswiss/category/territory","label":"Territory and environment","__typename":"DataCubeTheme"},{"iri":"https://register.ld.admin.ch/opendataswiss/category/agriculture","label":"Agriculture, forestry","__typename":"DataCubeTheme"}],"__typename":"DataCube"},"__typename":"DataCubeResult"},{"highlightedTitle":"NFI: biomass of live trees by production region and main tree species","highlightedDescription":"The National Forest Inventory (NFI) is a periodic survey of condition and development of the Swiss forest. It is produced in close cooperation between the Federal Office for the Environment (FOEN) and the Swiss Federal Institute for Forest and Snow and Landscape Research (WSL). This record contains information about: biomass of live trees","dataCube":{"iri":"https://environment.ld.admin.ch/foen/nfi/49-90-18/cube/1","title":"NFI: biomass of live trees by production region and main tree species","workExamples":["https://ld.admin.ch/application/opendataswiss","https://ld.admin.ch/application/visualize","b3474_bnode5f65347a515f27285f41965f99735f817562db9b045f1618","b3474_bnode5f65347a515f27285f41965f99735f817562db9b045f1619"],"creator":{"iri":"https://register.ld.admin.ch/opendataswiss/org/bundesamt-fur-umwelt-bafu","label":"Federal Office for the Environment FOEN","__typename":"DataCubeOrganization"},"description":"The National Forest Inventory (NFI) is a periodic survey of condition and development of the Swiss forest. It is produced in close cooperation between the Federal Office for the Environment (FOEN) and the Swiss Federal Institute for Forest and Snow and Landscape Research (WSL). This record contains information about: biomass of live trees","publicationStatus":"PUBLISHED","datePublished":"2022-08-24","themes":[{"iri":"https://register.ld.admin.ch/opendataswiss/category/territory","label":"Territory and environment","__typename":"DataCubeTheme"},{"iri":"https://register.ld.admin.ch/opendataswiss/category/agriculture","label":"Agriculture, forestry","__typename":"DataCubeTheme"}],"__typename":"DataCube"},"__typename":"DataCubeResult"},{"highlightedTitle":"NFI: volume of dead wood by production region and main tree species","highlightedDescription":"The National Forest Inventory (NFI) is a periodic survey of condition and development of the Swiss forest. It is produced in close cooperation between the Federal Office for the Environment (FOEN) and the Swiss Federal Institute for Forest and Snow and Landscape Research (WSL). This record contains information about: volume of dead wood","dataCube":{"iri":"https://environment.ld.admin.ch/foen/nfi/49-90-24/cube/1","title":"NFI: volume of dead wood by production region and main tree species","workExamples":["https://ld.admin.ch/application/opendataswiss","https://ld.admin.ch/application/visualize","b3474_bnode5f65347a515f27285f41965f99735f817562db9b045f2164","b3474_bnode5f65347a515f27285f41965f99735f817562db9b045f2165"],"creator":{"iri":"https://register.ld.admin.ch/opendataswiss/org/bundesamt-fur-umwelt-bafu","label":"Federal Office for the Environment FOEN","__typename":"DataCubeOrganization"},"description":"The National Forest Inventory (NFI) is a periodic survey of condition and development of the Swiss forest. It is produced in close cooperation between the Federal Office for the Environment (FOEN) and the Swiss Federal Institute for Forest and Snow and Landscape Research (WSL). This record contains information about: volume of dead wood","publicationStatus":"PUBLISHED","datePublished":"2022-08-24","themes":[{"iri":"https://register.ld.admin.ch/opendataswiss/category/territory","label":"Territory and environment","__typename":"DataCubeTheme"},{"iri":"https://register.ld.admin.ch/opendataswiss/category/agriculture","label":"Agriculture, forestry","__typename":"DataCubeTheme"}],"__typename":"DataCube"},"__typename":"DataCubeResult"}]},"extensions":{"queries":[{"startTime":1666286923004,"endTime":1666286924631,"text":"#pragma describe.strategy cbd\n#pragma join.hash off\n\n\nPREFIX schema: <http://schema.org/>\nPREFIX dcterms: <http://purl.org/dc/terms/>\nPREFIX dcat: <http://www.w3.org/ns/dcat#>\n\nSELECT DISTINCT ?cube ?versionHistory ?name ?description  ?publisher ?themeName ?creatorLabel\n\nWHERE {\n\n    ?cube a <https://cube.link/Cube>.\n    ?cube schema:name ?name.\n\n    OPTIONAL {\n      ?cube schema:description ?description.\n    }\n    \n    OPTIONAL {\n      ?cube schema:about ?about.\n    }\n\n    OPTIONAL {\n      ?versionHistory schema:hasPart ?cube.\n    }\n\n    OPTIONAL { ?cube dcterms:publisher ?publisher. }\n    \n    OPTIONAL { \n      ?cube dcat:theme ?theme.\n      ?theme schema:name ?themeName.\n       }\n    \n    OPTIONAL { \n      ?cube dcterms:creator ?creator.\n      ?creator schema:name ?creatorLabel. \n       }\n    \n    \n    ?cube schema:workExample <https://ld.admin.ch/application/visualize>.\n    ?cube schema:creativeWorkStatus <https://ld.admin.ch/vocabulary/CreativeWorkStatus/Published>.\n    ?cube <https://cube.link/observationConstraint> ?shape.\n    FILTER NOT EXISTS {?cube schema:expires ?expiryDate }\n    FILTER NOT EXISTS {?cube schema:validThrough ?validThrough }\n    \n\n    \n    \n    \n    \n    \n    \n\n      \n  \n}\n\n\n\n"},{"startTime":1666286923004,"endTime":1666286924631,"text":"#pragma describe.strategy cbd\n#pragma join.hash off\n\n\nPREFIX schema: <http://schema.org/>\nPREFIX dcterms: <http://purl.org/dc/terms/>\nPREFIX dcat: <http://www.w3.org/ns/dcat#>\n\nSELECT DISTINCT ?cube ?versionHistory ?name ?description  ?publisher ?themeName ?creatorLabel\n\nWHERE {\n\n    ?cube a <https://cube.link/Cube>.\n    ?cube schema:name ?name.\n\n    OPTIONAL {\n      ?cube schema:description ?description.\n    }\n    \n    OPTIONAL {\n      ?cube schema:about ?about.\n    }\n\n    OPTIONAL {\n      ?versionHistory schema:hasPart ?cube.\n    }\n\n    OPTIONAL { ?cube dcterms:publisher ?publisher. }\n    \n    OPTIONAL { \n      ?cube dcat:theme ?theme.\n      ?theme schema:name ?themeName.\n       }\n    \n    OPTIONAL { \n      ?cube dcterms:creator ?creator.\n      ?creator schema:name ?creatorLabel. \n       }\n    \n    \n    ?cube schema:workExample <https://ld.admin.ch/application/visualize>.\n    ?cube schema:creativeWorkStatus <https://ld.admin.ch/vocabulary/CreativeWorkStatus/Published>.\n    ?cube <https://cube.link/observationConstraint> ?shape.\n    FILTER NOT EXISTS {?cube schema:expires ?expiryDate }\n    FILTER NOT EXISTS {?cube schema:validThrough ?validThrough }\n    \n\n    \n    \n    \n    \n    \n    \n\n      \n  \n}\n\n\n\n","label":"scores1"},{"startTime":1666286924647,"endTime":1666286924762,"text":"DESCRIBE <https://culture.ld.admin.ch/sfa/stapfer-enquete-1799/1> <https://culture.ld.admin.ch/sfa/StateAccounts_Office/1> <https://culture.ld.admin.ch/sfa/StateAccounts_Domain/1> <https://culture.ld.admin.ch/sfa/StateAccounts_Function/1> <https://culture.ld.admin.ch/sfa/StateAccounts_Category/1> <https://energy.ld.admin.ch/sfoe/bfe_ogd84_einmalverguetung_fuer_photovoltaikanlagen/13> <https://energy.ld.admin.ch/sfoe/OGD84GebTest/1> <https://energy.ld.admin.ch/sfoe/bfe_ogd40_wasta/7> <https://environment.ld.admin.ch/foen/BAFU_LuChem_EMIS_pollutants_KCA_all_years/7> <https://environment.ld.admin.ch/foen/stateAccounts_office_no_decimal_test/1> <https://energy.ld.admin.ch/sfoe/bfe_multiplemeasure_test/6> <https://environment.ld.admin.ch/foen/ubd0066/19> <https://environment.ld.admin.ch/foen/ubd0104prod/5> <https://environment.ld.admin.ch/foen/ubd0037/8> <https://culture.ld.admin.ch/sfa/Test_Parteispenden_20_9_22/3> <https://environment.ld.admin.ch/foen/nfi/49-19-44/cube/1> <https://environment.ld.admin.ch/foen/nfi/49-20-21/cube/1> <https://environment.ld.admin.ch/foen/nfi/49-90-18/cube/1> <https://environment.ld.admin.ch/foen/nfi/49-90-24/cube/1>\n\n\n\n","label":"cubes"},{"startTime":1666286925031,"endTime":1666286925122,"text":"#pragma describe.strategy cbd\n#pragma join.hash off\n\n\nPREFIX schema: <http://schema.org/>\n\nSELECT *\n\nWHERE {\n\n    graph   <https://lindas.admin.ch/sfa/opendataswiss> {\n      ?theme a schema:Organization ;\n      OPTIONAL {\n    ?theme schema:name ?name_en\n    FILTER (LANGMATCHES(LANG(?name_en), \"en\"))\n  }\nOPTIONAL {\n    ?theme schema:name ?name_de\n    FILTER (LANGMATCHES(LANG(?name_de), \"de\"))\n  }\nOPTIONAL {\n    ?theme schema:name ?name_fr\n    FILTER (LANGMATCHES(LANG(?name_fr), \"fr\"))\n  }\nOPTIONAL {\n    ?theme schema:name ?name_it\n    FILTER (LANGMATCHES(LANG(?name_it), \"it\"))\n  }\nOPTIONAL {\n    ?theme schema:name ?name_\n    FILTER ((LANG(?name_) = \"\"))\n  }\n  BIND(COALESCE(?name_en,?name_de,?name_fr,?name_it,?name_) as ?name)\n  \n    }\n}\n\n\n\n"},{"startTime":1666286925032,"endTime":1666286925125,"text":"#pragma describe.strategy cbd\n#pragma join.hash off\n\n\nPREFIX schema: <http://schema.org/>\n\nSELECT *\n\nWHERE {\n\n    graph   <https://lindas.admin.ch/sfa/opendataswiss> {\n      ?theme a schema:DefinedTerm ;\n        schema:inDefinedTermSet <https://register.ld.admin.ch/opendataswiss/category>; \n        OPTIONAL {\n    ?theme schema:name ?name_en\n    FILTER (LANGMATCHES(LANG(?name_en), \"en\"))\n  }\nOPTIONAL {\n    ?theme schema:name ?name_de\n    FILTER (LANGMATCHES(LANG(?name_de), \"de\"))\n  }\nOPTIONAL {\n    ?theme schema:name ?name_fr\n    FILTER (LANGMATCHES(LANG(?name_fr), \"fr\"))\n  }\nOPTIONAL {\n    ?theme schema:name ?name_it\n    FILTER (LANGMATCHES(LANG(?name_it), \"it\"))\n  }\nOPTIONAL {\n    ?theme schema:name ?name_\n    FILTER ((LANG(?name_) = \"\"))\n  }\n  BIND(COALESCE(?name_en,?name_de,?name_fr,?name_it,?name_) as ?name)\n  \n    }\n}\n\n\n\n"}],"timings":{"children":{"dataCubes":{"children":{"0":{"children":{"dataCube":{"children":{"creator":{"children":{"label":{"children":{},"start":1666286925029,"end":1666286925122}}},"themes":{"children":{"0":{"children":{"label":{"children":{},"start":1666286925030,"end":1666286925125}}},"1":{"children":{"label":{"children":{},"start":1666286925030,"end":1666286925125}}}}}}}}},"1":{"children":{"dataCube":{"children":{"creator":{"children":{"label":{"children":{},"start":1666286925030,"end":1666286925122}}},"themes":{"children":{"0":{"children":{"label":{"children":{},"start":1666286925030,"end":1666286925125}}},"1":{"children":{"label":{"children":{},"start":1666286925030,"end":1666286925125}}},"2":{"children":{"label":{"children":{},"start":1666286925030,"end":1666286925125}}}}}}}}},"2":{"children":{"dataCube":{"children":{"creator":{"children":{"label":{"children":{},"start":1666286925030,"end":1666286925122}}},"themes":{"children":{"0":{"children":{"label":{"children":{},"start":1666286925030,"end":1666286925125}}},"1":{"children":{"label":{"children":{},"start":1666286925030,"end":1666286925125}}},"2":{"children":{"label":{"children":{},"start":1666286925030,"end":1666286925125}}}}}}}}},"3":{"children":{"dataCube":{"children":{"creator":{"children":{"label":{"children":{},"start":1666286925030,"end":1666286925122}}},"themes":{"children":{"0":{"children":{"label":{"children":{},"start":1666286925030,"end":1666286925125}}},"1":{"children":{"label":{"children":{},"start":1666286925030,"end":1666286925125}}},"2":{"children":{"label":{"children":{},"start":1666286925030,"end":1666286925125}}}}}}}}},"4":{"children":{"dataCube":{"children":{"creator":{"children":{"label":{"children":{},"start":1666286925030,"end":1666286925122}}},"themes":{"children":{"0":{"children":{"label":{"children":{},"start":1666286925030,"end":1666286925125}}},"1":{"children":{"label":{"children":{},"start":1666286925030,"end":1666286925125}}},"2":{"children":{"label":{"children":{},"start":1666286925030,"end":1666286925125}}}}}}}}},"5":{"children":{"dataCube":{"children":{"creator":{"children":{"label":{"children":{},"start":1666286925030,"end":1666286925122}}},"themes":{"children":{"0":{"children":{"label":{"children":{},"start":1666286925030,"end":1666286925125}}},"1":{"children":{"label":{"children":{},"start":1666286925030,"end":1666286925125}}}}}}}}},"6":{"children":{"dataCube":{"children":{"creator":{"children":{"label":{"children":{},"start":1666286925030,"end":1666286925122}}},"themes":{"children":{"0":{"children":{"label":{"children":{},"start":1666286925030,"end":1666286925125}}},"1":{"children":{"label":{"children":{},"start":1666286925030,"end":1666286925125}}}}}}}}},"7":{"children":{"dataCube":{"children":{"creator":{"children":{"label":{"children":{},"start":1666286925030,"end":1666286925122}}},"themes":{"children":{"0":{"children":{"label":{"children":{},"start":1666286925030,"end":1666286925125}}},"1":{"children":{"label":{"children":{},"start":1666286925030,"end":1666286925125}}},"2":{"children":{"label":{"children":{},"start":1666286925030,"end":1666286925125}}},"3":{"children":{"label":{"children":{},"start":1666286925030,"end":1666286925125}}}}}}}}},"8":{"children":{"dataCube":{"children":{"creator":{"children":{"label":{"children":{},"start":1666286925030,"end":1666286925122}}},"themes":{"children":{"0":{"children":{"label":{"children":{},"start":1666286925030,"end":1666286925125}}}}}}}}},"9":{"children":{"dataCube":{"children":{"creator":{"children":{"label":{"children":{},"start":1666286925030,"end":1666286925122}}},"themes":{"children":{"0":{"children":{"label":{"children":{},"start":1666286925030,"end":1666286925125}}},"1":{"children":{"label":{"children":{},"start":1666286925030,"end":1666286925125}}},"2":{"children":{"label":{"children":{},"start":1666286925030,"end":1666286925125}}}}}}}}},"10":{"children":{"dataCube":{"children":{"creator":{"children":{"label":{"children":{},"start":1666286925030,"end":1666286925122}}},"themes":{"children":{"0":{"children":{"label":{"children":{},"start":1666286925030,"end":1666286925126}}}}}}}}},"11":{"children":{"dataCube":{"children":{"creator":{"children":{"label":{"children":{},"start":1666286925030,"end":1666286925122}}},"themes":{"children":{"0":{"children":{"label":{"children":{},"start":1666286925030,"end":1666286925126}}},"1":{"children":{"label":{"children":{},"start":1666286925030,"end":1666286925125}}}}}}}}},"12":{"children":{"dataCube":{"children":{"creator":{"children":{"label":{"children":{},"start":1666286925030,"end":1666286925122}}},"themes":{"children":{"0":{"children":{"label":{"children":{},"start":1666286925030,"end":1666286925126}}}}}}}}},"13":{"children":{"dataCube":{"children":{"creator":{"children":{"label":{"children":{},"start":1666286925030,"end":1666286925122}}},"themes":{"children":{"0":{"children":{"label":{"children":{},"start":1666286925030,"end":1666286925126}}}}}}}}},"14":{"children":{"dataCube":{"children":{"themes":{"children":{"0":{"children":{"label":{"children":{},"start":1666286925030,"end":1666286925125}}}}}}}}},"15":{"children":{"dataCube":{"children":{"creator":{"children":{"label":{"children":{},"start":1666286925030,"end":1666286925122}}},"themes":{"children":{"0":{"children":{"label":{"children":{},"start":1666286925030,"end":1666286925126}}},"1":{"children":{"label":{"children":{},"start":1666286925030,"end":1666286925126}}}}}}}}},"16":{"children":{"dataCube":{"children":{"creator":{"children":{"label":{"children":{},"start":1666286925030,"end":1666286925122}}},"themes":{"children":{"0":{"children":{"label":{"children":{},"start":1666286925030,"end":1666286925126}}},"1":{"children":{"label":{"children":{},"start":1666286925030,"end":1666286925126}}}}}}}}},"17":{"children":{"dataCube":{"children":{"creator":{"children":{"label":{"children":{},"start":1666286925030,"end":1666286925122}}},"themes":{"children":{"0":{"children":{"label":{"children":{},"start":1666286925030,"end":1666286925126}}},"1":{"children":{"label":{"children":{},"start":1666286925030,"end":1666286925126}}}}}}}}},"18":{"children":{"dataCube":{"children":{"creator":{"children":{"label":{"children":{},"start":1666286925030,"end":1666286925122}}},"themes":{"children":{"0":{"children":{"label":{"children":{},"start":1666286925030,"end":1666286925126}}},"1":{"children":{"label":{"children":{},"start":1666286925030,"end":1666286925126}}}}}}}}}},"start":1666286923002,"end":1666286925029}}}}}
