{"data":{"dataCubeByIri":{"dimensionByIri":{"iri":"https://energy.ld.admin.ch/sfoe/bfe_ogd84_einmalverguetung_fuer_photovoltaikanlagen/Kanton","label":"Standort der Anlage","description":"Kanton, in welchem die geförderten Anlagen stehen","isNumerical":false,"isKeyDimension":true,"order":2,"values":[{"value":"https://ld.admin.ch/canton/1","label":"Zurich","identifier":"1"},{"value":"https://ld.admin.ch/canton/10","label":"Fribourg","identifier":"10"},{"value":"https://ld.admin.ch/canton/11","label":"Solothurn","identifier":"11"},{"value":"https://ld.admin.ch/canton/12","label":"Basel Stadt","identifier":"12"},{"value":"https://ld.admin.ch/canton/13","label":"Basel Landschaft","identifier":"13"},{"value":"https://ld.admin.ch/canton/14","label":"Schaffhausen","identifier":"14"},{"value":"https://ld.admin.ch/canton/15","label":"Appenzell Ausserrhoden","identifier":"15"},{"value":"https://ld.admin.ch/canton/16","label":"Appenzell Innerrhoden","identifier":"16"},{"value":"https://ld.admin.ch/canton/17","label":"St Gallen","identifier":"17"},{"value":"https://ld.admin.ch/canton/18","label":"Grisons","identifier":"18"},{"value":"https://ld.admin.ch/canton/19","label":"Aargau","identifier":"19"},{"value":"https://ld.admin.ch/canton/2","label":"Bern","identifier":"2"},{"value":"https://ld.admin.ch/canton/20","label":"Thurgau","identifier":"20"},{"value":"https://ld.admin.ch/canton/21","label":"Ticino","identifier":"21"},{"value":"https://ld.admin.ch/canton/22","label":"Vaud","identifier":"22"},{"value":"https://ld.admin.ch/canton/23","label":"Valais","identifier":"23"},{"value":"https://ld.admin.ch/canton/24","label":"Neuchâtel","identifier":"24"},{"value":"https://ld.admin.ch/canton/25","label":"Geneva","identifier":"25"},{"value":"https://ld.admin.ch/canton/26","label":"Jura","identifier":"26"},{"value":"https://ld.admin.ch/canton/3","label":"Lucerne","identifier":"3"},{"value":"https://ld.admin.ch/canton/4","label":"Uri","identifier":"4"},{"value":"https://ld.admin.ch/canton/5","label":"Schwyz","identifier":"5"},{"value":"https://ld.admin.ch/canton/6","label":"Obwalden","identifier":"6"},{"value":"https://ld.admin.ch/canton/7","label":"Nidwalden","identifier":"7"},{"value":"https://ld.admin.ch/canton/8","label":"Glarus","identifier":"8"},{"value":"https://ld.admin.ch/canton/9","label":"Zug","identifier":"9"}],"unit":null,"related":[],"hierarchy":null,"__typename":"GeoShapesDimension"},"__typename":"DataCube"}},"extensions":{"queries":[{"startTime":1666286931178,"endTime":1666286931311,"text":"#pragma describe.strategy cbd\n#pragma join.hash off\n\n\nPREFIX unit: <http://qudt.org/vocab/unit/>\nPREFIX rdfs: <http://www.w3.org/2000/01/rdf-schema#>\nPREFIX qudt: <http://qudt.org/schema/qudt/>\n\nSELECT DISTINCT ?iri ?label ?isCurrency ?currencyExponent ?isCurrency\n\nWHERE {\n\n        values ?iri {\n          unit:YR_Common\nunit:KiloW\nunit:SwissFranc\n        }\n\n        OPTIONAL { ?iri rdfs:label ?rdfsLabel }\n        OPTIONAL { ?iri  qudt:symbol  ?symbol }\n        OPTIONAL { ?iri  qudt:ucumCode  ?ucumCode }\n        OPTIONAL { ?iri  qudt:expression  ?expression }\n\n        OPTIONAL { ?iri ?isCurrency qudt:CurrencyUnit }\n        OPTIONAL { ?iri qudt:currencyExponent ?currencyExponent }\n\n        BIND(str(coalesce(str(?symbol), str(?ucumCode), str(?expression), str(?rdfsLabel), \"?\")) AS ?label)\n        \n        FILTER ( lang(?rdfsLabel) = \"en\" )\n      \n}\n\n\n\n"},{"startTime":1666286931313,"endTime":1666286931558,"text":"#pragma describe.strategy cbd\n#pragma join.hash off\n\n\nPREFIX sh: <http://www.w3.org/ns/shacl#>\nPREFIX schema: <http://schema.org/>\n\nSELECT ?cube\n\nWHERE {\n\n  ?cube <https://cube.link/observationConstraint> ?shape.\n  ?shape ?prop ?dimension.\n  ?dimension sh:path <https://energy.ld.admin.ch/sfoe/bfe_ogd84_einmalverguetung_fuer_photovoltaikanlagen/Kanton>.\n  \n  FILTER NOT EXISTS { ?cube schema:expires ?any . }\n  \n}\n\n\n\n"},{"startTime":1666286931315,"endTime":1666286931564,"text":"#pragma describe.strategy cbd\n#pragma join.hash off\n\n\nPREFIX schema: <http://schema.org/>\n\nSELECT DISTINCT ?iri ?label\n\nWHERE {\n\n      values ?iri {\n        <https://ld.admin.ch/canton/19>\n<https://ld.admin.ch/canton/16>\n<https://ld.admin.ch/canton/15>\n<https://ld.admin.ch/canton/2>\n<https://ld.admin.ch/canton/13>\n<https://ld.admin.ch/canton/12>\n<https://ld.admin.ch/canton/10>\n<https://ld.admin.ch/canton/25>\n<https://ld.admin.ch/canton/8>\n<https://ld.admin.ch/canton/18>\n<https://ld.admin.ch/canton/26>\n<https://ld.admin.ch/canton/3>\n<https://ld.admin.ch/canton/24>\n<https://ld.admin.ch/canton/7>\n<https://ld.admin.ch/canton/6>\n<https://ld.admin.ch/canton/17>\n<https://ld.admin.ch/canton/14>\n<https://ld.admin.ch/canton/11>\n<https://ld.admin.ch/canton/5>\n<https://ld.admin.ch/canton/20>\n<https://ld.admin.ch/canton/21>\n<https://ld.admin.ch/canton/4>\n<https://ld.admin.ch/canton/22>\n<https://ld.admin.ch/canton/23>\n<https://ld.admin.ch/canton/9>\n<https://ld.admin.ch/canton/1>\n      }\n      OPTIONAL {\n    ?iri schema:name ?label_en\n    FILTER (LANGMATCHES(LANG(?label_en), \"en\"))\n  }\nOPTIONAL {\n    ?iri schema:name ?label_de\n    FILTER (LANGMATCHES(LANG(?label_de), \"de\"))\n  }\nOPTIONAL {\n    ?iri schema:name ?label_fr\n    FILTER (LANGMATCHES(LANG(?label_fr), \"fr\"))\n  }\nOPTIONAL {\n    ?iri schema:name ?label_it\n    FILTER (LANGMATCHES(LANG(?label_it), \"it\"))\n  }\nOPTIONAL {\n    ?iri schema:name ?label_\n    FILTER ((LANG(?label_) = \"\"))\n  }\n  BIND(COALESCE(?label_en,?label_de,?label_fr,?label_it,?label_) as ?label)\n  \n    \n}\n\n\n\n"},{"startTime":1666286931316,"endTime":1666286931564,"text":"#pragma describe.strategy cbd\n#pragma join.hash off\n\n\nPREFIX schema: <http://schema.org/>\n\nSELECT DISTINCT ?iri ?identifier\n?position\n?color\n\nWHERE {\n\n      values ?iri {\n        <https://ld.admin.ch/canton/19>\n<https://ld.admin.ch/canton/16>\n<https://ld.admin.ch/canton/15>\n<https://ld.admin.ch/canton/2>\n<https://ld.admin.ch/canton/13>\n<https://ld.admin.ch/canton/12>\n<https://ld.admin.ch/canton/10>\n<https://ld.admin.ch/canton/25>\n<https://ld.admin.ch/canton/8>\n<https://ld.admin.ch/canton/18>\n<https://ld.admin.ch/canton/26>\n<https://ld.admin.ch/canton/3>\n<https://ld.admin.ch/canton/24>\n<https://ld.admin.ch/canton/7>\n<https://ld.admin.ch/canton/6>\n<https://ld.admin.ch/canton/17>\n<https://ld.admin.ch/canton/14>\n<https://ld.admin.ch/canton/11>\n<https://ld.admin.ch/canton/5>\n<https://ld.admin.ch/canton/20>\n<https://ld.admin.ch/canton/21>\n<https://ld.admin.ch/canton/4>\n<https://ld.admin.ch/canton/22>\n<https://ld.admin.ch/canton/23>\n<https://ld.admin.ch/canton/9>\n<https://ld.admin.ch/canton/1>\n      }\n\n      OPTIONAL { ?iri schema:identifier ?identifier. }\nOPTIONAL { ?iri schema:color ?color. }\n    \n}\n\n\n\n"}],"timings":{"children":{"dataCubeByIri":{"children":{"dimensionByIri":{"children":{"values":{"children":{},"start":1666286931312,"end":1666286931564},"hierarchy":{"children":{},"start":1666286931313,"end":1666286932723}},"start":1666286931176,"end":1666286931312}},"start":1666286930665,"end":1666286931176}}}}}
