{"data":{"dataCubeByIri":{"iri":"https://energy.ld.admin.ch/sfoe/bfe_ogd84_einmalverguetung_fuer_photovoltaikanlagen/13","title":"Einmalvergütung für Photovoltaikanlagen","description":"Seit 2014 werden Photovoltaikanlagen mit einer Einmalvergütung (EIV) gefördert. Dabei wird abhängig von der Leistung, der Anlagenkategorie und dem Inbetriebnahmedatum ein einmaliger Beitrag an die Anlagenbetreiber ausbezahlt. Hier finden Sie pro Kanton und Auszahlungsjahr einen Überblick über die Anzahl geförderter EIV-Anlagen, die installierte Leistung in Kilowatt (kW) sowie den ausbezahlten EIV-Förderbeitrag. Die dargestellten Daten entsprechen nicht vollständig der offiziellen Statistik der erneuerbaren Energien durch das BFE. Da der Abbau der Wartelisten zeitverzögert stattfindet, können Abweichungen entstehen.","dimensions":[{"iri":"https://energy.ld.admin.ch/sfoe/bfe_ogd84_einmalverguetung_fuer_photovoltaikanlagen/Jahr","label":"Jahr der Vergütung","description":"Jahr, in welchem die EIV ausbezahlt wurde","isNumerical":false,"isKeyDimension":true,"order":1,"values":[{"value":"2014","label":"2014"},{"value":"2015","label":"2015"},{"value":"2016","label":"2016"},{"value":"2017","label":"2017"},{"value":"2018","label":"2018"},{"value":"2019","label":"2019"},{"value":"2020","label":"2020"},{"value":"2021","label":"2021"}],"unit":"Common Year","related":[],"hierarchy":null,"timeUnit":"Year","timeFormat":"%Y","__typename":"TemporalDimension"},{"iri":"https://energy.ld.admin.ch/sfoe/bfe_ogd84_einmalverguetung_fuer_photovoltaikanlagen/Kanton","label":"Standort der Anlage","description":"Kanton, in welchem die geförderten Anlagen stehen","isNumerical":false,"isKeyDimension":true,"order":2,"values":[{"value":"https://ld.admin.ch/canton/1","label":"Zurich","identifier":"1"},{"value":"https://ld.admin.ch/canton/10","label":"Fribourg","identifier":"10"},{"value":"https://ld.admin.ch/canton/11","label":"Solothurn","identifier":"11"},{"value":"https://ld.admin.ch/canton/12","label":"Basel Stadt","identifier":"12"},{"value":"https://ld.admin.ch/canton/13","label":"Basel Landschaft","identifier":"13"},{"value":"https://ld.admin.ch/canton/14","label":"Schaffhausen","identifier":"14"},{"value":"https://ld.admin.ch/canton/15","label":"Appenzell Ausserrhoden","identifier":"15"},{"value":"https://ld.admin.ch/canton/16","label":"Appenzell Innerrhoden","identifier":"16"},{"value":"https://ld.admin.ch/canton/17","label":"St Gallen","identifier":"17"},{"value":"https://ld.admin.ch/canton/18","label":"Grisons","identifier":"18"},{"value":"https://ld.admin.ch/canton/19","label":"Aargau","identifier":"19"},{"value":"https://ld.admin.ch/canton/2","label":"Bern","identifier":"2"},{"value":"https://ld.admin.ch/canton/20","label":"Thurgau","identifier":"20"},{"value":"https://ld.admin.ch/canton/21","label":"Ticino","identifier":"21"},{"value":"https://ld.admin.ch/canton/22","label":"Vaud","identifier":"22"},{"value":"https://ld.admin.ch/canton/23","label":"Valais","identifier":"23"},{"value":"https://ld.admin.ch/canton/24","label":"Neuchâtel","identifier":"24"},{"value":"https://ld.admin.ch/canton/25","label":"Geneva","identifier":"25"},{"value":"https://ld.admin.ch/canton/26","label":"Jura","identifier":"26"},{"value":"https://ld.admin.ch/canton/3","label":"Lucerne","identifier":"3"},{"value":"https://ld.admin.ch/canton/4","label":"Uri","identifier":"4"},{"value":"https://ld.admin.ch/canton/5","label":"Schwyz","identifier":"5"},{"value":"https://ld.admin.ch/canton/6","label":"Obwalden","identifier":"6"},{"value":"https://ld.admin.ch/canton/7","label":"Nidwalden","identifier":"7"},{"value":"https://ld.admin.ch/canton/8","label":"Glarus","identifier":"8"},{"value":"https://ld.admin.ch/canton/9","label":"Zug","identifier":"9"}],"unit":null,"related":[],"hierarchy":null,"__typename":"GeoShapesDimension"}],"measures":[{"iri":"https://energy.ld.admin.ch/sfoe/bfe_ogd84_einmalverguetung_fuer_photovoltaikanlagen/AnzahlAnlagen","label":"Anzahl geförderter EIV-Anlagen","description":"Anzahl geförderter EIV-Anlagen","isNumerical":true,"isKeyDimension":false,"order":3,"values":[{"value":7,"label":"7"},{"value":3596,"label":"3596"}],"unit":null,"related":[],"hierarchy":null,"isCurrency":false,"currencyExponent":0,"resolution":0,"__typename":"NumericalMeasure"},{"iri":"https://energy.ld.admin.ch/sfoe/bfe_ogd84_einmalverguetung_fuer_photovoltaikanlagen/InstallierteLeistungkW","label":"Leistung in kW","description":"Installierte Leistung der EIV-Anlagen in kW","isNumerical":true,"isKeyDimension":false,"order":4,"values":[{"value":47.23,"label":"47.23"},{"value":69843.65,"label":"69843.65"}],"unit":"kW","related":[],"hierarchy":null,"isCurrency":false,"currencyExponent":0,"resolution":null,"__typename":"NumericalMeasure"},{"iri":"https://energy.ld.admin.ch/sfoe/bfe_ogd84_einmalverguetung_fuer_photovoltaikanlagen/VerguetungCHF","label":"EIV-Gesamtvergütung in CHF","description":"EIV-Gesamtvergütung in CHF","isNumerical":true,"isKeyDimension":false,"order":5,"values":[{"value":58880,"label":"58880"},{"value":35652626.99,"label":"35652626.99"}],"unit":"CHF","related":[],"hierarchy":null,"isCurrency":true,"currencyExponent":2,"resolution":null,"__typename":"NumericalMeasure"},{"iri":"https://energy.ld.admin.ch/sfoe/bfe_ogd84_einmalverguetung_fuer_photovoltaikanlagen/AnzahlAnlagenPro100000Einwohner","label":"Anzahl geförderter EIV-Anlagen pro 100000 Einwohner","description":"Anzahl geförderter EIV-Anlagen pro 100000 Einwohner","isNumerical":true,"isKeyDimension":false,"order":6,"values":[{"value":"10","label":"10"},{"value":"102","label":"102"},{"value":"103","label":"103"},{"value":"104","label":"104"},{"value":"105","label":"105"},{"value":"106","label":"106"},{"value":"108","label":"108"},{"value":"11","label":"11"},{"value":"110","label":"110"},{"value":"113","label":"113"},{"value":"114","label":"114"},{"value":"115","label":"115"},{"value":"116","label":"116"},{"value":"117","label":"117"},{"value":"119","label":"119"},{"value":"120","label":"120"},{"value":"122","label":"122"},{"value":"123","label":"123"},{"value":"125","label":"125"},{"value":"127","label":"127"},{"value":"128","label":"128"},{"value":"129","label":"129"},{"value":"135","label":"135"},{"value":"136","label":"136"},{"value":"137","label":"137"},{"value":"141","label":"141"},{"value":"142","label":"142"},{"value":"143","label":"143"},{"value":"144","label":"144"},{"value":"145","label":"145"},{"value":"146","label":"146"},{"value":"150","label":"150"},{"value":"152","label":"152"},{"value":"153","label":"153"},{"value":"156","label":"156"},{"value":"157","label":"157"},{"value":"16","label":"16"},{"value":"163","label":"163"},{"value":"165","label":"165"},{"value":"166","label":"166"},{"value":"167","label":"167"},{"value":"169","label":"169"},{"value":"171","label":"171"},{"value":"176","label":"176"},{"value":"178","label":"178"},{"value":"182","label":"182"},{"value":"184","label":"184"},{"value":"186","label":"186"},{"value":"189","label":"189"},{"value":"190","label":"190"},{"value":"192","label":"192"},{"value":"193","label":"193"},{"value":"194","label":"194"},{"value":"196","label":"196"},{"value":"197","label":"197"},{"value":"198","label":"198"},{"value":"199","label":"199"},{"value":"20","label":"20"},{"value":"200","label":"200"},{"value":"203","label":"203"},{"value":"204","label":"204"},{"value":"206","label":"206"},{"value":"207","label":"207"},{"value":"209","label":"209"},{"value":"21","label":"21"},{"value":"210","label":"210"},{"value":"211","label":"211"},{"value":"22","label":"22"},{"value":"220","label":"220"},{"value":"221","label":"221"},{"value":"223","label":"223"},{"value":"224","label":"224"},{"value":"229","label":"229"},{"value":"230","label":"230"},{"value":"231","label":"231"},{"value":"233","label":"233"},{"value":"235","label":"235"},{"value":"239","label":"239"},{"value":"24","label":"24"},{"value":"247","label":"247"},{"value":"248","label":"248"},{"value":"254","label":"254"},{"value":"257","label":"257"},{"value":"258","label":"258"},{"value":"259","label":"259"},{"value":"262","label":"262"},{"value":"265","label":"265"},{"value":"267","label":"267"},{"value":"269","label":"269"},{"value":"28","label":"28"},{"value":"286","label":"286"},{"value":"287","label":"287"},{"value":"298","label":"298"},{"value":"299","label":"299"},{"value":"30","label":"30"},{"value":"303","label":"303"},{"value":"306","label":"306"},{"value":"310","label":"310"},{"value":"314","label":"314"},{"value":"316","label":"316"},{"value":"32","label":"32"},{"value":"321","label":"321"},{"value":"326","label":"326"},{"value":"328","label":"328"},{"value":"34","label":"34"},{"value":"340","label":"340"},{"value":"346","label":"346"},{"value":"356","label":"356"},{"value":"358","label":"358"},{"value":"362","label":"362"},{"value":"364","label":"364"},{"value":"367","label":"367"},{"value":"399","label":"399"},{"value":"4","label":"4"},{"value":"407","label":"407"},{"value":"408","label":"408"},{"value":"437","label":"437"},{"value":"44","label":"44"},{"value":"441","label":"441"},{"value":"453","label":"453"},{"value":"488","label":"488"},{"value":"499","label":"499"},{"value":"52","label":"52"},{"value":"54","label":"54"},{"value":"540","label":"540"},{"value":"555","label":"555"},{"value":"559","label":"559"},{"value":"56","label":"56"},{"value":"578","label":"578"},{"value":"6","label":"6"},{"value":"62","label":"62"},{"value":"624","label":"624"},{"value":"628","label":"628"},{"value":"69","label":"69"},{"value":"70","label":"70"},{"value":"73","label":"73"},{"value":"76","label":"76"},{"value":"8","label":"8"},{"value":"81","label":"81"},{"value":"82","label":"82"},{"value":"84","label":"84"},{"value":"87","label":"87"},{"value":"88","label":"88"},{"value":"89","label":"89"},{"value":"9","label":"9"},{"value":"90","label":"90"},{"value":"92","label":"92"},{"value":"93","label":"93"},{"value":"94","label":"94"},{"value":"95","label":"95"},{"value":"99","label":"99"},{"value":"https://cube.link/Undefined","label":"–"}],"unit":null,"related":[],"hierarchy":null,"__typename":"OrdinalMeasure"},{"iri":"https://energy.ld.admin.ch/sfoe/bfe_ogd84_einmalverguetung_fuer_photovoltaikanlagen/InstallierteLeistungkWPro100000Einwohner","label":"Leistung in kW pro 100000 Einwohner","description":"Installierte Leistung der EIV-Anlagen in kW pro 100000 Einwohner","isNumerical":true,"isKeyDimension":false,"order":7,"values":[{"value":"1007","label":"1007"},{"value":"10223","label":"10223"},{"value":"10265","label":"10265"},{"value":"10598","label":"10598"},{"value":"1062","label":"1062"},{"value":"10651","label":"10651"},{"value":"1122","label":"1122"},{"value":"1133","label":"1133"},{"value":"1145","label":"1145"},{"value":"1173","label":"1173"},{"value":"11760","label":"11760"},{"value":"1182","label":"1182"},{"value":"12121","label":"12121"},{"value":"12226","label":"12226"},{"value":"1258","label":"1258"},{"value":"1270","label":"1270"},{"value":"1277","label":"1277"},{"value":"1280","label":"1280"},{"value":"1288","label":"1288"},{"value":"12882","label":"12882"},{"value":"1293","label":"1293"},{"value":"1302","label":"1302"},{"value":"1310","label":"1310"},{"value":"1324","label":"1324"},{"value":"1326","label":"1326"},{"value":"1337","label":"1337"},{"value":"1347","label":"1347"},{"value":"1389","label":"1389"},{"value":"1397","label":"1397"},{"value":"144","label":"144"},{"value":"1447","label":"1447"},{"value":"1460","label":"1460"},{"value":"1468","label":"1468"},{"value":"1475","label":"1475"},{"value":"1485","label":"1485"},{"value":"1529","label":"1529"},{"value":"15475","label":"15475"},{"value":"1554","label":"1554"},{"value":"1557","label":"1557"},{"value":"1566","label":"1566"},{"value":"1577","label":"1577"},{"value":"1588","label":"1588"},{"value":"1597","label":"1597"},{"value":"1606","label":"1606"},{"value":"1640","label":"1640"},{"value":"1654","label":"1654"},{"value":"1662","label":"1662"},{"value":"170","label":"170"},{"value":"1701","label":"1701"},{"value":"1715","label":"1715"},{"value":"173","label":"173"},{"value":"1751","label":"1751"},{"value":"177","label":"177"},{"value":"1774","label":"1774"},{"value":"178","label":"178"},{"value":"1805","label":"1805"},{"value":"181","label":"181"},{"value":"1814","label":"1814"},{"value":"1817","label":"1817"},{"value":"18535","label":"18535"},{"value":"1862","label":"1862"},{"value":"1865","label":"1865"},{"value":"187","label":"187"},{"value":"1885","label":"1885"},{"value":"1888","label":"1888"},{"value":"1912","label":"1912"},{"value":"1922","label":"1922"},{"value":"1938","label":"1938"},{"value":"1940","label":"1940"},{"value":"1956","label":"1956"},{"value":"1985","label":"1985"},{"value":"20","label":"20"},{"value":"200","label":"200"},{"value":"2018","label":"2018"},{"value":"208","label":"208"},{"value":"2083","label":"2083"},{"value":"2114","label":"2114"},{"value":"2125","label":"2125"},{"value":"2130","label":"2130"},{"value":"2132","label":"2132"},{"value":"2135","label":"2135"},{"value":"2152","label":"2152"},{"value":"2186","label":"2186"},{"value":"2193","label":"2193"},{"value":"2269","label":"2269"},{"value":"23","label":"23"},{"value":"2335","label":"2335"},{"value":"2343","label":"2343"},{"value":"2348","label":"2348"},{"value":"2352","label":"2352"},{"value":"2484","label":"2484"},{"value":"25","label":"25"},{"value":"2528","label":"2528"},{"value":"2565","label":"2565"},{"value":"2603","label":"2603"},{"value":"2620","label":"2620"},{"value":"2684","label":"2684"},{"value":"27","label":"27"},{"value":"2777","label":"2777"},{"value":"278","label":"278"},{"value":"2780","label":"2780"},{"value":"2820","label":"2820"},{"value":"3069","label":"3069"},{"value":"3071","label":"3071"},{"value":"3119","label":"3119"},{"value":"3190","label":"3190"},{"value":"3228","label":"3228"},{"value":"3262","label":"3262"},{"value":"3339","label":"3339"},{"value":"3395","label":"3395"},{"value":"3508","label":"3508"},{"value":"3515","label":"3515"},{"value":"3561","label":"3561"},{"value":"3660","label":"3660"},{"value":"3726","label":"3726"},{"value":"3952","label":"3952"},{"value":"4006","label":"4006"},{"value":"4191","label":"4191"},{"value":"42","label":"42"},{"value":"4326","label":"4326"},{"value":"4388","label":"4388"},{"value":"4478","label":"4478"},{"value":"4482","label":"4482"},{"value":"4729","label":"4729"},{"value":"4731","label":"4731"},{"value":"4787","label":"4787"},{"value":"48","label":"48"},{"value":"4853","label":"4853"},{"value":"50","label":"50"},{"value":"502","label":"502"},{"value":"510","label":"510"},{"value":"512","label":"512"},{"value":"5201","label":"5201"},{"value":"5214","label":"5214"},{"value":"5274","label":"5274"},{"value":"5276","label":"5276"},{"value":"5357","label":"5357"},{"value":"5609","label":"5609"},{"value":"568","label":"568"},{"value":"5711","label":"5711"},{"value":"573","label":"573"},{"value":"5786","label":"5786"},{"value":"5803","label":"5803"},{"value":"5811","label":"5811"},{"value":"59","label":"59"},{"value":"6020","label":"6020"},{"value":"6114","label":"6114"},{"value":"6135","label":"6135"},{"value":"6140","label":"6140"},{"value":"617","label":"617"},{"value":"6177","label":"6177"},{"value":"62","label":"62"},{"value":"6241","label":"6241"},{"value":"6330","label":"6330"},{"value":"6358","label":"6358"},{"value":"6469","label":"6469"},{"value":"6519","label":"6519"},{"value":"66","label":"66"},{"value":"6696","label":"6696"},{"value":"685","label":"685"},{"value":"6868","label":"6868"},{"value":"69","label":"69"},{"value":"692","label":"692"},{"value":"6939","label":"6939"},{"value":"6988","label":"6988"},{"value":"6995","label":"6995"},{"value":"703","label":"703"},{"value":"7042","label":"7042"},{"value":"7239","label":"7239"},{"value":"73","label":"73"},{"value":"7386","label":"7386"},{"value":"7395","label":"7395"},{"value":"75","label":"75"},{"value":"7536","label":"7536"},{"value":"7701","label":"7701"},{"value":"790","label":"790"},{"value":"7946","label":"7946"},{"value":"852","label":"852"},{"value":"853","label":"853"},{"value":"8531","label":"8531"},{"value":"859","label":"859"},{"value":"8603","label":"8603"},{"value":"861","label":"861"},{"value":"864","label":"864"},{"value":"8900","label":"8900"},{"value":"908","label":"908"},{"value":"9110","label":"9110"},{"value":"9170","label":"9170"},{"value":"927","label":"927"},{"value":"928","label":"928"},{"value":"931","label":"931"},{"value":"932","label":"932"},{"value":"9331","label":"9331"},{"value":"9438","label":"9438"},{"value":"9599","label":"9599"},{"value":"9717","label":"9717"},{"value":"https://cube.link/Undefined","label":"–"}],"unit":null,"related":[],"hierarchy":null,"__typename":"OrdinalMeasure"}],"observations":{"data":[{"https://energy.ld.admin.ch/sfoe/bfe_ogd84_einmalverguetung_fuer_photovoltaikanlagen/Jahr":"2014","https://energy.ld.admin.ch/sfoe/bfe_ogd84_einmalverguetung_fuer_photovoltaikanlagen/Kanton":"Zurich","https://energy.ld.admin.ch/sfoe/bfe_ogd84_einmalverguetung_fuer_photovoltaikanlagen/AnzahlAnlagen":"52","https://energy.ld.admin.ch/sfoe/bfe_ogd84_einmalverguetung_fuer_photovoltaikanlagen/InstallierteLeistungkW":"357.46","https://energy.ld.admin.ch/sfoe/bfe_ogd84_einmalverguetung_fuer_photovoltaikanlagen/VerguetungCHF":"567663.0","https://energy.ld.admin.ch/sfoe/bfe_ogd84_einmalverguetung_fuer_photovoltaikanlagen/AnzahlAnlagenPro100000Einwohner":"4","https://energy.ld.admin.ch/sfoe/bfe_ogd84_einmalverguetung_fuer_photovoltaikanlagen/InstallierteLeistungkWPro100000Einwohner":"25"},{"https://energy.ld.admin.ch/sfoe/bfe_ogd84_einmalverguetung_fuer_photovoltaikanlagen/Jahr":"2014","https://energy.ld.admin.ch/sfoe/bfe_ogd84_einmalverguetung_fuer_photovoltaikanlagen/Kanton":"Zug","https://energy.ld.admin.ch/sfoe/bfe_ogd84_einmalverguetung_fuer_photovoltaikanlagen/AnzahlAnlagen":null,"https://energy.ld.admin.ch/sfoe/bfe_ogd84_einmalverguetung_fuer_photovoltaikanlagen/InstallierteLeistungkW":null,"https://energy.ld.admin.ch/sfoe/bfe_ogd84_einmalverguetung_fuer_photovoltaikanlagen/VerguetungCHF":null,"https://energy.ld.admin.ch/sfoe/bfe_ogd84_einmalverguetung_fuer_photovoltaikanlagen/AnzahlAnlagenPro100000Einwohner":"https://cube.link/Undefined","https://energy.ld.admin.ch/sfoe/bfe_ogd84_einmalverguetung_fuer_photovoltaikanlagen/InstallierteLeistungkWPro100000Einwohner":"https://cube.link/Undefined"},{"https://energy.ld.admin.ch/sfoe/bfe_ogd84_einmalverguetung_fuer_photovoltaikanlagen/Jahr":"2014","https://energy.ld.admin.ch/sfoe/bfe_ogd84_einmalverguetung_fuer_photovoltaikanlagen/Kanton":"St Gallen","https://energy.ld.admin.ch/sfoe/bfe_ogd84_einmalverguetung_fuer_photovoltaikanlagen/AnzahlAnlagen":"103","https://energy.ld.admin.ch/sfoe/bfe_ogd84_einmalverguetung_fuer_photovoltaikanlagen/InstallierteLeistungkW":"711.61","https://energy.ld.admin.ch/sfoe/bfe_ogd84_einmalverguetung_fuer_photovoltaikanlagen/VerguetungCHF":"1032860.5","https://energy.ld.admin.ch/sfoe/bfe_ogd84_einmalverguetung_fuer_photovoltaikanlagen/AnzahlAnlagenPro100000Einwohner":"21","https://energy.ld.admin.ch/sfoe/bfe_ogd84_einmalverguetung_fuer_photovoltaikanlagen/InstallierteLeistungkWPro100000Einwohner":"144"},{"https://energy.ld.admin.ch/sfoe/bfe_ogd84_einmalverguetung_fuer_photovoltaikanlagen/Jahr":"2014","https://energy.ld.admin.ch/sfoe/bfe_ogd84_einmalverguetung_fuer_photovoltaikanlagen/Kanton":"Bern","https://energy.ld.admin.ch/sfoe/bfe_ogd84_einmalverguetung_fuer_photovoltaikanlagen/AnzahlAnlagen":"107","https://energy.ld.admin.ch/sfoe/bfe_ogd84_einmalverguetung_fuer_photovoltaikanlagen/InstallierteLeistungkW":"733.49","https://energy.ld.admin.ch/sfoe/bfe_ogd84_einmalverguetung_fuer_photovoltaikanlagen/VerguetungCHF":"1205752.5","https://energy.ld.admin.ch/sfoe/bfe_ogd84_einmalverguetung_fuer_photovoltaikanlagen/AnzahlAnlagenPro100000Einwohner":"11","https://energy.ld.admin.ch/sfoe/bfe_ogd84_einmalverguetung_fuer_photovoltaikanlagen/InstallierteLeistungkWPro100000Einwohner":"73"},{"https://energy.ld.admin.ch/sfoe/bfe_ogd84_einmalverguetung_fuer_photovoltaikanlagen/Jahr":"2014","https://energy.ld.admin.ch/sfoe/bfe_ogd84_einmalverguetung_fuer_photovoltaikanlagen/Kanton":"Schwyz","https://energy.ld.admin.ch/sfoe/bfe_ogd84_einmalverguetung_fuer_photovoltaikanlagen/AnzahlAnlagen":"13","https://energy.ld.admin.ch/sfoe/bfe_ogd84_einmalverguetung_fuer_photovoltaikanlagen/InstallierteLeistungkW":"89.41","https://energy.ld.admin.ch/sfoe/bfe_ogd84_einmalverguetung_fuer_photovoltaikanlagen/VerguetungCHF":"150802.5","https://energy.ld.admin.ch/sfoe/bfe_ogd84_einmalverguetung_fuer_photovoltaikanlagen/AnzahlAnlagenPro100000Einwohner":"9","https://energy.ld.admin.ch/sfoe/bfe_ogd84_einmalverguetung_fuer_photovoltaikanlagen/InstallierteLeistungkWPro100000Einwohner":"59"},{"https://energy.ld.admin.ch/sfoe/bfe_ogd84_einmalverguetung_fuer_photovoltaikanlagen/Jahr":"2014","https://energy.ld.admin.ch/sfoe/bfe_ogd84_einmalverguetung_fuer_photovoltaikanlagen/Kanton":"Lucerne","https://energy.ld.admin.ch/sfoe/bfe_ogd84_einmalverguetung_fuer_photovoltaikanlagen/AnzahlAnlagen":"38","https://energy.ld.admin.ch/sfoe/bfe_ogd84_einmalverguetung_fuer_photovoltaikanlagen/InstallierteLeistungkW":"272.82","https://energy.ld.admin.ch/sfoe/bfe_ogd84_einmalverguetung_fuer_photovoltaikanlagen/VerguetungCHF":"431420.5","https://energy.ld.admin.ch/sfoe/bfe_ogd84_einmalverguetung_fuer_photovoltaikanlagen/AnzahlAnlagenPro100000Einwohner":"10","https://energy.ld.admin.ch/sfoe/bfe_ogd84_einmalverguetung_fuer_photovoltaikanlagen/InstallierteLeistungkWPro100000Einwohner":"69"},{"https://energy.ld.admin.ch/sfoe/bfe_ogd84_einmalverguetung_fuer_photovoltaikanlagen/Jahr":"2014","https://energy.ld.admin.ch/sfoe/bfe_ogd84_einmalverguetung_fuer_photovoltaikanlagen/Kanton":"Aargau","https://energy.ld.admin.ch/sfoe/bfe_ogd84_einmalverguetung_fuer_photovoltaikanlagen/AnzahlAnlagen":"52","https://energy.ld.admin.ch/sfoe/bfe_ogd84_einmalverguetung_fuer_photovoltaikanlagen/InstallierteLeistungkW":"400.25","https://energy.ld.admin.ch/sfoe/bfe_ogd84_einmalverguetung_fuer_photovoltaikanlagen/VerguetungCHF":"620373.5","https://energy.ld.admin.ch/sfoe/bfe_ogd84_einmalverguetung_fuer_photovoltaikanlagen/AnzahlAnlagenPro100000Einwohner":"8","https://energy.ld.admin.ch/sfoe/bfe_ogd84_einmalverguetung_fuer_photovoltaikanlagen/InstallierteLeistungkWPro100000Einwohner":"62"},{"https://energy.ld.admin.ch/sfoe/bfe_ogd84_einmalverguetung_fuer_photovoltaikanlagen/Jahr":"2014","https://energy.ld.admin.ch/sfoe/bfe_ogd84_einmalverguetung_fuer_photovoltaikanlagen/Kanton":"Solothurn","https://energy.ld.admin.ch/sfoe/bfe_ogd84_einmalverguetung_fuer_photovoltaikanlagen/AnzahlAnlagen":"28","https://energy.ld.admin.ch/sfoe/bfe_ogd84_einmalverguetung_fuer_photovoltaikanlagen/InstallierteLeistungkW":"197.08","https://energy.ld.admin.ch/sfoe/bfe_ogd84_einmalverguetung_fuer_photovoltaikanlagen/VerguetungCHF":"306915.0","https://energy.ld.admin.ch/sfoe/bfe_ogd84_einmalverguetung_fuer_photovoltaikanlagen/AnzahlAnlagenPro100000Einwohner":"11","https://energy.ld.admin.ch/sfoe/bfe_ogd84_einmalverguetung_fuer_photovoltaikanlagen/InstallierteLeistungkWPro100000Einwohner":"75"},{"https://energy.ld.admin.ch/sfoe/bfe_ogd84_einmalverguetung_fuer_photovoltaikanlagen/Jahr":"2014","https://energy.ld.admin.ch/sfoe/bfe_ogd84_einmalverguetung_fuer_photovoltaikanlagen/Kanton":"Geneva","https://energy.ld.admin.ch/sfoe/bfe_ogd84_einmalverguetung_fuer_photovoltaikanlagen/AnzahlAnlagen":null,"https://energy.ld.admin.ch/sfoe/bfe_ogd84_einmalverguetung_fuer_photovoltaikanlagen/InstallierteLeistungkW":null,"https://energy.ld.admin.ch/sfoe/bfe_ogd84_einmalverguetung_fuer_photovoltaikanlagen/VerguetungCHF":null,"https://energy.ld.admin.ch/sfoe/bfe_ogd84_einmalverguetung_fuer_photovoltaikanlagen/AnzahlAnlagenPro100000Einwohner":"https://cube.link/Undefined","https://energy.ld.admin.ch/sfoe/bfe_ogd84_einmalverguetung_fuer_photovoltaikanlagen/InstallierteLeistungkWPro100000Einwohner":"https://cube.link/Undefined"},{"https://energy.ld.admin.ch/sfoe/bfe_ogd84_einmalverguetung_fuer_photovoltaikanlagen/Jahr":"2014","https://energy.ld.admin.ch/sfoe/bfe_ogd84_einmalverguetung_fuer_photovoltaikanlagen/Kanton":"Grisons","https://energy.ld.admin.ch/sfoe/bfe_ogd84_einmalverguetung_fuer_photovoltaikanlagen/AnzahlAnlagen":"15","https://energy.ld.admin.ch/sfoe/bfe_ogd84_einmalverguetung_fuer_photovoltaikanlagen/InstallierteLeistungkW":"98.28","https://energy.ld.admin.ch/sfoe/bfe_ogd84_einmalverguetung_fuer_photovoltaikanlagen/VerguetungCHF":"149419.0","https://energy.ld.admin.ch/sfoe/bfe_ogd84_einmalverguetung_fuer_photovoltaikanlagen/AnzahlAnlagenPro100000Einwohner":"8","https://energy.ld.admin.ch/sfoe/bfe_ogd84_einmalverguetung_fuer_photovoltaikanlagen/InstallierteLeistungkWPro100000Einwohner":"50"},{"https://energy.ld.admin.ch/sfoe/bfe_ogd84_einmalverguetung_fuer_photovoltaikanlagen/Jahr":"2014","https://energy.ld.admin.ch/sfoe/bfe_ogd84_einmalverguetung_fuer_photovoltaikanlagen/Kanton":"Vaud","https://energy.ld.admin.ch/sfoe/bfe_ogd84_einmalverguetung_fuer_photovoltaikanlagen/AnzahlAnlagen":"28","https://energy.ld.admin.ch/sfoe/bfe_ogd84_einmalverguetung_fuer_photovoltaikanlagen/InstallierteLeistungkW":"152.35","https://energy.ld.admin.ch/sfoe/bfe_ogd84_einmalverguetung_fuer_photovoltaikanlagen/VerguetungCHF":"234532.5","https://energy.ld.admin.ch/sfoe/bfe_ogd84_einmalverguetung_fuer_photovoltaikanlagen/AnzahlAnlagenPro100000Einwohner":"4","https://energy.ld.admin.ch/sfoe/bfe_ogd84_einmalverguetung_fuer_photovoltaikanlagen/InstallierteLeistungkWPro100000Einwohner":"20"},{"https://energy.ld.admin.ch/sfoe/bfe_ogd84_einmalverguetung_fuer_photovoltaikanlagen/Jahr":"2014","https://energy.ld.admin.ch/sfoe/bfe_ogd84_einmalverguetung_fuer_photovoltaikanlagen/Kanton":"Valais","https://energy.ld.admin.ch/sfoe/bfe_ogd84_einmalverguetung_fuer_photovoltaikanlagen/AnzahlAnlagen":"20","https://energy.ld.admin.ch/sfoe/bfe_ogd84_einmalverguetung_fuer_photovoltaikanlagen/InstallierteLeistungkW":"140.71","https://energy.ld.admin.ch/sfoe/bfe_ogd84_einmalverguetung_fuer_photovoltaikanlagen/VerguetungCHF":"189642.0","https://energy.ld.admin.ch/sfoe/bfe_ogd84_einmalverguetung_fuer_photovoltaikanlagen/AnzahlAnlagenPro100000Einwohner":"6","https://energy.ld.admin.ch/sfoe/bfe_ogd84_einmalverguetung_fuer_photovoltaikanlagen/InstallierteLeistungkWPro100000Einwohner":"42"},{"https://energy.ld.admin.ch/sfoe/bfe_ogd84_einmalverguetung_fuer_photovoltaikanlagen/Jahr":"2014","https://energy.ld.admin.ch/sfoe/bfe_ogd84_einmalverguetung_fuer_photovoltaikanlagen/Kanton":"Ticino","https://energy.ld.admin.ch/sfoe/bfe_ogd84_einmalverguetung_fuer_photovoltaikanlagen/AnzahlAnlagen":"27","https://energy.ld.admin.ch/sfoe/bfe_ogd84_einmalverguetung_fuer_photovoltaikanlagen/InstallierteLeistungkW":"169.02","https://energy.ld.admin.ch/sfoe/bfe_ogd84_einmalverguetung_fuer_photovoltaikanlagen/VerguetungCHF":"255805.5","https://energy.ld.admin.ch/sfoe/bfe_ogd84_einmalverguetung_fuer_photovoltaikanlagen/AnzahlAnlagenPro100000Einwohner":"8","https://energy.ld.admin.ch/sfoe/bfe_ogd84_einmalverguetung_fuer_photovoltaikanlagen/InstallierteLeistungkWPro100000Einwohner":"48"},{"https://energy.ld.admin.ch/sfoe/bfe_ogd84_einmalverguetung_fuer_photovoltaikanlagen/Jahr":"2014","https://energy.ld.admin.ch/sfoe/bfe_ogd84_einmalverguetung_fuer_photovoltaikanlagen/Kanton":"Thurgau","https://energy.ld.admin.ch/sfoe/bfe_ogd84_einmalverguetung_fuer_photovoltaikanlagen/AnzahlAnlagen":null,"https://energy.ld.admin.ch/sfoe/bfe_ogd84_einmalverguetung_fuer_photovoltaikanlagen/InstallierteLeistungkW":null,"https://energy.ld.admin.ch/sfoe/bfe_ogd84_einmalverguetung_fuer_photovoltaikanlagen/VerguetungCHF":null,"https://energy.ld.admin.ch/sfoe/bfe_ogd84_einmalverguetung_fuer_photovoltaikanlagen/AnzahlAnlagenPro100000Einwohner":"https://cube.link/Undefined","https://energy.ld.admin.ch/sfoe/bfe_ogd84_einmalverguetung_fuer_photovoltaikanlagen/InstallierteLeistungkWPro100000Einwohner":"https://cube.link/Undefined"},{"https://energy.ld.admin.ch/sfoe/bfe_ogd84_einmalverguetung_fuer_photovoltaikanlagen/Jahr":"2014","https://energy.ld.admin.ch/sfoe/bfe_ogd84_einmalverguetung_fuer_photovoltaikanlagen/Kanton":"Neuchâtel","https://energy.ld.admin.ch/sfoe/bfe_ogd84_einmalverguetung_fuer_photovoltaikanlagen/AnzahlAnlagen":"10","https://energy.ld.admin.ch/sfoe/bfe_ogd84_einmalverguetung_fuer_photovoltaikanlagen/InstallierteLeistungkW":"47.23","https://energy.ld.admin.ch/sfoe/bfe_ogd84_einmalverguetung_fuer_photovoltaikanlagen/VerguetungCHF":"81474.5","https://energy.ld.admin.ch/sfoe/bfe_ogd84_einmalverguetung_fuer_photovoltaikanlagen/AnzahlAnlagenPro100000Einwohner":"6","https://energy.ld.admin.ch/sfoe/bfe_ogd84_einmalverguetung_fuer_photovoltaikanlagen/InstallierteLeistungkWPro100000Einwohner":"27"},{"https://energy.ld.admin.ch/sfoe/bfe_ogd84_einmalverguetung_fuer_photovoltaikanlagen/Jahr":"2014","https://energy.ld.admin.ch/sfoe/bfe_ogd84_einmalverguetung_fuer_photovoltaikanlagen/Kanton":"Uri","https://energy.ld.admin.ch/sfoe/bfe_ogd84_einmalverguetung_fuer_photovoltaikanlagen/AnzahlAnlagen":null,"https://energy.ld.admin.ch/sfoe/bfe_ogd84_einmalverguetung_fuer_photovoltaikanlagen/InstallierteLeistungkW":null,"https://energy.ld.admin.ch/sfoe/bfe_ogd84_einmalverguetung_fuer_photovoltaikanlagen/VerguetungCHF":null,"https://energy.ld.admin.ch/sfoe/bfe_ogd84_einmalverguetung_fuer_photovoltaikanlagen/AnzahlAnlagenPro100000Einwohner":"https://cube.link/Undefined","https://energy.ld.admin.ch/sfoe/bfe_ogd84_einmalverguetung_fuer_photovoltaikanlagen/InstallierteLeistungkWPro100000Einwohner":"https://cube.link/Undefined"},{"https://energy.ld.admin.ch/sfoe/bfe_ogd84_einmalverguetung_fuer_photovoltaikanlagen/Jahr":"2014","https://energy.ld.admin.ch/sfoe/bfe_ogd84_einmalverguetung_fuer_photovoltaikanlagen/Kanton":"Basel Stadt","https://energy.ld.admin.ch/sfoe/bfe_ogd84_einmalverguetung_fuer_photovoltaikanlagen/AnzahlAnlagen":"7","https://energy.ld.admin.ch/sfoe/bfe_ogd84_einmalverguetung_fuer_photovoltaikanlagen/InstallierteLeistungkW":"48.38","https://energy.ld.admin.ch/sfoe/bfe_ogd84_einmalverguetung_fuer_photovoltaikanlagen/VerguetungCHF":"58880.0","https://energy.ld.admin.ch/sfoe/bfe_ogd84_einmalverguetung_fuer_photovoltaikanlagen/AnzahlAnlagenPro100000Einwohner":"4","https://energy.ld.admin.ch/sfoe/bfe_ogd84_einmalverguetung_fuer_photovoltaikanlagen/InstallierteLeistungkWPro100000Einwohner":"25"},{"https://energy.ld.admin.ch/sfoe/bfe_ogd84_einmalverguetung_fuer_photovoltaikanlagen/Jahr":"2014","https://energy.ld.admin.ch/sfoe/bfe_ogd84_einmalverguetung_fuer_photovoltaikanlagen/Kanton":"Basel Landschaft","https://energy.ld.admin.ch/sfoe/bfe_ogd84_einmalverguetung_fuer_photovoltaikanlagen/AnzahlAnlagen":"29","https://energy.ld.admin.ch/sfoe/bfe_ogd84_einmalverguetung_fuer_photovoltaikanlagen/InstallierteLeistungkW":"184.5","https://energy.ld.admin.ch/sfoe/bfe_ogd84_einmalverguetung_fuer_photovoltaikanlagen/VerguetungCHF":"317440.5","https://energy.ld.admin.ch/sfoe/bfe_ogd84_einmalverguetung_fuer_photovoltaikanlagen/AnzahlAnlagenPro100000Einwohner":"10","https://energy.ld.admin.ch/sfoe/bfe_ogd84_einmalverguetung_fuer_photovoltaikanlagen/InstallierteLeistungkWPro100000Einwohner":"66"},{"https://energy.ld.admin.ch/sfoe/bfe_ogd84_einmalverguetung_fuer_photovoltaikanlagen/Jahr":"2014","https://energy.ld.admin.ch/sfoe/bfe_ogd84_einmalverguetung_fuer_photovoltaikanlagen/Kanton":"Glarus","https://energy.ld.admin.ch/sfoe/bfe_ogd84_einmalverguetung_fuer_photovoltaikanlagen/AnzahlAnlagen":null,"https://energy.ld.admin.ch/sfoe/bfe_ogd84_einmalverguetung_fuer_photovoltaikanlagen/InstallierteLeistungkW":null,"https://energy.ld.admin.ch/sfoe/bfe_ogd84_einmalverguetung_fuer_photovoltaikanlagen/VerguetungCHF":null,"https://energy.ld.admin.ch/sfoe/bfe_ogd84_einmalverguetung_fuer_photovoltaikanlagen/AnzahlAnlagenPro100000Einwohner":"https://cube.link/Undefined","https://energy.ld.admin.ch/sfoe/bfe_ogd84_einmalverguetung_fuer_photovoltaikanlagen/InstallierteLeistungkWPro100000Einwohner":"https://cube.link/Undefined"},{"https://energy.ld.admin.ch/sfoe/bfe_ogd84_einmalverguetung_fuer_photovoltaikanlagen/Jahr":"2014","https://energy.ld.admin.ch/sfoe/bfe_ogd84_einmalverguetung_fuer_photovoltaikanlagen/Kanton":"Jura","https://energy.ld.admin.ch/sfoe/bfe_ogd84_einmalverguetung_fuer_photovoltaikanlagen/AnzahlAnlagen":null,"https://energy.ld.admin.ch/sfoe/bfe_ogd84_einmalverguetung_fuer_photovoltaikanlagen/InstallierteLeistungkW":null,"https://energy.ld.admin.ch/sfoe/bfe_ogd84_einmalverguetung_fuer_photovoltaikanlagen/VerguetungCHF":null,"https://energy.ld.admin.ch/sfoe/bfe_ogd84_einmalverguetung_fuer_photovoltaikanlagen/AnzahlAnlagenPro100000Einwohner":"https://cube.link/Undefined","https://energy.ld.admin.ch/sfoe/bfe_ogd84_einmalverguetung_fuer_photovoltaikanlagen/InstallierteLeistungkWPro100000Einwohner":"https://cube.link/Undefined"},{"https://energy.ld.admin.ch/sfoe/bfe_ogd84_einmalverguetung_fuer_photovoltaikanlagen/Jahr":"2014","https://energy.ld.admin.ch/sfoe/bfe_ogd84_einmalverguetung_fuer_photovoltaikanlagen/Kanton":"Fribourg","https://energy.ld.admin.ch/sfoe/bfe_ogd84_einmalverguetung_fuer_photovoltaikanlagen/AnzahlAnlagen":"13","https://energy.ld.admin.ch/sfoe/bfe_ogd84_einmalverguetung_fuer_photovoltaikanlagen/InstallierteLeistungkW":"70.12","https://energy.ld.admin.ch/sfoe/bfe_ogd84_einmalverguetung_fuer_photovoltaikanlagen/VerguetungCHF":"119944.0","https://energy.ld.admin.ch/sfoe/bfe_ogd84_einmalverguetung_fuer_photovoltaikanlagen/AnzahlAnlagenPro100000Einwohner":"4","https://energy.ld.admin.ch/sfoe/bfe_ogd84_einmalverguetung_fuer_photovoltaikanlagen/InstallierteLeistungkWPro100000Einwohner":"23"},{"https://energy.ld.admin.ch/sfoe/bfe_ogd84_einmalverguetung_fuer_photovoltaikanlagen/Jahr":"2014","https://energy.ld.admin.ch/sfoe/bfe_ogd84_einmalverguetung_fuer_photovoltaikanlagen/Kanton":"Appenzell Innerrhoden","https://energy.ld.admin.ch/sfoe/bfe_ogd84_einmalverguetung_fuer_photovoltaikanlagen/AnzahlAnlagen":"12","https://energy.ld.admin.ch/sfoe/bfe_ogd84_einmalverguetung_fuer_photovoltaikanlagen/InstallierteLeistungkW":"80.78","https://energy.ld.admin.ch/sfoe/bfe_ogd84_einmalverguetung_fuer_photovoltaikanlagen/VerguetungCHF":"124164.5","https://energy.ld.admin.ch/sfoe/bfe_ogd84_einmalverguetung_fuer_photovoltaikanlagen/AnzahlAnlagenPro100000Einwohner":"76","https://energy.ld.admin.ch/sfoe/bfe_ogd84_einmalverguetung_fuer_photovoltaikanlagen/InstallierteLeistungkWPro100000Einwohner":"510"},{"https://energy.ld.admin.ch/sfoe/bfe_ogd84_einmalverguetung_fuer_photovoltaikanlagen/Jahr":"2014","https://energy.ld.admin.ch/sfoe/bfe_ogd84_einmalverguetung_fuer_photovoltaikanlagen/Kanton":"Appenzell Ausserrhoden","https://energy.ld.admin.ch/sfoe/bfe_ogd84_einmalverguetung_fuer_photovoltaikanlagen/AnzahlAnlagen":"15","https://energy.ld.admin.ch/sfoe/bfe_ogd84_einmalverguetung_fuer_photovoltaikanlagen/InstallierteLeistungkW":"101.28","https://energy.ld.admin.ch/sfoe/bfe_ogd84_einmalverguetung_fuer_photovoltaikanlagen/VerguetungCHF":"152294.0","https://energy.ld.admin.ch/sfoe/bfe_ogd84_einmalverguetung_fuer_photovoltaikanlagen/AnzahlAnlagenPro100000Einwohner":"28","https://energy.ld.admin.ch/sfoe/bfe_ogd84_einmalverguetung_fuer_photovoltaikanlagen/InstallierteLeistungkWPro100000Einwohner":"187"},{"https://energy.ld.admin.ch/sfoe/bfe_ogd84_einmalverguetung_fuer_photovoltaikanlagen/Jahr":"2014","https://energy.ld.admin.ch/sfoe/bfe_ogd84_einmalverguetung_fuer_photovoltaikanlagen/Kanton":"Schaffhausen","https://energy.ld.admin.ch/sfoe/bfe_ogd84_einmalverguetung_fuer_photovoltaikanlagen/AnzahlAnlagen":null,"https://energy.ld.admin.ch/sfoe/bfe_ogd84_einmalverguetung_fuer_photovoltaikanlagen/InstallierteLeistungkW":null,"https://energy.ld.admin.ch/sfoe/bfe_ogd84_einmalverguetung_fuer_photovoltaikanlagen/VerguetungCHF":null,"https://energy.ld.admin.ch/sfoe/bfe_ogd84_einmalverguetung_fuer_photovoltaikanlagen/AnzahlAnlagenPro100000Einwohner":"https://cube.link/Undefined","https://energy.ld.admin.ch/sfoe/bfe_ogd84_einmalverguetung_fuer_photovoltaikanlagen/InstallierteLeistungkWPro100000Einwohner":"https://cube.link/Undefined"},{"https://energy.ld.admin.ch/sfoe/bfe_ogd84_einmalverguetung_fuer_photovoltaikanlagen/Jahr":"2014","https://energy.ld.admin.ch/sfoe/bfe_ogd84_einmalverguetung_fuer_photovoltaikanlagen/Kanton":"Obwalden","https://energy.ld.admin.ch/sfoe/bfe_ogd84_einmalverguetung_fuer_photovoltaikanlagen/AnzahlAnlagen":null,"https://energy.ld.admin.ch/sfoe/bfe_ogd84_einmalverguetung_fuer_photovoltaikanlagen/InstallierteLeistungkW":null,"https://energy.ld.admin.ch/sfoe/bfe_ogd84_einmalverguetung_fuer_photovoltaikanlagen/VerguetungCHF":null,"https://energy.ld.admin.ch/sfoe/bfe_ogd84_einmalverguetung_fuer_photovoltaikanlagen/AnzahlAnlagenPro100000Einwohner":"https://cube.link/Undefined","https://energy.ld.admin.ch/sfoe/bfe_ogd84_einmalverguetung_fuer_photovoltaikanlagen/InstallierteLeistungkWPro100000Einwohner":"https://cube.link/Undefined"},{"https://energy.ld.admin.ch/sfoe/bfe_ogd84_einmalverguetung_fuer_photovoltaikanlagen/Jahr":"2014","https://energy.ld.admin.ch/sfoe/bfe_ogd84_einmalverguetung_fuer_photovoltaikanlagen/Kanton":"Nidwalden","https://energy.ld.admin.ch/sfoe/bfe_ogd84_einmalverguetung_fuer_photovoltaikanlagen/AnzahlAnlagen":null,"https://energy.ld.admin.ch/sfoe/bfe_ogd84_einmalverguetung_fuer_photovoltaikanlagen/InstallierteLeistungkW":null,"https://energy.ld.admin.ch/sfoe/bfe_ogd84_einmalverguetung_fuer_photovoltaikanlagen/VerguetungCHF":null,"https://energy.ld.admin.ch/sfoe/bfe_ogd84_einmalverguetung_fuer_photovoltaikanlagen/AnzahlAnlagenPro100000Einwohner":"https://cube.link/Undefined","https://energy.ld.admin.ch/sfoe/bfe_ogd84_einmalverguetung_fuer_photovoltaikanlagen/InstallierteLeistungkWPro100000Einwohner":"https://cube.link/Undefined"}],"sparqlEditorUrl":"https://int.lindas.admin.ch/sparql/#query=SELECT%20DISTINCT%20%3Fdimension0%20%3Fdimension1%20%3Fdimension2%20%3Fdimension3%20%3Fdimension4%20%3Fdimension5%20%3Fdimension6%20%3Fdimension7%20WHERE%20%7B%0A%20%20%3Chttps%3A%2F%2Fenergy.ld.admin.ch%2Fsfoe%2Fbfe_ogd84_einmalverguetung_fuer_photovoltaikanlagen%2F13%3E%20%3Chttps%3A%2F%2Fcube.link%2FobservationSet%3E%20%3FobservationSet0%20.%0A%20%20%3FobservationSet0%20%3Chttps%3A%2F%2Fcube.link%2Fobservation%3E%20%3Fsource0%20.%0A%20%20%3Fsource0%20%3Chttps%3A%2F%2Fenergy.ld.admin.ch%2Fsfoe%2Fbfe_ogd84_einmalverguetung_fuer_photovoltaikanlagen%2FJahr%3E%20%3Fdimension0%20.%0A%20%20%3Fsource0%20%3Chttps%3A%2F%2Fenergy.ld.admin.ch%2Fsfoe%2Fbfe_ogd84_einmalverguetung_fuer_photovoltaikanlagen%2FKanton%3E%20%3Fdimension1%20.%0A%20%20%3Fsource0%20%3Chttps%3A%2F%2Fenergy.ld.admin.ch%2Fsfoe%2Fbfe_ogd84_einmalverguetung_fuer_photovoltaikanlagen%2FAnzahlAnlagen%3E%20%3Fdimension2%20.%0A%20%20%3Fsource0%20%3Chttps%3A%2F%2Fenergy.ld.admin.ch%2Fsfoe%2Fbfe_ogd84_einmalverguetung_fuer_photovoltaikanlagen%2FInstallierteLeistungkW%3E%20%3Fdimension3%20.%0A%20%20%3Fsource0%20%3Chttps%3A%2F%2Fenergy.ld.admin.ch%2Fsfoe%2Fbfe_ogd84_einmalverguetung_fuer_photovoltaikanlagen%2FVerguetungCHF%3E%20%3Fdimension4%20.%0A%20%20%3Fsource0%20%3Chttps%3A%2F%2Fenergy.ld.admin.ch%2Fsfoe%2Fbfe_ogd84_einmalverguetung_fuer_photovoltaikanlagen%2FAnzahlAnlagenPro100000Einwohner%3E%20%3Fdimension5%20.%0A%20%20%3Fsource0%20%3Chttps%3A%2F%2Fenergy.ld.admin.ch%2Fsfoe%2Fbfe_ogd84_einmalverguetung_fuer_photovoltaikanlagen%2FInstallierteLeistungkWPro100000Einwohner%3E%20%3Fdimension6%20.%0A%20%20FILTER%20(%0A%20%20%20%20(%3Fdimension1%20IN%20(%3Chttps%3A%2F%2Fld.admin.ch%2Fcanton%2F19%3E%2C%20%3Chttps%3A%2F%2Fld.admin.ch%2Fcanton%2F16%3E%2C%20%3Chttps%3A%2F%2Fld.admin.ch%2Fcanton%2F15%3E%2C%20%3Chttps%3A%2F%2Fld.admin.ch%2Fcanton%2F2%3E%2C%20%3Chttps%3A%2F%2Fld.admin.ch%2Fcanton%2F13%3E%2C%20%3Chttps%3A%2F%2Fld.admin.ch%2Fcanton%2F12%3E%2C%20%3Chttps%3A%2F%2Fld.admin.ch%2Fcanton%2F10%3E%2C%20%3Chttps%3A%2F%2Fld.admin.ch%2Fcanton%2F25%3E%2C%20%3Chttps%3A%2F%2Fld.admin.ch%2Fcanton%2F8%3E%2C%20%3Chttps%3A%2F%2Fld.admin.ch%2Fcanton%2F18%3E%2C%20%3Chttps%3A%2F%2Fld.admin.ch%2Fcanton%2F26%3E%2C%20%3Chttps%3A%2F%2Fld.admin.ch%2Fcanton%2F3%3E%2C%20%3Chttps%3A%2F%2Fld.admin.ch%2Fcanton%2F24%3E%2C%20%3Chttps%3A%2F%2Fld.admin.ch%2Fcanton%2F7%3E%2C%20%3Chttps%3A%2F%2Fld.admin.ch%2Fcanton%2F6%3E%2C%20%3Chttps%3A%2F%2Fld.admin.ch%2Fcanton%2F17%3E%2C%20%3Chttps%3A%2F%2Fld.admin.ch%2Fcanton%2F14%3E%2C%20%3Chttps%3A%2F%2Fld.admin.ch%2Fcanton%2F11%3E%2C%20%3Chttps%3A%2F%2Fld.admin.ch%2Fcanton%2F5%3E%2C%20%3Chttps%3A%2F%2Fld.admin.ch%2Fcanton%2F20%3E%2C%20%3Chttps%3A%2F%2Fld.admin.ch%2Fcanton%2F21%3E%2C%20%3Chttps%3A%2F%2Fld.admin.ch%2Fcanton%2F4%3E%2C%20%3Chttps%3A%2F%2Fld.admin.ch%2Fcanton%2F22%3E%2C%20%3Chttps%3A%2F%2Fld.admin.ch%2Fcanton%2F23%3E%2C%20%3Chttps%3A%2F%2Fld.admin.ch%2Fcanton%2F9%3E%2C%20%3Chttps%3A%2F%2Fld.admin.ch%2Fcanton%2F1%3E))%0A%20%20)%0A%20%20FILTER%20(%0A%20%20%20%20(%3Fdimension0%20%3D%20%222014%22%5E%5E%3Chttp%3A%2F%2Fwww.w3.org%2F2001%2FXMLSchema%23gYear%3E)%0A%20%20)%0A%20%20OPTIONAL%20%7B%0A%20%20%20%20%3Fdimension1%20%3Chttp%3A%2F%2Fschema.org%2Fname%3E%20%3Fdimension7_0%20.%0A%20%20%20%20FILTER%20(%0A%20%20%20%20%20%20LANGMATCHES(LANG(%3Fdimension7_0)%2C%20%22en%22)%0A%20%20%20%20)%0A%20%20%7D%0A%20%20OPTIONAL%20%7B%0A%20%20%20%20%3Fdimension1%20%3Chttp%3A%2F%2Fschema.org%2Fname%3E%20%3Fdimension7_1%20.%0A%20%20%20%20FILTER%20(%0A%20%20%20%20%20%20LANGMATCHES(LANG(%3Fdimension7_1)%2C%20%22de%22)%0A%20%20%20%20)%0A%20%20%7D%0A%20%20OPTIONAL%20%7B%0A%20%20%20%20%3Fdimension1%20%3Chttp%3A%2F%2Fschema.org%2Fname%3E%20%3Fdimension7_2%20.%0A%20%20%20%20FILTER%20(%0A%20%20%20%20%20%20LANGMATCHES(LANG(%3Fdimension7_2)%2C%20%22fr%22)%0A%20%20%20%20)%0A%20%20%7D%0A%20%20OPTIONAL%20%7B%0A%20%20%20%20%3Fdimension1%20%3Chttp%3A%2F%2Fschema.org%2Fname%3E%20%3Fdimension7_3%20.%0A%20%20%20%20FILTER%20(%0A%20%20%20%20%20%20LANGMATCHES(LANG(%3Fdimension7_3)%2C%20%22it%22)%0A%20%20%20%20)%0A%20%20%7D%0A%20%20OPTIONAL%20%7B%0A%20%20%20%20%3Fdimension1%20%3Chttp%3A%2F%2Fschema.org%2Fname%3E%20%3Fdimension7_4%20.%0A%20%20%20%20FILTER%20(%0A%20%20%20%20%20%20(LANG(%3Fdimension7_4)%20%3D%20%22%22)%0A%20%20%20%20)%0A%20%20%7D%0A%20%20BIND(COALESCE(%3Fdimension7_0%2C%20%3Fdimension7_1%2C%20%3Fdimension7_2%2C%20%3Fdimension7_3%2C%20%3Fdimension7_4)%20AS%20%3Fdimension7)%0A%7D%0AGROUP%20BY%20%3Fdimension0%20%3Fdimension1%20%3Fdimension2%20%3Fdimension3%20%3Fdimension4%20%3Fdimension5%20%3Fdimension6%20%3Fdimension7&requestMethod=POST","__typename":"ObservationsQuery"},"__typename":"DataCube"}},"extensions":{"queries":[{"startTime":1666286854059,"endTime":1666286854178,"text":"#pragma describe.strategy cbd\n#pragma join.hash off\n\n\nPREFIX unit: <http://qudt.org/vocab/unit/>\nPREFIX rdfs: <http://www.w3.org/2000/01/rdf-schema#>\nPREFIX qudt: <http://qudt.org/schema/qudt/>\n\nSELECT DISTINCT ?iri ?label ?isCurrency ?currencyExponent ?isCurrency\n\nWHERE {\n\n        values ?iri {\n          unit:YR_Common\nunit:KiloW\nunit:SwissFranc\n        }\n\n        OPTIONAL { ?iri rdfs:label ?rdfsLabel }\n        OPTIONAL { ?iri  qudt:symbol  ?symbol }\n        OPTIONAL { ?iri  qudt:ucumCode  ?ucumCode }\n        OPTIONAL { ?iri  qudt:expression  ?expression }\n\n        OPTIONAL { ?iri ?isCurrency qudt:CurrencyUnit }\n        OPTIONAL { ?iri qudt:currencyExponent ?currencyExponent }\n\n        BIND(str(coalesce(str(?symbol), str(?ucumCode), str(?expression), str(?rdfsLabel), \"?\")) AS ?label)\n        \n        FILTER ( lang(?rdfsLabel) = \"en\" )\n      \n}\n\n\n\n"},{"startTime":1666286854058,"endTime":1666286854189,"text":"#pragma describe.strategy cbd\n#pragma join.hash off\n\n\nPREFIX unit: <http://qudt.org/vocab/unit/>\nPREFIX rdfs: <http://www.w3.org/2000/01/rdf-schema#>\nPREFIX qudt: <http://qudt.org/schema/qudt/>\n\nSELECT DISTINCT ?iri ?label ?isCurrency ?currencyExponent ?isCurrency\n\nWHERE {\n\n        values ?iri {\n          unit:YR_Common\nunit:KiloW\nunit:SwissFranc\n        }\n\n        OPTIONAL { ?iri rdfs:label ?rdfsLabel }\n        OPTIONAL { ?iri  qudt:symbol  ?symbol }\n        OPTIONAL { ?iri  qudt:ucumCode  ?ucumCode }\n        OPTIONAL { ?iri  qudt:expression  ?expression }\n\n        OPTIONAL { ?iri ?isCurrency qudt:CurrencyUnit }\n        OPTIONAL { ?iri qudt:currencyExponent ?currencyExponent }\n\n        BIND(str(coalesce(str(?symbol), str(?ucumCode), str(?expression), str(?rdfsLabel), \"?\")) AS ?label)\n        \n        FILTER ( lang(?rdfsLabel) = \"en\" )\n      \n}\n\n\n\n"},{"startTime":1666286854071,"endTime":1666286854193,"text":"#pragma describe.strategy cbd\n#pragma join.hash off\n\n\nPREFIX unit: <http://qudt.org/vocab/unit/>\nPREFIX rdfs: <http://www.w3.org/2000/01/rdf-schema#>\nPREFIX qudt: <http://qudt.org/schema/qudt/>\n\nSELECT DISTINCT ?iri ?label ?isCurrency ?currencyExponent ?isCurrency\n\nWHERE {\n\n        values ?iri {\n          unit:YR_Common\nunit:KiloW\nunit:SwissFranc\n        }\n\n        OPTIONAL { ?iri rdfs:label ?rdfsLabel }\n        OPTIONAL { ?iri  qudt:symbol  ?symbol }\n        OPTIONAL { ?iri  qudt:ucumCode  ?ucumCode }\n        OPTIONAL { ?iri  qudt:expression  ?expression }\n\n        OPTIONAL { ?iri ?isCurrency qudt:CurrencyUnit }\n        OPTIONAL { ?iri qudt:currencyExponent ?currencyExponent }\n\n        BIND(str(coalesce(str(?symbol), str(?ucumCode), str(?expression), str(?rdfsLabel), \"?\")) AS ?label)\n        \n        FILTER ( lang(?rdfsLabel) = \"en\" )\n      \n}\n\n\n\n"},{"startTime":1666286854183,"endTime":1666286854413,"text":"#pragma describe.strategy cbd\n#pragma join.hash off\n\n\nPREFIX sh: <http://www.w3.org/ns/shacl#>\nPREFIX schema: <http://schema.org/>\n\nSELECT ?cube\n\nWHERE {\n\n  ?cube <https://cube.link/observationConstraint> ?shape.\n  ?shape ?prop ?dimension.\n  ?dimension sh:path <https://energy.ld.admin.ch/sfoe/bfe_ogd84_einmalverguetung_fuer_photovoltaikanlagen/InstallierteLeistungkWPro100000Einwohner>.\n  \n  FILTER NOT EXISTS { ?cube schema:expires ?any . }\n  \n}\n\n\n\n"},{"startTime":1666286854192,"endTime":1666286854429,"text":"#pragma describe.strategy cbd\n#pragma join.hash off\n\n\nPREFIX sh: <http://www.w3.org/ns/shacl#>\nPREFIX schema: <http://schema.org/>\n\nSELECT ?cube\n\nWHERE {\n\n  ?cube <https://cube.link/observationConstraint> ?shape.\n  ?shape ?prop ?dimension.\n  ?dimension sh:path <https://energy.ld.admin.ch/sfoe/bfe_ogd84_einmalverguetung_fuer_photovoltaikanlagen/Kanton>.\n  \n  FILTER NOT EXISTS { ?cube schema:expires ?any . }\n  \n}\n\n\n\n"},{"startTime":1666286854193,"endTime":1666286854430,"text":"#pragma describe.strategy cbd\n#pragma join.hash off\n\n\nSELECT DISTINCT ?value\n\nWHERE {\n\n    <https://energy.ld.admin.ch/sfoe/bfe_ogd84_einmalverguetung_fuer_photovoltaikanlagen/13> <https://cube.link/observationSet> ?observationSet .\n    ?observationSet <https://cube.link/observation> ?observation .\n    ?observation <https://energy.ld.admin.ch/sfoe/bfe_ogd84_einmalverguetung_fuer_photovoltaikanlagen/Jahr> ?value .\n    \n            ?observation <https://energy.ld.admin.ch/sfoe/bfe_ogd84_einmalverguetung_fuer_photovoltaikanlagen/Kanton> ?dimension0.\n            FILTER ( (?dimension0 in (<https://ld.admin.ch/canton/1>,<https://ld.admin.ch/canton/10>,<https://ld.admin.ch/canton/11>,<https://ld.admin.ch/canton/12>,<https://ld.admin.ch/canton/13>,<https://ld.admin.ch/canton/14>,<https://ld.admin.ch/canton/15>,<https://ld.admin.ch/canton/16>,<https://ld.admin.ch/canton/17>,<https://ld.admin.ch/canton/18>,<https://ld.admin.ch/canton/19>,<https://ld.admin.ch/canton/2>,<https://ld.admin.ch/canton/20>,<https://ld.admin.ch/canton/21>,<https://ld.admin.ch/canton/22>,<https://ld.admin.ch/canton/23>,<https://ld.admin.ch/canton/24>,<https://ld.admin.ch/canton/25>,<https://ld.admin.ch/canton/26>,<https://ld.admin.ch/canton/3>,<https://ld.admin.ch/canton/4>,<https://ld.admin.ch/canton/5>,<https://ld.admin.ch/canton/6>,<https://ld.admin.ch/canton/7>,<https://ld.admin.ch/canton/8>,<https://ld.admin.ch/canton/9>) ) )\n  \n}\n\n\n\n"},{"startTime":1666286854180,"endTime":1666286854505,"text":"#pragma describe.strategy cbd\n#pragma join.hash off\n\n\nPREFIX sh: <http://www.w3.org/ns/shacl#>\nPREFIX schema: <http://schema.org/>\n\nSELECT ?cube\n\nWHERE {\n\n  ?cube <https://cube.link/observationConstraint> ?shape.\n  ?shape ?prop ?dimension.\n  ?dimension sh:path <https://energy.ld.admin.ch/sfoe/bfe_ogd84_einmalverguetung_fuer_photovoltaikanlagen/AnzahlAnlagen>.\n  \n  FILTER NOT EXISTS { ?cube schema:expires ?any . }\n  \n}\n\n\n\n"},{"startTime":1666286854185,"endTime":1666286854509,"text":"#pragma describe.strategy cbd\n#pragma join.hash off\n\n\nSELECT DISTINCT ?value\n\nWHERE {\n\n    <https://energy.ld.admin.ch/sfoe/bfe_ogd84_einmalverguetung_fuer_photovoltaikanlagen/13> <https://cube.link/observationSet> ?observationSet .\n    ?observationSet <https://cube.link/observation> ?observation .\n    ?observation <https://energy.ld.admin.ch/sfoe/bfe_ogd84_einmalverguetung_fuer_photovoltaikanlagen/AnzahlAnlagenPro100000Einwohner> ?value .\n    \n            ?observation <https://energy.ld.admin.ch/sfoe/bfe_ogd84_einmalverguetung_fuer_photovoltaikanlagen/Kanton> ?dimension0.\n            FILTER ( (?dimension0 in (<https://ld.admin.ch/canton/1>,<https://ld.admin.ch/canton/10>,<https://ld.admin.ch/canton/11>,<https://ld.admin.ch/canton/12>,<https://ld.admin.ch/canton/13>,<https://ld.admin.ch/canton/14>,<https://ld.admin.ch/canton/15>,<https://ld.admin.ch/canton/16>,<https://ld.admin.ch/canton/17>,<https://ld.admin.ch/canton/18>,<https://ld.admin.ch/canton/19>,<https://ld.admin.ch/canton/2>,<https://ld.admin.ch/canton/20>,<https://ld.admin.ch/canton/21>,<https://ld.admin.ch/canton/22>,<https://ld.admin.ch/canton/23>,<https://ld.admin.ch/canton/24>,<https://ld.admin.ch/canton/25>,<https://ld.admin.ch/canton/26>,<https://ld.admin.ch/canton/3>,<https://ld.admin.ch/canton/4>,<https://ld.admin.ch/canton/5>,<https://ld.admin.ch/canton/6>,<https://ld.admin.ch/canton/7>,<https://ld.admin.ch/canton/8>,<https://ld.admin.ch/canton/9>) ) )\n  \n}\n\n\n\n"},{"startTime":1666286854181,"endTime":1666286854513,"text":"#pragma describe.strategy cbd\n#pragma join.hash off\n\n\nPREFIX sh: <http://www.w3.org/ns/shacl#>\nPREFIX schema: <http://schema.org/>\n\nSELECT ?cube\n\nWHERE {\n\n  ?cube <https://cube.link/observationConstraint> ?shape.\n  ?shape ?prop ?dimension.\n  ?dimension sh:path <https://energy.ld.admin.ch/sfoe/bfe_ogd84_einmalverguetung_fuer_photovoltaikanlagen/InstallierteLeistungkW>.\n  \n  FILTER NOT EXISTS { ?cube schema:expires ?any . }\n  \n}\n\n\n\n"},{"startTime":1666286854191,"endTime":1666286854514,"text":"#pragma describe.strategy cbd\n#pragma join.hash off\n\n\nPREFIX sh: <http://www.w3.org/ns/shacl#>\nPREFIX schema: <http://schema.org/>\n\nSELECT ?cube\n\nWHERE {\n\n  ?cube <https://cube.link/observationConstraint> ?shape.\n  ?shape ?prop ?dimension.\n  ?dimension sh:path <https://energy.ld.admin.ch/sfoe/bfe_ogd84_einmalverguetung_fuer_photovoltaikanlagen/Jahr>.\n  \n  FILTER NOT EXISTS { ?cube schema:expires ?any . }\n  \n}\n\n\n\n"},{"startTime":1666286854182,"endTime":1666286854516,"text":"#pragma describe.strategy cbd\n#pragma join.hash off\n\n\nPREFIX sh: <http://www.w3.org/ns/shacl#>\nPREFIX schema: <http://schema.org/>\n\nSELECT ?cube\n\nWHERE {\n\n  ?cube <https://cube.link/observationConstraint> ?shape.\n  ?shape ?prop ?dimension.\n  ?dimension sh:path <https://energy.ld.admin.ch/sfoe/bfe_ogd84_einmalverguetung_fuer_photovoltaikanlagen/AnzahlAnlagenPro100000Einwohner>.\n  \n  FILTER NOT EXISTS { ?cube schema:expires ?any . }\n  \n}\n\n\n\n"},{"startTime":1666286854181,"endTime":1666286854517,"text":"#pragma describe.strategy cbd\n#pragma join.hash off\n\n\nPREFIX sh: <http://www.w3.org/ns/shacl#>\nPREFIX schema: <http://schema.org/>\n\nSELECT ?cube\n\nWHERE {\n\n  ?cube <https://cube.link/observationConstraint> ?shape.\n  ?shape ?prop ?dimension.\n  ?dimension sh:path <https://energy.ld.admin.ch/sfoe/bfe_ogd84_einmalverguetung_fuer_photovoltaikanlagen/VerguetungCHF>.\n  \n  FILTER NOT EXISTS { ?cube schema:expires ?any . }\n  \n}\n\n\n\n"},{"startTime":1666286854430,"endTime":1666286854786,"text":"#pragma describe.strategy cbd\n#pragma join.hash off\n\n\nSELECT DISTINCT ?value\n\nWHERE {\n\n    <https://energy.ld.admin.ch/sfoe/bfe_ogd84_einmalverguetung_fuer_photovoltaikanlagen/13> <https://cube.link/observationSet> ?observationSet .\n    ?observationSet <https://cube.link/observation> ?observation .\n    ?observation <https://energy.ld.admin.ch/sfoe/bfe_ogd84_einmalverguetung_fuer_photovoltaikanlagen/Kanton> ?value .\n    \n  \n}\n\n\n\n"},{"startTime":1666286854510,"endTime":1666286854828,"text":"#pragma describe.strategy cbd\n#pragma join.hash off\n\n\nSELECT DISTINCT ?value\n\nWHERE {\n\n    <https://energy.ld.admin.ch/sfoe/bfe_ogd84_einmalverguetung_fuer_photovoltaikanlagen/13> <https://cube.link/observationSet> ?observationSet .\n    ?observationSet <https://cube.link/observation> ?observation .\n    ?observation <https://energy.ld.admin.ch/sfoe/bfe_ogd84_einmalverguetung_fuer_photovoltaikanlagen/InstallierteLeistungkWPro100000Einwohner> ?value .\n    \n            ?observation <https://energy.ld.admin.ch/sfoe/bfe_ogd84_einmalverguetung_fuer_photovoltaikanlagen/Kanton> ?dimension0.\n            FILTER ( (?dimension0 in (<https://ld.admin.ch/canton/1>,<https://ld.admin.ch/canton/10>,<https://ld.admin.ch/canton/11>,<https://ld.admin.ch/canton/12>,<https://ld.admin.ch/canton/13>,<https://ld.admin.ch/canton/14>,<https://ld.admin.ch/canton/15>,<https://ld.admin.ch/canton/16>,<https://ld.admin.ch/canton/17>,<https://ld.admin.ch/canton/18>,<https://ld.admin.ch/canton/19>,<https://ld.admin.ch/canton/2>,<https://ld.admin.ch/canton/20>,<https://ld.admin.ch/canton/21>,<https://ld.admin.ch/canton/22>,<https://ld.admin.ch/canton/23>,<https://ld.admin.ch/canton/24>,<https://ld.admin.ch/canton/25>,<https://ld.admin.ch/canton/26>,<https://ld.admin.ch/canton/3>,<https://ld.admin.ch/canton/4>,<https://ld.admin.ch/canton/5>,<https://ld.admin.ch/canton/6>,<https://ld.admin.ch/canton/7>,<https://ld.admin.ch/canton/8>,<https://ld.admin.ch/canton/9>) ) )\n  \n}\n\n\n\n"},{"startTime":1666286854791,"endTime":1666286855217,"text":"#pragma describe.strategy cbd\n#pragma join.hash off\n\n\nPREFIX schema: <http://schema.org/>\n\nSELECT DISTINCT ?iri ?identifier\n?position\n?color\n\nWHERE {\n\n      values ?iri {\n        <https://ld.admin.ch/canton/19>\n<https://ld.admin.ch/canton/16>\n<https://ld.admin.ch/canton/15>\n<https://ld.admin.ch/canton/2>\n<https://ld.admin.ch/canton/13>\n<https://ld.admin.ch/canton/12>\n<https://ld.admin.ch/canton/10>\n<https://ld.admin.ch/canton/25>\n<https://ld.admin.ch/canton/8>\n<https://ld.admin.ch/canton/18>\n<https://ld.admin.ch/canton/26>\n<https://ld.admin.ch/canton/3>\n<https://ld.admin.ch/canton/24>\n<https://ld.admin.ch/canton/7>\n<https://ld.admin.ch/canton/6>\n<https://ld.admin.ch/canton/17>\n<https://ld.admin.ch/canton/14>\n<https://ld.admin.ch/canton/11>\n<https://ld.admin.ch/canton/5>\n<https://ld.admin.ch/canton/20>\n<https://ld.admin.ch/canton/21>\n<https://ld.admin.ch/canton/4>\n<https://ld.admin.ch/canton/22>\n<https://ld.admin.ch/canton/23>\n<https://ld.admin.ch/canton/9>\n<https://ld.admin.ch/canton/1>\n      }\n\n      OPTIONAL { ?iri schema:identifier ?identifier. }\nOPTIONAL { ?iri schema:color ?color. }\n    \n}\n\n\n\n"},{"startTime":1666286854788,"endTime":1666286855224,"text":"#pragma describe.strategy cbd\n#pragma join.hash off\n\n\nPREFIX schema: <http://schema.org/>\n\nSELECT DISTINCT ?iri ?label\n\nWHERE {\n\n      values ?iri {\n        <https://ld.admin.ch/canton/19>\n<https://ld.admin.ch/canton/16>\n<https://ld.admin.ch/canton/15>\n<https://ld.admin.ch/canton/2>\n<https://ld.admin.ch/canton/13>\n<https://ld.admin.ch/canton/12>\n<https://ld.admin.ch/canton/10>\n<https://ld.admin.ch/canton/25>\n<https://ld.admin.ch/canton/8>\n<https://ld.admin.ch/canton/18>\n<https://ld.admin.ch/canton/26>\n<https://ld.admin.ch/canton/3>\n<https://ld.admin.ch/canton/24>\n<https://ld.admin.ch/canton/7>\n<https://ld.admin.ch/canton/6>\n<https://ld.admin.ch/canton/17>\n<https://ld.admin.ch/canton/14>\n<https://ld.admin.ch/canton/11>\n<https://ld.admin.ch/canton/5>\n<https://ld.admin.ch/canton/20>\n<https://ld.admin.ch/canton/21>\n<https://ld.admin.ch/canton/4>\n<https://ld.admin.ch/canton/22>\n<https://ld.admin.ch/canton/23>\n<https://ld.admin.ch/canton/9>\n<https://ld.admin.ch/canton/1>\n      }\n      OPTIONAL {\n    ?iri schema:name ?label_en\n    FILTER (LANGMATCHES(LANG(?label_en), \"en\"))\n  }\nOPTIONAL {\n    ?iri schema:name ?label_de\n    FILTER (LANGMATCHES(LANG(?label_de), \"de\"))\n  }\nOPTIONAL {\n    ?iri schema:name ?label_fr\n    FILTER (LANGMATCHES(LANG(?label_fr), \"fr\"))\n  }\nOPTIONAL {\n    ?iri schema:name ?label_it\n    FILTER (LANGMATCHES(LANG(?label_it), \"it\"))\n  }\nOPTIONAL {\n    ?iri schema:name ?label_\n    FILTER ((LANG(?label_) = \"\"))\n  }\n  BIND(COALESCE(?label_en,?label_de,?label_fr,?label_it,?label_) as ?label)\n  \n    \n}\n\n\n\n"}],"timings":{"children":{"dataCubeByIri":{"children":{"dimensions":{"children":{"0":{"children":{"values":{"children":{},"start":1666286854190,"end":1666286855225},"hierarchy":{"children":{},"start":1666286854190,"end":1666286855679}}},"1":{"children":{"values":{"children":{},"start":1666286854190,"end":1666286855225},"hierarchy":{"children":{},"start":1666286854190,"end":1666286855608}}}},"start":1666286854057,"end":1666286854190},"observations":{"children":{"data":{"children":{},"start":1666286854531,"end":1666286854531},"sparqlEditorUrl":{"children":{},"start":1666286854531,"end":1666286854531}},"start":1666286854057,"end":1666286854531},"measures":{"children":{"0":{"children":{"values":{"children":{},"start":1666286854179,"end":1666286854829},"hierarchy":{"children":{},"start":1666286854179,"end":1666286855623}}},"1":{"children":{"values":{"children":{},"start":1666286854179,"end":1666286854829},"hierarchy":{"children":{},"start":1666286854179,"end":1666286855606}}},"2":{"children":{"values":{"children":{},"start":1666286854179,"end":1666286854829},"hierarchy":{"children":{},"start":1666286854179,"end":1666286855748}}},"3":{"children":{"values":{"children":{},"start":1666286854179,"end":1666286854829},"hierarchy":{"children":{},"start":1666286854179,"end":1666286855749}}},"4":{"children":{"values":{"children":{},"start":1666286854179,"end":1666286854829},"hierarchy":{"children":{},"start":1666286854179,"end":1666286855618}}}}}},"start":1666286853753,"end":1666286854057}}}}}
