{"data":{"themes":[{"iri":"https://register.ld.admin.ch/opendataswiss/category/administration","label":"Administration","__typename":"DataCubeTheme"},{"iri":"https://register.ld.admin.ch/opendataswiss/category/agriculture","label":"Agriculture, forestry","__typename":"DataCubeTheme"},{"iri":"https://register.ld.admin.ch/opendataswiss/category/statistical-basis","label":"Statistical basis","__typename":"DataCubeTheme"},{"iri":"https://register.ld.admin.ch/opendataswiss/category/trade","label":"Trade","__typename":"DataCubeTheme"},{"iri":"https://register.ld.admin.ch/opendataswiss/category/construction","label":"Construction and housing","__typename":"DataCubeTheme"},{"iri":"https://register.ld.admin.ch/opendataswiss/category/crime","label":"Crime, criminal justice","__typename":"DataCubeTheme"},{"iri":"https://register.ld.admin.ch/opendataswiss/category/culture","label":"Culture, media, information society, sport","__typename":"DataCubeTheme"},{"iri":"https://register.ld.admin.ch/opendataswiss/category/national-economy","label":"National economy","__typename":"DataCubeTheme"},{"iri":"https://register.ld.admin.ch/opendataswiss/category/education","label":"Education and science","__typename":"DataCubeTheme"},{"iri":"https://register.ld.admin.ch/opendataswiss/category/energy","label":"Energy","__typename":"DataCubeTheme"},{"iri":"https://register.ld.admin.ch/opendataswiss/category/finances","label":"Finances","__typename":"DataCubeTheme"},{"iri":"https://register.ld.admin.ch/opendataswiss/category/geography","label":"Geography","__typename":"DataCubeTheme"},{"iri":"https://register.ld.admin.ch/opendataswiss/category/industry","label":"Industry and services","__typename":"DataCubeTheme"},{"iri":"https://register.ld.admin.ch/opendataswiss/category/legislation","label":"Legislation","__typename":"DataCubeTheme"},{"iri":"https://register.ld.admin.ch/opendataswiss/category/mobility","label":"Mobility and Transport","__typename":"DataCubeTheme"},{"iri":"https://register.ld.admin.ch/opendataswiss/category/public-order","label":"Public order and security","__typename":"DataCubeTheme"},{"iri":"https://register.ld.admin.ch/opendataswiss/category/politics","label":"Politics","__typename":"DataCubeTheme"},{"iri":"https://register.ld.admin.ch/opendataswiss/category/population","label":"Population","__typename":"DataCubeTheme"},{"iri":"https://register.ld.admin.ch/opendataswiss/category/prices","label":"Prices","__typename":"DataCubeTheme"},{"iri":"https://register.ld.admin.ch/opendataswiss/category/social-security","label":"Social security","__typename":"DataCubeTheme"},{"iri":"https://register.ld.admin.ch/opendataswiss/category/health","label":"Health","__typename":"DataCubeTheme"},{"iri":"https://register.ld.admin.ch/opendataswiss/category/territory","label":"Territory and environment","__typename":"DataCubeTheme"},{"iri":"https://register.ld.admin.ch/opendataswiss/category/tourism","label":"Tourism","__typename":"DataCubeTheme"},{"iri":"https://register.ld.admin.ch/opendataswiss/category/work","label":"Work and income","__typename":"DataCubeTheme"}]},"extensions":{"queries":[{"startTime":1666286923003,"endTime":1666286923210,"text":"#pragma describe.strategy cbd\n#pragma join.hash off\n\n\nPREFIX schema: <http://schema.org/>\n\nSELECT *\n\nWHERE {\n\n    graph   <https://lindas.admin.ch/sfa/opendataswiss> {\n      ?theme a schema:DefinedTerm ;\n        schema:inDefinedTermSet <https://register.ld.admin.ch/opendataswiss/category>; \n        OPTIONAL {\n    ?theme schema:name ?name_en\n    FILTER (LANGMATCHES(LANG(?name_en), \"en\"))\n  }\nOPTIONAL {\n    ?theme schema:name ?name_de\n    FILTER (LANGMATCHES(LANG(?name_de), \"de\"))\n  }\nOPTIONAL {\n    ?theme schema:name ?name_fr\n    FILTER (LANGMATCHES(LANG(?name_fr), \"fr\"))\n  }\nOPTIONAL {\n    ?theme schema:name ?name_it\n    FILTER (LANGMATCHES(LANG(?name_it), \"it\"))\n  }\nOPTIONAL {\n    ?theme schema:name ?name_\n    FILTER ((LANG(?name_) = \"\"))\n  }\n  BIND(COALESCE(?name_en,?name_de,?name_fr,?name_it,?name_) as ?name)\n  \n    }\n}\n\n\n\n"}],"timings":{"children":{"themes":{"children":{"0":{"children":{"label":{"children":{},"start":1666286923210,"end":1666286923211}}},"1":{"children":{"label":{"children":{},"start":1666286923210,"end":1666286923211}}},"2":{"children":{"label":{"children":{},"start":1666286923210,"end":1666286923211}}},"3":{"children":{"label":{"children":{},"start":1666286923210,"end":1666286923211}}},"4":{"children":{"label":{"children":{},"start":1666286923210,"end":1666286923211}}},"5":{"children":{"label":{"children":{},"start":1666286923210,"end":1666286923211}}},"6":{"children":{"label":{"children":{},"start":1666286923210,"end":1666286923211}}},"7":{"children":{"label":{"children":{},"start":1666286923210,"end":1666286923211}}},"8":{"children":{"label":{"children":{},"start":1666286923210,"end":1666286923211}}},"9":{"children":{"label":{"children":{},"start":1666286923210,"end":1666286923211}}},"10":{"children":{"label":{"children":{},"start":1666286923210,"end":1666286923211}}},"11":{"children":{"label":{"children":{},"start":1666286923210,"end":1666286923211}}},"12":{"children":{"label":{"children":{},"start":1666286923210,"end":1666286923211}}},"13":{"children":{"label":{"children":{},"start":1666286923211,"end":1666286923211}}},"14":{"children":{"label":{"children":{},"start":1666286923211,"end":1666286923211}}},"15":{"children":{"label":{"children":{},"start":1666286923211,"end":1666286923211}}},"16":{"children":{"label":{"children":{},"start":1666286923211,"end":1666286923211}}},"17":{"children":{"label":{"children":{},"start":1666286923211,"end":1666286923211}}},"18":{"children":{"label":{"children":{},"start":1666286923211,"end":1666286923211}}},"19":{"children":{"label":{"children":{},"start":1666286923211,"end":1666286923211}}},"20":{"children":{"label":{"children":{},"start":1666286923211,"end":1666286923211}}},"21":{"children":{"label":{"children":{},"start":1666286923211,"end":1666286923211}}},"22":{"children":{"label":{"children":{},"start":1666286923211,"end":1666286923211}}},"23":{"children":{"label":{"children":{},"start":1666286923211,"end":1666286923211}}}},"start":1666286923000,"end":1666286923210}}}}}
