{"data":{"organizations":[{"iri":"https://register.ld.admin.ch/opendataswiss/org/bildungsstatistik-kanton-zuerich","label":"Bildungsstatistik Kanton Zürich","__typename":"DataCubeOrganization"},{"iri":"https://register.ld.admin.ch/opendataswiss/org/awel-kanton-zuerich","label":"Amt für Abfall, Wasser, Energie und Luft Kanton Zürich","__typename":"DataCubeOrganization"},{"iri":"https://register.ld.admin.ch/opendataswiss/org/amt-fuer-geoinformation-des-kantons-bern","label":"Amt für Geoinformation des Kantons Bern","__typename":"DataCubeOrganization"},{"iri":"https://register.ld.admin.ch/opendataswiss/org/amt-fuer-raumentwicklung-und-geoinformation-areg-kanton-st-gallen","label":"Amt für Raumentwicklung und Geoinformation (AREG) Kanton St. Gallen","__typename":"DataCubeOrganization"},{"iri":"https://register.ld.admin.ch/opendataswiss/org/bundesamt-fur-strassen-astra","label":"Federal Roads Office FEDRO","__typename":"DataCubeOrganization"},{"iri":"https://register.ld.admin.ch/opendataswiss/org/dienst-ueberwachung-post-und-fernmeldeverkehr-uepf","label":"Post and Telecommunications Surveillance Service","__typename":"DataCubeOrganization"},{"iri":"https://register.ld.admin.ch/opendataswiss/org/fachstelle-fur-statistik-kanton-st-gallen","label":"Fachstelle für Statistik Kanton St. Gallen","__typename":"DataCubeOrganization"},{"iri":"https://register.ld.admin.ch/opendataswiss/org/fachstelle-ogd-kanton-zuerich","label":"Fach- und Koordinationsstelle Open Government Data Kanton Zürich","__typename":"DataCubeOrganization"},{"iri":"https://register.ld.admin.ch/opendataswiss/org/gemeindeamt-kanton-zuerich","label":"Gemeindeamt Kanton Zürich","__typename":"DataCubeOrganization"},{"iri":"https://register.ld.admin.ch/opendataswiss/org/geoinformation-der-stadt-bern","label":"The Land Surveying Office of the City of Bern","__typename":"DataCubeOrganization"},{"iri":"https://register.ld.admin.ch/opendataswiss/org/gesundheitsdirektion-kanton-zuerich","label":"Gesundheitsdirektion Kanton Zürich","__typename":"DataCubeOrganization"},{"iri":"https://register.ld.admin.ch/opendataswiss/org/gis-kanton-zug","label":"GIS Kanton Zug","__typename":"DataCubeOrganization"},{"iri":"https://register.ld.admin.ch/opendataswiss/org/kanton-basel-stadt","label":"Canton of Basel-City","__typename":"DataCubeOrganization"},{"iri":"https://register.ld.admin.ch/opendataswiss/org/kanton-bern-2","label":"Kanton Bern","__typename":"DataCubeOrganization"},{"iri":"https://register.ld.admin.ch/opendataswiss/org/kanton-st-gallen","label":"Kanton St. Gallen","__typename":"DataCubeOrganization"},{"iri":"https://register.ld.admin.ch/opendataswiss/org/oberjugendanwaltschaft-kanton-zuerich","label":"Oberjugendanwaltschaft Kanton Zürich","__typename":"DataCubeOrganization"},{"iri":"https://register.ld.admin.ch/opendataswiss/org/schweizerische-nationalbibliothek-nb","label":"Swiss National Library NL","__typename":"DataCubeOrganization"},{"iri":"https://register.ld.admin.ch/opendataswiss/org/sik-isea","label":"Swiss Institute for Art Research (SIK-ISEA)","__typename":"DataCubeOrganization"},{"iri":"https://register.ld.admin.ch/opendataswiss/org/staatsarchiv-kanton-zuerich","label":"Staatsarchiv Kanton Zürich","__typename":"DataCubeOrganization"},{"iri":"https://register.ld.admin.ch/opendataswiss/org/administration-cantonale-geneve","label":"Cantonal administration Geneva","__typename":"DataCubeOrganization"},{"iri":"https://register.ld.admin.ch/opendataswiss/org/eidgenossische-finanzverwaltung-efv","label":"Federal Finance Administration FFA","__typename":"DataCubeOrganization"},{"iri":"https://register.ld.admin.ch/opendataswiss/org/schweizerisches-bundesarchiv-bar","label":"Swiss Federal Archives SFA","__typename":"DataCubeOrganization"},{"iri":"https://register.ld.admin.ch/opendataswiss/org/bernmobil","label":"BERNMOBIL","__typename":"DataCubeOrganization"},{"iri":"https://register.ld.admin.ch/opendataswiss/org/bibliothek-am-guisanplatz-big","label":"Library Am Guisanplatz BiG","__typename":"DataCubeOrganization"},{"iri":"https://register.ld.admin.ch/opendataswiss/org/eth-bibliothek","label":"ETH Library","__typename":"DataCubeOrganization"},{"iri":"https://register.ld.admin.ch/opendataswiss/org/canton-geneve","label":"Canton of Geneva","__typename":"DataCubeOrganization"},{"iri":"https://register.ld.admin.ch/opendataswiss/org/kanton-graubuenden","label":"Canton of Graubünden","__typename":"DataCubeOrganization"},{"iri":"https://register.ld.admin.ch/opendataswiss/org/kanton-thurgau","label":"Canton of Thurgau","__typename":"DataCubeOrganization"},{"iri":"https://register.ld.admin.ch/opendataswiss/org/kanton-zug","label":"Canton of Zug","__typename":"DataCubeOrganization"},{"iri":"https://register.ld.admin.ch/opendataswiss/org/kanton-zuerich","label":"Canton of Zurich","__typename":"DataCubeOrganization"},{"iri":"https://register.ld.admin.ch/opendataswiss/org/canton-du-valais-cc-geo","label":"Kanton Wallis - CC GEO","__typename":"DataCubeOrganization"},{"iri":"https://register.ld.admin.ch/opendataswiss/org/kanton-wallis","label":"Kanton Wallis","__typename":"DataCubeOrganization"},{"iri":"https://register.ld.admin.ch/opendataswiss/org/standeskanzlei-graubuenden","label":"State Chancellery of Grisons","__typename":"DataCubeOrganization"},{"iri":"https://register.ld.admin.ch/opendataswiss/org/schweizerische-bundesbahnen-sbb","label":"Swiss Federal Railways SBB","__typename":"DataCubeOrganization"},{"iri":"https://register.ld.admin.ch/opendataswiss/org/unabhangige-expertenkommission-uek-administrative-versorgungen","label":"Independent expert commission (IEC) administrative detention","__typename":"DataCubeOrganization"},{"iri":"https://register.ld.admin.ch/opendataswiss/org/eth-zuerich","label":"ETH Zürich","__typename":"DataCubeOrganization"},{"iri":"https://register.ld.admin.ch/opendataswiss/org/finanzverwaltung-der-stadt-bern","label":"Finanzverwaltung der Stadt Bern","__typename":"DataCubeOrganization"},{"iri":"https://register.ld.admin.ch/opendataswiss/org/immobilien-stadt-bern","label":"Immobilien Stadt Bern","__typename":"DataCubeOrganization"},{"iri":"https://register.ld.admin.ch/opendataswiss/org/openglam","label":"OpenGLAM CH Working Group","__typename":"DataCubeOrganization"},{"iri":"https://register.ld.admin.ch/opendataswiss/org/staatskanzlei-zug","label":"Staatskanzlei Zug","__typename":"DataCubeOrganization"},{"iri":"https://register.ld.admin.ch/opendataswiss/org/stadtarchiv-bern","label":"Stadtarchiv Bern","__typename":"DataCubeOrganization"},{"iri":"https://register.ld.admin.ch/opendataswiss/org/stadtrat-bern","label":"Stadtrat Bern","__typename":"DataCubeOrganization"},{"iri":"https://register.ld.admin.ch/opendataswiss/org/statistik-stadt-bern","label":"Statistik Stadt Bern","__typename":"DataCubeOrganization"},{"iri":"https://register.ld.admin.ch/opendataswiss/org/statistisches-amt-kanton-zuerich","label":"Statistisches Amt Kanton Zürich","__typename":"DataCubeOrganization"},{"iri":"https://register.ld.admin.ch/opendataswiss/org/geoinformation-kanton-zuerich","label":"Department of Geoinformation of the Canton of Zurich","__typename":"DataCubeOrganization"},{"iri":"https://register.ld.admin.ch/opendataswiss/org/schweizerischer-nationalfonds-zur-forderung-der-wissenschaftlichen-forschung-snf","label":"Swiss National Science Foundation SNSF","__typename":"DataCubeOrganization"},{"iri":"https://register.ld.admin.ch/opendataswiss/org/gruppe-verteidigung","label":"Defence Group","__typename":"DataCubeOrganization"},{"iri":"https://register.ld.admin.ch/opendataswiss/org/swisspost","label":"Swiss Post","__typename":"DataCubeOrganization"},{"iri":"https://register.ld.admin.ch/opendataswiss/org/schweizerisches-nationalmuseum-snm","label":"Swiss National Museum SNM","__typename":"DataCubeOrganization"},{"iri":"https://register.ld.admin.ch/opendataswiss/org/bundesamt-fur-kommunikation-bakom","label":"Federal Office of Communications OFCOM","__typename":"DataCubeOrganization"},{"iri":"https://register.ld.admin.ch/opendataswiss/org/bundesamt-fur-kultur-bak","label":"Federal Office of Culture FOC","__typename":"DataCubeOrganization"},{"iri":"https://register.ld.admin.ch/opendataswiss/org/bundesamt-fur-landwirtschaft-blw","label":"Federal Office for Agriculture FOAG","__typename":"DataCubeOrganization"},{"iri":"https://register.ld.admin.ch/opendataswiss/org/bundesamt-fur-bevolkerungsschutz-babs","label":"Federal Office for Civil Protection FOCP","__typename":"DataCubeOrganization"},{"iri":"https://register.ld.admin.ch/opendataswiss/org/bundesamt-fur-gesundheit-bag","label":"Federal Office of Public Health FOPH","__typename":"DataCubeOrganization"},{"iri":"https://register.ld.admin.ch/opendataswiss/org/bundesamt-fur-statistik-bfs","label":"Federal Statistical Office FSO","__typename":"DataCubeOrganization"},{"iri":"https://register.ld.admin.ch/opendataswiss/org/bundesamt-fur-zivilluftfahrt-bazl","label":"Federal Office of Civil Aviation FOCA","__typename":"DataCubeOrganization"},{"iri":"https://register.ld.admin.ch/opendataswiss/org/bundesamt-fur-umwelt-bafu","label":"Federal Office for the Environment FOEN","__typename":"DataCubeOrganization"},{"iri":"https://register.ld.admin.ch/opendataswiss/org/bundesamt-fur-energie-bfe","label":"Swiss Federal Office of Energy SFOE","__typename":"DataCubeOrganization"},{"iri":"https://register.ld.admin.ch/opendataswiss/org/bundesamt-fur-meteorologie-und-klimatologie-meteoschweiz","label":"Federal Office of Meteorology and Climatology MeteoSwiss","__typename":"DataCubeOrganization"},{"iri":"https://register.ld.admin.ch/opendataswiss/org/bundesamt-fur-verkehr-bav","label":"Federal Office of Transport FOT","__typename":"DataCubeOrganization"},{"iri":"https://register.ld.admin.ch/opendataswiss/org/bundesamt-fur-landestopografie-swisstopo","label":"Federal Office of Topography swisstopo","__typename":"DataCubeOrganization"},{"iri":"https://register.ld.admin.ch/opendataswiss/org/bundesamt-fur-raumentwicklung-are","label":"Federal Office for Spatial Development ARE","__typename":"DataCubeOrganization"},{"iri":"https://register.ld.admin.ch/opendataswiss/org/oevch","label":"Business office of Customer Information System Tasks (SBB CFF FFS)","__typename":"DataCubeOrganization"},{"iri":"https://register.ld.admin.ch/opendataswiss/org/parlamentsdienste-pd","label":"Parliamentary Services PS","__typename":"DataCubeOrganization"},{"iri":"https://register.ld.admin.ch/opendataswiss/org/sitg-systeme-dinformation-du-territoire-a-geneve","label":"SITG - The territorial information system of Geneva","__typename":"DataCubeOrganization"},{"iri":"https://register.ld.admin.ch/opendataswiss/org/schweizer-radio-und-fernsehen-srg","label":"SRG SSR","__typename":"DataCubeOrganization"},{"iri":"https://register.ld.admin.ch/opendataswiss/org/swissbib","label":"Swissbib","__typename":"DataCubeOrganization"},{"iri":"https://register.ld.admin.ch/opendataswiss/org/stadt-bern","label":"City of Berne","__typename":"DataCubeOrganization"},{"iri":"https://register.ld.admin.ch/opendataswiss/org/stadt-zurich","label":"City of Zurich","__typename":"DataCubeOrganization"},{"iri":"https://register.ld.admin.ch/opendataswiss/org/direktion-fur-entwicklung-und-zusammenarbeit-deza","label":"Swiss Agency for Development and Cooperation SDC","__typename":"DataCubeOrganization"},{"iri":"https://register.ld.admin.ch/opendataswiss/org/tiefbauamt-kanton-zuerich","label":"Tiefbauamt Kanton Zürich","__typename":"DataCubeOrganization"},{"iri":"https://register.ld.admin.ch/opendataswiss/org/staatskanzlei-kanton-st-gallen","label":"Staatskanzlei Kanton St.Gallen","__typename":"DataCubeOrganization"},{"iri":"https://register.ld.admin.ch/opendataswiss/org/stadt-luzern","label":"Stadt Luzern","__typename":"DataCubeOrganization"},{"iri":"https://register.ld.admin.ch/opendataswiss/org/dienstzweig-geomatik-gemeinde-koeniz","label":"Dienstzweig Geomatik Gemeinde Köniz","__typename":"DataCubeOrganization"},{"iri":"https://register.ld.admin.ch/opendataswiss/org/gemeinde_koeniz","label":"Gemeinde Köniz","__typename":"DataCubeOrganization"},{"iri":"https://register.ld.admin.ch/opendataswiss/org/sbfi","label":"State Secretariat for Education, Research and Innovation SERI","__typename":"DataCubeOrganization"},{"iri":"https://register.ld.admin.ch/opendataswiss/org/identitas","label":"Identitas AG","__typename":"DataCubeOrganization"},{"iri":"https://register.ld.admin.ch/opendataswiss/org/kof-konjunkturforschungsstelle","label":"KOF Swiss Economic Institute","__typename":"DataCubeOrganization"},{"iri":"https://register.ld.admin.ch/opendataswiss/org/wsl","label":"Swiss Federal Institute for Forest, Snow and Landscape Research WSL","__typename":"DataCubeOrganization"},{"iri":"https://register.ld.admin.ch/opendataswiss/org/envidat","label":"EnviDat: the Environmental Data Portal","__typename":"DataCubeOrganization"},{"iri":"https://register.ld.admin.ch/opendataswiss/org/swissmedic","label":"Swissmedic Swiss Agency for Therapeutic Products","__typename":"DataCubeOrganization"},{"iri":"https://register.ld.admin.ch/opendataswiss/org/geschaeftsfeld-gesellschaft-stadt-uster","label":"Geschäftsfeld Gesellschaft der Stadt Uster","__typename":"DataCubeOrganization"},{"iri":"https://register.ld.admin.ch/opendataswiss/org/stadt-uster","label":"City of Uster","__typename":"DataCubeOrganization"},{"iri":"https://register.ld.admin.ch/opendataswiss/org/staatssekretariat-fuer-migration-sem","label":"State Secretariat for Migration SEM","__typename":"DataCubeOrganization"},{"iri":"https://register.ld.admin.ch/opendataswiss/org/staatskanzlei-kanton-zuerich","label":"Staatskanzlei Kanton Zürich","__typename":"DataCubeOrganization"},{"iri":"https://register.ld.admin.ch/opendataswiss/org/volksschulamt-kanton-zuerich","label":"Volksschulamt Kanton Zürich","__typename":"DataCubeOrganization"},{"iri":"https://register.ld.admin.ch/opendataswiss/org/amt-geoinformation-kanton-schaffhausen","label":"Office for Geoinformation Canton Schaffhausen","__typename":"DataCubeOrganization"},{"iri":"https://register.ld.admin.ch/opendataswiss/org/kanton-schaffhausen","label":"Canton Schaffhausen","__typename":"DataCubeOrganization"},{"iri":"https://register.ld.admin.ch/opendataswiss/org/eidgenoessische_zollverwaltung_ezv","label":"Federal Office for Customs and Border Security FOCBS","__typename":"DataCubeOrganization"},{"iri":"https://register.ld.admin.ch/opendataswiss/org/fachstelle-geoinformation-des-kantons-glarus","label":"Office of Geoinformation, Canton of Glarus","__typename":"DataCubeOrganization"},{"iri":"https://register.ld.admin.ch/opendataswiss/org/kanton-glarus","label":"Canton of Glarus","__typename":"DataCubeOrganization"},{"iri":"https://register.ld.admin.ch/opendataswiss/org/eidgenoessisches_amt_fuer_das_handelsregister_ehra","label":"Federal Commercial Registry Office (FCRO)","__typename":"DataCubeOrganization"},{"iri":"https://register.ld.admin.ch/opendataswiss/org/geoimpact","label":"geoimpact AG","__typename":"DataCubeOrganization"},{"iri":"https://register.ld.admin.ch/opendataswiss/org/are-kanton-zuerich","label":"Amt für Raumentwicklung Kanton Zürich","__typename":"DataCubeOrganization"},{"iri":"https://register.ld.admin.ch/opendataswiss/org/digitale_medien_der_armee_dma","label":"Armed Forces Digital Media Centre AFDM","__typename":"DataCubeOrganization"},{"iri":"https://register.ld.admin.ch/opendataswiss/org/gemeinde_emmen","label":"Gemeinde Emmen","__typename":"DataCubeOrganization"},{"iri":"https://register.ld.admin.ch/opendataswiss/org/bundesamt_fuer_justiz","label":"Federal Office of Justice (FOJ)","__typename":"DataCubeOrganization"},{"iri":"https://register.ld.admin.ch/opendataswiss/org/kanton_luzern","label":"Canton of Lucerne","__typename":"DataCubeOrganization"},{"iri":"https://register.ld.admin.ch/opendataswiss/org/lustat","label":"LUSTAT Statistics Lucerne","__typename":"DataCubeOrganization"},{"iri":"https://register.ld.admin.ch/opendataswiss/org/geoinformation_kanton_freiburg","label":"Geoinformation Canton Fribourg","__typename":"DataCubeOrganization"},{"iri":"https://register.ld.admin.ch/opendataswiss/org/kanton_freiburg","label":"Canton Fribourg","__typename":"DataCubeOrganization"},{"iri":"https://register.ld.admin.ch/opendataswiss/org/ostschweiz_tourismus","label":"Ostschweiz Tourismus","__typename":"DataCubeOrganization"},{"iri":"https://register.ld.admin.ch/opendataswiss/org/efv_finanzstatistik","label":"Financial Statistic FFA","__typename":"DataCubeOrganization"},{"iri":"https://register.ld.admin.ch/opendataswiss/org/finanzverwaltung-kanton-zuerich","label":"Finanzverwaltung Kanton Zürich","__typename":"DataCubeOrganization"},{"iri":"https://register.ld.admin.ch/opendataswiss/org/participatory-image-archives","label":"Participatory Image Archives","__typename":"DataCubeOrganization"}]},"extensions":{"queries":[{"startTime":1666286923003,"endTime":1666286923447,"text":"#pragma describe.strategy cbd\n#pragma join.hash off\n\n\nPREFIX schema: <http://schema.org/>\n\nSELECT *\n\nWHERE {\n\n    graph   <https://lindas.admin.ch/sfa/opendataswiss> {\n      ?theme a schema:Organization ;\n      OPTIONAL {\n    ?theme schema:name ?name_en\n    FILTER (LANGMATCHES(LANG(?name_en), \"en\"))\n  }\nOPTIONAL {\n    ?theme schema:name ?name_de\n    FILTER (LANGMATCHES(LANG(?name_de), \"de\"))\n  }\nOPTIONAL {\n    ?theme schema:name ?name_fr\n    FILTER (LANGMATCHES(LANG(?name_fr), \"fr\"))\n  }\nOPTIONAL {\n    ?theme schema:name ?name_it\n    FILTER (LANGMATCHES(LANG(?name_it), \"it\"))\n  }\nOPTIONAL {\n    ?theme schema:name ?name_\n    FILTER ((LANG(?name_) = \"\"))\n  }\n  BIND(COALESCE(?name_en,?name_de,?name_fr,?name_it,?name_) as ?name)\n  \n    }\n}\n\n\n\n"}],"timings":{"children":{"organizations":{"children":{"0":{"children":{"label":{"children":{},"start":1666286923448,"end":1666286923448}}},"1":{"children":{"label":{"children":{},"start":1666286923448,"end":1666286923448}}},"2":{"children":{"label":{"children":{},"start":1666286923448,"end":1666286923448}}},"3":{"children":{"label":{"children":{},"start":1666286923448,"end":1666286923448}}},"4":{"children":{"label":{"children":{},"start":1666286923448,"end":1666286923448}}},"5":{"children":{"label":{"children":{},"start":1666286923448,"end":1666286923448}}},"6":{"children":{"label":{"children":{},"start":1666286923448,"end":1666286923448}}},"7":{"children":{"label":{"children":{},"start":1666286923448,"end":1666286923448}}},"8":{"children":{"label":{"children":{},"start":1666286923448,"end":1666286923448}}},"9":{"children":{"label":{"children":{},"start":1666286923448,"end":1666286923448}}},"10":{"children":{"label":{"children":{},"start":1666286923448,"end":1666286923448}}},"11":{"children":{"label":{"children":{},"start":1666286923448,"end":1666286923448}}},"12":{"children":{"label":{"children":{},"start":1666286923448,"end":1666286923448}}},"13":{"children":{"label":{"children":{},"start":1666286923448,"end":1666286923448}}},"14":{"children":{"label":{"children":{},"start":1666286923448,"end":1666286923448}}},"15":{"children":{"label":{"children":{},"start":1666286923448,"end":1666286923448}}},"16":{"children":{"label":{"children":{},"start":1666286923448,"end":1666286923448}}},"17":{"children":{"label":{"children":{},"start":1666286923448,"end":1666286923448}}},"18":{"children":{"label":{"children":{},"start":1666286923448,"end":1666286923448}}},"19":{"children":{"label":{"children":{},"start":1666286923448,"end":1666286923448}}},"20":{"children":{"label":{"children":{},"start":1666286923448,"end":1666286923448}}},"21":{"children":{"label":{"children":{},"start":1666286923448,"end":1666286923448}}},"22":{"children":{"label":{"children":{},"start":1666286923448,"end":1666286923448}}},"23":{"children":{"label":{"children":{},"start":1666286923448,"end":1666286923448}}},"24":{"children":{"label":{"children":{},"start":1666286923448,"end":1666286923448}}},"25":{"children":{"label":{"children":{},"start":1666286923448,"end":1666286923448}}},"26":{"children":{"label":{"children":{},"start":1666286923448,"end":1666286923448}}},"27":{"children":{"label":{"children":{},"start":1666286923448,"end":1666286923448}}},"28":{"children":{"label":{"children":{},"start":1666286923448,"end":1666286923448}}},"29":{"children":{"label":{"children":{},"start":1666286923448,"end":1666286923448}}},"30":{"children":{"label":{"children":{},"start":1666286923448,"end":1666286923448}}},"31":{"children":{"label":{"children":{},"start":1666286923448,"end":1666286923448}}},"32":{"children":{"label":{"children":{},"start":1666286923448,"end":1666286923448}}},"33":{"children":{"label":{"children":{},"start":1666286923448,"end":1666286923448}}},"34":{"children":{"label":{"children":{},"start":1666286923448,"end":1666286923448}}},"35":{"children":{"label":{"children":{},"start":1666286923448,"end":1666286923448}}},"36":{"children":{"label":{"children":{},"start":1666286923448,"end":1666286923448}}},"37":{"children":{"label":{"children":{},"start":1666286923448,"end":1666286923448}}},"38":{"children":{"label":{"children":{},"start":1666286923448,"end":1666286923448}}},"39":{"children":{"label":{"children":{},"start":1666286923448,"end":1666286923448}}},"40":{"children":{"label":{"children":{},"start":1666286923448,"end":1666286923448}}},"41":{"children":{"label":{"children":{},"start":1666286923448,"end":1666286923448}}},"42":{"children":{"label":{"children":{},"start":1666286923448,"end":1666286923448}}},"43":{"children":{"label":{"children":{},"start":1666286923448,"end":1666286923448}}},"44":{"children":{"label":{"children":{},"start":1666286923448,"end":1666286923448}}},"45":{"children":{"label":{"children":{},"start":1666286923448,"end":1666286923448}}},"46":{"children":{"label":{"children":{},"start":1666286923448,"end":1666286923448}}},"47":{"children":{"label":{"children":{},"start":1666286923448,"end":1666286923448}}},"48":{"children":{"label":{"children":{},"start":1666286923448,"end":1666286923448}}},"49":{"children":{"label":{"children":{},"start":1666286923448,"end":1666286923448}}},"50":{"children":{"label":{"children":{},"start":1666286923448,"end":1666286923448}}},"51":{"children":{"label":{"children":{},"start":1666286923448,"end":1666286923448}}},"52":{"children":{"label":{"children":{},"start":1666286923448,"end":1666286923448}}},"53":{"children":{"label":{"children":{},"start":1666286923448,"end":1666286923448}}},"54":{"children":{"label":{"children":{},"start":1666286923448,"end":1666286923448}}},"55":{"children":{"label":{"children":{},"start":1666286923448,"end":1666286923448}}},"56":{"children":{"label":{"children":{},"start":1666286923448,"end":1666286923448}}},"57":{"children":{"label":{"children":{},"start":1666286923448,"end":1666286923448}}},"58":{"children":{"label":{"children":{},"start":1666286923448,"end":1666286923448}}},"59":{"children":{"label":{"children":{},"start":1666286923448,"end":1666286923448}}},"60":{"children":{"label":{"children":{},"start":1666286923448,"end":1666286923448}}},"61":{"children":{"label":{"children":{},"start":1666286923448,"end":1666286923448}}},"62":{"children":{"label":{"children":{},"start":1666286923448,"end":1666286923448}}},"63":{"children":{"label":{"children":{},"start":1666286923448,"end":1666286923448}}},"64":{"children":{"label":{"children":{},"start":1666286923448,"end":1666286923448}}},"65":{"children":{"label":{"children":{},"start":1666286923448,"end":1666286923448}}},"66":{"children":{"label":{"children":{},"start":1666286923448,"end":1666286923448}}},"67":{"children":{"label":{"children":{},"start":1666286923448,"end":1666286923448}}},"68":{"children":{"label":{"children":{},"start":1666286923448,"end":1666286923448}}},"69":{"children":{"label":{"children":{},"start":1666286923448,"end":1666286923448}}},"70":{"children":{"label":{"children":{},"start":1666286923448,"end":1666286923448}}},"71":{"children":{"label":{"children":{},"start":1666286923448,"end":1666286923448}}},"72":{"children":{"label":{"children":{},"start":1666286923448,"end":1666286923448}}},"73":{"children":{"label":{"children":{},"start":1666286923448,"end":1666286923448}}},"74":{"children":{"label":{"children":{},"start":1666286923448,"end":1666286923448}}},"75":{"children":{"label":{"children":{},"start":1666286923448,"end":1666286923448}}},"76":{"children":{"label":{"children":{},"start":1666286923448,"end":1666286923448}}},"77":{"children":{"label":{"children":{},"start":1666286923448,"end":1666286923448}}},"78":{"children":{"label":{"children":{},"start":1666286923448,"end":1666286923448}}},"79":{"children":{"label":{"children":{},"start":1666286923448,"end":1666286923448}}},"80":{"children":{"label":{"children":{},"start":1666286923448,"end":1666286923448}}},"81":{"children":{"label":{"children":{},"start":1666286923448,"end":1666286923448}}},"82":{"children":{"label":{"children":{},"start":1666286923448,"end":1666286923448}}},"83":{"children":{"label":{"children":{},"start":1666286923448,"end":1666286923448}}},"84":{"children":{"label":{"children":{},"start":1666286923448,"end":1666286923448}}},"85":{"children":{"label":{"children":{},"start":1666286923448,"end":1666286923448}}},"86":{"children":{"label":{"children":{},"start":1666286923448,"end":1666286923448}}},"87":{"children":{"label":{"children":{},"start":1666286923448,"end":1666286923448}}},"88":{"children":{"label":{"children":{},"start":1666286923448,"end":1666286923448}}},"89":{"children":{"label":{"children":{},"start":1666286923448,"end":1666286923448}}},"90":{"children":{"label":{"children":{},"start":1666286923448,"end":1666286923448}}},"91":{"children":{"label":{"children":{},"start":1666286923448,"end":1666286923448}}},"92":{"children":{"label":{"children":{},"start":1666286923448,"end":1666286923448}}},"93":{"children":{"label":{"children":{},"start":1666286923448,"end":1666286923448}}},"94":{"children":{"label":{"children":{},"start":1666286923448,"end":1666286923448}}},"95":{"children":{"label":{"children":{},"start":1666286923448,"end":1666286923448}}},"96":{"children":{"label":{"children":{},"start":1666286923448,"end":1666286923448}}},"97":{"children":{"label":{"children":{},"start":1666286923448,"end":1666286923448}}},"98":{"children":{"label":{"children":{},"start":1666286923448,"end":1666286923448}}},"99":{"children":{"label":{"children":{},"start":1666286923448,"end":1666286923448}}},"100":{"children":{"label":{"children":{},"start":1666286923448,"end":1666286923448}}},"101":{"children":{"label":{"children":{},"start":1666286923448,"end":1666286923448}}},"102":{"children":{"label":{"children":{},"start":1666286923448,"end":1666286923448}}},"103":{"children":{"label":{"children":{},"start":1666286923448,"end":1666286923448}}},"104":{"children":{"label":{"children":{},"start":1666286923448,"end":1666286923448}}}},"start":1666286923000,"end":1666286923448}}}}}
