{"query":"query DimensionValues($dataCubeIri: String!, $dimensionIri: String!, $sourceType: String!, $sourceUrl: String!, $locale: String!, $latest: Boolean, $filters: Filters) {\n  dataCubeByIri(\n    iri: $dataCubeIri\n    sourceType: $sourceType\n    sourceUrl: $sourceUrl\n    locale: $locale\n    latest: $latest\n  ) {\n    dimensionByIri(\n      iri: $dimensionIri\n      sourceType: $sourceType\n      sourceUrl: $sourceUrl\n    ) {\n      ...dimensionMetadata\n      __typename\n    }\n    __typename\n  }\n}\n\nfragment dimensionMetadata on Dimension {\n  iri\n  label\n  description\n  isNumerical\n  isKeyDimension\n  order\n  values(sourceType: $sourceType, sourceUrl: $sourceUrl, filters: $filters)\n  unit\n  related {\n    iri\n    type\n    __typename\n  }\n  ...hierarchyMetadata\n  ... on TemporalDimension {\n    timeUnit\n    timeFormat\n    __typename\n  }\n  ... on NumericalMeasure {\n    isCurrency\n    currencyExponent\n    resolution\n    __typename\n  }\n}\n\nfragment hierarchyMetadata on Dimension {\n  hierarchy(sourceType: $sourceType, sourceUrl: $sourceUrl) {\n    ...hierarchyValueFields\n    children {\n      ...hierarchyValueFields\n      children {\n        ...hierarchyValueFields\n        children {\n          ...hierarchyValueFields\n          __typename\n        }\n        __typename\n      }\n      __typename\n    }\n    __typename\n  }\n}\n\nfragment hierarchyValueFields on HierarchyValue {\n  value\n  dimensionIri\n  depth\n  label\n  hasValue\n}\n","operationName":"DimensionValues","variables":{"dataCubeIri":"https://energy.ld.admin.ch/sfoe/bfe_ogd84_einmalverguetung_fuer_photovoltaikanlagen/13","dimensionIri":"https://energy.ld.admin.ch/sfoe/bfe_ogd84_einmalverguetung_fuer_photovoltaikanlagen/Kanton","sourceType":"sparql","sourceUrl":"https://int.lindas.admin.ch/query","locale":"en"}}