{"query":"query DataCubeObservations($iri: String!, $sourceType: String!, $sourceUrl: String!, $locale: String!, $dimensions: [String!], $filters: Filters, $latest: Boolean, $limit: Int) {\n  dataCubeByIri(\n    iri: $iri\n    sourceType: $sourceType\n    sourceUrl: $sourceUrl\n    locale: $locale\n    latest: $latest\n  ) {\n    iri\n    title\n    description\n    dimensions(sourceType: $sourceType, sourceUrl: $sourceUrl) {\n      ...dimensionMetadata\n      __typename\n    }\n    measures(sourceType: $sourceType, sourceUrl: $sourceUrl) {\n      ...dimensionMetadata\n      __typename\n    }\n    observations(\n      sourceType: $sourceType\n      sourceUrl: $sourceUrl\n      dimensions: $dimensions\n      filters: $filters\n      limit: $limit\n    ) {\n      data\n      sparqlEditorUrl\n      __typename\n    }\n    __typename\n  }\n}\n\nfragment dimensionMetadata on Dimension {\n  iri\n  label\n  description\n  isNumerical\n  isKeyDimension\n  order\n  values(sourceType: $sourceType, sourceUrl: $sourceUrl, filters: $filters)\n  unit\n  related {\n    iri\n    type\n    __typename\n  }\n  ...hierarchyMetadata\n  ... on TemporalDimension {\n    timeUnit\n    timeFormat\n    __typename\n  }\n  ... on NumericalMeasure {\n    isCurrency\n    currencyExponent\n    resolution\n    __typename\n  }\n}\n\nfragment hierarchyMetadata on Dimension {\n  hierarchy(sourceType: $sourceType, sourceUrl: $sourceUrl) {\n    ...hierarchyValueFields\n    children {\n      ...hierarchyValueFields\n      children {\n        ...hierarchyValueFields\n        children {\n          ...hierarchyValueFields\n          __typename\n        }\n        __typename\n      }\n      __typename\n    }\n    __typename\n  }\n}\n\nfragment hierarchyValueFields on HierarchyValue {\n  value\n  dimensionIri\n  depth\n  label\n  hasValue\n}\n","operationName":"DataCubeObservations","variables":{"iri":"https://energy.ld.admin.ch/sfoe/bfe_ogd84_einmalverguetung_fuer_photovoltaikanlagen/13","sourceType":"sparql","sourceUrl":"https://int.lindas.admin.ch/query","locale":"en","dimensions":null,"filters":{"https://energy.ld.admin.ch/sfoe/bfe_ogd84_einmalverguetung_fuer_photovoltaikanlagen/Kanton":{"type":"multi","values":{"https://ld.admin.ch/canton/1":true,"https://ld.admin.ch/canton/10":true,"https://ld.admin.ch/canton/11":true,"https://ld.admin.ch/canton/12":true,"https://ld.admin.ch/canton/13":true,"https://ld.admin.ch/canton/14":true,"https://ld.admin.ch/canton/15":true,"https://ld.admin.ch/canton/16":true,"https://ld.admin.ch/canton/17":true,"https://ld.admin.ch/canton/18":true,"https://ld.admin.ch/canton/19":true,"https://ld.admin.ch/canton/2":true,"https://ld.admin.ch/canton/20":true,"https://ld.admin.ch/canton/21":true,"https://ld.admin.ch/canton/22":true,"https://ld.admin.ch/canton/23":true,"https://ld.admin.ch/canton/24":true,"https://ld.admin.ch/canton/25":true,"https://ld.admin.ch/canton/26":true,"https://ld.admin.ch/canton/3":true,"https://ld.admin.ch/canton/4":true,"https://ld.admin.ch/canton/5":true,"https://ld.admin.ch/canton/6":true,"https://ld.admin.ch/canton/7":true,"https://ld.admin.ch/canton/8":true,"https://ld.admin.ch/canton/9":true}},"https://energy.ld.admin.ch/sfoe/bfe_ogd84_einmalverguetung_fuer_photovoltaikanlagen/Jahr":{"type":"single","value":"2014"}}}}