{"query":"query DimensionHierarchy($sourceType: String!, $sourceUrl: String!, $locale: String!, $cubeIri: String!, $dimensionIri: String!) {\n  dataCubeByIri(\n    iri: $cubeIri\n    sourceType: $sourceType\n    sourceUrl: $sourceUrl\n    locale: $locale\n  ) {\n    dimensionByIri(\n      iri: $dimensionIri\n      sourceType: $sourceType\n      sourceUrl: $sourceUrl\n    ) {\n      ...hierarchyMetadata\n      __typename\n    }\n    __typename\n  }\n}\n\nfragment hierarchyMetadata on Dimension {\n  hierarchy(sourceType: $sourceType, sourceUrl: $sourceUrl) {\n    ...hierarchyValueFields\n    children {\n      ...hierarchyValueFields\n      children {\n        ...hierarchyValueFields\n        children {\n          ...hierarchyValueFields\n          __typename\n        }\n        __typename\n      }\n      __typename\n    }\n    __typename\n  }\n}\n\nfragment hierarchyValueFields on HierarchyValue {\n  value\n  dimensionIri\n  depth\n  label\n  hasValue\n}\n","operationName":"DimensionHierarchy","variables":{"locale":"en","cubeIri":"https://energy.ld.admin.ch/sfoe/bfe_ogd84_einmalverguetung_fuer_photovoltaikanlagen/13","dimensionIri":"https://energy.ld.admin.ch/sfoe/bfe_ogd84_einmalverguetung_fuer_photovoltaikanlagen/Kanton","sourceUrl":"https://int.lindas.admin.ch/query","sourceType":"sparql"}}