{"query":"query PossibleFilters($iri: String!, $sourceType: String!, $sourceUrl: String!, $filters: Filters!) {\n  possibleFilters(\n    iri: $iri\n    sourceType: $sourceType\n    sourceUrl: $sourceUrl\n    filters: $filters\n  ) {\n    iri\n    type\n    value\n    __typename\n  }\n}\n","operationName":"PossibleFilters","variables":{"iri":"https://energy.ld.admin.ch/sfoe/bfe_ogd84_einmalverguetung_fuer_photovoltaikanlagen/13","sourceType":"sparql","sourceUrl":"https://int.lindas.admin.ch/query","filters":{"https://energy.ld.admin.ch/sfoe/bfe_ogd84_einmalverguetung_fuer_photovoltaikanlagen/Jahr":{"type":"single","value":"2014"}},"filterKey":"https://energy.ld.admin.ch/sfoe/bfe_ogd84_einmalverguetung_fuer_photovoltaikanlagen/Jahr"}}