{"data":{"dataCubeByIri":{"iri":"https://energy.ld.admin.ch/sfoe/bfe_ogd84_einmalverguetung_fuer_photovoltaikanlagen/13","identifier":"bfe_ogd84_einmalverguetung_fuer_photovoltaikanlagen","title":"Einmalvergütung für Photovoltaikanlagen","description":"Seit 2014 werden Photovoltaikanlagen mit einer Einmalvergütung (EIV) gefördert. Dabei wird abhängig von der Leistung, der Anlagenkategorie und dem Inbetriebnahmedatum ein einmaliger Beitrag an die Anlagenbetreiber ausbezahlt. Hier finden Sie pro Kanton und Auszahlungsjahr einen Überblick über die Anzahl geförderter EIV-Anlagen, die installierte Leistung in Kilowatt (kW) sowie den ausbezahlten EIV-Förderbeitrag. Die dargestellten Daten entsprechen nicht vollständig der offiziellen Statistik der erneuerbaren Energien durch das BFE. Da der Abbau der Wartelisten zeitverzögert stattfindet, können Abweichungen entstehen.","publisher":"Pronovo AG","version":"13","workExamples":["https://ld.admin.ch/application/visualize","b3406_genid2de47b60836dae485e8834fec7f7b8b89a2d1cK4S92zbBlUiT4b498","b3406_genid2de47b60836dae485e8834fec7f7b8b89a2d1cK4S92zbBlUiT4b499"],"contactName":"Bundesamt für Energie BFE","contactEmail":"ogd@bfe.admin.ch","landingPage":null,"expires":null,"datePublished":"2022-02-28","dateModified":"2022-05-25T03:37:54.630Z","publicationStatus":"PUBLISHED","themes":[{"iri":"https://register.ld.admin.ch/opendataswiss/category/national-economy","label":"National economy","__typename":"DataCubeTheme"},{"iri":"https://register.ld.admin.ch/opendataswiss/category/energy","label":"Energy","__typename":"DataCubeTheme"}],"creator":{"iri":"https://register.ld.admin.ch/opendataswiss/org/bundesamt-fur-energie-bfe","label":"Swiss Federal Office of Energy SFOE","__typename":"DataCubeOrganization"},"__typename":"DataCube"}},"extensions":{"queries":[{"startTime":1666286894150,"endTime":1666286894288,"text":"#pragma describe.strategy cbd\n#pragma join.hash off\n\n\nPREFIX schema: <http://schema.org/>\n\nSELECT *\n\nWHERE {\n\n    graph   <https://lindas.admin.ch/sfa/opendataswiss> {\n      ?theme a schema:DefinedTerm ;\n        schema:inDefinedTermSet <https://register.ld.admin.ch/opendataswiss/category>; \n        OPTIONAL {\n    ?theme schema:name ?name_en\n    FILTER (LANGMATCHES(LANG(?name_en), \"en\"))\n  }\nOPTIONAL {\n    ?theme schema:name ?name_de\n    FILTER (LANGMATCHES(LANG(?name_de), \"de\"))\n  }\nOPTIONAL {\n    ?theme schema:name ?name_fr\n    FILTER (LANGMATCHES(LANG(?name_fr), \"fr\"))\n  }\nOPTIONAL {\n    ?theme schema:name ?name_it\n    FILTER (LANGMATCHES(LANG(?name_it), \"it\"))\n  }\nOPTIONAL {\n    ?theme schema:name ?name_\n    FILTER ((LANG(?name_) = \"\"))\n  }\n  BIND(COALESCE(?name_en,?name_de,?name_fr,?name_it,?name_) as ?name)\n  \n    }\n}\n\n\n\n"},{"startTime":1666286894151,"endTime":1666286894290,"text":"#pragma describe.strategy cbd\n#pragma join.hash off\n\n\nPREFIX schema: <http://schema.org/>\n\nSELECT *\n\nWHERE {\n\n    graph   <https://lindas.admin.ch/sfa/opendataswiss> {\n      ?theme a schema:Organization ;\n      OPTIONAL {\n    ?theme schema:name ?name_en\n    FILTER (LANGMATCHES(LANG(?name_en), \"en\"))\n  }\nOPTIONAL {\n    ?theme schema:name ?name_de\n    FILTER (LANGMATCHES(LANG(?name_de), \"de\"))\n  }\nOPTIONAL {\n    ?theme schema:name ?name_fr\n    FILTER (LANGMATCHES(LANG(?name_fr), \"fr\"))\n  }\nOPTIONAL {\n    ?theme schema:name ?name_it\n    FILTER (LANGMATCHES(LANG(?name_it), \"it\"))\n  }\nOPTIONAL {\n    ?theme schema:name ?name_\n    FILTER ((LANG(?name_) = \"\"))\n  }\n  BIND(COALESCE(?name_en,?name_de,?name_fr,?name_it,?name_) as ?name)\n  \n    }\n}\n\n\n\n"}],"timings":{"children":{"dataCubeByIri":{"children":{"themes":{"children":{"0":{"children":{"label":{"children":{},"start":1666286894149,"end":1666286894288}}},"1":{"children":{"label":{"children":{},"start":1666286894149,"end":1666286894288}}}}},"creator":{"children":{"label":{"children":{},"start":1666286894149,"end":1666286894290}}}},"start":1666286893834,"end":1666286894149}}}}}
