{"query":"query DataCubes($sourceType: String!, $sourceUrl: String!, $locale: String!, $query: String, $order: DataCubeResultOrder, $includeDrafts: Boolean, $filters: [DataCubeSearchFilter!]) {\n  dataCubes(\n    sourceType: $sourceType\n    sourceUrl: $sourceUrl\n    locale: $locale\n    query: $query\n    order: $order\n    includeDrafts: $includeDrafts\n    filters: $filters\n  ) {\n    highlightedTitle\n    highlightedDescription\n    dataCube {\n      iri\n      title\n      workExamples\n      creator {\n        iri\n        label\n        __typename\n      }\n      description\n      publicationStatus\n      datePublished\n      themes {\n        iri\n        label\n        __typename\n      }\n      __typename\n    }\n    __typename\n  }\n}\n","operationName":"DataCubes","variables":{"sourceType":"sparql","sourceUrl":"https://lindas.admin.ch/query","locale":"en","includeDrafts":false,"filters":[]}}